user_id,amount,category,mood,date,description
1,704.95,Education,Neutral,2024-08-01,Day fact modern.
1,3156.41,Education,Excited,2024-08-01,Table trade various risk art.
1,1252.26,Education,Happy,2024-08-02,Among black picture that treat.
1,29627.01,Food,Stressed,2024-08-02,Within woman.
1,406.2,Other,Stressed,2024-08-02,Pattern ahead compare form full.
1,2347.1,Other,Sad,2024-08-03,Maintain assume both long.
1,424.9,Other,Neutral,2024-08-04,Section child.
1,23148.1,Other,Neutral,2024-08-05,Southern evening ask republican.
1,1000.0,Leisure,Stressed,2024-08-06,Stop later reveal both.
1,5048.35,Education,Stressed,2024-08-07,Pretty skin main program.
1,1247.01,Other,Happy,2024-08-08,Son rock two.
1,228.09,Travel,Excited,2024-08-09,Edge building court.
1,2211.52,Leisure,Sad,2024-08-10,Recent couple cost girl run.
1,1990.84,Food,Stressed,2024-08-11,Less into per big.
1,1527.57,Travel,Stressed,2024-08-11,Statement position either.
1,1669.4,Leisure,Happy,2024-08-12,Indicate herself.
1,6353.08,Leisure,Stressed,2024-08-12,Half president structure might.
1,270.47,Travel,Neutral,2024-08-12,Drive nation heart nearly season.
1,2126.71,Leisure,Happy,2024-08-13,Ever day.
1,24.57,Leisure,Happy,2024-08-14,Society dark product make.
1,1589.7,Education,Neutral,2024-08-14,Within prove full.
1,6466.34,Leisure,Stressed,2024-08-15,Rate society floor long same.
1,3273.56,Food,Happy,2024-08-15,You ready way rule.
1,719.78,Leisure,Stressed,2024-08-18,Sign wall.
1,4341.58,Leisure,Stressed,2024-08-18,Country remember smile.
1,2632.36,Leisure,Stressed,2024-08-18,Together knowledge.
1,86.87,Education,Stressed,2024-08-18,Able teach certain candidate economy.
1,4360.06,Other,Stressed,2024-08-19,Begin treat stage this.
1,1992.46,Leisure,Excited,2024-08-19,Together knowledge.
1,1690.16,Food,Stressed,2024-08-20,Eye something.
1,2874.91,Leisure,Neutral,2024-08-21,Statement available win politics.
1,2895.97,Other,Excited,2024-08-21,Quality throughout.
1,771.42,Leisure,Happy,2024-08-24,Market specific property coach.
1,468.99,Leisure,Excited,2024-08-24,Surface expect several evening town.
1,159.73,Food,Neutral,2024-08-24,Focus chance.
1,1327.63,Leisure,Stressed,2024-08-25,Draw police.
1,12244.26,Travel,Neutral,2024-08-26,Player really act friend.
1,870.86,Travel,Sad,2024-08-27,Training occur could painting.
1,1193.33,Leisure,Stressed,2024-08-28,Medical nearly.
1,299.78,Education,Excited,2024-08-28,Find job where.
1,3726.6,Other,Happy,2024-08-28,On professional analysis color.
1,2354.65,Leisure,Stressed,2024-08-28,A value lot.
1,4596.7,Travel,Neutral,2024-08-29,Do interesting material.
1,350.07,Education,Stressed,2024-08-29,Bed recognize store.
1,2500.52,Travel,Stressed,2024-08-29,Begin deep police wife.
1,84.13,Education,Neutral,2024-08-30,Carry fly water cut fire.
1,6691.02,Leisure,Stressed,2024-09-01,Which raise american truth.
1,961.35,Other,Sad,2024-09-01,Control piece behavior message wind.
1,4873.9,Leisure,Neutral,2024-09-02,Different international sell several.
1,3401.31,Other,Excited,2024-09-03,Theory tend.
1,4031.6,Other,Sad,2024-09-03,Cell year.
1,59.38,Education,Neutral,2024-09-03,Carry fly water cut fire.
1,1554.7,Education,Happy,2024-09-04,Development the inside thought.
1,3295.9,Leisure,Sad,2024-09-05,Task improve fish.
1,3447.87,Travel,Stressed,2024-09-05,Improve them wait.
1,1650.36,Food,Happy,2024-09-05,Car risk.
1,2103.92,Other,Stressed,2024-09-07,Art green child movie blue.
1,8637.46,Food,Excited,2024-09-07,Boy generation.
1,4477.59,Travel,Neutral,2024-09-07,Across involve fall.
1,165.24,Other,Excited,2024-09-09,Store natural today season.
1,2171.11,Education,Excited,2024-09-09,Four field area young.
1,573.94,Travel,Neutral,2024-09-09,Cut yard knowledge.
1,1170.26,Other,Stressed,2024-09-10,Land region back nor article.
1,7821.26,Food,Stressed,2024-09-10,Across nothing.
1,1236.57,Other,Happy,2024-09-10,Run again help right.
1,567.05,Other,Happy,2024-09-11,Future treat bill choice.
1,973.21,Leisure,Happy,2024-09-11,Sort knowledge analysis together court.
1,1212.27,Travel,Stressed,2024-09-12,Mind door authority outside.
1,287.53,Other,Stressed,2024-09-13,Cell city not not the.
1,1117.64,Food,Neutral,2024-09-14,Its develop until watch.
1,1795.94,Other,Stressed,2024-09-15,Finish thing.
1,2363.28,Education,Excited,2024-09-15,Play move each left establish.
1,4219.74,Other,Neutral,2024-09-17,Amount bad raise.
1,1135.41,Leisure,Stressed,2024-09-18,Their off.
1,2083.42,Other,Neutral,2024-09-22,Letter mind many.
1,1495.18,Other,Excited,2024-09-23,Scientist will begin.
1,1742.01,Other,Excited,2024-09-23,Quality throughout.
1,136.56,Leisure,Neutral,2024-09-23,Be fire.
1,6049.2,Leisure,Stressed,2024-09-24,There institution actually.
1,3805.22,Other,Excited,2024-09-24,Be plan same cause.
1,516.26,Education,Excited,2024-09-25,Human public health.
1,1081.6,Other,Stressed,2024-09-26,Choice prepare.
1,1670.58,Leisure,Sad,2024-09-26,Some quickly truth view response.
1,1658.53,Other,Neutral,2024-09-26,Turn put professional.
1,430.31,Other,Happy,2024-09-26,Form newspaper.
1,3412.79,Travel,Stressed,2024-09-27,Newspaper indicate other.
1,2797.38,Leisure,Neutral,2024-09-27,Child group describe.
1,1719.77,Leisure,Neutral,2024-09-28,Boy other foot best.
1,2330.89,Leisure,Neutral,2024-09-28,On someone rise read.
1,3412.58,Leisure,Happy,2024-09-29,Fight nice less agree able.
1,2181.84,Other,Excited,2024-09-30,Community spring billion price paper.
1,2412.91,Leisure,Happy,2024-09-30,Give white everybody paper create.
1,3377.77,Travel,Stressed,2024-09-30,Southern front.
1,76.89,Other,Happy,2024-09-30,True help.
1,840.06,Other,Stressed,2024-09-30,Store bit responsibility brother.
1,3924.17,Other,Stressed,2024-10-01,Local director become.
1,527.07,Leisure,Excited,2024-10-02,Management sense technology check civil.
1,1526.1,Leisure,Happy,2024-10-02,Detail far church some.
1,2299.17,Travel,Sad,2024-10-02,Newspaper indicate other.
1,1296.8,Other,Neutral,2024-10-03,During call north attention.
1,3211.51,Leisure,Stressed,2024-10-03,Training account evidence month.
1,973.21,Food,Stressed,2024-10-06,Remain seven marriage.
1,7540.09,Leisure,Stressed,2024-10-07,On must certainly.
1,4386.55,Other,Stressed,2024-10-07,Whatever late specific.
1,298.32,Leisure,Stressed,2024-10-07,Market specific property coach.
1,6355.54,Travel,Happy,2024-10-07,Indeed believe interview professor.
1,59.74,Food,Neutral,2024-10-10,Doctor population grow bar.
1,1251.72,Travel,Excited,2024-10-10,So draw food company.
1,1598.89,Leisure,Stressed,2024-10-11,Statement available win politics.
1,89.37,Other,Stressed,2024-10-11,Finish without.
1,503.29,Education,Stressed,2024-10-12,Instead writer.
1,3516.66,Other,Stressed,2024-10-14,Exist theory.
1,1463.09,Education,Stressed,2024-10-15,Give that individual of not.
1,2298.01,Leisure,Sad,2024-10-15,List already positive experience television.
1,1426.48,Leisure,Neutral,2024-10-15,Recent couple cost girl run.
1,865.44,Education,Happy,2024-10-16,Left available.
1,2307.55,Leisure,Stressed,2024-10-16,House clear say hope.
1,4898.6,Leisure,Stressed,2024-10-16,Upon very act perform.
1,1846.33,Other,Neutral,2024-10-17,All important shoulder she.
1,5541.89,Other,Neutral,2024-10-18,Leg rest interest.
1,2162.07,Other,Sad,2024-10-19,Real know our any.
1,3488.56,Other,Neutral,2024-10-20,Walk now often.
1,7963.47,Leisure,Stressed,2024-10-20,Check purpose young.
1,2107.47,Other,Neutral,2024-10-20,Ready goal amount.
1,2120.33,Education,Happy,2024-10-20,Value car team nothing.
1,2882.45,Other,Stressed,2024-10-20,Than physical live reason.
1,2028.31,Other,Excited,2024-10-20,Theory tend.
1,771.29,Travel,Neutral,2024-10-22,Right know during someone.
1,1309.02,Other,Sad,2024-10-24,Key place tree.
1,1458.26,Travel,Excited,2024-10-24,Newspaper indicate other.
1,6515.87,Leisure,Happy,2024-10-25,Book toward.
1,8135.92,Leisure,Sad,2024-10-26,Majority none little admit former.
1,1702.8,Other,Neutral,2024-10-27,Risk develop movement size.
1,952.91,Other,Neutral,2024-10-27,Win central.
1,80.31,Leisure,Excited,2024-10-28,Network fact talk.
1,227.26,Other,Sad,2024-10-30,Why though decide bank likely.
1,2268.98,Other,Sad,2024-11-01,Picture early send morning.
1,1081.94,Other,Stressed,2024-11-01,Money a.
1,1738.98,Travel,Happy,2024-11-03,Compare system white magazine after.
1,2496.63,Leisure,Stressed,2024-11-03,General agency bit.
1,2401.11,Other,Happy,2024-11-05,Pattern ahead compare form full.
1,13531.09,Leisure,Happy,2024-11-06,Raise hope enjoy most.
1,3521.4,Food,Sad,2024-11-06,Bad argue side girl.
1,9769.09,Leisure,Sad,2024-11-06,Face his.
1,613.37,Other,Stressed,2024-11-06,Specific whose.
1,51.32,Leisure,Neutral,2024-11-07,Positive participant fear blue as.
1,2303.9,Leisure,Excited,2024-11-08,Society common stay ready.
1,4262.26,Leisure,Stressed,2024-11-10,Some quickly truth view response.
1,1433.65,Education,Stressed,2024-11-11,Among black picture that treat.
1,345.99,Leisure,Happy,2024-11-11,Color store over some.
1,1906.55,Leisure,Happy,2024-11-12,Country remember smile.
1,2909.07,Other,Stressed,2024-11-12,Exist theory.
1,2807.13,Leisure,Sad,2024-11-13,Baby lawyer growth matter note.
1,639.35,Leisure,Neutral,2024-11-13,After sister should across treatment.
1,5701.73,Education,Stressed,2024-11-14,Red head window be.
1,607.57,Education,Excited,2024-11-16,My some skin ball thing.
1,2675.34,Food,Stressed,2024-11-16,Leg themselves away.
1,3135.98,Leisure,Happy,2024-11-17,Something future they red.
1,2510.2,Education,Stressed,2024-11-17,Pretty skin main program.
1,3914.0,Travel,Stressed,2024-11-17,Religious order.
1,356.84,Leisure,Happy,2024-11-17,Worker range feel.
1,2987.75,Food,Sad,2024-11-18,Difference world deep.
1,9161.94,Leisure,Stressed,2024-11-19,Sometimes while sense window.
1,2936.43,Leisure,Neutral,2024-11-21,Fish evening avoid dark.
1,4432.44,Leisure,Stressed,2024-11-21,Heavy class story side speak.
1,1702.96,Leisure,Happy,2024-11-22,Language however risk work.
1,3949.81,Education,Neutral,2024-11-22,Pretty skin main program.
1,495.06,Other,Stressed,2024-11-22,Talk interest hand.
1,7584.36,Travel,Stressed,2024-11-24,Audience throw four allow international.
1,2927.77,Education,Excited,2024-11-25,Four field area young.
1,1710.43,Food,Neutral,2024-11-25,Wife talk beat tax majority.
1,1506.47,Other,Neutral,2024-11-26,Reach under.
1,1399.08,Leisure,Neutral,2024-11-27,Along attention piece tv young.
1,791.18,Food,Sad,2024-11-28,Less into per big.
1,445.76,Travel,Sad,2024-11-28,Movement door kind.
1,48.32,Food,Neutral,2024-11-30,Pull blue strong wonder.
1,486.34,Other,Stressed,2024-12-03,Military onto blue activity.
1,4608.3,Other,Stressed,2024-12-03,Be plan same cause.
1,129.09,Leisure,Happy,2024-12-03,Worker always hold share.
1,1244.05,Other,Sad,2024-12-03,Moment red eight hand.
1,229.39,Other,Happy,2024-12-05,Bill eight community.
1,3054.82,Travel,Neutral,2024-12-06,Case expert stop.
1,4206.59,Other,Happy,2024-12-08,Hear certainly most not.
1,864.46,Education,Stressed,2024-12-08,As high you more wife.
1,9.81,Leisure,Happy,2024-12-08,Society dark product make.
1,461.4,Other,Neutral,2024-12-08,Democrat hundred.
1,7074.03,Food,Stressed,2024-12-09,Woman meet report.
1,2754.37,Other,Stressed,2024-12-09,Material produce station visit environmental.
1,12453.92,Education,Stressed,2024-12-09,Pretty skin main program.
1,232.77,Other,Stressed,2024-12-09,Nature performance yeah.
1,2582.89,Leisure,Excited,2024-12-14,Him fight american music change.
1,2499.26,Travel,Stressed,2024-12-14,Month whom stage soon.
1,972.55,Leisure,Neutral,2024-12-14,Stop later reveal both.
1,367.43,Other,Stressed,2024-12-15,Citizen street region.
1,1602.7,Education,Neutral,2024-12-16,Grow laugh.
1,1413.33,Education,Stressed,2024-12-16,Table trade various risk art.
1,17.46,Education,Stressed,2024-12-16,Carry fly water cut fire.
1,2751.85,Education,Neutral,2024-12-16,Analysis color friend the.
1,1411.62,Leisure,Neutral,2024-12-17,Into notice necessary true message.
1,6654.75,Food,Stressed,2024-12-17,Toward child future low.
1,3481.64,Leisure,Happy,2024-12-18,Activity including single right.
1,1787.47,Leisure,Stressed,2024-12-18,Herself police he push likely.
1,2182.65,Food,Excited,2024-12-19,Down occur.
1,10876.09,Leisure,Excited,2024-12-19,Care run there leg.
1,313.79,Leisure,Neutral,2024-12-19,Bed food possible represent.
1,1083.1,Travel,Neutral,2024-12-20,Quickly new another general poor.
1,1113.4,Travel,Stressed,2024-12-20,Dinner article hit mission whole.
1,730.33,Leisure,Sad,2024-12-21,Impact full our smile.
1,835.57,Other,Stressed,2024-12-22,Already argue.
1,524.32,Other,Stressed,2024-12-22,Talk interest hand.
1,1302.38,Leisure,Neutral,2024-12-22,On someone rise read.
1,3410.67,Travel,Stressed,2024-12-22,Current hear claim well two.
1,2746.22,Leisure,Happy,2024-12-24,Box organization.
1,4864.11,Leisure,Stressed,2024-12-24,Brother let.
1,2906.66,Education,Happy,2024-12-25,Space beyond.
1,5215.28,Travel,Neutral,2024-12-26,Player really act friend.
1,890.25,Leisure,Happy,2024-12-27,After sister should across treatment.
1,871.21,Education,Stressed,2024-12-28,North question new.
1,265.93,Travel,Stressed,2024-12-28,Billion morning draw.
1,2349.76,Other,Excited,2024-12-28,Health image.
1,2204.78,Food,Stressed,2024-12-28,Career three according worker democrat.
1,2607.71,Other,Neutral,2024-12-29,Raise several west side admit.
1,4336.14,Education,Stressed,2024-12-31,Price my.
1,1249.64,Other,Neutral,2024-12-31,Car fast positive.
1,1442.2,Other,Happy,2025-01-01,Evidence conference capital office.
1,2112.76,Leisure,Excited,2025-01-02,Sometimes while sense window.
1,1644.27,Travel,Sad,2025-01-04,Cut yard knowledge.
1,433.86,Leisure,Excited,2025-01-06,Impact full our smile.
1,5455.07,Food,Sad,2025-01-07,History professional star wonder.
1,484.58,Other,Neutral,2025-01-07,National back everybody direction budget.
1,3669.26,Other,Excited,2025-01-09,Control bill.
1,1966.23,Other,Happy,2025-01-09,Box service develop game.
1,1224.67,Leisure,Stressed,2025-01-10,Close month parent who up.
1,768.74,Other,Stressed,2025-01-10,Administration mother in admit.
1,248.15,Education,Neutral,2025-01-10,Doctor mr.
1,2820.74,Other,Stressed,2025-01-10,Born itself law west.
1,265.23,Leisure,Excited,2025-01-11,Building range national focus.
1,1546.46,Other,Sad,2025-01-12,Not friend federal forget bit.
1,3557.16,Travel,Stressed,2025-01-12,Hold carry rest.
1,11871.19,Other,Stressed,2025-01-13,Stuff agreement professional team foot.
1,350.33,Travel,Stressed,2025-01-13,Machine son television.
1,1030.07,Food,Stressed,2025-01-13,Mr suggest issue.
1,2553.56,Food,Stressed,2025-01-14,Myself so growth time.
1,553.89,Travel,Neutral,2025-01-14,City offer financial data.
1,1171.39,Food,Stressed,2025-01-15,Side mind question year finish.
1,2863.07,Leisure,Happy,2025-01-16,Style real far.
1,2180.69,Other,Stressed,2025-01-17,Picture early send morning.
1,267.33,Leisure,Happy,2025-01-18,Herself police he push likely.
1,88.79,Education,Stressed,2025-01-18,Book economic.
1,4187.98,Leisure,Stressed,2025-01-18,Investment local above move.
1,91.42,Travel,Stressed,2025-01-18,Huge response long.
1,2629.54,Other,Stressed,2025-01-19,Community spring billion price paper.
1,874.38,Other,Sad,2025-01-19,Risk develop movement size.
1,374.98,Education,Sad,2025-01-21,Throughout would century television congress.
1,373.49,Education,Stressed,2025-01-24,Day fact modern.
1,1484.83,Leisure,Stressed,2025-01-24,Night various return explain.
1,2888.19,Leisure,Stressed,2025-01-26,Different international sell several.
1,858.4,Leisure,Neutral,2025-01-26,Majority none little admit former.
1,250.11,Other,Happy,2025-01-27,Policy mrs.
1,8223.7,Travel,Stressed,2025-01-27,Hair attorney professional.
1,534.39,Other,Excited,2025-01-28,Before relationship plant.
1,262.91,Other,Neutral,2025-01-28,Be move fly open.
1,344.46,Other,Neutral,2025-01-31,Source onto provide.
2,1778.08,Leisure,Sad,2024-08-01,Tough animal someone.
2,1230.18,Food,Stressed,2024-08-01,Remain seven marriage.
2,1157.85,Leisure,Stressed,2024-08-01,Result sound.
2,939.93,Education,Sad,2024-08-02,Instead writer.
2,1016.49,Leisure,Neutral,2024-08-04,Information scene again country.
2,2956.46,Education,Neutral,2024-08-04,Face morning.
2,1079.11,Food,Stressed,2024-08-06,Adult range green.
2,840.45,Education,Stressed,2024-08-06,Ahead from quickly identify.
2,805.16,Education,Stressed,2024-08-07,Anyone spend them system.
2,204.97,Leisure,Neutral,2024-08-08,Inside big minute.
2,5439.18,Leisure,Happy,2024-08-08,Save network item one under.
2,230.04,Food,Neutral,2024-08-08,Security unit executive.
2,917.33,Food,Sad,2024-08-08,Toward child future low.
2,2300.32,Other,Stressed,2024-08-11,Picture early send morning.
2,2357.09,Other,Stressed,2024-08-14,World enter.
2,2311.63,Other,Sad,2024-08-14,Citizen street region.
2,961.2,Other,Happy,2024-08-14,Mention billion bed never others.
2,742.92,Leisure,Neutral,2024-08-14,Fact reason make office.
2,1371.79,Other,Stressed,2024-08-16,Time surface learn design.
2,213.99,Other,Excited,2024-08-17,Attention attack technology.
2,419.16,Education,Happy,2024-08-18,True culture.
2,877.67,Travel,Neutral,2024-08-19,Material less focus hear.
2,2340.75,Other,Stressed,2024-08-19,World enter.
2,904.87,Leisure,Neutral,2024-08-20,Medical nearly.
2,633.81,Travel,Neutral,2024-08-21,Current hear claim well two.
2,626.99,Leisure,Excited,2024-08-22,Owner fact wife.
2,1873.38,Other,Stressed,2024-08-23,Mention billion bed never others.
2,1455.9,Leisure,Stressed,2024-08-23,Rather type thousand show.
2,2415.77,Travel,Stressed,2024-08-24,Audience throw four allow international.
2,441.31,Other,Stressed,2024-08-26,Short indicate police.
2,2511.28,Other,Neutral,2024-08-26,Industry impact certainly.
2,4473.49,Other,Stressed,2024-08-26,Box service develop game.
2,3619.04,Leisure,Happy,2024-08-27,Same page ago director.
2,284.41,Other,Stressed,2024-08-28,Let stay or focus.
2,225.52,Other,Stressed,2024-08-30,Strategy face make.
2,1115.29,Education,Stressed,2024-08-30,Meet seem population.
2,1319.99,Other,Stressed,2024-08-31,Authority number.
2,205.65,Other,Happy,2024-08-31,Exist professional.
2,584.04,Leisure,Stressed,2024-08-31,Simply century the.
2,224.01,Leisure,Excited,2024-09-02,Somebody son suddenly perform.
2,950.24,Food,Stressed,2024-09-02,Specific onto go.
2,1827.25,Leisure,Stressed,2024-09-04,Evening ahead smile.
2,3783.7,Other,Stressed,2024-09-06,Whose other.
2,685.4,Other,Excited,2024-09-06,Stage someone for power.
2,620.18,Other,Excited,2024-09-07,Happen a point here control.
2,2932.33,Food,Stressed,2024-09-08,Woman meet report.
2,2310.64,Leisure,Excited,2024-09-08,Develop office approach son.
2,1958.34,Other,Excited,2024-09-08,War push thousand book half.
2,3007.47,Travel,Neutral,2024-09-09,Player really act friend.
2,4612.0,Food,Stressed,2024-09-10,Leg sport until argue.
2,3320.91,Travel,Excited,2024-09-11,Improve them wait.
2,5807.66,Travel,Sad,2024-09-12,Manager bar send really.
2,2295.66,Travel,Neutral,2024-09-12,Picture approach chance none fight.
2,2338.12,Travel,Sad,2024-09-14,Material less focus hear.
2,2077.0,Food,Neutral,2024-09-15,Future choice whatever from.
2,662.43,Leisure,Stressed,2024-09-20,Single blood continue.
2,4113.46,Leisure,Excited,2024-09-21,Sell only manage.
2,1971.06,Travel,Neutral,2024-09-22,True building card.
2,2554.54,Travel,Happy,2024-09-23,Western order accept wide prevent.
2,1863.43,Food,Stressed,2024-09-24,Toward child future low.
2,5973.56,Leisure,Happy,2024-09-24,Year him thank trade.
2,2561.59,Education,Neutral,2024-09-24,Walk cup option store.
2,780.62,Education,Neutral,2024-09-25,Clear single expect.
2,227.64,Food,Stressed,2024-09-25,Also available concern edge.
2,5033.68,Food,Happy,2024-09-26,He we recent music.
2,1383.21,Leisure,Stressed,2024-10-01,Adult above safe.
2,4271.5,Leisure,Happy,2024-10-02,Herself law.
2,1895.57,Other,Excited,2024-10-02,Result many pattern.
2,12256.03,Food,Stressed,2024-10-03,Leg themselves away.
2,2060.08,Travel,Stressed,2024-10-05,Finish summer rest feel finally.
2,3077.43,Food,Stressed,2024-10-06,Of interview fine.
2,3062.92,Other,Sad,2024-10-06,Cultural right cover large work.
2,945.29,Leisure,Happy,2024-10-07,Ever day.
2,2795.53,Other,Stressed,2024-10-07,Those pressure street.
2,201.94,Other,Sad,2024-10-07,Recognize media goal.
2,896.27,Travel,Happy,2024-10-09,Finish increase economy middle public.
2,1745.07,Food,Neutral,2024-10-09,Something story attorney summer.
2,900.31,Food,Happy,2024-10-09,Effect people.
2,551.74,Food,Sad,2024-10-10,Listen against coach.
2,2554.25,Travel,Happy,2024-10-10,Size sing tree kitchen.
2,390.55,Leisure,Excited,2024-10-10,Sort knowledge analysis together court.
2,11033.69,Other,Happy,2024-10-10,Amount bad raise.
2,2379.86,Education,Stressed,2024-10-10,Analysis color friend the.
2,2571.67,Food,Stressed,2024-10-11,Listen against coach.
2,1224.53,Education,Neutral,2024-10-13,Part management.
2,1647.66,Other,Stressed,2024-10-13,A when dark read.
2,5823.55,Education,Excited,2024-10-14,Challenge large wish move.
2,5463.85,Other,Neutral,2024-10-15,Stage bad know of.
2,4592.37,Leisure,Excited,2024-10-16,Research visit program suddenly doctor.
2,763.53,Travel,Stressed,2024-10-16,Push east never size fight.
2,12572.67,Food,Neutral,2024-10-17,Something story attorney summer.
2,629.37,Education,Sad,2024-10-18,High issue deal democratic.
2,1313.55,Other,Sad,2024-10-18,Condition all blood.
2,1382.62,Education,Stressed,2024-10-18,Until choose wife national.
2,1129.03,Travel,Neutral,2024-10-19,Finish summer rest feel finally.
2,16265.54,Leisure,Sad,2024-10-20,Along attention piece tv young.
2,2826.68,Leisure,Neutral,2024-10-22,Pattern size spend.
2,7493.99,Other,Stressed,2024-10-22,Leave bar prevent require.
2,5823.0,Other,Neutral,2024-10-22,Claim move.
2,3386.11,Other,Neutral,2024-10-23,Pattern ahead compare form full.
2,2197.8,Leisure,Happy,2024-10-24,Question or money.
2,2970.57,Other,Happy,2024-10-25,Hear certainly most not.
2,698.79,Food,Neutral,2024-10-26,Later son almost.
2,163.42,Food,Stressed,2024-10-27,Enough threat score.
2,853.09,Leisure,Happy,2024-10-28,Right analysis mention.
2,284.03,Travel,Stressed,2024-10-28,Billion morning draw.
2,3327.37,Other,Sad,2024-10-29,Least ready activity decision ok.
2,5293.12,Food,Sad,2024-11-01,Positive question especially.
2,1488.05,Food,Excited,2024-11-01,How trip learn enter.
2,2239.54,Leisure,Sad,2024-11-03,White likely teacher one.
2,7685.45,Education,Stressed,2024-11-05,Condition again successful.
2,2225.13,Food,Stressed,2024-11-06,Radio product.
2,646.26,Other,Neutral,2024-11-06,Peace wind guess.
2,801.67,Other,Sad,2024-11-07,Whatever late specific.
2,4026.52,Leisure,Sad,2024-11-08,Woman whose already.
2,1240.97,Travel,Stressed,2024-11-09,Such final however major.
2,93.31,Other,Happy,2024-11-11,Himself fire heavy.
2,993.59,Other,Happy,2024-11-12,Require bank child.
2,2725.13,Travel,Stressed,2024-11-12,Space game truth special decision.
2,1865.03,Travel,Happy,2024-11-12,Door end fire.
2,113.04,Leisure,Stressed,2024-11-12,Knowledge fight car smile commercial.
2,3335.24,Travel,Happy,2024-11-13,Join black.
2,3704.54,Education,Stressed,2024-11-13,Even beautiful.
2,14309.7,Leisure,Stressed,2024-11-13,Or friend.
2,6247.32,Other,Stressed,2024-11-14,Hear certainly most not.
2,343.47,Leisure,Stressed,2024-11-15,Society common stay ready.
2,963.55,Food,Stressed,2024-11-15,General final knowledge.
2,2594.43,Leisure,Stressed,2024-11-16,Arrive budget education at property.
2,477.59,Other,Stressed,2024-11-16,Goal once let perform international.
2,994.83,Travel,Neutral,2024-11-20,Concern significant.
2,13053.16,Food,Stressed,2024-11-21,Woman meet report.
2,1041.0,Travel,Happy,2024-11-21,Pressure hospital significant.
2,1815.21,Other,Stressed,2024-11-21,Be move fly open.
2,2582.79,Other,Neutral,2024-11-22,Enjoy instead dream.
2,1618.82,Other,Neutral,2024-11-23,Machine whatever everything fear walk.
2,6036.74,Other,Neutral,2024-11-23,Claim move.
2,1259.93,Food,Sad,2024-11-24,Lay color.
2,5236.98,Other,Neutral,2024-11-25,Child ball store process.
2,4554.37,Other,Excited,2024-11-26,Participant price.
2,2912.89,Other,Neutral,2024-11-27,Security arm.
2,328.17,Travel,Sad,2024-11-27,Begin deep police wife.
2,3010.45,Leisure,Sad,2024-11-28,Year him thank trade.
2,490.5,Travel,Neutral,2024-11-28,Push east never size fight.
2,1176.28,Food,Stressed,2024-11-28,Bring agent pay detail group.
2,912.38,Leisure,Neutral,2024-11-29,Along attention piece tv young.
2,116.75,Other,Stressed,2024-11-29,In seven building hard.
2,1401.82,Travel,Neutral,2024-11-30,Audience throw four allow international.
2,20738.86,Travel,Happy,2024-12-01,Space game truth special decision.
2,1806.26,Other,Stressed,2024-12-02,Camera sit environmental though.
2,922.34,Travel,Excited,2024-12-03,Drive nation heart nearly season.
2,6690.55,Other,Neutral,2024-12-04,Stuff next write.
2,3351.22,Food,Happy,2024-12-04,Base investment.
2,1871.01,Leisure,Stressed,2024-12-04,I fund.
2,3838.29,Education,Sad,2024-12-04,Pretty least if.
2,2037.35,Education,Sad,2024-12-05,Able late order.
2,4205.16,Education,Stressed,2024-12-05,Future congress.
2,3704.73,Other,Sad,2024-12-06,Firm financial.
2,2138.54,Travel,Stressed,2024-12-07,Ask imagine my.
2,725.99,Leisure,Happy,2024-12-08,Their off.
2,995.95,Other,Stressed,2024-12-08,Management produce bed stage.
2,1346.61,Food,Excited,2024-12-11,Apply less.
2,3236.21,Leisure,Stressed,2024-12-12,Decide similar office.
2,617.95,Other,Sad,2024-12-12,Heavy law church.
2,404.76,Other,Stressed,2024-12-13,Method exactly.
2,45.96,Food,Stressed,2024-12-14,Pull blue strong wonder.
2,652.87,Other,Excited,2024-12-16,Us perhaps lawyer interest star.
2,1508.02,Other,Sad,2024-12-16,Especially unit office almost.
2,437.58,Other,Happy,2024-12-17,Long identify road speech.
2,993.18,Education,Excited,2024-12-17,As music film move.
2,1722.55,Travel,Stressed,2024-12-17,Material less focus hear.
2,4433.84,Travel,Excited,2024-12-18,Than condition republican.
2,2905.73,Travel,Neutral,2024-12-18,Training occur could painting.
2,2822.35,Education,Neutral,2024-12-18,Management game.
2,250.1,Other,Neutral,2024-12-19,Evidence conference capital office.
2,1967.94,Leisure,Stressed,2024-12-19,Day stock.
2,2903.09,Food,Excited,2024-12-19,Smile peace apply.
2,10905.11,Other,Happy,2024-12-20,Us decade.
2,10577.95,Education,Stressed,2024-12-20,Agent say forward us.
2,2105.48,Other,Happy,2024-12-23,Above company media next me.
2,1539.05,Other,Stressed,2024-12-24,Build smile across among situation.
2,710.04,Travel,Excited,2024-12-26,Score moment second.
2,996.97,Other,Neutral,2024-12-26,Produce ago.
2,1255.78,Travel,Stressed,2024-12-26,Quickly new another general poor.
2,1020.47,Leisure,Happy,2024-12-27,Thus several animal phone.
2,549.4,Education,Happy,2024-12-28,Home even.
2,277.99,Food,Neutral,2024-12-28,Enough threat score.
2,1861.9,Education,Stressed,2024-12-29,Present discussion.
2,921.64,Education,Sad,2024-12-30,Contain threat wrong whatever.
2,1975.02,Other,Stressed,2024-12-30,As throughout individual list manager.
2,1399.68,Leisure,Sad,2024-12-30,Available defense.
2,11.08,Leisure,Neutral,2024-12-31,Strong mind from.
2,991.21,Travel,Neutral,2024-12-31,Finish summer rest feel finally.
2,9868.59,Food,Stressed,2025-01-01,Account ten sing.
2,1367.1,Other,Neutral,2025-01-03,Fear approach take case customer.
2,5276.45,Other,Stressed,2025-01-06,Old particularly.
2,2206.66,Travel,Stressed,2025-01-07,Fall analysis.
2,823.84,Leisure,Neutral,2025-01-07,Could gun.
2,4703.61,Food,Happy,2025-01-08,Western enough key.
2,2655.96,Education,Happy,2025-01-08,Tree note responsibility.
2,1287.82,Travel,Stressed,2025-01-11,Audience throw four allow international.
2,518.87,Travel,Stressed,2025-01-12,Leave opportunity draw during city.
2,2085.33,Other,Neutral,2025-01-13,Number budget.
2,1663.82,Education,Stressed,2025-01-14,Organization visit finally.
2,2922.03,Education,Stressed,2025-01-14,Hundred challenge reach throughout.
2,650.68,Travel,Excited,2025-01-14,Senior service large under.
2,2466.32,Travel,Stressed,2025-01-15,Race mr.
2,19757.75,Travel,Sad,2025-01-17,Southern front.
2,997.59,Travel,Happy,2025-01-17,Item yet ever quite.
2,860.96,Other,Neutral,2025-01-17,Hope floor include.
2,1390.17,Food,Happy,2025-01-19,Smile high open scientist.
2,284.23,Education,Excited,2025-01-19,Doctor mr.
2,2057.5,Travel,Sad,2025-01-20,Month whom stage soon.
2,3211.7,Education,Stressed,2025-01-20,About usually.
2,764.06,Leisure,Sad,2025-01-23,First blood accept final.
2,7705.75,Leisure,Stressed,2025-01-23,Decision where foreign trial.
2,537.78,Education,Stressed,2025-01-24,Should page camera.
2,1201.25,Travel,Sad,2025-01-24,Right know during someone.
2,3277.69,Education,Happy,2025-01-24,Since him four.
2,250.82,Leisure,Stressed,2025-01-25,I fund.
2,1281.62,Leisure,Neutral,2025-01-25,Nearly want front shake.
2,1789.02,Travel,Neutral,2025-01-26,Challenge organization floor road southern.
2,415.06,Other,Stressed,2025-01-26,Enjoy instead dream.
2,1882.39,Education,Stressed,2025-01-26,Give that individual of not.
2,802.85,Leisure,Happy,2025-01-26,Scene almost leave.
2,1635.06,Leisure,Excited,2025-01-27,Officer fine.
2,2202.22,Leisure,Neutral,2025-01-27,Carry surface learn.
2,1074.06,Travel,Sad,2025-01-28,Quite budget window hour some.
2,2412.96,Food,Excited,2025-01-29,Adult range green.
2,1207.21,Education,Happy,2025-01-29,Within prove full.
2,1067.42,Leisure,Excited,2025-01-30,Sometimes while sense window.
2,3170.68,Leisure,Stressed,2025-01-31,Or friend.
2,34.82,Leisure,Happy,2025-01-31,What strong line.
2,2422.21,Leisure,Neutral,2025-01-31,Ever day.
3,2020.14,Food,Happy,2024-08-03,Bring animal also you.
3,599.82,Other,Happy,2024-08-03,Offer bed it skill challenge.
3,6043.58,Food,Happy,2024-08-05,Eye something.
3,3551.4,Leisure,Sad,2024-08-07,There institution actually.
3,1712.5,Leisure,Stressed,2024-08-09,Election conference when.
3,468.51,Leisure,Excited,2024-08-10,Me brother lot candidate owner.
3,590.73,Education,Stressed,2024-08-10,Home even.
3,613.61,Food,Stressed,2024-08-12,Fish either boy between collection.
3,965.41,Other,Stressed,2024-08-13,Least ready activity decision ok.
3,134.04,Travel,Stressed,2024-08-13,Not teach believe month.
3,6706.03,Food,Excited,2024-08-14,State among rest national wrong.
3,3819.17,Other,Stressed,2024-08-15,Difficult quite act receive stage.
3,1387.08,Other,Sad,2024-08-17,Already argue.
3,446.97,Other,Stressed,2024-08-17,Already argue.
3,1938.23,Leisure,Happy,2024-08-19,Face his.
3,433.86,Education,Stressed,2024-08-21,Instead writer.
3,2125.97,Leisure,Stressed,2024-08-24,Wear use edge this draw.
3,3395.55,Leisure,Neutral,2024-08-26,Boy other foot best.
3,3934.85,Travel,Neutral,2024-08-30,Ahead picture son.
3,1536.78,Other,Stressed,2024-09-01,Find lay deal lot.
3,13911.39,Travel,Stressed,2024-09-03,More road development about.
3,598.13,Other,Stressed,2024-09-03,Bank price north first end.
3,3918.86,Food,Stressed,2024-09-04,Less into per big.
3,709.52,Travel,Excited,2024-09-05,Participant above.
3,4728.03,Food,Neutral,2024-09-06,Smile high open scientist.
3,2680.06,Travel,Sad,2024-09-07,Manager bar send really.
3,2049.34,Food,Excited,2024-09-07,Gun seven music despite show.
3,643.11,Leisure,Stressed,2024-09-09,Understand none.
3,4727.54,Leisure,Stressed,2024-09-14,Let back three.
3,1847.09,Other,Sad,2024-09-16,Maintain assume both long.
3,466.56,Leisure,Neutral,2024-09-18,Night various return explain.
3,964.86,Other,Happy,2024-09-20,Important focus benefit probably.
3,1154.05,Other,Happy,2024-09-24,Couple raise she child.
3,4584.59,Leisure,Stressed,2024-09-25,Professor important do house must.
3,2466.49,Travel,Stressed,2024-09-27,Democratic thousand.
3,685.84,Other,Stressed,2024-09-28,Child ball store process.
3,122.66,Food,Sad,2024-09-29,Beautiful beyond sell.
3,74.07,Leisure,Stressed,2024-09-29,Positive participant fear blue as.
3,3167.79,Leisure,Sad,2024-09-30,Need finally when.
3,67.19,Travel,Excited,2024-09-30,President girl condition.
3,1579.71,Leisure,Happy,2024-09-30,Could gun.
3,1757.73,Food,Happy,2024-10-01,Voice boy wife condition.
3,3140.23,Leisure,Excited,2024-10-02,Despite off consumer second.
3,4297.44,Food,Neutral,2024-10-02,Radio product.
3,1128.59,Education,Stressed,2024-10-05,Ahead from quickly identify.
3,256.61,Leisure,Excited,2024-10-09,Relate day.
3,2285.16,Travel,Neutral,2024-10-11,Finish summer rest feel finally.
3,1495.74,Travel,Happy,2024-10-13,Second full boy.
3,267.88,Travel,Neutral,2024-10-13,We cold deep.
3,708.53,Travel,Stressed,2024-10-15,Program decade home which view.
3,1524.12,Food,Neutral,2024-10-15,Activity decide really go.
3,373.48,Leisure,Sad,2024-10-16,Source husband.
3,354.47,Other,Excited,2024-10-16,Before relationship plant.
3,1451.34,Leisure,Sad,2024-10-17,Big the cost for leader.
3,198.66,Other,Happy,2024-10-19,Source onto provide.
3,1559.04,Travel,Stressed,2024-10-21,Southern front.
3,515.92,Other,Stressed,2024-10-24,Onto site both change note.
3,345.28,Travel,Excited,2024-10-26,Participant above.
3,3038.27,Other,Stressed,2024-10-28,Race to television loss.
3,507.45,Other,Happy,2024-10-30,Already argue.
3,1445.34,Leisure,Neutral,2024-10-31,Popular lead with.
3,2845.96,Travel,Sad,2024-11-01,Science drug.
3,920.32,Other,Neutral,2024-11-02,Whose other.
3,1106.58,Other,Happy,2024-11-03,Those pressure street.
3,1651.89,Leisure,Neutral,2024-11-03,Nearly want front shake.
3,1056.89,Other,Sad,2024-11-03,College manage fund.
3,338.41,Leisure,Happy,2024-11-04,Worker always hold share.
3,5213.92,Travel,Stressed,2024-11-04,Personal often.
3,317.6,Food,Stressed,2024-11-06,Mission put budget house.
3,203.36,Education,Stressed,2024-11-06,Home even.
3,2921.55,Other,Sad,2024-11-06,Phone ever back experience.
3,3258.99,Leisure,Happy,2024-11-10,Big look tell prepare.
3,759.69,Other,Stressed,2024-11-10,Short indicate police.
3,4001.45,Other,Stressed,2024-11-15,Talk thing rock ever summer.
3,2681.91,Education,Excited,2024-11-16,Consider time economic high.
3,1163.34,Other,Stressed,2024-11-16,Well left.
3,885.21,Leisure,Stressed,2024-11-17,Professional color group.
3,634.52,Leisure,Happy,2024-11-22,Sort knowledge analysis together court.
3,2792.56,Travel,Neutral,2024-11-22,Outside with each animal.
3,1922.91,Travel,Sad,2024-11-25,Attack mouth rest contain.
3,1274.66,Other,Happy,2024-11-25,Magazine join.
3,228.67,Leisure,Stressed,2024-11-26,Network fact talk.
3,1235.69,Food,Stressed,2024-11-27,Network never.
3,2484.15,Other,Stressed,2024-11-27,Resource road do.
3,435.52,Food,Sad,2024-11-28,Security unit executive.
3,338.48,Other,Stressed,2024-11-28,Later week democratic few.
3,4037.1,Food,Stressed,2024-12-02,Smile peace apply.
3,2399.97,Leisure,Stressed,2024-12-02,Him fight american music change.
3,369.29,Other,Excited,2024-12-03,Bank price north first end.
3,3802.6,Other,Sad,2024-12-04,Moment red eight hand.
3,1190.86,Leisure,Neutral,2024-12-05,After sister should across treatment.
3,3099.44,Leisure,Neutral,2024-12-06,There institution actually.
3,810.57,Leisure,Stressed,2024-12-15,None whose.
3,2569.62,Education,Happy,2024-12-16,Involve thousand including.
3,367.35,Other,Stressed,2024-12-17,Risk develop movement size.
3,2642.13,Travel,Sad,2024-12-20,Door end fire.
3,720.41,Food,Neutral,2024-12-21,Past product make of group.
3,4142.64,Food,Sad,2024-12-22,Something story attorney summer.
3,837.05,Other,Stressed,2024-12-23,During call north attention.
3,1576.58,Other,Stressed,2024-12-23,Those pressure street.
3,3146.42,Travel,Neutral,2024-12-26,Audience throw four allow international.
3,6376.74,Food,Stressed,2024-12-28,Woman meet report.
3,1866.83,Food,Neutral,2024-12-31,Specific onto go.
3,4735.95,Travel,Sad,2024-12-31,Mind door authority outside.
3,278.3,Other,Happy,2025-01-04,Management produce bed stage.
3,129.8,Other,Stressed,2025-01-06,Kid put memory soldier.
3,3314.69,Other,Excited,2025-01-08,Pattern ahead compare form full.
3,1609.56,Food,Neutral,2025-01-13,While same budget.
3,10545.19,Food,Stressed,2025-01-15,Of interview fine.
3,634.69,Leisure,Stressed,2025-01-16,Sell only manage.
3,1742.22,Food,Happy,2025-01-16,Identify say on yes.
3,668.05,Education,Stressed,2025-01-20,Among black picture that treat.
3,2245.85,Leisure,Neutral,2025-01-20,Box organization.
3,717.17,Leisure,Stressed,2025-01-21,A value lot.
3,1160.4,Other,Stressed,2025-01-21,Moment eat personal.
3,5804.97,Food,Stressed,2025-01-23,Mind easy foreign old.
3,3652.96,Other,Stressed,2025-01-23,Build view.
3,2620.27,Leisure,Happy,2025-01-26,Book toward.
3,187.38,Other,Stressed,2025-01-27,Money a.
3,1609.65,Leisure,Neutral,2025-01-28,Hear officer.
4,325.15,Food,Happy,2024-08-01,Heavy what least mouth national.
4,283.41,Education,Stressed,2024-08-02,True culture.
4,7879.51,Other,Excited,2024-08-02,Thing physical might.
4,763.96,Other,Excited,2024-08-05,Security arm.
4,1470.04,Other,Stressed,2024-08-05,Million night your.
4,2149.35,Other,Happy,2024-08-05,Control piece behavior message wind.
4,4476.26,Food,Sad,2024-08-05,Of interview fine.
4,355.35,Leisure,Stressed,2024-08-07,Evidence enough claim suffer.
4,2809.76,Other,Neutral,2024-08-08,Son rock two.
4,10217.58,Leisure,Excited,2024-08-08,Professional color group.
4,3317.48,Travel,Sad,2024-08-09,Month whom stage soon.
4,2396.1,Leisure,Sad,2024-08-10,Turn surface listen.
4,767.39,Food,Stressed,2024-08-10,Skin name door production back.
4,438.19,Leisure,Stressed,2024-08-11,Bed food possible represent.
4,186.17,Other,Neutral,2024-08-11,Happen a point here control.
4,1716.75,Other,Neutral,2024-08-12,Popular available public economy.
4,806.43,Education,Sad,2024-08-12,Particularly score order modern.
4,1020.61,Other,Happy,2024-08-12,Almost outside middle.
4,1311.66,Other,Stressed,2024-08-13,Ready goal amount.
4,4275.22,Leisure,Stressed,2024-08-13,Develop office approach son.
4,2009.48,Food,Neutral,2024-08-14,Threat church big day couple.
4,5057.32,Food,Happy,2024-08-14,Voice boy wife condition.
4,2466.66,Travel,Neutral,2024-08-14,Join black.
4,3114.38,Travel,Stressed,2024-08-14,Size sing tree kitchen.
4,25128.68,Other,Stressed,2024-08-15,Machine whatever everything fear walk.
4,34060.52,Other,Stressed,2024-08-15,Leg rest interest.
4,1136.74,Other,Happy,2024-08-16,Require bank child.
4,996.26,Travel,Stressed,2024-08-17,Remember nearly face feel.
4,611.25,Food,Excited,2024-08-18,Security unit executive.
4,1556.71,Travel,Neutral,2024-08-18,Small control see the.
4,1805.01,Travel,Stressed,2024-08-18,Score moment second.
4,334.38,Leisure,Sad,2024-08-19,That reflect send set fly.
4,1958.25,Other,Stressed,2024-08-20,Project spring of.
4,2043.44,Other,Stressed,2024-08-21,Main opportunity particularly question.
4,5363.01,Leisure,Stressed,2024-08-21,On someone rise read.
4,1715.98,Other,Neutral,2024-08-21,Condition all blood.
4,9468.92,Leisure,Sad,2024-08-21,Research month instead.
4,3036.89,Leisure,Stressed,2024-08-22,Professor beat window.
4,63.6,Other,Stressed,2024-08-22,True help.
4,564.86,Food,Stressed,2024-08-22,Go exactly much food region.
4,4971.17,Leisure,Stressed,2024-08-22,Third letter sort reveal seven.
4,5009.69,Leisure,Stressed,2024-08-23,Significant up still management.
4,1131.36,Food,Neutral,2024-08-23,Investment pass drive.
4,388.06,Food,Neutral,2024-08-24,Base investment.
4,604.11,Other,Stressed,2024-08-24,Onto site both change note.
4,1498.14,Food,Stressed,2024-08-24,Smile high open scientist.
4,3312.87,Travel,Neutral,2024-08-25,Improve them wait.
4,1263.84,Travel,Sad,2024-08-25,Door end fire.
4,225.4,Other,Stressed,2024-08-26,Wonder long consider care.
4,3957.72,Travel,Excited,2024-08-27,Senior service large under.
4,1423.35,Education,Neutral,2024-08-27,Partner sing administration main according.
4,785.24,Education,Sad,2024-08-28,Together let.
4,203.3,Other,Stressed,2024-08-28,Strategy face make.
4,276.73,Travel,Stressed,2024-08-28,Why outside.
4,627.17,Food,Neutral,2024-08-29,Consider here grow agreement.
4,312.24,Other,Stressed,2024-08-30,Fear song save.
4,1258.6,Leisure,Excited,2024-09-02,Consumer face.
4,2180.12,Leisure,Sad,2024-09-04,Half president structure might.
4,541.08,Leisure,Stressed,2024-09-05,Third coach congress husband.
4,4197.31,Other,Sad,2024-09-05,Network outside parent.
4,1344.82,Other,Excited,2024-09-05,Local director become.
4,1356.2,Other,Excited,2024-09-05,Cultural allow.
4,214.94,Travel,Stressed,2024-09-06,Drug happy will young simply.
4,1219.51,Other,Neutral,2024-09-06,Control bill.
4,2577.83,Other,Happy,2024-09-07,Whatever late specific.
4,11657.18,Food,Sad,2024-09-07,Forward would finish around.
4,1314.33,Other,Neutral,2024-09-08,Authority interest red must art.
4,1091.63,Other,Stressed,2024-09-11,Have decide environment.
4,1191.33,Food,Sad,2024-09-12,View know develop after.
4,938.04,Other,Excited,2024-09-13,Human see.
4,10656.16,Other,Excited,2024-09-14,Leg rest interest.
4,1558.56,Leisure,Neutral,2024-09-16,Heavy class story side speak.
4,3166.72,Other,Neutral,2024-09-16,Camera sit environmental though.
4,1133.33,Leisure,Stressed,2024-09-16,Model police finally girl.
4,558.99,Other,Neutral,2024-09-16,Begin hundred truth.
4,31.05,Education,Neutral,2024-09-16,Carry fly water cut fire.
4,3326.37,Other,Happy,2024-09-17,Strategy fight institution.
4,1836.31,Leisure,Stressed,2024-09-17,Ever day.
4,280.69,Other,Happy,2024-09-18,Be move fly open.
4,2988.46,Other,Neutral,2024-09-19,Leave bar prevent require.
4,1122.27,Other,Stressed,2024-09-21,Stuff agreement professional team foot.
4,1613.74,Other,Stressed,2024-09-21,Pretty section degree still.
4,819.08,Leisure,Neutral,2024-09-21,Society common stay ready.
4,2735.01,Education,Stressed,2024-09-24,Price my.
4,4120.95,Travel,Neutral,2024-09-24,Remember nearly face feel.
4,818.82,Other,Neutral,2024-09-25,Increase consider.
4,2351.63,Food,Sad,2024-09-25,Account ten sing.
4,147.03,Other,Happy,2024-09-26,Important source first him.
4,2602.05,Travel,Stressed,2024-09-26,Agreement us stuff.
4,3423.4,Other,Neutral,2024-09-26,Off southern suddenly.
4,565.13,Travel,Stressed,2024-09-28,Receive to piece.
4,2575.24,Travel,Happy,2024-09-28,Hold carry rest.
4,401.55,Leisure,Stressed,2024-09-30,Position interest.
4,104.6,Leisure,Neutral,2024-09-30,Worker range feel.
4,1865.75,Leisure,Stressed,2024-10-01,Test they there.
4,1355.37,Travel,Stressed,2024-10-01,Push east never size fight.
4,1082.08,Other,Neutral,2024-10-03,Form newspaper.
4,5720.53,Other,Happy,2024-10-04,Enjoy instead dream.
4,225.82,Other,Neutral,2024-10-05,Finally shoulder land.
4,7562.05,Leisure,Stressed,2024-10-06,Water fight security tough gas.
4,246.87,Other,Stressed,2024-10-09,Realize property show either.
4,313.22,Travel,Happy,2024-10-10,Say other never fact.
4,299.54,Food,Stressed,2024-10-10,Fish either boy between collection.
4,389.75,Leisure,Stressed,2024-10-11,Inside big minute.
4,1814.85,Education,Neutral,2024-10-12,Present discussion.
4,11321.52,Food,Neutral,2024-10-13,History drop point audience.
4,2454.06,Other,Sad,2024-10-13,Raise several west side admit.
4,1048.01,Education,Stressed,2024-10-13,Paper beyond indeed.
4,471.13,Travel,Neutral,2024-10-14,Machine son television.
4,2507.17,Travel,Happy,2024-10-15,Compare system white magazine after.
4,889.37,Other,Stressed,2024-10-17,Try opportunity public.
4,2526.94,Food,Neutral,2024-10-18,Like clear.
4,2848.88,Travel,Stressed,2024-10-18,Able customer figure.
4,784.22,Other,Neutral,2024-10-19,On professional analysis color.
4,1526.83,Other,Neutral,2024-10-19,Industry impact certainly.
4,2130.54,Travel,Sad,2024-10-19,Why station manager.
4,1851.45,Food,Stressed,2024-10-19,Myself so growth time.
4,1184.37,Leisure,Happy,2024-10-20,Result sound.
4,1037.31,Food,Neutral,2024-10-20,Eight bed fill.
4,1290.33,Leisure,Sad,2024-10-20,Professor beat window.
4,1943.86,Travel,Excited,2024-10-20,Drive nation heart nearly season.
4,377.78,Leisure,Stressed,2024-10-21,Election conference when.
4,400.07,Leisure,Excited,2024-10-21,Society common stay ready.
4,1104.09,Leisure,Stressed,2024-10-22,Believe product eat generation put.
4,5581.63,Other,Neutral,2024-10-22,Dinner no main year size.
4,4719.16,Other,Happy,2024-10-23,End dog.
4,4246.96,Food,Neutral,2024-10-23,Democratic station course full.
4,1405.85,Travel,Stressed,2024-10-23,Finish increase economy middle public.
4,2693.27,Education,Happy,2024-10-23,Quite response.
4,7169.11,Other,Stressed,2024-10-24,Strategy fight institution.
4,525.19,Leisure,Sad,2024-10-24,Inside big minute.
4,1082.3,Education,Happy,2024-10-25,Human public health.
4,3614.22,Other,Happy,2024-10-25,Hear certainly most not.
4,1078.08,Food,Excited,2024-10-26,Determine not view cell seat.
4,5270.74,Food,Stressed,2024-10-26,And national spend.
4,2500.03,Education,Stressed,2024-10-27,Road product wait.
4,1679.17,Other,Neutral,2024-10-27,Land region back nor article.
4,4487.35,Food,Stressed,2024-10-29,Democratic recent student specific political.
4,1227.81,Travel,Excited,2024-10-29,Quite budget window hour some.
4,4005.01,Travel,Excited,2024-10-29,Picture approach chance none fight.
4,427.45,Food,Stressed,2024-10-29,Car risk.
4,3194.94,Other,Stressed,2024-10-30,And student give score agree.
4,649.15,Food,Neutral,2024-10-30,Receive region however.
4,274.76,Leisure,Stressed,2024-10-30,Relate day.
4,4497.36,Food,Excited,2024-10-30,Memory challenge lawyer business.
4,53.29,Other,Stressed,2024-11-01,Money modern receive partner.
4,11484.45,Leisure,Stressed,2024-11-01,Baby away affect medical all.
4,1504.55,Travel,Excited,2024-11-03,Floor there career.
4,1280.02,Other,Stressed,2024-11-03,Hope floor include.
4,808.11,Food,Neutral,2024-11-03,Score each.
4,767.03,Leisure,Happy,2024-11-04,Person one republican.
4,3660.82,Food,Stressed,2024-11-04,Woman meet report.
4,1025.11,Other,Stressed,2024-11-04,Environment character real middle prove.
4,2143.05,Leisure,Neutral,2024-11-04,Third letter sort reveal seven.
4,1223.48,Education,Happy,2024-11-04,Nation politics few each southern.
4,1985.01,Travel,Stressed,2024-11-04,Mind door authority outside.
4,2016.31,Leisure,Happy,2024-11-05,Recent couple cost girl run.
4,1752.58,Leisure,Neutral,2024-11-06,Language however risk work.
4,733.86,Leisure,Stressed,2024-11-06,Common anyone.
4,946.29,Leisure,Excited,2024-11-07,Me brother lot candidate owner.
4,1892.99,Leisure,Sad,2024-11-07,Impact full our smile.
4,1709.75,Leisure,Stressed,2024-11-07,Song difference part wall require.
4,317.5,Leisure,Stressed,2024-11-08,Example decision garden.
4,1468.0,Education,Neutral,2024-11-08,Meet seem population.
4,15839.03,Other,Stressed,2024-11-09,Moment eat personal.
4,453.62,Education,Neutral,2024-11-10,Officer forward trouble.
4,649.73,Food,Excited,2024-11-11,Difference attention whatever american.
4,1054.12,Travel,Stressed,2024-11-11,Score moment second.
4,9956.61,Leisure,Excited,2024-11-15,Sense including six lot.
4,1356.2,Food,Stressed,2024-11-16,Development provide dark daughter.
4,2324.74,Leisure,Sad,2024-11-17,Food affect upon these story.
4,143.64,Leisure,Happy,2024-11-17,Be fire.
4,310.39,Food,Neutral,2024-11-18,Card star avoid nothing.
4,1519.15,Other,Happy,2024-11-18,Long identify road speech.
4,2539.87,Food,Stressed,2024-11-19,Also available concern edge.
4,22796.85,Travel,Stressed,2024-11-19,Western order accept wide prevent.
4,3757.4,Travel,Happy,2024-11-19,Including let result spend.
4,784.69,Leisure,Happy,2024-11-20,Inside big minute.
4,6017.78,Travel,Stressed,2024-11-20,Including let result spend.
4,7558.18,Other,Neutral,2024-11-21,Stuff avoid.
4,84.91,Leisure,Neutral,2024-11-21,He participant right.
4,9337.32,Education,Stressed,2024-11-21,Shake hand hundred now.
4,21469.27,Leisure,Stressed,2024-11-22,Upon very act perform.
4,5176.48,Leisure,Sad,2024-11-22,Close month parent who up.
4,2437.23,Leisure,Stressed,2024-11-22,Hear officer.
4,785.79,Leisure,Excited,2024-11-23,Thank avoid man drive.
4,1606.72,Travel,Happy,2024-11-23,Statement position either.
4,7811.12,Leisure,Neutral,2024-11-23,Scene almost leave.
4,2949.88,Leisure,Neutral,2024-11-24,Baby lawyer growth matter note.
4,278.42,Leisure,Happy,2024-11-25,Evidence enough claim suffer.
4,920.18,Other,Sad,2024-11-25,Popular available public economy.
4,722.1,Leisure,Sad,2024-11-25,Window music evening know.
4,2157.62,Travel,Happy,2024-11-26,Remember nearly face feel.
4,1662.02,Other,Neutral,2024-11-26,Whatever late specific.
4,11749.7,Travel,Neutral,2024-11-26,Gas with policy cut.
4,8545.59,Leisure,Stressed,2024-11-26,Something population loss physical.
4,3184.7,Travel,Stressed,2024-11-27,Remember nearly face feel.
4,644.5,Travel,Sad,2024-11-29,Else easy point she.
4,619.78,Food,Happy,2024-11-29,Lay color.
4,488.5,Travel,Stressed,2024-11-29,Energy always.
4,3900.53,Education,Neutral,2024-12-01,Space beyond.
4,1846.89,Leisure,Stressed,2024-12-02,Popular lead with.
4,1304.39,Leisure,Sad,2024-12-03,Age cover foreign.
4,2722.93,Food,Stressed,2024-12-03,Above others.
4,1776.46,Leisure,Stressed,2024-12-04,Surface expect several evening town.
4,3093.94,Other,Happy,2024-12-04,Risk develop movement size.
4,5149.3,Other,Neutral,2024-12-06,Control bill.
4,584.26,Other,Neutral,2024-12-06,Let member however.
4,1105.99,Other,Stressed,2024-12-06,Amount bad raise.
4,3790.3,Food,Stressed,2024-12-07,Less into per big.
4,3529.26,Education,Stressed,2024-12-07,High issue deal democratic.
4,966.83,Food,Neutral,2024-12-08,Activity decide really go.
4,916.54,Leisure,Excited,2024-12-08,Information scene again country.
4,1052.83,Food,Happy,2024-12-09,Real art.
4,1570.86,Other,Stressed,2024-12-10,Cell city not not the.
4,9258.82,Leisure,Stressed,2024-12-10,Old wall report purpose.
4,1969.04,Leisure,Sad,2024-12-10,Research month instead.
4,851.16,Other,Neutral,2024-12-10,Until truth feeling view.
4,2798.25,Leisure,Stressed,2024-12-11,Thing industry participant realize.
4,844.74,Other,Sad,2024-12-11,Citizen street region.
4,3888.82,Other,Happy,2024-12-13,Whose other.
4,818.82,Leisure,Stressed,2024-12-13,Check purpose young.
4,4431.32,Other,Stressed,2024-12-14,Letter mind many.
4,935.32,Leisure,Stressed,2024-12-17,Bar professor power.
4,2639.93,Leisure,Stressed,2024-12-17,Fish evening avoid dark.
4,4461.46,Travel,Neutral,2024-12-18,Change she tonight.
4,1919.04,Food,Stressed,2024-12-20,Democratic station course full.
4,5249.67,Leisure,Stressed,2024-12-21,Main board population.
4,833.38,Other,Stressed,2024-12-21,Long identify road speech.
4,819.29,Leisure,Sad,2024-12-22,Decision where foreign trial.
4,12675.33,Other,Neutral,2024-12-22,Hand so add mr lawyer.
4,2102.92,Food,Sad,2024-12-23,Analysis hair rest wide.
4,1507.24,Travel,Excited,2024-12-23,Able customer figure.
4,279.06,Leisure,Neutral,2024-12-24,Best physical always small almost.
4,85.75,Leisure,Stressed,2024-12-25,Voice american seven discussion.
4,5309.35,Food,Excited,2024-12-25,Law agree appear political.
4,992.64,Education,Neutral,2024-12-25,East list when.
4,1980.91,Education,Excited,2024-12-26,Analysis color friend the.
4,1012.46,Travel,Neutral,2024-12-27,Indeed believe interview professor.
4,3887.44,Food,Stressed,2024-12-27,Mr suggest issue.
4,229.32,Other,Sad,2024-12-28,Important source first him.
4,5566.61,Food,Stressed,2024-12-29,Across nothing.
4,42.0,Leisure,Neutral,2024-12-31,Never condition.
4,37.26,Other,Happy,2025-01-01,Something fine apply gas sing.
4,4113.82,Travel,Stressed,2025-01-02,Yard foot he share issue.
4,513.52,Leisure,Sad,2025-01-02,Turn surface listen.
4,846.0,Travel,Sad,2025-01-03,Indeed believe interview professor.
4,3898.08,Other,Excited,2025-01-03,Exist theory.
4,1474.58,Education,Happy,2025-01-03,Value thing these.
4,803.1,Other,Stressed,2025-01-03,Peace wind guess.
4,2636.88,Travel,Stressed,2025-01-04,Magazine degree husband around.
4,8386.92,Food,Stressed,2025-01-06,You ready way rule.
4,469.57,Education,Neutral,2025-01-06,Consider time economic high.
4,4592.39,Other,Sad,2025-01-06,Current after charge.
4,4427.93,Food,Neutral,2025-01-07,Thousand live land hard.
4,783.72,Leisure,Stressed,2025-01-07,Senior difficult put.
4,441.5,Leisure,Neutral,2025-01-07,Conference matter wear physical site.
4,3778.3,Other,Happy,2025-01-08,As throughout individual list manager.
4,2867.14,Other,Sad,2025-01-08,Participant price.
4,927.9,Leisure,Stressed,2025-01-10,Call whole.
4,4143.52,Other,Stressed,2025-01-10,Future treat bill choice.
4,147.0,Food,Stressed,2025-01-11,Skin name door production back.
4,248.54,Other,Neutral,2025-01-11,True help.
4,1528.94,Leisure,Stressed,2025-01-11,At decade really issue.
4,888.68,Travel,Stressed,2025-01-12,Right know during someone.
4,807.7,Education,Excited,2025-01-12,Pass range appear home player.
4,87.01,Leisure,Stressed,2025-01-12,Position interest.
4,613.27,Leisure,Stressed,2025-01-13,Somebody prepare few sound.
4,1501.71,Leisure,Stressed,2025-01-13,She join house.
4,1222.29,Food,Stressed,2025-01-13,Democratic recent student specific political.
4,102.41,Other,Neutral,2025-01-15,Money modern receive partner.
4,5817.87,Food,Excited,2025-01-15,Yet wish certain usually.
4,930.59,Travel,Neutral,2025-01-15,Such final however major.
4,817.22,Travel,Happy,2025-01-16,Personal often.
4,541.95,Other,Stressed,2025-01-16,Somebody next ready.
4,332.82,Other,Stressed,2025-01-16,Effort drive side human.
4,1019.1,Food,Stressed,2025-01-17,Toward child future low.
4,8786.11,Other,Neutral,2025-01-17,Somebody next ready.
4,5523.74,Travel,Sad,2025-01-19,Capital program story mention majority.
4,1727.81,Travel,Neutral,2025-01-19,Laugh red man fly charge.
4,3073.85,Other,Happy,2025-01-21,Race to television loss.
4,3095.49,Leisure,Stressed,2025-01-21,Heavy class story side speak.
4,109.89,Other,Stressed,2025-01-21,Kid put memory soldier.
4,1214.82,Travel,Neutral,2025-01-21,Foreign husband believe word local.
4,1106.04,Leisure,Happy,2025-01-21,Call whole.
4,2864.29,Leisure,Happy,2025-01-23,Sure authority increase picture create.
4,225.07,Education,Happy,2025-01-23,While total spend.
4,563.15,Leisure,Sad,2025-01-23,Into notice necessary true message.
4,1277.85,Education,Stressed,2025-01-24,Democrat cost evidence third.
4,446.1,Travel,Happy,2025-01-24,Floor there career.
4,2158.22,Travel,Happy,2025-01-25,Player really act friend.
4,1710.54,Leisure,Stressed,2025-01-26,On must certainly.
4,12062.37,Education,Stressed,2025-01-27,Career according.
4,1791.09,Other,Stressed,2025-01-29,Evidence conference capital office.
4,3104.62,Leisure,Stressed,2025-01-29,Develop office approach son.
4,16625.66,Leisure,Excited,2025-01-29,Family bill foreign fast knowledge.
4,2273.11,Travel,Neutral,2025-01-30,Democratic thousand.
4,2914.74,Food,Sad,2025-01-30,Report agreement sport.
4,4811.94,Other,Stressed,2025-01-31,End dog.
5,3824.84,Leisure,Sad,2024-08-03,City usually ever.
5,2460.82,Travel,Neutral,2024-08-05,Improve them wait.
5,1284.42,Food,Excited,2024-08-08,Card star avoid nothing.
5,2175.35,Food,Stressed,2024-08-10,Positive question especially.
5,522.08,Leisure,Stressed,2024-08-10,Evening ahead smile.
5,1219.02,Food,Stressed,2024-08-12,Democratic recent student specific political.
5,1201.88,Other,Stressed,2024-08-13,Popular available public economy.
5,2221.76,Other,Stressed,2024-08-13,Serious produce.
5,3321.54,Leisure,Stressed,2024-08-14,Huge garden family.
5,454.92,Leisure,Sad,2024-08-15,Technology tend.
5,2568.2,Other,Sad,2024-08-16,Already because education break significant.
5,459.84,Leisure,Neutral,2024-08-16,Country little reality level.
5,16005.0,Leisure,Stressed,2024-08-19,Could gun.
5,3561.37,Food,Stressed,2024-08-21,Smile peace apply.
5,238.74,Leisure,Stressed,2024-08-21,Example decision garden.
5,26480.83,Travel,Stressed,2024-08-23,Do interesting material.
5,2041.9,Other,Neutral,2024-08-23,Likely push.
5,719.58,Other,Happy,2024-08-24,Win central.
5,2760.71,Education,Stressed,2024-08-24,Discuss wall ahead scene.
5,3031.64,Food,Sad,2024-08-25,Leg sport until argue.
5,1366.75,Education,Neutral,2024-08-28,Particularly score order modern.
5,696.37,Other,Stressed,2024-08-29,Story activity.
5,854.09,Travel,Stressed,2024-08-29,Outside with each animal.
5,8137.73,Other,Neutral,2024-08-31,Focus executive letter possible final.
5,176.48,Other,Stressed,2024-09-01,Happen a point here control.
5,1106.48,Travel,Stressed,2024-09-01,Mean common.
5,2977.01,Other,Happy,2024-09-03,Sure i pay.
5,462.49,Education,Sad,2024-09-03,Program sport her.
5,2735.51,Education,Sad,2024-09-04,Development the inside thought.
5,1003.44,Leisure,Stressed,2024-09-05,Financial popular short like.
5,9322.61,Leisure,Happy,2024-09-05,Something population loss physical.
5,2074.42,Leisure,Sad,2024-09-05,Fact reason make office.
5,342.65,Leisure,Stressed,2024-09-06,Indicate herself.
5,229.94,Other,Happy,2024-09-07,Idea seek.
5,2717.82,Food,Stressed,2024-09-08,And national spend.
5,991.32,Education,Stressed,2024-09-08,Within prove full.
5,388.13,Other,Stressed,2024-09-10,Require bank child.
5,5360.79,Education,Sad,2024-09-10,Enter example down anyone occur.
5,1182.07,Other,Neutral,2024-09-10,Authority interest red must art.
5,3774.62,Leisure,Stressed,2024-09-12,Live seat.
5,1373.62,Other,Stressed,2024-09-13,Pattern ahead compare form full.
5,3638.42,Travel,Neutral,2024-09-13,Computer prove amount population.
5,244.91,Leisure,Stressed,2024-09-14,Big look tell prepare.
5,292.01,Other,Excited,2024-09-15,National back everybody direction budget.
5,1723.25,Leisure,Stressed,2024-09-16,Big the cost for leader.
5,62.6,Food,Sad,2024-09-17,Step rate feeling rate.
5,3563.39,Leisure,Excited,2024-09-18,Recent couple cost girl run.
5,2297.8,Travel,Sad,2024-09-20,Case expert stop.
5,2009.87,Travel,Stressed,2024-09-21,Ball theory prepare much throughout.
5,305.68,Other,Excited,2024-09-22,Effort drive side human.
5,1058.63,Food,Neutral,2024-09-22,Law agree appear political.
5,2222.97,Food,Happy,2024-09-29,Employee become happy water bring.
5,2172.32,Leisure,Neutral,2024-09-29,Need finally when.
5,500.64,Other,Stressed,2024-10-01,Bill eight community.
5,6905.67,Leisure,Neutral,2024-10-03,Yourself successful defense subject.
5,2230.82,Leisure,Happy,2024-10-03,Relate real major.
5,1802.27,Education,Neutral,2024-10-07,Together let.
5,888.55,Other,Stressed,2024-10-07,Camera sit environmental though.
5,6307.37,Leisure,Stressed,2024-10-10,Develop office approach son.
5,1655.57,Travel,Excited,2024-10-10,Edge surface who.
5,967.2,Other,Stressed,2024-10-12,Owner memory argue project.
5,394.43,Other,Sad,2024-10-13,Talk interest hand.
5,2140.36,Education,Stressed,2024-10-13,Goal talk sit party.
5,2847.12,Other,Stressed,2024-10-13,Section child.
5,3188.99,Leisure,Neutral,2024-10-14,Truth during always those high.
5,1613.4,Travel,Neutral,2024-10-16,Foreign husband believe word local.
5,2350.96,Travel,Stressed,2024-10-16,Age war measure whom.
5,1201.03,Food,Sad,2024-10-16,Smile high open scientist.
5,142.99,Leisure,Happy,2024-10-17,How staff.
5,2599.59,Other,Stressed,2024-10-18,Race to television loss.
5,3040.57,Leisure,Neutral,2024-10-20,There institution actually.
5,569.44,Other,Stressed,2024-10-21,Produce ago.
5,1392.73,Education,Stressed,2024-10-21,Value thing these.
5,4531.39,Leisure,Stressed,2024-10-23,Fish evening avoid dark.
5,337.47,Other,Neutral,2024-10-25,True help.
5,3766.14,Other,Neutral,2024-10-26,Best generation group goal.
5,1540.55,Other,Stressed,2024-10-27,Long identify road speech.
5,3545.61,Leisure,Stressed,2024-10-28,Expect writer myself management.
5,7758.38,Other,Stressed,2024-10-30,Body lead there there early.
5,3956.47,Education,Stressed,2024-11-01,Red head window be.
5,418.06,Food,Stressed,2024-11-02,Maintain former campaign pretty beyond.
5,611.39,Education,Stressed,2024-11-06,Able teach certain candidate economy.
5,6790.25,Food,Sad,2024-11-06,Land day name small.
5,697.8,Food,Excited,2024-11-07,Group never.
5,425.84,Other,Happy,2024-11-07,Space moment travel these least.
5,241.89,Other,Stressed,2024-11-09,Story activity.
5,1998.52,Education,Excited,2024-11-10,Part management.
5,36.94,Leisure,Happy,2024-11-10,Society dark product make.
5,1003.18,Education,Stressed,2024-11-10,Contain threat wrong whatever.
5,7705.15,Food,Excited,2024-11-11,History drop point audience.
5,880.59,Leisure,Excited,2024-11-11,None pressure lay future stay.
5,3962.52,Other,Happy,2024-11-12,Name skill medical after them.
5,5446.01,Food,Happy,2024-11-13,Within woman.
5,2441.95,Education,Neutral,2024-11-14,Television argue mouth.
5,2383.73,Education,Neutral,2024-11-15,Management game.
5,3616.28,Leisure,Happy,2024-11-15,On someone rise read.
5,167.02,Leisure,Neutral,2024-11-16,Easy get every.
5,4027.65,Other,Stressed,2024-11-21,Exist theory.
5,1631.81,Education,Happy,2024-11-22,Actually than modern season.
5,572.01,Other,Stressed,2024-11-24,Religious across.
5,2484.7,Travel,Stressed,2024-11-25,Church own stage.
5,692.03,Education,Stressed,2024-11-26,Contain threat wrong whatever.
5,1459.16,Leisure,Neutral,2024-11-26,Activity including single right.
5,1267.02,Education,Neutral,2024-11-28,Career including late condition opportunity.
5,4150.33,Other,Stressed,2024-11-28,Thing physical might.
5,556.29,Education,Stressed,2024-11-28,Price my.
5,3325.8,Leisure,Stressed,2024-11-29,A value lot.
5,552.23,Other,Stressed,2024-11-30,National back everybody direction budget.
5,3208.67,Travel,Neutral,2024-11-30,Well mission situation result.
5,487.27,Leisure,Stressed,2024-12-01,Up federal nor note.
5,3035.16,Other,Sad,2024-12-01,Scientist will begin.
5,3239.8,Travel,Neutral,2024-12-01,Senior service large under.
5,425.49,Food,Excited,2024-12-01,Difference attention whatever american.
5,2485.11,Leisure,Stressed,2024-12-02,Recent couple cost girl run.
5,1253.08,Other,Stressed,2024-12-02,Human see.
5,4765.17,Travel,Sad,2024-12-05,Material less focus hear.
5,4851.56,Food,Neutral,2024-12-05,Democratic station course full.
5,3625.84,Education,Happy,2024-12-06,Quite response.
5,3318.06,Leisure,Happy,2024-12-08,On someone rise read.
5,3882.6,Other,Stressed,2024-12-08,Success teach mrs beat.
5,2747.76,Education,Stressed,2024-12-10,Even beautiful.
5,252.73,Education,Stressed,2024-12-10,Charge form here.
5,1018.63,Education,Stressed,2024-12-11,Left available.
5,2441.95,Travel,Happy,2024-12-11,Size sing tree kitchen.
5,175.59,Leisure,Stressed,2024-12-11,Somebody son suddenly perform.
5,1047.04,Travel,Neutral,2024-12-11,Item yet ever quite.
5,1012.14,Education,Stressed,2024-12-14,Clear single expect.
5,3720.41,Other,Sad,2024-12-15,Security arm.
5,493.36,Other,Neutral,2024-12-16,Respond into history.
5,4531.55,Education,Stressed,2024-12-19,Against only.
5,1425.89,Food,Stressed,2024-12-19,Bank professional true financial.
5,921.23,Leisure,Excited,2024-12-20,Property let.
5,6654.57,Travel,Neutral,2024-12-20,Ahead picture son.
5,412.09,Education,Neutral,2024-12-20,Boy different chance enter.
5,834.58,Other,Stressed,2024-12-20,Stage threat our.
5,1835.19,Food,Neutral,2024-12-22,Something story attorney summer.
5,2459.27,Education,Stressed,2024-12-22,She they.
5,886.02,Other,Stressed,2024-12-23,Method exactly.
5,1875.45,Travel,Stressed,2024-12-23,Challenge organization floor road southern.
5,1610.77,Travel,Stressed,2024-12-25,Three certain.
5,1730.61,Other,Excited,2024-12-25,Best generation group goal.
5,222.05,Other,Stressed,2024-12-25,Store natural today season.
5,2734.85,Leisure,Stressed,2024-12-26,Adult above safe.
5,1510.22,Food,Excited,2024-12-27,Analysis hair rest wide.
5,3245.49,Leisure,Stressed,2024-12-27,Boy other foot best.
5,747.24,Food,Stressed,2024-12-29,Western enough key.
5,762.65,Leisure,Sad,2024-12-31,Seven project chance road.
5,1462.89,Other,Stressed,2025-01-02,Produce ago.
5,6776.26,Leisure,Happy,2025-01-02,Career surface these ahead.
5,1537.72,Food,Neutral,2025-01-04,Smile peace apply.
5,2928.01,Other,Neutral,2025-01-04,Reach under.
5,5430.8,Leisure,Stressed,2025-01-06,Hard knowledge enjoy let.
5,306.72,Travel,Sad,2025-01-07,Pressure hospital significant.
5,6769.02,Leisure,Happy,2025-01-08,Site girl into have media.
5,1595.87,Travel,Stressed,2025-01-10,Newspaper indicate other.
5,14294.81,Education,Stressed,2025-01-11,Behind front attack song little.
5,698.73,Travel,Neutral,2025-01-12,Likely scientist.
5,5666.66,Other,Neutral,2025-01-12,Billion land detail exist cover.
5,722.11,Other,Excited,2025-01-12,Result size feel no nothing.
5,2006.44,Other,Stressed,2025-01-13,Nature performance yeah.
5,1693.13,Other,Stressed,2025-01-15,Pattern ahead compare form full.
5,245.58,Leisure,Stressed,2025-01-15,Source husband.
5,376.09,Other,Neutral,2025-01-16,Require bank child.
5,13409.15,Other,Stressed,2025-01-20,Be plan same cause.
5,2762.65,Other,Sad,2025-01-21,Body lead there there early.
5,2091.03,Food,Stressed,2025-01-22,Like clear.
5,1443.71,Other,Sad,2025-01-22,Store bit responsibility brother.
5,160.64,Food,Excited,2025-01-23,Your ever woman way avoid.
5,221.46,Leisure,Stressed,2025-01-24,Sort knowledge analysis together court.
5,748.64,Education,Stressed,2025-01-25,Ahead from quickly identify.
5,6239.82,Other,Stressed,2025-01-27,Build view.
5,599.49,Leisure,Happy,2025-01-28,Can mouth discover.
5,379.21,Leisure,Sad,2025-01-28,Week yourself public especially american.
5,2923.94,Food,Happy,2025-01-29,Part crime.
5,2572.35,Leisure,Neutral,2025-01-30,Thing industry participant realize.
5,652.67,Other,Happy,2025-01-31,Than physical live reason.
6,925.64,Leisure,Neutral,2024-08-01,Fact huge fight.
6,2049.74,Food,Happy,2024-08-02,Million kind everything young.
6,2749.61,Other,Excited,2024-08-02,Moment eat personal.
6,2978.21,Travel,Sad,2024-08-04,Southern front.
6,1056.68,Food,Neutral,2024-08-05,Leader both rest challenge.
6,352.53,Education,Neutral,2024-08-05,Clear single expect.
6,1287.58,Food,Stressed,2024-08-05,Go consider century price.
6,991.08,Travel,Happy,2024-08-06,Forget once hope security.
6,14431.24,Travel,Stressed,2024-08-07,Door end fire.
6,142.78,Other,Happy,2024-08-09,Create physical share out cold.
6,440.72,Other,Neutral,2024-08-10,Expert movement reach man.
6,2319.3,Leisure,Stressed,2024-08-11,Open million house enough.
6,1360.2,Travel,Happy,2024-08-12,Door end fire.
6,426.85,Other,Sad,2024-08-12,Discussion detail training fund.
6,6375.44,Food,Sad,2024-08-13,Your less social form.
6,4275.36,Leisure,Excited,2024-08-13,Sign wall.
6,887.97,Leisure,Happy,2024-08-15,Best physical always small almost.
6,3743.84,Education,Excited,2024-08-15,Should page camera.
6,2897.7,Leisure,Stressed,2024-08-15,Option goal avoid.
6,2142.22,Other,Happy,2024-08-16,Real know our any.
6,1076.97,Education,Happy,2024-08-16,Option oil commercial.
6,2733.24,Food,Happy,2024-08-17,Listen against coach.
6,1780.37,Leisure,Stressed,2024-08-18,Professor beat window.
6,100.17,Leisure,Stressed,2024-08-18,What strong line.
6,874.38,Education,Excited,2024-08-18,Since him four.
6,1183.51,Leisure,Stressed,2024-08-19,Company left nothing trip.
6,1725.25,Education,Happy,2024-08-20,Road product wait.
6,2747.0,Food,Sad,2024-08-20,Past feeling nature.
6,251.99,Other,Neutral,2024-08-20,Strategy face make.
6,382.12,Leisure,Stressed,2024-08-20,Ever day.
6,1992.28,Travel,Happy,2024-08-20,Nearly care base.
6,2309.46,Other,Stressed,2024-08-20,Have including none.
6,1159.39,Education,Stressed,2024-08-21,Leader operation mean white.
6,3328.84,Leisure,Happy,2024-08-21,Base player data whose.
6,3661.05,Food,Neutral,2024-08-22,Across nothing.
6,1145.29,Food,Neutral,2024-08-22,Mr suggest issue.
6,1910.49,Other,Sad,2024-08-22,Peace wind guess.
6,618.35,Other,Stressed,2024-08-23,Reach under.
6,4671.85,Education,Excited,2024-08-23,Since him four.
6,623.8,Leisure,Neutral,2024-08-24,Heavy staff hotel box.
6,2300.08,Leisure,Stressed,2024-08-24,Arrive society.
6,2111.85,Other,Sad,2024-08-25,Seven here sell story.
6,1261.84,Food,Happy,2024-08-25,Choice father why often.
6,886.73,Travel,Happy,2024-08-25,Whether century quality.
6,11497.99,Other,Happy,2024-08-28,Star executive fear.
6,1349.18,Food,Stressed,2024-08-29,Go consider century price.
6,7781.73,Food,Sad,2024-08-29,View know develop after.
6,4258.82,Food,Stressed,2024-08-31,Former able public trade.
6,2151.94,Travel,Stressed,2024-08-31,So draw food company.
6,150.69,Other,Happy,2024-09-02,Finish without.
6,59.72,Travel,Neutral,2024-09-04,Really society live camera.
6,1332.73,Leisure,Neutral,2024-09-04,Yourself successful defense subject.
6,496.3,Travel,Stressed,2024-09-04,Quickly new another general poor.
6,5900.51,Education,Stressed,2024-09-04,Affect marriage present a.
6,4400.63,Education,Neutral,2024-09-04,Lawyer writer health.
6,36.69,Travel,Stressed,2024-09-05,Huge response long.
6,988.44,Other,Sad,2024-09-05,Space moment travel these least.
6,2843.74,Leisure,Stressed,2024-09-05,Bed report item.
6,2058.01,Leisure,Stressed,2024-09-06,City usually ever.
6,3952.25,Leisure,Neutral,2024-09-07,Brother let.
6,6075.63,Leisure,Neutral,2024-09-08,Could gun.
6,357.86,Leisure,Happy,2024-09-09,Network fact talk.
6,3505.94,Other,Excited,2024-09-09,Much section investment on gun.
6,360.76,Leisure,Sad,2024-09-10,He participant right.
6,2873.1,Food,Stressed,2024-09-13,By two bad fall pick.
6,7754.91,Other,Sad,2024-09-13,Industry impact certainly.
6,5879.92,Food,Happy,2024-09-14,Above others.
6,11416.49,Other,Stressed,2024-09-15,Heart determine likely.
6,1037.89,Travel,Happy,2024-09-15,Cost attorney.
6,1869.67,Other,Stressed,2024-09-15,Success here television key.
6,7877.86,Travel,Neutral,2024-09-17,Democratic thousand.
6,5324.57,Leisure,Excited,2024-09-18,Recent couple cost girl run.
6,1386.65,Other,Neutral,2024-09-18,As throughout individual list manager.
6,323.58,Food,Stressed,2024-09-19,Past feeling nature.
6,341.69,Other,Happy,2024-09-20,Democrat hundred.
6,1196.26,Food,Stressed,2024-09-20,Skin name door production back.
6,1041.87,Food,Happy,2024-09-21,Ago race quite hour.
6,4717.43,Education,Sad,2024-09-21,Nothing behavior sort recognize.
6,2266.95,Leisure,Excited,2024-09-22,Member box.
6,1839.67,Other,Neutral,2024-09-23,Beyond family movement hospital back.
6,1890.8,Education,Excited,2024-09-23,Value thing these.
6,3500.52,Leisure,Stressed,2024-09-23,Wear use edge this draw.
6,1220.33,Food,Stressed,2024-09-25,Memory challenge lawyer business.
6,2476.81,Leisure,Stressed,2024-09-26,Majority none little admit former.
6,2352.97,Other,Happy,2024-09-26,Quite everyone as generation.
6,120.89,Other,Sad,2024-09-27,People newspaper stay.
6,593.12,Leisure,Sad,2024-09-27,Company option character land space.
6,245.61,Other,Stressed,2024-09-27,Us perhaps lawyer interest star.
6,3328.74,Leisure,Happy,2024-09-29,Research month instead.
6,2709.43,Leisure,Happy,2024-09-30,Individual analysis.
6,994.67,Other,Stressed,2024-10-01,Name skill medical after them.
6,672.68,Education,Stressed,2024-10-01,Tree note responsibility.
6,396.25,Education,Stressed,2024-10-01,Space beyond.
6,4390.59,Education,Happy,2024-10-02,Lawyer writer health.
6,1001.2,Education,Excited,2024-10-02,Nation politics few each southern.
6,781.71,Food,Stressed,2024-10-02,Also hard expert popular.
6,6223.12,Leisure,Stressed,2024-10-03,Activity including single right.
6,91.08,Food,Sad,2024-10-03,Doctor news yourself.
6,1109.51,Education,Neutral,2024-10-03,Pass range appear home player.
6,2224.05,Other,Excited,2024-10-03,Whatever late specific.
6,70.03,Travel,Stressed,2024-10-03,President girl condition.
6,622.32,Leisure,Stressed,2024-10-03,Recent couple cost girl run.
6,1059.91,Other,Sad,2024-10-05,Hope floor include.
6,5042.08,Education,Stressed,2024-10-08,Analysis color friend the.
6,797.86,Other,Stressed,2024-10-09,Him note painting quickly.
6,2836.76,Other,Happy,2024-10-09,Remember ability.
6,4743.84,Food,Stressed,2024-10-11,Development provide dark daughter.
6,2283.05,Leisure,Stressed,2024-10-12,Oil per line create build.
6,1361.86,Education,Sad,2024-10-14,Week real course school everybody.
6,765.63,Other,Neutral,2024-10-14,Not friend federal forget bit.
6,1947.84,Travel,Stressed,2024-10-15,Might necessary former.
6,1661.6,Leisure,Stressed,2024-10-16,Draw police.
6,1183.06,Travel,Stressed,2024-10-16,Audience throw four allow international.
6,1542.41,Other,Happy,2024-10-16,Feel special.
6,1998.43,Food,Neutral,2024-10-17,Leg themselves away.
6,1022.65,Travel,Stressed,2024-10-17,Energy always.
6,2692.87,Other,Happy,2024-10-18,Network outside parent.
6,1337.49,Other,Stressed,2024-10-18,Owner memory argue project.
6,2643.03,Other,Stressed,2024-10-18,Ready goal amount.
6,13560.49,Leisure,Sad,2024-10-20,Baby lawyer growth matter note.
6,5817.37,Education,Stressed,2024-10-21,Lawyer writer health.
6,45.04,Other,Sad,2024-10-21,Skill successful and.
6,1999.97,Leisure,Sad,2024-10-22,Approach about because.
6,27956.66,Leisure,Neutral,2024-10-23,Point be shoulder price great.
6,1382.68,Leisure,Excited,2024-10-23,Week yourself public especially american.
6,932.81,Other,Neutral,2024-10-24,Section child.
6,1536.48,Leisure,Stressed,2024-10-24,Adult above safe.
6,1745.33,Leisure,Stressed,2024-10-25,Sometimes while sense window.
6,1080.32,Other,Excited,2024-10-26,Finally shoulder land.
6,2990.27,Other,Neutral,2024-10-26,Serious produce.
6,3580.2,Travel,Sad,2024-10-28,Remember nearly face feel.
6,13888.79,Travel,Stressed,2024-10-29,More road development about.
6,1309.66,Food,Stressed,2024-10-30,Above dog brother morning.
6,322.64,Leisure,Stressed,2024-10-30,After sister should across treatment.
6,1406.95,Other,Happy,2024-10-30,Hand so add mr lawyer.
6,1740.15,Education,Stressed,2024-10-31,Actually than modern season.
6,1659.14,Food,Stressed,2024-11-01,Smile peace apply.
6,1241.8,Other,Neutral,2024-11-03,Finish thing.
6,4109.27,Travel,Happy,2024-11-04,Size republican political.
6,12422.64,Leisure,Neutral,2024-11-04,Never effect fill general relationship.
6,4082.46,Travel,Neutral,2024-11-05,Religious order.
6,2429.97,Leisure,Happy,2024-11-05,Think live bad total research.
6,438.28,Other,Excited,2024-11-05,Bill eight community.
6,2816.11,Other,Happy,2024-11-05,Thing physical might.
6,4140.32,Other,Stressed,2024-11-05,Nature country.
6,2271.09,Education,Sad,2024-11-06,Difference way type positive phone.
6,4334.09,Leisure,Happy,2024-11-06,White likely teacher one.
6,2410.49,Other,Sad,2024-11-06,Long identify road speech.
6,16082.46,Education,Neutral,2024-11-06,My serious whatever miss seek.
6,601.8,Education,Stressed,2024-11-06,Charge form here.
6,785.27,Other,Neutral,2024-11-07,Until truth feeling view.
6,12427.34,Travel,Stressed,2024-11-07,Concern ability reduce.
6,2009.81,Travel,Excited,2024-11-08,Month whom stage soon.
6,759.25,Food,Stressed,2024-11-08,Consider here grow agreement.
6,1167.13,Leisure,Happy,2024-11-09,First blood accept final.
6,3175.5,Leisure,Excited,2024-11-10,Food affect upon these story.
6,2464.18,Travel,Stressed,2024-11-10,Edge surface who.
6,2055.47,Travel,Stressed,2024-11-10,Training occur could painting.
6,4592.43,Other,Stressed,2024-11-10,Network outside parent.
6,1822.79,Education,Stressed,2024-11-11,Nation politics few each southern.
6,3701.51,Other,Stressed,2024-11-11,Choice prepare.
6,474.97,Food,Happy,2024-11-12,Consider here grow agreement.
6,6771.53,Leisure,Happy,2024-11-13,Live seat.
6,2840.61,Other,Neutral,2024-11-13,Stage someone for power.
6,9429.81,Other,Stressed,2024-11-14,Take family chance.
6,785.39,Other,Happy,2024-11-14,Day already hold.
6,1423.63,Food,Sad,2024-11-15,You ready way rule.
6,2695.71,Education,Happy,2024-11-15,For age size.
6,541.25,Food,Sad,2024-11-15,Specific onto go.
6,297.68,Leisure,Happy,2024-11-17,He participant right.
6,3331.76,Other,Sad,2024-11-18,Time surface learn design.
6,435.96,Food,Stressed,2024-11-18,Go consider century price.
6,2021.9,Travel,Excited,2024-11-19,Yard foot he share issue.
6,2233.01,Other,Stressed,2024-11-20,Develop staff least figure.
6,2166.71,Food,Stressed,2024-11-20,General final knowledge.
6,2282.66,Leisure,Happy,2024-11-23,Let back three.
6,1102.34,Travel,Stressed,2024-11-24,Drive nation heart nearly season.
6,2022.69,Leisure,Stressed,2024-11-24,Company left nothing trip.
6,2473.99,Other,Happy,2024-11-25,Section agency lawyer sign them.
6,3037.38,Leisure,Happy,2024-11-26,Country remember smile.
6,3496.27,Other,Sad,2024-11-27,Floor music catch discuss.
6,713.83,Leisure,Stressed,2024-11-27,Adult above safe.
6,1291.11,Other,Excited,2024-11-27,On professional analysis color.
6,2034.86,Travel,Sad,2024-11-27,Score moment second.
6,4409.34,Food,Stressed,2024-11-28,However style.
6,1650.21,Food,Excited,2024-11-29,Like clear.
6,9067.22,Other,Stressed,2024-11-29,Letter mind many.
6,1321.32,Food,Neutral,2024-11-29,Go exactly much food region.
6,2275.48,Leisure,Sad,2024-11-30,Arrive society.
6,290.9,Leisure,Stressed,2024-12-01,Something future they red.
6,1721.29,Other,Sad,2024-12-04,Industry impact certainly.
6,865.35,Travel,Stressed,2024-12-05,Receive to piece.
6,1961.52,Leisure,Stressed,2024-12-06,Building range national focus.
6,1675.75,Travel,Stressed,2024-12-07,Race return pretty young.
6,1201.63,Other,Neutral,2024-12-07,Authority number.
6,1243.95,Travel,Sad,2024-12-09,Size sing tree kitchen.
6,1416.17,Leisure,Neutral,2024-12-10,Fact reason make office.
6,2738.32,Travel,Excited,2024-12-10,Across involve fall.
6,890.28,Other,Neutral,2024-12-10,Maintain assume both long.
6,892.53,Education,Neutral,2024-12-12,World site mr interest treatment.
6,368.98,Other,Happy,2024-12-12,Remember carry.
6,3952.91,Other,Stressed,2024-12-13,Much section investment on gun.
6,2087.99,Leisure,Neutral,2024-12-13,Their off.
6,3622.16,Other,Excited,2024-12-14,Section agency lawyer sign them.
6,313.77,Other,Happy,2024-12-14,Bank price north first end.
6,917.02,Other,Happy,2024-12-15,Important focus benefit probably.
6,333.14,Travel,Stressed,2024-12-16,Mean common.
6,616.38,Other,Excited,2024-12-16,Discussion detail training fund.
6,510.04,Travel,Neutral,2024-12-16,Church community.
6,1250.08,Leisure,Neutral,2024-12-16,Arrive budget education at property.
6,14435.59,Leisure,Neutral,2024-12-17,Picture evidence.
6,842.55,Leisure,Stressed,2024-12-17,Despite off consumer second.
6,2077.27,Leisure,Stressed,2024-12-17,Test they there.
6,1247.22,Other,Excited,2024-12-18,Land region back nor article.
6,1972.24,Food,Neutral,2024-12-18,Car risk.
6,2032.77,Leisure,Stressed,2024-12-18,Brother let.
6,683.65,Travel,Sad,2024-12-19,Likely scientist.
6,377.82,Travel,Stressed,2024-12-19,Really society live camera.
6,1525.34,Other,Stressed,2024-12-20,Nature country.
6,1979.07,Travel,Stressed,2024-12-21,Religious order.
6,2007.48,Education,Stressed,2024-12-22,Condition again successful.
6,1305.35,Education,Neutral,2024-12-22,Give that individual of not.
6,941.38,Other,Neutral,2024-12-22,Section national owner determine detail.
6,2986.94,Food,Neutral,2024-12-23,Maintain former campaign pretty beyond.
6,4333.63,Education,Sad,2024-12-23,Analysis color friend the.
6,1027.17,Leisure,Happy,2024-12-23,Arrive budget education at property.
6,1947.46,Food,Happy,2024-12-23,Report agreement sport.
6,197.95,Other,Sad,2024-12-23,Religious across.
6,622.41,Food,Neutral,2024-12-24,Employee become happy water bring.
6,3008.95,Food,Sad,2024-12-25,Care drug data position two.
6,89.57,Leisure,Stressed,2024-12-26,End bit game thousand.
6,3808.84,Leisure,Stressed,2024-12-26,Provide car throughout american.
6,11451.62,Travel,Stressed,2024-12-27,Try wonder move trade.
6,1411.49,Food,Stressed,2024-12-28,While same budget.
6,2271.28,Other,Stressed,2024-12-28,Stage bad know of.
6,1333.88,Leisure,Excited,2024-12-29,Truth during always those high.
6,641.57,Leisure,Neutral,2024-12-31,Old wall report purpose.
6,597.65,Food,Excited,2025-01-01,Couple general pretty show.
6,570.34,Education,Sad,2025-01-01,Find job where.
6,3976.23,Other,Stressed,2025-01-01,Miss reduce animal clearly cell.
6,4216.61,Other,Stressed,2025-01-02,Main opportunity particularly question.
6,2077.89,Food,Stressed,2025-01-02,Democratic station course full.
6,1103.89,Education,Neutral,2025-01-03,East list when.
6,10466.94,Leisure,Stressed,2025-01-04,Officer fine.
6,3533.42,Leisure,Stressed,2025-01-05,Available defense.
6,935.3,Other,Neutral,2025-01-05,College manage fund.
6,2762.18,Food,Sad,2025-01-06,Less into per big.
6,569.38,Other,Stressed,2025-01-06,Policy mrs.
6,1291.45,Travel,Happy,2025-01-09,Edge surface who.
6,3888.5,Food,Neutral,2025-01-10,Report agreement sport.
6,1137.46,Food,Neutral,2025-01-11,Go exactly much food region.
6,991.67,Other,Stressed,2025-01-11,Offer bed it skill challenge.
6,583.07,Travel,Neutral,2025-01-12,Position make society behavior.
6,567.31,Other,Stressed,2025-01-12,Control piece behavior message wind.
6,340.84,Other,Happy,2025-01-13,Study fear turn any indicate.
6,799.3,Other,Happy,2025-01-13,Fear song save.
6,2206.52,Other,Happy,2025-01-13,Heart determine likely.
6,2126.46,Other,Happy,2025-01-13,Win group important civil nature.
6,1337.23,Other,Stressed,2025-01-14,Owner memory argue project.
6,947.43,Other,Neutral,2025-01-14,Success teach mrs beat.
6,1868.08,Food,Sad,2025-01-15,Remain seven marriage.
6,8724.92,Food,Neutral,2025-01-15,Voice boy wife condition.
6,422.51,Education,Sad,2025-01-16,Instead writer.
6,753.57,Travel,Stressed,2025-01-17,Race return pretty young.
6,1096.85,Food,Stressed,2025-01-18,Effect cultural.
6,290.89,Travel,Sad,2025-01-19,Major bar air set.
6,1303.51,Food,Neutral,2025-01-20,Bank professional true financial.
6,1106.04,Leisure,Neutral,2025-01-22,Draw police.
6,325.99,Travel,Stressed,2025-01-22,Anyone bank kitchen interest parent.
6,1375.04,Leisure,Stressed,2025-01-22,Arrive budget education at property.
6,1432.83,Food,Stressed,2025-01-24,Mission put budget house.
6,3676.29,Travel,Sad,2025-01-24,News need task mind.
6,299.56,Other,Stressed,2025-01-25,Peace wind guess.
6,1223.38,Leisure,Sad,2025-01-25,Popular lead with.
6,102.48,Travel,Stressed,2025-01-25,Really society live camera.
6,2749.31,Travel,Stressed,2025-01-26,Including let result spend.
6,4360.38,Other,Sad,2025-01-26,Network outside parent.
6,692.52,Food,Excited,2025-01-27,Identify say on yes.
6,247.41,Other,Stressed,2025-01-27,Specific whose.
6,2294.64,Leisure,Stressed,2025-01-28,Pattern size spend.
6,10652.73,Travel,Happy,2025-01-29,Finish increase economy middle public.
6,3899.74,Leisure,Sad,2025-01-29,Course technology site.
6,935.18,Other,Happy,2025-01-30,On professional analysis color.
7,108.17,Other,Excited,2024-08-01,Create physical share out cold.
7,823.65,Food,Excited,2024-08-01,Age decade mrs data.
7,6028.69,Food,Happy,2024-08-03,Later son almost.
7,1205.53,Other,Neutral,2024-08-03,Quite as when.
7,1578.47,Travel,Stressed,2024-08-04,Right know during someone.
7,1311.9,Travel,Stressed,2024-08-07,Attack mouth rest contain.
7,1800.52,Leisure,Stressed,2024-08-09,Member box.
7,3954.87,Travel,Sad,2024-08-11,Serious reveal left social fine.
7,8850.87,Travel,Stressed,2024-08-12,Lead few yourself.
7,2973.9,Travel,Stressed,2024-08-14,Cut yard knowledge.
7,29.36,Food,Stressed,2024-08-16,Step rate feeling rate.
7,745.23,Other,Neutral,2024-08-17,Main opportunity particularly question.
7,48.47,Other,Stressed,2024-08-17,Receive case past only drug.
7,4575.79,Other,Stressed,2024-08-17,Stuff next write.
7,6798.19,Travel,Neutral,2024-08-18,News need task mind.
7,1139.54,Other,Neutral,2024-08-19,Money a.
7,2478.98,Education,Stressed,2024-08-22,Paper beyond indeed.
7,984.19,Other,Stressed,2024-08-22,Difficult quite act receive stage.
7,539.96,Other,Neutral,2024-08-23,Pretty section degree still.
7,1532.0,Travel,Neutral,2024-08-23,State none production defense your.
7,547.18,Leisure,Stressed,2024-08-24,Inside machine baby.
7,344.72,Other,Neutral,2024-08-24,Specific whose.
7,18704.39,Travel,Stressed,2024-08-26,Item treat area.
7,6697.77,Other,Stressed,2024-08-27,Many themselves minute.
7,4538.17,Leisure,Stressed,2024-08-28,List already positive experience television.
7,783.6,Education,Happy,2024-08-29,Human public health.
7,739.31,Leisure,Stressed,2024-08-29,Sit enter perhaps however.
7,1173.14,Leisure,Happy,2024-08-30,Same page ago director.
7,486.09,Other,Sad,2024-08-30,Many themselves minute.
7,2309.45,Other,Happy,2024-08-31,Environment character real middle prove.
7,559.07,Leisure,Stressed,2024-09-01,Wide exactly.
7,5542.13,Other,Sad,2024-09-02,Either rich agency might.
7,1319.72,Leisure,Stressed,2024-09-03,Task improve fish.
7,5082.85,Leisure,Excited,2024-09-03,Course technology site.
7,4614.09,Travel,Stressed,2024-09-04,Well mission situation result.
7,2929.7,Other,Stressed,2024-09-04,Build smile across among situation.
7,887.03,Leisure,Neutral,2024-09-04,Language budget market president.
7,4038.46,Food,Happy,2024-09-05,Former able public trade.
7,1476.04,Leisure,Neutral,2024-09-05,Develop office approach son.
7,1475.98,Leisure,Excited,2024-09-05,Wear use edge this draw.
7,833.02,Leisure,Stressed,2024-09-06,Into notice necessary true message.
7,2634.11,Education,Neutral,2024-09-06,Road product wait.
7,4375.43,Leisure,Stressed,2024-09-06,Career surface these ahead.
7,904.42,Other,Neutral,2024-09-08,Identify material.
7,807.98,Leisure,Stressed,2024-09-08,Picture evidence.
7,98.62,Other,Stressed,2024-09-09,Store natural today season.
7,38.07,Other,Neutral,2024-09-09,Write other wear through partner.
7,489.03,Travel,Neutral,2024-09-10,Serious reveal left social fine.
7,1497.41,Leisure,Neutral,2024-09-13,Or friend.
7,610.22,Education,Excited,2024-09-14,High issue deal democratic.
7,3192.53,Travel,Stressed,2024-09-14,Such final however major.
7,1600.35,Other,Stressed,2024-09-16,Leave bar prevent require.
7,281.83,Leisure,Stressed,2024-09-17,Old wall report purpose.
7,1332.6,Travel,Excited,2024-09-17,Me system church whether.
7,259.99,Other,Stressed,2024-09-17,Stage threat our.
7,1325.36,Food,Happy,2024-09-22,Enter threat economic.
7,990.22,Education,Stressed,2024-09-22,Real small.
7,1804.08,Leisure,Stressed,2024-09-22,Need finally when.
7,142.79,Other,Neutral,2024-09-22,Magazine join.
7,1209.09,Education,Excited,2024-09-24,Program sport her.
7,1945.0,Travel,Stressed,2024-09-24,Western order accept wide prevent.
7,2820.35,Leisure,Stressed,2024-09-24,Which raise american truth.
7,2931.73,Leisure,Stressed,2024-09-25,Color store over some.
7,4479.93,Education,Happy,2024-09-25,Career including late condition opportunity.
7,333.38,Education,Neutral,2024-09-26,Sort what.
7,4006.2,Food,Stressed,2024-09-30,Later son almost.
7,381.65,Other,Stressed,2024-10-01,Human see.
7,6259.09,Education,Happy,2024-10-01,Weight take.
7,6484.96,Education,Neutral,2024-10-01,Management game.
7,257.52,Food,Stressed,2024-10-02,Special information.
7,969.77,Leisure,Neutral,2024-10-03,Can mouth discover.
7,5566.53,Leisure,Neutral,2024-10-06,Wrong difficult.
7,3117.5,Other,Neutral,2024-10-06,Break wait.
7,3507.7,Other,Neutral,2024-10-08,Network outside parent.
7,1766.07,Leisure,Sad,2024-10-08,Color store over some.
7,352.98,Leisure,Excited,2024-10-10,Need finally when.
7,6051.62,Leisure,Happy,2024-10-10,Course technology site.
7,11934.05,Food,Neutral,2024-10-10,Quite general there sister.
7,2595.78,Food,Excited,2024-10-11,History professional star wonder.
7,3380.99,Food,Stressed,2024-10-11,Less into per big.
7,1449.79,Travel,Happy,2024-10-12,Because career course.
7,1366.49,Other,Stressed,2024-10-13,Stage someone for power.
7,4214.84,Food,Sad,2024-10-15,Treatment relate positive.
7,22970.74,Other,Stressed,2024-10-16,Task she.
7,1715.47,Other,Excited,2024-10-16,Amount bad raise.
7,2495.05,Other,Sad,2024-10-16,Ready goal amount.
7,6237.07,Other,Excited,2024-10-19,Affect test.
7,455.92,Education,Sad,2024-10-21,Charge form here.
7,1896.06,Leisure,Sad,2024-10-23,Main board population.
7,1872.14,Leisure,Neutral,2024-10-27,Bed report item.
7,985.38,Travel,Stressed,2024-10-27,Change she tonight.
7,1360.97,Food,Sad,2024-10-27,He we recent music.
7,742.53,Leisure,Stressed,2024-10-28,Heavy staff hotel box.
7,2184.37,Other,Stressed,2024-10-29,This manage her.
7,2980.02,Education,Stressed,2024-10-29,Enter example down anyone occur.
7,4742.33,Leisure,Stressed,2024-10-30,Majority none little admit former.
7,1862.47,Leisure,Neutral,2024-10-31,Expect writer myself management.
7,851.43,Education,Happy,2024-11-01,World site mr interest treatment.
7,4821.2,Travel,Sad,2024-11-02,Lead few yourself.
7,667.81,Other,Sad,2024-11-03,Require bank child.
7,304.73,Leisure,Excited,2024-11-03,Can mouth discover.
7,2737.18,Food,Sad,2024-11-04,Forward would finish around.
7,851.6,Education,Stressed,2024-11-05,Meet seem population.
7,2175.03,Leisure,Neutral,2024-11-07,Question or money.
7,4662.26,Leisure,Excited,2024-11-07,Ahead certainly second everyone.
7,1271.72,Other,Stressed,2024-11-07,Exist theory.
7,305.69,Food,Stressed,2024-11-08,Heavy what least mouth national.
7,2021.33,Education,Neutral,2024-11-08,Part management.
7,3610.98,Leisure,Excited,2024-11-09,Majority none little admit former.
7,2236.72,Food,Stressed,2024-11-09,Listen against coach.
7,1494.79,Travel,Stressed,2024-11-10,Southern front.
7,5077.65,Leisure,Happy,2024-11-10,Popular lead with.
7,454.57,Education,Stressed,2024-11-10,Option oil commercial.
7,4406.23,Leisure,Excited,2024-11-11,Carry surface learn.
7,1925.35,Travel,Neutral,2024-11-12,Ability live.
7,3133.2,Other,Stressed,2024-11-13,Million night your.
7,2353.41,Education,Stressed,2024-11-14,Allow girl team simply lead.
7,1481.51,Travel,Stressed,2024-11-15,Concern ability reduce.
7,1131.57,Other,Happy,2024-11-15,Support state.
7,571.38,Leisure,Stressed,2024-11-16,Food affect upon these story.
7,1850.79,Leisure,Stressed,2024-11-17,Herself police he push likely.
7,1496.12,Leisure,Sad,2024-11-17,Ahead certainly second everyone.
7,403.02,Leisure,Stressed,2024-11-18,Way main difficult case.
7,2399.71,Other,Stressed,2024-11-18,Focus executive letter possible final.
7,1926.58,Leisure,Excited,2024-11-18,Member box.
7,640.81,Leisure,Happy,2024-11-18,Yourself successful defense subject.
7,219.85,Food,Happy,2024-11-18,Listen against coach.
7,4266.39,Other,Neutral,2024-11-19,Face rate.
7,1139.37,Education,Neutral,2024-11-20,Contain threat wrong whatever.
7,6889.71,Leisure,Stressed,2024-11-21,Save network item one under.
7,990.8,Other,Neutral,2024-11-21,Community spring billion price paper.
7,574.95,Other,Sad,2024-11-21,Fish late pattern.
7,2053.04,Food,Stressed,2024-11-22,Specific onto go.
7,1682.46,Other,Stressed,2024-11-23,Camera sit environmental though.
7,3753.0,Leisure,Stressed,2024-11-24,Some quickly truth view response.
7,1314.18,Food,Neutral,2024-11-24,Board notice later thus.
7,172.06,Other,Sad,2024-11-24,Live way two.
7,6863.05,Travel,Neutral,2024-11-26,Statement position either.
7,1672.17,Education,Happy,2024-11-26,Price my.
7,4418.39,Other,Neutral,2024-11-26,Agreement someone.
7,237.29,Food,Sad,2024-11-27,Beautiful beyond sell.
7,1917.36,Other,Sad,2024-11-27,Police two.
7,1932.95,Travel,Neutral,2024-11-29,Size republican political.
7,1870.29,Education,Stressed,2024-12-01,Yeah term.
7,3395.52,Other,Neutral,2024-12-03,Already argue.
7,636.71,Education,Sad,2024-12-03,As high you more wife.
7,2565.16,Education,Happy,2024-12-03,Television argue mouth.
7,2506.73,Education,Stressed,2024-12-04,Present discussion.
7,179.42,Food,Stressed,2024-12-04,Card star avoid nothing.
7,2574.24,Education,Stressed,2024-12-05,Field a spring.
7,3120.25,Food,Neutral,2024-12-05,How trip learn enter.
7,715.34,Leisure,Stressed,2024-12-08,Property let.
7,220.45,Other,Happy,2024-12-09,Learn talk.
7,5335.27,Leisure,Stressed,2024-12-10,Tv budget system book.
7,1728.67,Other,Stressed,2024-12-11,Mention billion bed never others.
7,1259.53,Other,Stressed,2024-12-11,Expert movement reach man.
7,5788.09,Other,Excited,2024-12-14,Walk now often.
7,1227.84,Other,Stressed,2024-12-14,Cell year.
7,6.15,Other,Sad,2024-12-16,In seven building hard.
7,2093.05,Food,Neutral,2024-12-16,Memory challenge lawyer business.
7,1213.13,Other,Stressed,2024-12-16,Support state.
7,5255.7,Other,Stressed,2024-12-18,Face rate.
7,859.57,Food,Happy,2024-12-20,Ago race quite hour.
7,126.12,Travel,Stressed,2024-12-20,Anyone here deep.
7,755.07,Leisure,Stressed,2024-12-22,Deal beyond almost.
7,987.18,Education,Sad,2024-12-24,Clear single expect.
7,341.93,Education,Stressed,2024-12-24,Home even.
7,884.57,Other,Stressed,2024-12-25,World enter.
7,1160.84,Travel,Sad,2024-12-26,Across involve fall.
7,11183.89,Education,Happy,2024-12-26,Against only.
7,233.43,Leisure,Stressed,2024-12-29,Company option character land space.
7,506.99,Education,Sad,2024-12-29,Listen whose situation simply officer.
7,157.8,Education,Stressed,2024-12-29,Offer work home.
7,5125.93,Other,Stressed,2024-12-30,Approach side model you billion.
7,6124.25,Leisure,Happy,2025-01-03,Think live bad total research.
7,10728.24,Leisure,Neutral,2025-01-03,White likely teacher one.
7,2474.27,Travel,Neutral,2025-01-04,Participant above.
7,2043.7,Leisure,Happy,2025-01-05,Me brother lot candidate owner.
7,804.27,Other,Stressed,2025-01-05,A when dark read.
7,458.74,Education,Stressed,2025-01-06,Kid industry.
7,277.69,Other,Stressed,2025-01-08,Wonder long consider care.
7,1947.65,Education,Stressed,2025-01-10,Play move each left establish.
7,2021.39,Travel,Sad,2025-01-11,Message seek civil all.
7,753.24,Other,Stressed,2025-01-11,Gas contain interest industry sell.
7,2582.6,Travel,Neutral,2025-01-13,So draw food company.
7,9030.82,Leisure,Happy,2025-01-13,Boy other foot best.
7,3855.84,Food,Excited,2025-01-14,Account ten sing.
7,2507.95,Leisure,Stressed,2025-01-14,Reflect star.
7,921.18,Travel,Sad,2025-01-14,State none production defense your.
7,211.95,Other,Neutral,2025-01-15,Him note painting quickly.
7,125.46,Food,Neutral,2025-01-16,Security unit executive.
7,2582.11,Education,Stressed,2025-01-18,Particularly score order modern.
7,2374.57,Other,Neutral,2025-01-20,Network outside parent.
7,480.64,Travel,Stressed,2025-01-21,Mean common.
7,2647.39,Other,Stressed,2025-01-21,Walk now often.
7,98.02,Travel,Neutral,2025-01-21,What than political up instead.
7,3612.98,Food,Neutral,2025-01-21,You ready way rule.
7,571.99,Leisure,Neutral,2025-01-22,Democratic mention generation.
7,454.32,Other,Sad,2025-01-24,Offer bed it skill challenge.
7,3712.35,Other,Sad,2025-01-24,Why like impact fly.
7,10548.99,Leisure,Excited,2025-01-24,Brother let.
7,828.43,Food,Neutral,2025-01-26,Score each.
7,1166.12,Leisure,Sad,2025-01-27,Information scene again country.
7,346.52,Education,Neutral,2025-01-28,While bring yourself.
7,2256.45,Other,Happy,2025-01-28,Find lay deal lot.
7,3282.62,Food,Sad,2025-01-28,Probably conference sure administration debate.
7,7582.51,Other,Sad,2025-01-29,Marriage participant.
7,1049.26,Other,Neutral,2025-01-29,Management produce bed stage.
7,1217.3,Leisure,Excited,2025-01-29,Worker always hold share.
7,507.12,Leisure,Stressed,2025-01-30,Heavy staff hotel box.
8,4708.76,Food,Happy,2024-08-01,He we recent music.
8,4976.35,Other,Happy,2024-08-04,Later happy pull.
8,1312.72,Other,Excited,2024-08-07,Name skill medical after them.
8,418.8,Other,Stressed,2024-08-08,Source onto provide.
8,381.35,Other,Neutral,2024-08-09,Mention billion bed never others.
8,1267.01,Food,Happy,2024-08-10,Analysis hair rest wide.
8,155.83,Food,Sad,2024-08-11,Card star avoid nothing.
8,456.79,Leisure,Stressed,2024-08-13,Fear fact.
8,2795.29,Other,Neutral,2024-08-14,Theory tend.
8,2495.69,Leisure,Stressed,2024-08-15,Ever day.
8,2796.05,Education,Happy,2024-08-16,She they.
8,515.69,Other,Stressed,2024-08-16,Let member however.
8,714.95,Other,Neutral,2024-08-17,College manage fund.
8,501.53,Education,Excited,2024-08-17,Space beyond.
8,1775.49,Other,Excited,2024-08-20,Floor music catch discuss.
8,5903.18,Travel,Stressed,2024-08-20,Religious order.
8,1087.84,Food,Stressed,2024-08-22,History professional star wonder.
8,614.07,Other,Stressed,2024-08-22,Picture early send morning.
8,3326.06,Other,Stressed,2024-08-23,Moment eat personal.
8,9650.23,Education,Sad,2024-08-24,Dark mr clearly take.
8,794.43,Other,Sad,2024-08-27,Amount bad raise.
8,1712.53,Food,Excited,2024-08-27,Specific onto go.
8,1993.79,Other,Neutral,2024-08-28,Hand so add mr lawyer.
8,2050.35,Leisure,Happy,2024-08-31,Child group describe.
8,4311.06,Food,Neutral,2024-08-31,Identify say on yes.
8,1887.36,Other,Stressed,2024-08-31,Difficult quite act receive stage.
8,4146.09,Leisure,Stressed,2024-08-31,Story case.
8,18339.98,Other,Stressed,2024-09-02,Success teach mrs beat.
8,9446.41,Education,Neutral,2024-09-05,Course out second carry.
8,2547.9,Leisure,Happy,2024-09-05,Third letter sort reveal seven.
8,1468.94,Education,Stressed,2024-09-06,Nation politics few each southern.
8,1545.57,Travel,Sad,2024-09-08,Position make society behavior.
8,160.14,Leisure,Neutral,2024-09-10,Herself police he push likely.
8,7237.83,Other,Sad,2024-09-10,Risk develop movement size.
8,474.42,Other,Stressed,2024-09-14,Cell city not not the.
8,1834.86,Leisure,Neutral,2024-09-14,Food affect upon these story.
8,3154.74,Other,Happy,2024-09-14,Marriage participant.
8,2478.48,Food,Neutral,2024-09-17,Career three according worker democrat.
8,875.66,Education,Stressed,2024-09-20,Bed recognize store.
8,10619.16,Travel,Stressed,2024-09-21,Challenge organization floor road southern.
8,1767.98,Other,Sad,2024-09-23,Race to television loss.
8,3169.03,Education,Excited,2024-09-26,Way cold.
8,5549.0,Education,Sad,2024-09-26,Condition again successful.
8,47.72,Food,Excited,2024-09-26,Pull blue strong wonder.
8,1025.22,Food,Stressed,2024-09-28,Ask window full.
8,1353.91,Travel,Sad,2024-09-29,Nearly care base.
8,3923.81,Other,Stressed,2024-09-30,Choice prepare.
8,2537.99,Other,Stressed,2024-10-02,Let stay or focus.
8,1713.1,Leisure,Happy,2024-10-03,At decade really issue.
8,11118.47,Leisure,Stressed,2024-10-03,Or friend.
8,789.47,Other,Stressed,2024-10-06,Until truth feeling view.
8,821.19,Leisure,Neutral,2024-10-06,Evening ahead smile.
8,3346.85,Other,Stressed,2024-10-08,And student give score agree.
8,1283.3,Food,Neutral,2024-10-09,Bad argue side girl.
8,2246.02,Other,Excited,2024-10-11,Smile have less.
8,107.83,Leisure,Happy,2024-10-15,Common anyone.
8,6625.58,Other,Stressed,2024-10-18,Reach step son.
8,118.45,Travel,Happy,2024-10-19,Really society live camera.
8,1347.3,Leisure,Sad,2024-10-20,Window research his.
8,2830.55,Food,Happy,2024-10-21,Land day name small.
8,5018.66,Education,Excited,2024-10-23,Pretty skin main program.
8,121.91,Food,Stressed,2024-10-23,Step rate feeling rate.
8,273.61,Other,Sad,2024-10-24,Himself fire heavy.
8,7840.3,Food,Stressed,2024-10-25,Real art.
8,1526.46,Travel,Neutral,2024-10-31,Concern ability reduce.
8,2449.86,Other,Neutral,2024-10-31,Either rich agency might.
8,8173.37,Food,Stressed,2024-11-01,Smile high open scientist.
8,1556.9,Other,Stressed,2024-11-03,Enjoy instead dream.
8,1975.29,Food,Happy,2024-11-03,Smile peace apply.
8,4156.57,Other,Happy,2024-11-04,Town glass road.
8,2336.24,Leisure,Stressed,2024-11-06,Way main difficult case.
8,1055.01,Other,Stressed,2024-11-06,Not friend federal forget bit.
8,1288.62,Leisure,Stressed,2024-11-08,Decide similar office.
8,916.04,Education,Neutral,2024-11-08,Option oil commercial.
8,12975.63,Food,Stressed,2024-11-09,Former able public trade.
8,43.87,Other,Neutral,2024-11-09,Never majority cell.
8,4579.63,Leisure,Stressed,2024-11-10,Ahead certainly second everyone.
8,9520.8,Leisure,Neutral,2024-11-11,Some quickly truth view response.
8,2786.19,Other,Happy,2024-11-11,Us decade.
8,608.42,Other,Stressed,2024-11-12,Important focus benefit probably.
8,7568.4,Travel,Neutral,2024-11-13,Three certain.
8,25.08,Other,Stressed,2024-11-16,Help painting always.
8,2305.55,Food,Sad,2024-11-16,Gun seven music despite show.
8,4180.7,Other,Happy,2024-11-18,And student give score agree.
8,1947.81,Travel,Happy,2024-11-23,Outside with each animal.
8,1437.73,Education,Sad,2024-11-27,Surface usually.
8,12427.7,Leisure,Sad,2024-11-27,Arrive society.
8,852.39,Other,Stressed,2024-11-28,Describe paper.
8,1946.05,Travel,Stressed,2024-11-28,Edge surface who.
8,612.21,Food,Stressed,2024-11-29,Adult range green.
8,912.51,Other,Stressed,2024-11-29,Store bit responsibility brother.
8,1641.33,Leisure,Stressed,2024-12-03,American audience fight war whether.
8,75.62,Other,Excited,2024-12-05,Effort drive side human.
8,1501.55,Other,Stressed,2024-12-06,Son rock two.
8,6982.3,Leisure,Happy,2024-12-08,Right analysis mention.
8,1781.33,Leisure,Stressed,2024-12-11,Scene almost leave.
8,6180.85,Leisure,Stressed,2024-12-12,Day stock.
8,1831.13,Other,Neutral,2024-12-13,Nice maintain present cultural.
8,154.13,Food,Neutral,2024-12-14,Difference attention whatever american.
8,1338.8,Food,Excited,2024-12-15,Side mind question year finish.
8,249.75,Education,Neutral,2024-12-17,While bring yourself.
8,327.97,Food,Stressed,2024-12-18,Apply less.
8,1129.47,Other,Stressed,2024-12-18,Future treat bill choice.
8,2358.22,Other,Happy,2024-12-19,Southern evening ask republican.
8,183.9,Other,Excited,2024-12-20,Recognize media goal.
8,612.39,Leisure,Happy,2024-12-21,Picture evidence.
8,1594.45,Leisure,Stressed,2024-12-23,Raise hope enjoy most.
8,198.71,Other,Excited,2024-12-23,Something fine apply gas sing.
8,946.29,Education,Happy,2024-12-24,Development the inside thought.
8,2522.52,Other,Excited,2024-12-24,Goal once let perform international.
8,170.79,Other,Stressed,2024-12-25,Wonder long consider care.
8,613.38,Leisure,Happy,2024-12-26,Image movie who debate.
8,3289.66,Education,Excited,2024-12-28,Account assume prove similar ten.
8,684.57,Education,Sad,2024-12-28,Behind front attack song little.
8,1304.19,Food,Excited,2024-12-30,Development provide dark daughter.
8,6682.64,Other,Stressed,2024-12-30,Firm financial.
8,106.65,Other,Sad,2025-01-05,Himself fire heavy.
8,1375.35,Leisure,Stressed,2025-01-07,How staff.
8,3766.38,Food,Stressed,2025-01-09,Land day name small.
8,3810.12,Food,Happy,2025-01-12,Law agree appear political.
8,373.06,Leisure,Sad,2025-01-13,Evidence enough claim suffer.
8,834.43,Education,Excited,2025-01-16,Range step painting concern.
8,1906.0,Leisure,Happy,2025-01-16,Majority none little admit former.
8,3390.31,Leisure,Excited,2025-01-17,Site girl into have media.
8,3152.7,Leisure,Neutral,2025-01-20,Turn both in animal.
8,2989.48,Education,Stressed,2025-01-23,Week real course school everybody.
8,2485.72,Leisure,Neutral,2025-01-25,Tough animal someone.
8,114.14,Other,Happy,2025-01-26,Important source first him.
8,2679.02,Other,Excited,2025-01-27,Letter mind many.
8,1022.21,Leisure,Sad,2025-01-28,She join house.
8,1167.64,Other,Stressed,2025-01-30,Fish late pattern.
8,2509.76,Education,Happy,2025-01-30,Television argue mouth.
9,15352.25,Education,Happy,2024-08-01,About usually.
9,1829.24,Education,Sad,2024-08-02,Management game.
9,6468.25,Other,Stressed,2024-08-04,Section agency lawyer sign them.
9,1917.23,Other,Stressed,2024-08-06,Amount bad raise.
9,329.5,Travel,Neutral,2024-08-07,Push east never size fight.
9,1352.28,Other,Neutral,2024-08-07,Choice prepare.
9,3560.46,Travel,Happy,2024-08-08,Nearly need behavior.
9,7207.97,Education,Stressed,2024-08-08,Approach join stuff future.
9,1428.17,Other,Sad,2024-08-09,How any federal star.
9,2172.16,Leisure,Happy,2024-08-10,Adult above safe.
9,407.7,Leisure,Neutral,2024-08-10,Address century that wide.
9,4969.84,Other,Stressed,2024-08-13,Yes at seat ok.
9,621.5,Leisure,Sad,2024-08-13,Teach cause mrs.
9,1578.03,Other,Happy,2024-08-15,Million night your.
9,3477.65,Leisure,Sad,2024-08-16,There institution actually.
9,4175.88,Food,Stressed,2024-08-18,Less into per big.
9,1054.97,Food,Happy,2024-08-19,Its develop until watch.
9,5639.07,Food,Neutral,2024-08-20,Development provide dark daughter.
9,3587.35,Other,Stressed,2024-08-21,Born itself law west.
9,1407.23,Leisure,Sad,2024-08-21,Pressure those.
9,2888.6,Leisure,Stressed,2024-08-21,Test they there.
9,2267.15,Food,Happy,2024-08-22,While same budget.
9,1105.94,Leisure,Neutral,2024-08-23,Big look tell prepare.
9,4014.88,Food,Excited,2024-08-23,Tree imagine machine.
9,119.24,Leisure,Excited,2024-08-23,Relate day.
9,15184.59,Food,Stressed,2024-08-23,Real art.
9,6523.41,Leisure,Neutral,2024-08-24,Apply maybe dog yes.
9,655.42,Other,Sad,2024-08-24,Until truth feeling view.
9,9280.03,Other,Happy,2024-08-25,Quite everyone as generation.
9,694.64,Leisure,Happy,2024-08-26,Place offer.
9,447.57,Food,Neutral,2024-08-26,Focus chance.
9,1431.44,Food,Happy,2024-08-26,Score each.
9,1268.18,Other,Stressed,2024-08-26,Task central dinner.
9,4978.83,Food,Stressed,2024-08-27,By field move.
9,4840.83,Other,Happy,2024-08-27,Let stay or focus.
9,118.78,Travel,Stressed,2024-08-27,Huge response long.
9,706.23,Other,Stressed,2024-08-30,Require bank child.
9,1677.85,Other,Stressed,2024-08-31,World enter.
9,4320.5,Food,Happy,2024-09-01,Above others.
9,6107.57,Travel,Stressed,2024-09-03,Citizen kid generation onto police.
9,3159.9,Education,Excited,2024-09-04,Account assume prove similar ten.
9,2111.92,Travel,Neutral,2024-09-06,Religious order.
9,292.11,Travel,Stressed,2024-09-07,Leave opportunity draw during city.
9,2744.96,Travel,Sad,2024-09-08,Feel color price next.
9,910.62,Other,Neutral,2024-09-08,On professional analysis color.
9,15359.07,Leisure,Stressed,2024-09-08,Child group describe.
9,3053.46,Leisure,Happy,2024-09-10,Wrong school federal from.
9,13755.8,Food,Neutral,2024-09-10,Past product make of group.
9,62.31,Other,Stressed,2024-09-10,Remember carry.
9,3834.7,Education,Stressed,2024-09-11,Pretty skin main program.
9,2612.94,Leisure,Happy,2024-09-11,Which raise american truth.
9,540.87,Other,Happy,2024-09-12,Cell city not not the.
9,1549.73,Other,Sad,2024-09-12,Land region back nor article.
9,2304.83,Leisure,Sad,2024-09-13,Financial popular short like.
9,1339.96,Travel,Neutral,2024-09-13,Car indeed nor next.
9,1854.28,Food,Stressed,2024-09-14,Later son almost.
9,249.31,Other,Happy,2024-09-14,Money a.
9,486.94,Leisure,Stressed,2024-09-14,Week yourself public especially american.
9,200.56,Food,Neutral,2024-09-15,Democratic recent student specific political.
9,830.96,Travel,Neutral,2024-09-16,Concern significant.
9,92.44,Other,Happy,2024-09-16,In seven building hard.
9,2756.38,Education,Happy,2024-09-17,Course out second carry.
9,517.88,Other,Happy,2024-09-18,Long identify road speech.
9,1181.85,Other,Excited,2024-09-18,Car much will.
9,971.93,Other,Happy,2024-09-19,Popular available public economy.
9,1454.23,Leisure,Stressed,2024-09-19,A value lot.
9,296.89,Leisure,Neutral,2024-09-21,Position interest.
9,2379.35,Leisure,Stressed,2024-09-21,Option goal avoid.
9,146.67,Travel,Sad,2024-09-21,Else easy point she.
9,219.45,Other,Stressed,2024-09-22,Idea seek.
9,253.36,Education,Neutral,2024-09-23,Book economic.
9,1252.53,Education,Excited,2024-09-24,Value thing these.
9,2813.53,Food,Neutral,2024-09-24,Career three according worker democrat.
9,432.16,Leisure,Sad,2024-09-25,Worker always hold share.
9,711.92,Other,Neutral,2024-09-26,Him note painting quickly.
9,165.38,Other,Neutral,2024-09-26,Recognize media goal.
9,2132.46,Education,Neutral,2024-09-27,Enter example down anyone occur.
9,2510.55,Travel,Stressed,2024-09-27,My compare also argue.
9,2423.81,Travel,Stressed,2024-09-27,Itself free source.
9,6872.29,Other,Neutral,2024-09-28,Take family chance.
9,208.22,Food,Excited,2024-09-30,Group never.
9,103.99,Travel,Sad,2024-10-01,We cold deep.
9,2302.19,Leisure,Sad,2024-10-01,Medical nearly.
9,10935.29,Travel,Happy,2024-10-03,Improve them wait.
9,1145.12,Leisure,Excited,2024-10-03,Building range national focus.
9,2452.55,Leisure,Stressed,2024-10-05,Baby lawyer growth matter note.
9,458.41,Leisure,Stressed,2024-10-06,Simply century the.
9,1776.79,Other,Neutral,2024-10-06,Military onto blue activity.
9,235.82,Other,Stressed,2024-10-07,Space moment travel these least.
9,297.06,Other,Happy,2024-10-07,Already argue.
9,1130.52,Travel,Neutral,2024-10-08,Remember nearly face feel.
9,1013.7,Other,Neutral,2024-10-10,Identify material.
9,1085.2,Other,Happy,2024-10-10,Support possible.
9,2332.25,Other,Stressed,2024-10-10,Body lead there there early.
9,2029.89,Leisure,Stressed,2024-10-12,Hundred bad that second develop.
9,2514.17,Leisure,Neutral,2024-10-13,Relate real major.
9,5775.35,Other,Excited,2024-10-15,Plant event score official now.
9,979.25,Travel,Neutral,2024-10-16,Why outside.
9,856.84,Travel,Neutral,2024-10-16,Might necessary former.
9,1473.16,Other,Sad,2024-10-16,Us perhaps lawyer interest star.
9,2249.65,Other,Sad,2024-10-17,Number budget.
9,6551.44,Food,Excited,2024-10-18,Buy tax.
9,757.34,Food,Stressed,2024-10-18,Hundred step according.
9,1276.82,Travel,Stressed,2024-10-20,Finally relate model.
9,5071.5,Food,Happy,2024-10-21,We especially five network.
9,734.89,Education,Sad,2024-10-21,Organization visit finally.
9,732.19,Leisure,Stressed,2024-10-21,Along attention piece tv young.
9,1251.01,Leisure,Neutral,2024-10-22,Management sense technology check civil.
9,22083.25,Leisure,Stressed,2024-10-22,Language however risk work.
9,1528.85,Leisure,Stressed,2024-10-22,Medical nearly.
9,68.89,Leisure,Sad,2024-10-22,Be fire.
9,7304.3,Education,Stressed,2024-10-23,Analysis color friend the.
9,1118.44,Leisure,Stressed,2024-10-24,Year him thank trade.
9,2183.9,Leisure,Stressed,2024-10-24,Think live bad total research.
9,1329.26,Other,Excited,2024-10-24,Sure i pay.
9,24.26,Other,Excited,2024-10-25,Skill successful and.
9,2477.34,Education,Sad,2024-10-25,Scientist do author.
9,2800.21,Leisure,Stressed,2024-10-27,Third letter sort reveal seven.
9,518.2,Leisure,Stressed,2024-10-27,Let back three.
9,2650.72,Other,Neutral,2024-10-28,Girl suddenly.
9,3605.68,Other,Sad,2024-10-28,Improve simple turn.
9,1045.94,Education,Stressed,2024-10-29,Budget remain reduce.
9,1479.13,Other,Sad,2024-10-29,Number budget.
9,397.02,Other,Neutral,2024-10-29,Offer bed it skill challenge.
9,3364.01,Food,Stressed,2024-11-01,Age decade mrs data.
9,1192.34,Leisure,Neutral,2024-11-03,Test they there.
9,1105.39,Travel,Happy,2024-11-04,Race mr.
9,941.13,Leisure,Excited,2024-11-04,Thank avoid man drive.
9,1759.05,Food,Excited,2024-11-06,Toward child future low.
9,3018.52,Other,Stressed,2024-11-09,Picture early send morning.
9,2466.53,Other,Excited,2024-11-10,Health image.
9,2088.25,Leisure,Sad,2024-11-10,Central contain pattern education boy.
9,512.86,Leisure,Neutral,2024-11-12,Right analysis mention.
9,781.13,Travel,Stressed,2024-11-13,Drive nation heart nearly season.
9,1873.94,Leisure,Stressed,2024-11-13,Age cover foreign.
9,132.25,Other,Stressed,2024-11-15,Better republican stock bank.
9,6302.78,Food,Happy,2024-11-16,Difference world deep.
9,518.99,Leisure,Stressed,2024-11-16,After sister should across treatment.
9,5787.56,Other,Stressed,2024-11-17,During call north attention.
9,2278.39,Leisure,Neutral,2024-11-17,Fight nice less agree able.
9,3926.69,Leisure,Stressed,2024-11-20,Expect writer myself management.
9,1897.54,Leisure,Stressed,2024-11-20,List already positive experience television.
9,886.87,Education,Neutral,2024-11-20,North question new.
9,3912.18,Other,Stressed,2024-11-21,Stage bad know of.
9,1616.21,Other,Happy,2024-11-21,Stuff avoid.
9,858.47,Education,Neutral,2024-11-22,Part management.
9,12924.39,Other,Sad,2024-11-23,Scientist necessary into.
9,117.08,Travel,Excited,2024-11-23,Leave opportunity draw during city.
9,72.67,Leisure,Stressed,2024-11-24,Be fire.
9,166.36,Education,Stressed,2024-11-26,Carry fly water cut fire.
9,5906.48,Other,Sad,2024-11-29,Moment eat personal.
9,711.94,Travel,Neutral,2024-11-30,Science drug.
9,1019.65,Travel,Happy,2024-11-30,Else easy point she.
9,1004.0,Education,Stressed,2024-11-30,Development the inside thought.
9,1506.61,Other,Neutral,2024-12-01,Water tonight pressure.
9,235.98,Food,Neutral,2024-12-01,Investment pass drive.
9,4376.47,Other,Stressed,2024-12-02,Cultural right cover large work.
9,1361.75,Food,Sad,2024-12-03,Ago race quite hour.
9,1042.46,Other,Stressed,2024-12-03,Town glass road.
9,3743.19,Education,Neutral,2024-12-04,Beat light the window.
9,2269.48,Other,Stressed,2024-12-04,Serious produce.
9,4383.06,Leisure,Stressed,2024-12-05,Word collection those become.
9,1940.96,Leisure,Sad,2024-12-05,Result sound.
9,29015.75,Travel,Stressed,2024-12-06,Whether century quality.
9,160.89,Education,Stressed,2024-12-08,Offer work home.
9,819.18,Leisure,Happy,2024-12-11,Daughter war.
9,719.3,Other,Stressed,2024-12-12,Occur college herself.
9,411.71,Education,Stressed,2024-12-12,Charge form here.
9,1780.93,Other,Stressed,2024-12-13,Serious produce.
9,535.6,Leisure,Stressed,2024-12-13,She join house.
9,264.03,Other,Stressed,2024-12-13,Create physical share out cold.
9,271.71,Other,Happy,2024-12-14,Better republican stock bank.
9,6872.44,Education,Excited,2024-12-16,Analysis color friend the.
9,5449.98,Travel,Stressed,2024-12-17,Citizen kid generation onto police.
9,46.96,Other,Excited,2024-12-17,Wonder long consider care.
9,2069.54,Education,Stressed,2024-12-19,Red head window be.
9,6739.39,Education,Stressed,2024-12-20,Consider time economic high.
9,6221.34,Other,Stressed,2024-12-21,Best generation group goal.
9,1805.27,Leisure,Neutral,2024-12-22,Detail far church some.
9,759.49,Leisure,Neutral,2024-12-22,Member box.
9,3886.53,Education,Stressed,2024-12-23,Since him four.
9,10442.91,Travel,Happy,2024-12-23,Wall act special.
9,2463.43,Other,Sad,2024-12-23,Describe paper.
9,494.76,Leisure,Excited,2024-12-23,You without every.
9,2549.34,Leisure,Happy,2024-12-24,Discuss religious.
9,5280.06,Education,Stressed,2024-12-24,Opportunity lead see.
9,1019.96,Other,Neutral,2024-12-25,Finish thing.
9,3681.75,Other,Stressed,2024-12-25,Forward sense cause write right.
9,317.14,Education,Stressed,2024-12-25,World site mr interest treatment.
9,1523.76,Leisure,Stressed,2024-12-25,Sell only manage.
9,92.99,Food,Stressed,2024-12-26,Group never.
9,45.16,Other,Excited,2024-12-28,Write other wear through partner.
9,1022.92,Travel,Neutral,2024-12-29,Try wonder move trade.
9,546.28,Leisure,Neutral,2024-12-29,Information scene again country.
9,580.61,Leisure,Stressed,2024-12-31,Up federal nor note.
9,2710.98,Leisure,Stressed,2024-12-31,Let back three.
9,1086.2,Other,Excited,2024-12-31,Son rock two.
9,2658.2,Travel,Stressed,2025-01-01,Participant above.
9,361.18,Other,Stressed,2025-01-01,Tell soon executive.
9,144.46,Leisure,Stressed,2025-01-02,Position interest.
9,881.57,Travel,Stressed,2025-01-02,Movement door kind.
9,87.91,Food,Excited,2025-01-04,Pull blue strong wonder.
9,196.27,Food,Happy,2025-01-05,Skin name door production back.
9,2003.56,Food,Happy,2025-01-05,Maybe painting republican.
9,22626.68,Education,Stressed,2025-01-06,Nothing behavior sort recognize.
9,2589.42,Leisure,Neutral,2025-01-06,Democratic mention generation.
9,10242.42,Other,Neutral,2025-01-06,State husband.
9,1828.96,Leisure,Stressed,2025-01-07,Scene almost leave.
9,1408.55,Education,Stressed,2025-01-07,Walk cup option store.
9,21046.26,Other,Sad,2025-01-08,Million night your.
9,910.2,Leisure,Stressed,2025-01-09,Consumer face.
9,1196.48,Leisure,Stressed,2025-01-10,Thus several animal phone.
9,3027.98,Leisure,Stressed,2025-01-11,Task improve fish.
9,395.81,Other,Happy,2025-01-11,Produce ago.
9,3551.58,Other,Neutral,2025-01-12,Community spring billion price paper.
9,104.97,Other,Sad,2025-01-13,Wonder long consider care.
9,265.58,Travel,Stressed,2025-01-14,Machine son television.
9,1185.21,Leisure,Happy,2025-01-15,Something future they red.
9,1462.57,Other,Stressed,2025-01-16,Feel special.
9,2946.72,Food,Neutral,2025-01-17,Myself so growth time.
9,3198.18,Other,Stressed,2025-01-17,Strong student green.
9,543.93,Leisure,Sad,2025-01-17,That reflect send set fly.
9,1469.83,Other,Happy,2025-01-17,Economic box save.
9,711.5,Other,Stressed,2025-01-19,Son rock two.
9,1825.68,Leisure,Neutral,2025-01-19,Miss have analysis morning.
9,6497.14,Education,Happy,2025-01-21,Analysis color friend the.
9,8318.36,Other,Excited,2025-01-21,Race to television loss.
9,3684.28,Leisure,Stressed,2025-01-22,Sometimes while sense window.
9,2150.7,Leisure,Neutral,2025-01-22,Discussion black follow.
9,2842.37,Leisure,Stressed,2025-01-22,Close month parent who up.
9,3236.8,Other,Excited,2025-01-23,Scientist will begin.
9,27417.63,Leisure,Stressed,2025-01-23,Site girl into have media.
9,2322.26,Leisure,Sad,2025-01-24,Language however risk work.
9,826.33,Other,Neutral,2025-01-24,Focus indicate result.
9,1873.02,Education,Sad,2025-01-25,Grow laugh.
9,1726.05,Other,Neutral,2025-01-25,Perhaps order answer blue structure.
9,5477.73,Education,Stressed,2025-01-26,Approach join stuff future.
9,2625.13,Other,Stressed,2025-01-27,Local director become.
9,1364.07,Other,Stressed,2025-01-28,Floor music catch discuss.
9,440.67,Other,Sad,2025-01-28,Create physical share out cold.
9,1151.43,Leisure,Sad,2025-01-29,Some quickly truth view response.
9,852.24,Other,Excited,2025-01-29,Win group important civil nature.
9,1719.1,Leisure,Sad,2025-01-30,Discussion black follow.
9,165.97,Other,Stressed,2025-01-30,Bill eight community.
9,656.37,Food,Stressed,2025-01-31,History professional star wonder.
10,22636.3,Leisure,Excited,2024-08-01,Close month parent who up.
10,2200.99,Education,Sad,2024-08-02,Pretty skin main program.
10,1240.47,Leisure,Stressed,2024-08-02,Turn surface listen.
10,2378.71,Other,Stressed,2024-08-06,Win central.
10,13415.74,Leisure,Stressed,2024-08-06,Expect writer myself management.
10,2906.3,Other,Excited,2024-08-07,Increase consider.
10,2650.46,Food,Sad,2024-08-10,Listen against coach.
10,1020.71,Other,Happy,2024-08-11,Kind appear environment capital explain.
10,1655.5,Leisure,Excited,2024-08-12,New type pm.
10,4475.78,Education,Stressed,2024-08-12,Unit hold.
10,1283.67,Leisure,Stressed,2024-08-12,Course staff personal space.
10,1913.18,Other,Neutral,2024-08-12,Win central.
10,1214.33,Other,Excited,2024-08-12,Sure i pay.
10,4349.13,Travel,Neutral,2024-08-13,Church community.
10,828.5,Leisure,Stressed,2024-08-13,Daughter war.
10,417.85,Leisure,Stressed,2024-08-14,Inside big minute.
10,711.02,Leisure,Sad,2024-08-16,Box organization.
10,780.41,Leisure,Excited,2024-08-17,Together knowledge.
10,1645.86,Food,Happy,2024-08-19,Mind easy foreign old.
10,657.78,Travel,Excited,2024-08-19,Smile cover of pm eight.
10,122.46,Education,Sad,2024-08-20,Gas human create also.
10,1125.43,Other,Neutral,2024-08-20,Have including none.
10,261.99,Other,Happy,2024-08-23,Why though decide bank likely.
10,13386.44,Education,Excited,2024-08-23,Behind front attack song little.
10,1785.85,Leisure,Excited,2024-08-24,Financial popular short like.
10,348.59,Other,Stressed,2024-08-24,Before relationship plant.
10,1874.53,Travel,Stressed,2024-08-24,Outside with each animal.
10,1266.03,Travel,Sad,2024-08-25,Despite energy company.
10,2793.93,Other,Stressed,2024-08-25,Letter mind many.
10,1804.62,Travel,Stressed,2024-08-26,Republican reduce sort individual trouble.
10,1125.43,Other,Stressed,2024-08-26,Task central dinner.
10,2815.6,Leisure,Happy,2024-08-27,Think live bad total research.
10,1447.82,Food,Neutral,2024-08-28,Go exactly much food region.
10,3368.81,Travel,Sad,2024-08-30,Couple city you level.
10,1871.36,Leisure,Neutral,2024-08-30,International effort.
10,1472.0,Other,Excited,2024-08-30,Story activity.
10,1925.99,Food,Stressed,2024-08-30,Past feeling nature.
10,2098.33,Leisure,Happy,2024-08-31,A value lot.
10,732.13,Food,Stressed,2024-08-31,Lay color.
10,634.47,Leisure,Neutral,2024-08-31,Technology tend.
10,35870.37,Education,Stressed,2024-09-02,Course out second carry.
10,7579.51,Other,Neutral,2024-09-03,Approach side model you billion.
10,8266.69,Leisure,Excited,2024-09-03,Ahead certainly second everyone.
10,1826.35,Leisure,Stressed,2024-09-03,Let back three.
10,716.92,Education,Neutral,2024-09-04,Left available.
10,897.55,Leisure,Stressed,2024-09-05,Arrive budget education at property.
10,879.21,Leisure,Neutral,2024-09-05,Fact reason make office.
10,1801.23,Leisure,Stressed,2024-09-08,Thus several animal phone.
10,388.92,Education,Excited,2024-09-09,Good lay coach.
10,10182.55,Leisure,Stressed,2024-09-09,Sense including six lot.
10,3061.58,Travel,Neutral,2024-09-10,Message seek civil all.
10,1834.32,Travel,Sad,2024-09-11,Computer prove amount population.
10,3235.16,Education,Happy,2024-09-12,Clear single expect.
10,2532.68,Other,Stressed,2024-09-13,Number budget.
10,610.09,Education,Stressed,2024-09-13,These road.
10,422.58,Food,Stressed,2024-09-14,Smile peace apply.
10,74.96,Other,Neutral,2024-09-14,In seven building hard.
10,3396.45,Education,Excited,2024-09-14,Give that individual of not.
10,696.11,Travel,Stressed,2024-09-15,Dark camera realize.
10,2150.28,Travel,Stressed,2024-09-15,Senior service large under.
10,3553.62,Other,Stressed,2024-09-15,End dog.
10,952.01,Leisure,Stressed,2024-09-15,Keep cut prevent sound.
10,2226.95,Leisure,Neutral,2024-09-16,Seven project chance road.
10,3743.89,Travel,Happy,2024-09-17,Item treat area.
10,1595.72,Travel,Excited,2024-09-18,Participant above.
10,772.66,Other,Stressed,2024-09-18,Time surface learn design.
10,894.27,Leisure,Stressed,2024-09-19,Raise hope enjoy most.
10,2731.26,Education,Excited,2024-09-21,High issue deal democratic.
10,2231.45,Other,Stressed,2024-09-21,Local director become.
10,745.22,Other,Neutral,2024-09-22,Number budget.
10,234.22,Food,Happy,2024-09-23,Base investment.
10,6699.77,Other,Excited,2024-09-24,Child ball store process.
10,2343.07,Travel,Neutral,2024-09-24,Edge surface who.
10,1058.05,Travel,Sad,2024-09-25,Join black.
10,1501.54,Education,Neutral,2024-09-26,Election hit yourself wrong want.
10,404.97,Travel,Neutral,2024-09-27,Push east never size fight.
10,265.06,Travel,Happy,2024-09-27,Few spring raise.
10,1099.29,Leisure,Stressed,2024-09-27,Together knowledge.
10,2432.77,Travel,Sad,2024-09-27,Nor character recent.
10,1102.29,Leisure,Happy,2024-09-30,Water positive child usually.
10,1726.01,Other,Sad,2024-10-01,Remember ability.
10,904.09,Travel,Happy,2024-10-02,Participant above.
10,840.33,Education,Stressed,2024-10-03,Election hit yourself wrong want.
10,4064.15,Food,Stressed,2024-10-03,And national spend.
10,249.53,Other,Stressed,2024-10-04,Wonder long consider care.
10,1846.53,Leisure,Neutral,2024-10-04,Field seat start pm.
10,8617.62,Travel,Stressed,2024-10-07,News need task mind.
10,73.31,Other,Sad,2024-10-08,Wonder long consider care.
10,1110.63,Travel,Excited,2024-10-08,Size sing tree kitchen.
10,971.04,Other,Excited,2024-10-09,Effort drive side human.
10,4800.86,Other,Stressed,2024-10-11,Fear approach take case customer.
10,1046.81,Leisure,Happy,2024-10-14,Safe whole establish.
10,324.27,Other,Excited,2024-10-14,Project spring of.
10,1926.29,Travel,Neutral,2024-10-14,Finish increase economy middle public.
10,2776.13,Education,Happy,2024-10-15,Pretty least if.
10,1155.88,Travel,Stressed,2024-10-15,Why station manager.
10,2186.02,Leisure,Sad,2024-10-15,None whose.
10,1378.72,Leisure,Stressed,2024-10-17,Evening ahead smile.
10,3383.89,Education,Stressed,2024-10-18,Behavior here.
10,1237.97,Food,Stressed,2024-10-20,Democratic recent student specific political.
10,353.49,Other,Neutral,2024-10-20,Likely push.
10,43.13,Other,Neutral,2024-10-21,Idea seek.
10,1520.46,Other,Sad,2024-10-22,Local director become.
10,476.31,Leisure,Stressed,2024-10-22,Up federal nor note.
10,151.87,Other,Stressed,2024-10-22,Store natural today season.
10,731.09,Travel,Neutral,2024-10-24,Than condition republican.
10,693.09,Other,Stressed,2024-10-26,Remember ability.
10,1235.32,Leisure,Stressed,2024-10-27,Occur live take media hot.
10,1730.24,Other,Stressed,2024-10-27,Phone ever back experience.
10,576.27,Other,Stressed,2024-10-27,Peace wind guess.
10,145.48,Leisure,Stressed,2024-10-27,Worker range feel.
10,496.0,Other,Neutral,2024-10-28,Economic box save.
10,2155.42,Other,Stressed,2024-10-30,Yes at seat ok.
10,756.63,Other,Sad,2024-10-30,Build smile across among situation.
10,2020.1,Travel,Stressed,2024-10-31,Finish increase economy middle public.
10,2396.66,Other,Stressed,2024-10-31,Talk thing rock ever summer.
10,163.62,Education,Stressed,2024-11-04,Yeah term.
10,2934.82,Food,Happy,2024-11-04,Its develop until watch.
10,2989.24,Education,Happy,2024-11-05,Consider time economic high.
10,7532.34,Other,Neutral,2024-11-06,Policy mrs.
10,6784.37,Other,Happy,2024-11-06,Leg rest interest.
10,3038.88,Education,Sad,2024-11-06,Condition again successful.
10,405.02,Education,Stressed,2024-11-06,Value car team nothing.
10,1007.65,Travel,Excited,2024-11-07,Outside with each animal.
10,4387.07,Other,Stressed,2024-11-07,Finish thing.
10,4544.78,Food,Sad,2024-11-07,Or phone.
10,4916.8,Travel,Stressed,2024-11-09,State none production defense your.
10,2662.04,Other,Stressed,2024-11-11,Number budget.
10,7016.25,Travel,Happy,2024-11-12,Art whether between several personal.
10,685.37,Leisure,Sad,2024-11-12,First blood accept final.
10,4493.81,Leisure,Happy,2024-11-13,Market specific property coach.
10,2035.66,Leisure,Sad,2024-11-14,Door management guess.
10,1027.04,Food,Happy,2024-11-17,By field move.
10,834.12,Travel,Sad,2024-11-17,Smile cover of pm eight.
10,1865.86,Leisure,Neutral,2024-11-18,Story case.
10,568.9,Other,Excited,2024-11-19,Stage threat our.
10,475.74,Education,Stressed,2024-11-19,Check clearly follow remember generation.
10,766.0,Travel,Stressed,2024-11-20,Drive nation heart nearly season.
10,391.54,Other,Stressed,2024-11-21,Specific whose.
10,6018.57,Other,Excited,2024-11-22,Administration network once.
10,2381.6,Food,Happy,2024-11-22,Smile high open scientist.
10,3468.88,Travel,Stressed,2024-11-23,Art whether between several personal.
10,549.04,Leisure,Neutral,2024-11-24,Sort knowledge analysis together court.
10,2479.04,Food,Stressed,2024-11-24,Side mind question year finish.
10,3513.72,Leisure,Stressed,2024-11-24,Bar professor power.
10,777.97,Travel,Stressed,2024-11-25,Laugh red man fly charge.
10,1718.24,Other,Stressed,2024-11-25,Remember ability.
10,360.6,Other,Stressed,2024-12-01,Already argue.
10,1979.97,Leisure,Happy,2024-12-02,Determine feel article we they.
10,351.56,Travel,Sad,2024-12-02,Dark camera realize.
10,6631.27,Education,Sad,2024-12-03,News american foreign.
10,5389.21,Education,Stressed,2024-12-04,Enter example down anyone occur.
10,4363.53,Education,Sad,2024-12-05,Field a spring.
10,11818.28,Travel,Neutral,2024-12-05,Quite budget window hour some.
10,787.83,Leisure,Stressed,2024-12-06,Water positive child usually.
10,3761.83,Other,Excited,2024-12-06,Machine whatever everything fear walk.
10,710.27,Travel,Neutral,2024-12-08,Ahead picture son.
10,1198.47,Food,Excited,2024-12-08,Spend prove stock school.
10,4252.9,Education,Sad,2024-12-09,Good lay coach.
10,835.9,Travel,Happy,2024-12-09,Despite energy company.
10,1475.28,Food,Happy,2024-12-09,Leg sport until argue.
10,2601.03,Travel,Stressed,2024-12-09,Religious order.
10,132.73,Education,Stressed,2024-12-10,Boy different chance enter.
10,26517.17,Food,Happy,2024-12-10,Report agreement sport.
10,1677.35,Leisure,Stressed,2024-12-11,Property let.
10,424.32,Other,Sad,2024-12-12,Fear song save.
10,635.05,Other,Stressed,2024-12-12,Focus indicate result.
10,19669.31,Food,Stressed,2024-12-12,Democratic station course full.
10,1369.25,Other,Neutral,2024-12-15,Water tonight pressure.
10,105.62,Education,Sad,2024-12-15,Kid industry.
10,226.4,Other,Sad,2024-12-16,Later week democratic few.
10,5944.09,Food,Neutral,2024-12-17,Account ten sing.
10,497.89,Leisure,Sad,2024-12-17,Water positive child usually.
10,265.54,Travel,Neutral,2024-12-18,Dog late eat.
10,1256.26,Travel,Stressed,2024-12-19,Southern front.
10,571.21,Other,Stressed,2024-12-20,Long identify road speech.
10,4666.29,Food,Excited,2024-12-20,By field move.
10,1461.02,Leisure,Stressed,2024-12-21,Simply century the.
10,1275.66,Travel,Stressed,2024-12-21,True building card.
10,3316.9,Education,Stressed,2024-12-22,Four field area young.
10,3181.41,Education,Happy,2024-12-22,With young think there assume.
10,572.42,Leisure,Happy,2024-12-24,Big look tell prepare.
10,1539.79,Leisure,Neutral,2024-12-25,Miss have analysis morning.
10,374.97,Other,Stressed,2024-12-25,Source onto provide.
10,5287.27,Education,Excited,2024-12-26,Since him four.
10,1387.57,Education,Neutral,2024-12-28,Wish current.
10,209.27,Food,Sad,2024-12-28,Card star avoid nothing.
10,664.75,Food,Neutral,2024-12-29,Investment pass drive.
10,295.54,Education,Neutral,2024-12-29,Program sport her.
10,1617.6,Food,Neutral,2024-12-30,Couple general pretty show.
10,1071.56,Leisure,Excited,2024-12-31,Care run there leg.
10,4089.72,Other,Excited,2025-01-02,Find lay deal lot.
10,928.76,Other,Happy,2025-01-03,All important shoulder she.
10,1835.63,Food,Neutral,2025-01-04,Apply less.
10,3693.34,Other,Stressed,2025-01-04,Yes at seat ok.
10,7451.22,Travel,Excited,2025-01-05,Song risk bad.
10,6138.85,Leisure,Sad,2025-01-06,On must certainly.
10,3137.34,Leisure,Neutral,2025-01-06,Let back three.
10,1572.52,Other,Happy,2025-01-06,Billion land detail exist cover.
10,4885.45,Leisure,Stressed,2025-01-06,List already positive experience television.
10,2113.2,Other,Neutral,2025-01-08,Owner memory argue project.
10,5717.05,Education,Stressed,2025-01-08,Human public health.
10,2877.33,Leisure,Stressed,2025-01-10,Upon very act perform.
10,567.34,Food,Happy,2025-01-11,Note discuss discussion reach grow.
10,297.13,Leisure,Stressed,2025-01-12,Sort knowledge analysis together court.
10,3446.55,Leisure,Stressed,2025-01-12,Field seat start pm.
10,425.84,Other,Stressed,2025-01-13,Son rock two.
10,517.61,Leisure,Sad,2025-01-14,Fish evening avoid dark.
10,2544.29,Education,Stressed,2025-01-14,Option oil commercial.
10,22741.86,Other,Excited,2025-01-14,Couple raise she child.
10,5384.3,Other,Happy,2025-01-14,Section agency lawyer sign them.
10,7232.06,Food,Stressed,2025-01-15,Radio product.
10,1246.1,Travel,Excited,2025-01-15,Yard foot he share issue.
10,1405.02,Other,Sad,2025-01-16,Result many pattern.
10,5847.57,Leisure,Stressed,2025-01-17,Site girl into have media.
10,745.37,Travel,Stressed,2025-01-17,Ball theory prepare much throughout.
10,759.71,Other,Stressed,2025-01-17,Law read citizen.
10,3693.1,Food,Stressed,2025-01-18,Eye something.
10,3443.04,Other,Sad,2025-01-18,During call north attention.
10,115.09,Travel,Stressed,2025-01-19,Not teach believe month.
10,13425.76,Leisure,Stressed,2025-01-19,Style real far.
10,1049.49,Other,Stressed,2025-01-19,Off southern suddenly.
10,1268.5,Travel,Stressed,2025-01-19,Republican reduce sort individual trouble.
10,68.1,Other,Stressed,2025-01-20,Kid put memory soldier.
10,466.54,Travel,Stressed,2025-01-20,So draw food company.
10,802.37,Other,Excited,2025-01-20,Let stay or focus.
10,423.2,Education,Stressed,2025-01-21,While total spend.
10,6149.36,Leisure,Stressed,2025-01-21,Tv budget system book.
10,243.77,Other,Excited,2025-01-22,Recognize media goal.
10,1228.75,Food,Excited,2025-01-22,Part crime.
10,3335.53,Food,Stressed,2025-01-23,Ask window full.
10,104.2,Other,Stressed,2025-01-23,Exist professional.
10,1332.08,Travel,Neutral,2025-01-23,Why station manager.
10,1007.6,Other,Sad,2025-01-23,War push thousand book half.
10,524.95,Other,Excited,2025-01-25,Day already hold.
10,1521.79,Food,Happy,2025-01-26,Bad argue side girl.
10,1315.92,Other,Neutral,2025-01-26,Main opportunity particularly question.
10,10817.08,Food,Excited,2025-01-27,History professional star wonder.
10,864.61,Other,Sad,2025-01-27,Describe paper.
10,246.57,Other,Stressed,2025-01-27,National back everybody direction budget.
10,659.26,Other,Stressed,2025-01-27,Already argue.
10,839.84,Travel,Neutral,2025-01-27,Despite energy company.
10,7586.41,Travel,Excited,2025-01-29,News need task mind.
10,978.59,Leisure,Stressed,2025-01-29,Or friend.
10,142.55,Education,Stressed,2025-01-30,Name machine tree maybe.
10,4693.45,Education,Stressed,2025-01-30,About usually.
10,685.7,Food,Excited,2025-01-31,Consider here grow agreement.
10,1169.71,Other,Neutral,2025-01-31,How any federal star.
10,1716.15,Other,Stressed,2025-01-31,Finish thing.
10,489.64,Leisure,Stressed,2025-01-31,Statement available win politics.
11,594.12,Food,Excited,2024-08-02,Project can.
11,1281.19,Food,Neutral,2024-08-02,Tree imagine machine.
11,346.78,Other,Sad,2024-08-02,Long identify road speech.
11,360.52,Other,Happy,2024-08-03,During call north attention.
11,35.56,Travel,Happy,2024-08-03,Really society live camera.
11,163.72,Leisure,Neutral,2024-08-05,Sort knowledge analysis together court.
11,102.14,Education,Happy,2024-08-05,Doctor mr.
11,887.29,Leisure,Neutral,2024-08-08,Arrive society.
11,197.35,Leisure,Sad,2024-08-08,Approach about because.
11,1056.65,Leisure,Neutral,2024-08-10,Research month instead.
11,148.55,Food,Neutral,2024-08-11,Current health serious.
11,75.68,Travel,Neutral,2024-08-11,Machine son television.
11,260.7,Education,Neutral,2024-08-11,Election hit yourself wrong want.
11,98.28,Food,Neutral,2024-08-11,Beautiful beyond sell.
11,191.05,Food,Sad,2024-08-12,Democratic recent student specific political.
11,637.76,Education,Happy,2024-08-12,Behind front attack song little.
11,328.36,Other,Neutral,2024-08-14,Us perhaps lawyer interest star.
11,473.03,Leisure,Excited,2024-08-17,Stop later reveal both.
11,650.13,Food,Neutral,2024-08-17,Board notice later thus.
11,790.13,Education,Neutral,2024-08-18,Hundred challenge reach throughout.
11,1002.08,Food,Neutral,2024-08-18,Thousand live land hard.
11,486.58,Food,Excited,2024-08-19,Board notice later thus.
11,770.65,Leisure,Neutral,2024-08-19,White likely teacher one.
11,269.28,Education,Happy,2024-08-19,Range step painting concern.
11,788.26,Education,Neutral,2024-08-20,Budget remain reduce.
11,893.09,Other,Happy,2024-08-20,Entire hotel.
11,186.71,Leisure,Neutral,2024-08-20,Safe whole establish.
11,706.84,Other,Happy,2024-08-21,Focus executive letter possible final.
11,323.04,Education,Happy,2024-08-22,Meet seem population.
11,647.66,Travel,Neutral,2024-08-23,Agreement us stuff.
11,607.91,Other,Excited,2024-08-24,Especially unit office almost.
11,88.53,Education,Happy,2024-08-26,Good anything manager think pressure.
11,332.31,Other,Neutral,2024-08-26,Build smile across among situation.
11,268.65,Leisure,Neutral,2024-08-27,Week yourself public especially american.
11,741.43,Leisure,Excited,2024-08-28,Hard knowledge enjoy let.
11,126.22,Food,Happy,2024-08-28,Maintain former campaign pretty beyond.
11,398.11,Other,Neutral,2024-08-30,Main opportunity particularly question.
11,85.7,Food,Neutral,2024-08-31,Special information.
11,667.09,Other,Sad,2024-09-01,Art green child movie blue.
11,37.61,Education,Neutral,2024-09-02,Carry fly water cut fire.
11,1344.16,Travel,Neutral,2024-09-04,Size republican political.
11,422.11,Travel,Neutral,2024-09-04,Program decade home which view.
11,673.09,Education,Sad,2024-09-04,Week real course school everybody.
11,644.23,Travel,Neutral,2024-09-05,Than condition republican.
11,120.35,Other,Excited,2024-09-05,Why though decide bank likely.
11,290.79,Leisure,Neutral,2024-09-06,Senior difficult put.
11,309.56,Other,Neutral,2024-09-06,Long identify road speech.
11,660.69,Leisure,Happy,2024-09-06,Ahead certainly second everyone.
11,274.92,Other,Neutral,2024-09-07,Near risk.
11,603.69,Other,Neutral,2024-09-08,Box service develop game.
11,718.62,Food,Sad,2024-09-09,Bill beautiful issue.
11,259.4,Other,Happy,2024-09-10,Respond into history.
11,211.24,Education,Neutral,2024-09-10,Cup hundred rather.
11,239.36,Leisure,Neutral,2024-09-11,Model police finally girl.
11,683.52,Travel,Sad,2024-09-12,Training occur could painting.
11,862.84,Education,Neutral,2024-09-13,Quite response.
11,511.15,Education,Neutral,2024-09-14,Present discussion.
11,145.95,Leisure,Neutral,2024-09-14,Somebody prepare few sound.
11,420.04,Education,Sad,2024-09-15,Among black picture that treat.
11,618.63,Other,Sad,2024-09-16,Network available mean share.
11,435.2,Other,Neutral,2024-09-17,Expert movement reach man.
11,9.94,Other,Neutral,2024-09-19,Write other wear through partner.
11,827.11,Travel,Happy,2024-09-19,Citizen kid generation onto police.
11,542.85,Leisure,Neutral,2024-09-20,Recent couple cost girl run.
11,388.89,Travel,Excited,2024-09-20,Car indeed nor next.
11,370.31,Other,Sad,2024-09-22,Important focus benefit probably.
11,684.17,Travel,Neutral,2024-09-23,Join black.
11,499.69,Other,Happy,2024-09-24,Picture early send morning.
11,144.78,Education,Neutral,2024-09-24,Actually purpose public.
11,521.44,Travel,Neutral,2024-09-26,Statement position either.
11,432.88,Leisure,Excited,2024-09-26,Company left nothing trip.
11,486.58,Other,Happy,2024-09-26,Much section investment on gun.
11,458.42,Leisure,Neutral,2024-09-26,Apply maybe dog yes.
11,723.14,Food,Excited,2024-09-27,Effect people.
11,617.84,Leisure,Neutral,2024-09-28,Majority none little admit former.
11,959.67,Leisure,Happy,2024-09-29,White likely teacher one.
11,360.73,Leisure,Happy,2024-09-29,Determine feel article we they.
11,739.87,Leisure,Neutral,2024-09-30,Age cover foreign.
11,1312.07,Food,Neutral,2024-10-01,Woman meet report.
11,590.93,Education,Neutral,2024-10-03,Play move each left establish.
11,540.07,Education,Neutral,2024-10-04,Range step painting concern.
11,424.93,Travel,Neutral,2024-10-04,Foreign husband believe word local.
11,322.32,Education,Happy,2024-10-04,Contain threat wrong whatever.
11,783.02,Leisure,Happy,2024-10-06,Food affect upon these story.
11,890.96,Food,Sad,2024-10-06,Across nothing.
11,977.48,Travel,Neutral,2024-10-07,Challenge organization floor road southern.
11,118.93,Education,Neutral,2024-10-07,Boy different chance enter.
11,933.78,Education,Excited,2024-10-07,Dark mr clearly take.
11,437.41,Leisure,Sad,2024-10-10,Right analysis mention.
11,970.29,Travel,Happy,2024-10-10,Attack mouth rest contain.
11,398.86,Leisure,Neutral,2024-10-11,Recent couple cost girl run.
11,91.71,Food,Neutral,2024-10-12,Beautiful beyond sell.
11,478.24,Other,Happy,2024-10-12,Old particularly.
11,269.64,Other,Neutral,2024-10-14,Attention standard shake more respond.
11,217.93,Education,Excited,2024-10-14,Ahead from quickly identify.
11,217.41,Leisure,Neutral,2024-10-14,Fear yourself last.
11,114.9,Other,Neutral,2024-10-15,Be move fly open.
11,178.0,Other,Neutral,2024-10-16,Until truth feeling view.
11,908.89,Other,Sad,2024-10-17,Than physical live reason.
11,303.78,Travel,Neutral,2024-10-18,Mind door authority outside.
11,1129.04,Other,Happy,2024-10-18,Best generation group goal.
11,108.42,Travel,Happy,2024-10-18,Billion morning draw.
11,212.02,Food,Neutral,2024-10-20,Effect cultural.
11,827.21,Food,Neutral,2024-10-20,Career three according worker democrat.
11,705.01,Leisure,Happy,2024-10-20,Decide similar office.
11,658.96,Leisure,Excited,2024-10-21,Recent feeling.
11,597.4,Leisure,Neutral,2024-10-22,Test they there.
11,91.76,Education,Happy,2024-10-24,Charge form here.
11,856.76,Other,Happy,2024-10-24,Feel special.
11,383.12,Other,Sad,2024-10-24,Agreement red way nor none.
11,261.63,Travel,Happy,2024-10-28,True building card.
11,496.3,Leisure,Neutral,2024-10-31,Miss have analysis morning.
11,180.58,Leisure,Happy,2024-10-31,Language budget market president.
11,385.37,Food,Neutral,2024-10-31,Specific onto go.
11,1136.02,Food,Neutral,2024-10-31,We especially five network.
11,76.61,Leisure,Happy,2024-11-01,Drug entire involve.
11,407.36,Travel,Sad,2024-11-01,Church community.
11,913.85,Travel,Sad,2024-11-02,Western order accept wide prevent.
11,439.76,Leisure,Neutral,2024-11-02,Sell only manage.
11,363.53,Leisure,Neutral,2024-11-02,General agency bit.
11,1063.79,Education,Neutral,2024-11-02,Face morning.
11,540.73,Leisure,Neutral,2024-11-03,Majority none little admit former.
11,740.13,Leisure,Excited,2024-11-04,Bed report item.
11,463.22,Other,Excited,2024-11-05,Fear approach take case customer.
11,1264.51,Other,Neutral,2024-11-05,Billion land detail exist cover.
11,1016.25,Education,Neutral,2024-11-06,Pretty skin main program.
11,654.53,Leisure,Neutral,2024-11-08,Call door.
11,664.43,Food,Neutral,2024-11-08,Leg sport until argue.
11,411.0,Other,Happy,2024-11-08,Occur college herself.
11,580.16,Travel,Excited,2024-11-09,Age war measure whom.
11,1267.58,Other,Neutral,2024-11-09,Explain research.
11,53.26,Education,Neutral,2024-11-09,Sort what.
11,808.72,Travel,Neutral,2024-11-10,Rest or.
11,88.15,Food,Neutral,2024-11-10,Low happy oil which bag.
11,376.8,Travel,Neutral,2024-11-12,Soldier meeting building.
11,402.93,Leisure,Neutral,2024-11-12,Management sense technology check civil.
11,217.46,Other,Neutral,2024-11-13,Day already hold.
11,531.04,Leisure,Neutral,2024-11-14,Woman whose already.
11,580.23,Other,Neutral,2024-11-18,National free.
11,738.25,Leisure,Neutral,2024-11-19,Bed report item.
11,260.05,Leisure,Happy,2024-11-20,Discussion black follow.
11,411.66,Other,Excited,2024-11-21,Seven here sell story.
11,488.61,Food,Sad,2024-11-23,View know develop after.
11,740.34,Leisure,Neutral,2024-11-23,Or friend.
11,340.73,Other,Sad,2024-11-24,Instead ahead despite measure ago.
11,246.39,Leisure,Neutral,2024-11-24,Bar professor power.
11,758.7,Leisure,Sad,2024-11-25,Baby lawyer growth matter note.
11,195.31,Education,Neutral,2024-11-27,Home even.
11,846.88,Food,Stressed,2024-11-27,He we recent music.
11,283.77,Leisure,Neutral,2024-11-27,Up federal nor note.
11,297.11,Travel,Neutral,2024-11-29,Try wonder move trade.
11,866.53,Other,Neutral,2024-11-29,Than physical live reason.
11,349.23,Leisure,Neutral,2024-11-30,Half president structure might.
11,592.11,Food,Happy,2024-12-01,Woman meet report.
11,726.16,Travel,Sad,2024-12-02,Material less focus hear.
11,112.86,Education,Neutral,2024-12-03,Home even.
11,45.19,Education,Neutral,2024-12-03,Expert involve oil.
11,279.81,Other,Neutral,2024-12-03,Expert movement reach man.
11,399.87,Other,Excited,2024-12-03,Tell brother defense list second.
11,603.53,Food,Happy,2024-12-07,And national spend.
11,609.55,Food,Neutral,2024-12-07,History drop point audience.
11,121.28,Education,Neutral,2024-12-07,Technology pay tree.
11,251.78,Leisure,Neutral,2024-12-08,Sort knowledge analysis together court.
11,463.86,Other,Neutral,2024-12-09,Almost outside middle.
11,815.3,Leisure,Neutral,2024-12-10,Sometimes while sense window.
11,848.49,Leisure,Neutral,2024-12-10,Boy other foot best.
11,228.53,Food,Sad,2024-12-11,Care drug data position two.
11,60.62,Other,Excited,2024-12-11,Live way two.
11,291.55,Other,Neutral,2024-12-12,Amount bad raise.
11,231.43,Food,Neutral,2024-12-15,Each author party full kitchen.
11,140.02,Leisure,Happy,2024-12-15,Something future they red.
11,335.02,Food,Neutral,2024-12-16,Hundred step according.
11,723.79,Leisure,Happy,2024-12-16,Picture evidence.
11,342.82,Other,Neutral,2024-12-17,Section national owner determine detail.
11,451.12,Leisure,Neutral,2024-12-18,Give white everybody paper create.
11,301.13,Other,Neutral,2024-12-18,Build smile across among situation.
11,751.19,Education,Happy,2024-12-18,Security land record.
11,831.25,Food,Sad,2024-12-19,Real art.
11,528.78,Food,Sad,2024-12-19,Eight bed fill.
11,224.62,Travel,Neutral,2024-12-19,Me system church whether.
11,60.07,Leisure,Neutral,2024-12-20,Drug entire involve.
11,801.79,Leisure,Happy,2024-12-20,Door management guess.
11,494.77,Education,Sad,2024-12-20,Development the inside thought.
11,794.24,Other,Happy,2024-12-21,Picture early send morning.
11,793.69,Leisure,Sad,2024-12-23,Task improve fish.
11,593.98,Food,Neutral,2024-12-23,Say dog drug enter.
11,217.01,Leisure,Neutral,2024-12-23,Discussion black follow.
11,103.92,Leisure,Sad,2024-12-24,Sing message board mean.
11,209.12,Other,Happy,2024-12-24,Citizen street region.
11,212.12,Education,Sad,2024-12-24,True culture.
11,184.17,Education,Sad,2024-12-25,Should page camera.
11,1038.34,Food,Neutral,2024-12-26,Order his oil west school.
11,263.9,Leisure,Happy,2024-12-27,Wide exactly.
11,148.8,Leisure,Excited,2024-12-27,Herself police he push likely.
11,731.5,Other,Excited,2024-12-27,Leg rest interest.
11,940.77,Leisure,Neutral,2024-12-27,Wrong difficult.
11,637.98,Other,Neutral,2024-12-28,Price institution method inside.
11,28.81,Travel,Neutral,2024-12-28,Anyone here deep.
11,962.95,Food,Excited,2024-12-29,Buy tax.
11,118.43,Leisure,Neutral,2024-12-29,Institution whatever yet.
11,36.72,Education,Excited,2024-12-30,Kid industry.
11,102.16,Leisure,Excited,2024-12-31,Example decision garden.
11,913.88,Leisure,Neutral,2025-01-03,Live seat.
11,784.3,Leisure,Neutral,2025-01-03,Address century that wide.
11,159.38,Food,Sad,2025-01-05,Apply less.
11,616.27,Leisure,Neutral,2025-01-05,Expect writer myself management.
11,289.53,Leisure,Sad,2025-01-05,Pressure those.
11,266.83,Food,Stressed,2025-01-06,Group never.
11,750.77,Leisure,Neutral,2025-01-06,Detail far church some.
11,385.81,Travel,Excited,2025-01-08,Floor there career.
11,18.98,Food,Happy,2025-01-09,Pull blue strong wonder.
11,1057.6,Other,Neutral,2025-01-09,Couple raise she child.
11,891.16,Education,Neutral,2025-01-10,Nothing behavior sort recognize.
11,1139.65,Travel,Neutral,2025-01-10,Song risk bad.
11,601.58,Leisure,Sad,2025-01-12,Him fight american music change.
11,142.82,Other,Neutral,2025-01-12,Tell soon executive.
11,824.16,Other,Happy,2025-01-13,President chance hotel through.
11,806.78,Food,Neutral,2025-01-13,Smile high open scientist.
11,59.16,Other,Happy,2025-01-13,Important source first him.
11,669.05,Education,Happy,2025-01-13,With young think there assume.
11,51.61,Travel,Neutral,2025-01-14,Edge building court.
11,120.71,Leisure,Happy,2025-01-15,Source husband.
11,628.21,Other,Happy,2025-01-15,Girl suddenly.
11,142.88,Other,Neutral,2025-01-15,Create physical share out cold.
11,167.0,Leisure,Neutral,2025-01-15,White measure manager range.
11,676.62,Other,Happy,2025-01-16,Why like impact fly.
11,775.41,Leisure,Happy,2025-01-16,Different international sell several.
11,971.56,Education,Excited,2025-01-17,Weight take.
11,321.35,Travel,Neutral,2025-01-17,Right know during someone.
11,1239.5,Leisure,Neutral,2025-01-19,White likely teacher one.
11,567.67,Other,Happy,2025-01-19,Owner memory argue project.
11,518.68,Other,Happy,2025-01-19,Above company media next me.
11,162.93,Food,Neutral,2025-01-19,Truth thing always possible.
11,397.95,Food,Neutral,2025-01-20,Like clear.
11,85.25,Leisure,Happy,2025-01-21,Discussion if continue policy.
11,61.67,Leisure,Neutral,2025-01-21,Position interest.
11,468.18,Leisure,Neutral,2025-01-23,Old wall report purpose.
11,601.77,Education,Neutral,2025-01-23,Tree note responsibility.
11,523.88,Leisure,Neutral,2025-01-25,Wear use edge this draw.
11,482.0,Other,Happy,2025-01-27,Executive beyond create dinner conference.
11,868.6,Education,Stressed,2025-01-28,People education great.
11,330.83,Other,Neutral,2025-01-30,Effort drive side human.
12,207.19,Other,Happy,2024-08-01,Hope floor include.
12,49.34,Education,Happy,2024-08-02,Third rich hospital.
12,454.22,Leisure,Excited,2024-08-02,Decade trade field training.
12,315.44,Leisure,Neutral,2024-08-02,Company left nothing trip.
12,570.23,Travel,Happy,2024-08-02,List leg address into their.
12,194.12,Leisure,Stressed,2024-08-05,Main board population.
12,1165.42,Other,Neutral,2024-08-05,Art green child movie blue.
12,499.39,Leisure,Neutral,2024-08-06,Act way beat result major.
12,1031.48,Leisure,Stressed,2024-08-10,Box organization.
12,392.16,Other,Neutral,2024-08-11,This manage her.
12,993.02,Other,Neutral,2024-08-12,Conference trade population agreement.
12,512.16,Leisure,Excited,2024-08-12,Thank avoid man drive.
12,586.73,Other,Happy,2024-08-15,Produce ago.
12,270.13,Other,Sad,2024-08-18,Increase consider.
12,885.21,Other,Neutral,2024-08-20,Yes at seat ok.
12,398.05,Other,Neutral,2024-08-22,This manage her.
12,360.02,Other,Neutral,2024-08-22,Whatever late specific.
12,1065.29,Education,Sad,2024-08-24,Face morning.
12,539.02,Other,Neutral,2024-08-25,Real know our any.
12,884.97,Travel,Excited,2024-08-26,Nearly care base.
12,273.95,Other,Happy,2024-08-28,Son rock two.
12,911.33,Food,Neutral,2024-08-28,Toward child future low.
12,858.5,Food,Neutral,2024-08-30,History professional star wonder.
12,1137.89,Travel,Happy,2024-08-31,Rest or.
12,362.89,Travel,Sad,2024-08-31,Across involve fall.
12,106.17,Other,Happy,2024-08-31,National back everybody direction budget.
12,15.67,Other,Sad,2024-09-02,Receive case past only drug.
12,591.65,Other,Neutral,2024-09-03,Community spring billion price paper.
12,1020.63,Travel,Neutral,2024-09-03,Size republican political.
12,866.68,Leisure,Neutral,2024-09-04,Assume campaign assume.
12,519.21,Other,Neutral,2024-09-04,Gas contain interest industry sell.
12,698.65,Leisure,Neutral,2024-09-05,Available defense.
12,821.87,Leisure,Neutral,2024-09-05,List already positive experience television.
12,58.05,Other,Sad,2024-09-06,Live way two.
12,648.24,Travel,Neutral,2024-09-07,Forget once hope security.
12,523.91,Travel,Neutral,2024-09-08,State none production defense your.
12,1000.69,Food,Neutral,2024-09-08,Tree imagine machine.
12,389.96,Travel,Excited,2024-09-09,Soldier meeting building.
12,407.44,Travel,Happy,2024-09-10,Church own stage.
12,755.69,Other,Happy,2024-09-11,Serious produce.
12,1265.97,Other,Stressed,2024-09-11,Feeling manage as.
12,90.92,Other,Neutral,2024-09-12,Specific whose.
12,37.42,Education,Excited,2024-09-12,Name machine tree maybe.
12,681.17,Food,Happy,2024-09-12,Past product make of group.
12,761.57,Leisure,Happy,2024-09-13,Base player data whose.
12,522.9,Other,Neutral,2024-09-15,Study fear turn any indicate.
12,103.16,Food,Happy,2024-09-15,Apply less.
12,927.75,Education,Neutral,2024-09-16,Future congress.
12,451.17,Travel,Excited,2024-09-16,Position make society behavior.
12,914.22,Food,Neutral,2024-09-17,Difference world deep.
12,366.75,Food,Neutral,2024-09-18,Effect cultural.
12,789.15,Other,Neutral,2024-09-21,Participant price.
12,85.2,Education,Excited,2024-09-22,Throughout would century television congress.
12,706.4,Food,Neutral,2024-09-22,Deal information.
12,1156.66,Leisure,Happy,2024-09-23,On someone rise read.
12,612.92,Food,Neutral,2024-09-24,Remain seven marriage.
12,1148.9,Other,Excited,2024-09-25,Box service develop game.
12,369.56,Other,Neutral,2024-09-26,Million night your.
12,115.84,Other,Sad,2024-09-27,Public particularly reality.
12,691.39,Other,Happy,2024-09-28,Phone ever back experience.
12,479.02,Food,Neutral,2024-09-28,Smile high open scientist.
12,430.35,Travel,Happy,2024-09-28,Across involve fall.
12,334.62,Leisure,Neutral,2024-09-28,Check purpose young.
12,915.32,Other,Happy,2024-09-29,Later happy pull.
12,949.86,Food,Sad,2024-10-02,And national spend.
12,576.23,Other,Happy,2024-10-04,Natural together.
12,617.0,Travel,Sad,2024-10-04,Analysis four capital.
12,736.04,Leisure,Neutral,2024-10-05,As second animal summer group.
12,1041.28,Travel,Neutral,2024-10-05,More road development about.
12,246.77,Education,Neutral,2024-10-06,As music film move.
12,455.31,Leisure,Neutral,2024-10-06,Short for late education.
12,853.71,Travel,Neutral,2024-10-07,Attack mouth rest contain.
12,50.45,Food,Happy,2024-10-10,Heavy what least mouth national.
12,123.19,Other,Sad,2024-10-11,Short indicate police.
12,653.82,Leisure,Stressed,2024-10-12,Ahead certainly second everyone.
12,181.66,Education,Neutral,2024-10-12,Find job where.
12,281.39,Travel,Stressed,2024-10-18,So draw food company.
12,279.26,Education,Stressed,2024-10-20,Career including late condition opportunity.
12,114.73,Other,Neutral,2024-10-24,Realize property show either.
12,174.15,Leisure,Neutral,2024-10-27,Conference matter wear physical site.
12,772.27,Travel,Neutral,2024-10-28,Ability live.
12,652.43,Travel,Neutral,2024-10-28,Western order accept wide prevent.
12,976.5,Other,Stressed,2024-10-29,Face build market.
12,226.37,Travel,Neutral,2024-10-30,Me system church whether.
12,423.38,Other,Happy,2024-11-01,Study fear turn any indicate.
12,491.83,Leisure,Happy,2024-11-01,Give white everybody paper create.
12,736.63,Travel,Neutral,2024-11-02,News need task mind.
12,659.01,Travel,Excited,2024-11-03,Compare system white magazine after.
12,1436.66,Food,Sad,2024-11-03,Report agreement sport.
12,472.52,Leisure,Happy,2024-11-05,Call door.
12,891.48,Leisure,Neutral,2024-11-05,Miss have analysis morning.
12,92.1,Travel,Neutral,2024-11-06,Anyone bank kitchen interest parent.
12,635.1,Leisure,Excited,2024-11-07,Story case.
12,451.04,Food,Neutral,2024-11-10,Wife talk beat tax majority.
12,206.93,Other,Excited,2024-11-10,Economic box save.
12,157.82,Other,Stressed,2024-11-12,Since nothing be apply.
12,67.99,Other,Neutral,2024-11-12,Something fine apply gas sing.
12,384.03,Leisure,Happy,2024-11-13,Approach about because.
12,715.42,Leisure,Neutral,2024-11-13,Best physical always small almost.
12,172.98,Leisure,Neutral,2024-11-14,Main board population.
12,351.44,Leisure,Happy,2024-11-14,Deal beyond almost.
12,670.24,Education,Neutral,2024-11-14,Future congress.
12,516.2,Other,Excited,2024-11-15,Improve simple turn.
12,625.7,Food,Neutral,2024-11-16,We especially five network.
12,190.32,Travel,Neutral,2024-11-16,Dark camera realize.
12,473.93,Leisure,Happy,2024-11-17,Recent couple cost girl run.
12,797.05,Leisure,Neutral,2024-11-17,Water fight security tough gas.
12,720.35,Education,Neutral,2024-11-18,Against only.
12,348.38,Travel,Sad,2024-11-18,Car indeed nor next.
12,812.72,Travel,Sad,2024-11-19,Manager bar send really.
12,663.03,Travel,Stressed,2024-11-21,Material less focus hear.
12,521.89,Travel,Excited,2024-11-23,Democratic thousand.
12,692.21,Other,Neutral,2024-11-25,Reach under.
12,223.33,Other,Neutral,2024-11-29,Mention billion bed never others.
12,291.22,Other,Happy,2024-11-30,Turn put professional.
12,49.62,Travel,Neutral,2024-12-01,Call animal approach factor want.
12,339.8,Other,Happy,2024-12-01,Citizen street region.
12,14.93,Leisure,Neutral,2024-12-01,Positive participant fear blue as.
12,213.74,Education,Neutral,2024-12-02,Within prove full.
12,659.32,Food,Neutral,2024-12-02,Something story attorney summer.
12,991.34,Education,Neutral,2024-12-02,Television argue mouth.
12,288.27,Leisure,Excited,2024-12-02,Window music evening know.
12,96.29,Leisure,Neutral,2024-12-02,Inside big minute.
12,416.96,Other,Happy,2024-12-02,Agreement someone.
12,987.84,Travel,Neutral,2024-12-02,Current hear claim well two.
12,1160.68,Leisure,Excited,2024-12-03,Baby lawyer growth matter note.
12,600.86,Education,Happy,2024-12-07,For age size.
12,543.98,Education,Neutral,2024-12-07,Career according.
12,394.21,Leisure,Neutral,2024-12-08,Food affect upon these story.
12,603.53,Leisure,Excited,2024-12-09,Site girl into have media.
12,783.81,Other,Neutral,2024-12-10,National free.
12,31.35,Food,Happy,2024-12-10,Growth appear project.
12,905.79,Education,Excited,2024-12-11,Present discussion.
12,355.14,Other,Neutral,2024-12-11,Above company media next me.
12,672.79,Travel,Neutral,2024-12-12,Wall act special.
12,251.61,Leisure,Neutral,2024-12-12,Approach about because.
12,354.87,Leisure,Sad,2024-12-12,Care run there leg.
12,8.32,Leisure,Sad,2024-12-12,What strong line.
12,768.52,Food,Neutral,2024-12-14,Within woman.
12,921.51,Leisure,Happy,2024-12-15,Rate society floor long same.
12,85.17,Other,Neutral,2024-12-16,Source onto provide.
12,556.34,Other,Neutral,2024-12-17,Art green child movie blue.
12,166.09,Leisure,Neutral,2024-12-18,She join house.
12,661.13,Leisure,Happy,2024-12-20,Popular lead with.
12,632.65,Other,Happy,2024-12-21,Much rich think.
12,808.25,Food,Neutral,2024-12-21,Its develop until watch.
12,654.06,Other,Happy,2024-12-22,Forward sense cause write right.
12,55.56,Other,Neutral,2024-12-23,Why though decide bank likely.
12,317.83,Education,Excited,2024-12-23,As music film move.
12,245.48,Other,Happy,2024-12-25,College manage fund.
12,234.11,Food,Happy,2024-12-25,Investment pass drive.
12,70.9,Other,Neutral,2024-12-26,Onto site both change note.
12,188.87,Travel,Happy,2024-12-26,Dinner article hit mission whole.
12,494.86,Leisure,Neutral,2024-12-26,Occur live take media hot.
12,31.93,Other,Neutral,2024-12-28,Magazine join.
12,406.78,Travel,Neutral,2024-12-28,Democratic thousand.
12,573.75,Leisure,Sad,2024-12-29,Investment local above move.
12,669.15,Leisure,Sad,2024-12-30,Herself law.
12,354.0,Education,Happy,2024-12-30,Scientist i doctor.
12,171.39,Other,Neutral,2024-12-30,Before relationship plant.
12,293.21,Leisure,Neutral,2024-12-31,Fact reason make office.
12,264.2,Travel,Sad,2025-01-01,Why outside.
12,670.81,Other,Neutral,2025-01-01,Hand so add mr lawyer.
12,150.09,Leisure,Neutral,2025-01-01,Keep light fight.
12,659.17,Leisure,Stressed,2025-01-01,Simply century the.
12,303.19,Other,Happy,2025-01-02,Stage someone for power.
12,735.51,Education,Happy,2025-01-02,People education great.
12,359.21,Other,Neutral,2025-01-02,Much rich think.
12,100.27,Food,Neutral,2025-01-03,Consider here grow agreement.
12,206.9,Other,Neutral,2025-01-03,Method exactly.
12,222.52,Education,Stressed,2025-01-04,Day fact modern.
12,187.54,Education,Neutral,2025-01-05,Should page camera.
12,916.87,Other,Happy,2025-01-07,Maintain assume both long.
12,735.03,Education,Neutral,2025-01-09,Agent say forward us.
12,668.18,Food,Stressed,2025-01-11,Spend prove stock school.
12,305.46,Travel,Happy,2025-01-12,Participant above.
12,574.01,Travel,Neutral,2025-01-13,Ask imagine my.
12,535.6,Leisure,Neutral,2025-01-14,Member box.
12,1079.36,Leisure,Sad,2025-01-14,Stop later reveal both.
12,815.93,Education,Neutral,2025-01-15,Affect marriage present a.
12,938.07,Leisure,Neutral,2025-01-16,Popular lead with.
12,403.46,Other,Happy,2025-01-16,Win central.
12,475.93,Food,Happy,2025-01-16,Choice father why often.
12,677.92,Leisure,Stressed,2025-01-17,Born same usually.
12,128.99,Leisure,Excited,2025-01-17,White measure manager range.
12,34.98,Food,Happy,2025-01-20,Heavy what least mouth national.
12,418.74,Leisure,Excited,2025-01-21,Call door.
12,940.48,Travel,Neutral,2025-01-22,Line score whether.
12,183.6,Food,Neutral,2025-01-23,Car risk.
12,102.83,Other,Neutral,2025-01-23,National back everybody direction budget.
12,682.27,Leisure,Neutral,2025-01-24,Field seat start pm.
12,472.78,Other,Neutral,2025-01-26,Quite everyone as generation.
12,548.28,Leisure,Happy,2025-01-26,Point be shoulder price great.
12,63.24,Travel,Happy,2025-01-28,Machine son television.
12,476.19,Other,Neutral,2025-01-29,Let stay or focus.
12,544.98,Education,Sad,2025-01-31,Road product wait.
13,699.79,Leisure,Excited,2024-08-01,Test they there.
13,232.96,Food,Neutral,2024-08-02,Lay color.
13,908.03,Leisure,Neutral,2024-08-02,Occur live take media hot.
13,417.64,Other,Neutral,2024-08-03,Talk interest hand.
13,483.68,Travel,Excited,2024-08-04,Computer prove amount population.
13,380.14,Leisure,Sad,2024-08-08,Fact reason make office.
13,932.51,Education,Neutral,2024-08-09,Real small.
13,29.55,Leisure,Neutral,2024-08-10,Never condition.
13,374.49,Other,Happy,2024-08-10,Nice maintain present cultural.
13,515.05,Leisure,Neutral,2024-08-14,None whose.
13,912.9,Leisure,Sad,2024-08-15,On must certainly.
13,306.64,Leisure,Neutral,2024-08-17,Safe whole establish.
13,70.27,Leisure,Excited,2024-08-18,Relate day.
13,475.64,Other,Neutral,2024-08-18,Strategy fight institution.
13,114.56,Education,Sad,2024-08-19,Home even.
13,804.63,Education,Happy,2024-08-21,News american foreign.
13,90.18,Other,Neutral,2024-08-23,Exist professional.
13,890.33,Other,Excited,2024-08-23,Scientist will begin.
13,1032.94,Leisure,Neutral,2024-08-24,Pattern size spend.
13,378.77,Leisure,Sad,2024-08-24,Into notice necessary true message.
13,466.98,Leisure,Neutral,2024-08-26,At decade really issue.
13,420.77,Other,Neutral,2024-08-28,Key place tree.
13,510.57,Other,Sad,2024-08-30,Cause field education child.
13,362.72,Education,Happy,2024-08-30,Value thing these.
13,80.8,Other,Sad,2024-09-07,Cell city not not the.
13,424.35,Other,Sad,2024-09-10,Strong student green.
13,16.47,Other,Happy,2024-09-11,Receive case past only drug.
13,139.11,Other,Excited,2024-09-11,Democrat hundred.
13,345.25,Leisure,Neutral,2024-09-13,Third coach congress husband.
13,199.15,Other,Neutral,2024-09-14,Policy mrs.
13,1110.24,Food,Neutral,2024-09-14,Account ten sing.
13,653.05,Other,Sad,2024-09-19,Section agency lawyer sign them.
13,98.86,Leisure,Happy,2024-09-19,Single blood continue.
13,88.36,Travel,Neutral,2024-09-21,Drug happy will young simply.
13,275.15,Other,Happy,2024-09-21,Mention billion bed never others.
13,128.77,Food,Neutral,2024-09-24,Lay color.
13,1053.4,Travel,Neutral,2024-09-26,Well mission situation result.
13,595.75,Leisure,Neutral,2024-09-26,Something population loss physical.
13,983.75,Education,Neutral,2024-09-27,Affect marriage present a.
13,584.88,Travel,Happy,2024-09-28,Wrong difficult range.
13,699.22,Other,Happy,2024-09-29,Either rich agency might.
13,691.65,Leisure,Neutral,2024-10-01,Scene almost leave.
13,726.1,Other,Neutral,2024-10-02,Break wait.
13,699.75,Leisure,Excited,2024-10-04,Task improve fish.
13,84.06,Leisure,Happy,2024-10-05,Drug entire involve.
13,301.46,Education,Neutral,2024-10-06,Particularly score order modern.
13,275.65,Leisure,Neutral,2024-10-06,Keep cut prevent sound.
13,257.14,Other,Neutral,2024-10-07,Long identify road speech.
13,265.57,Other,Happy,2024-10-10,Risk develop movement size.
13,306.34,Other,Excited,2024-10-10,Likely push.
13,116.48,Food,Happy,2024-10-12,Fish either boy between collection.
13,7.0,Leisure,Sad,2024-10-13,Society dark product make.
13,222.46,Food,Neutral,2024-10-13,Car risk.
13,63.17,Education,Neutral,2024-10-15,Name machine tree maybe.
13,932.16,Travel,Neutral,2024-10-26,Player really act friend.
13,258.29,Other,Happy,2024-10-26,Identify material.
13,483.08,Education,Neutral,2024-10-27,Even beautiful.
13,177.58,Education,Happy,2024-10-28,Bed far section.
13,387.12,Other,Neutral,2024-10-29,Run again help right.
13,632.59,Education,Neutral,2024-10-30,For age size.
13,10.22,Other,Happy,2024-11-01,Office of remember individual.
13,203.54,Education,Neutral,2024-11-03,Technology pay tree.
13,512.94,Leisure,Neutral,2024-11-05,Indicate herself.
13,1077.56,Other,Neutral,2024-11-06,Race to television loss.
13,68.57,Leisure,Sad,2024-11-07,Help usually thank wonder draw.
13,978.08,Leisure,Neutral,2024-11-08,There institution actually.
13,423.06,Other,Happy,2024-11-10,Future treat bill choice.
13,409.98,Travel,Excited,2024-11-11,Outside with each animal.
13,445.52,Food,Neutral,2024-11-11,Computer always his.
13,540.08,Leisure,Happy,2024-11-11,New type pm.
13,772.93,Other,Neutral,2024-11-12,And student give score agree.
13,230.34,Other,Stressed,2024-11-12,Enter capital population.
13,346.8,Leisure,Neutral,2024-11-13,Impact full our smile.
13,116.97,Food,Happy,2024-11-20,Maintain former campaign pretty beyond.
13,300.61,Leisure,Neutral,2024-11-21,Believe arrive.
13,366.21,Other,Sad,2024-11-22,Stuff agreement professional team foot.
13,872.83,Leisure,Neutral,2024-11-23,List already positive experience television.
13,36.34,Travel,Neutral,2024-11-25,Edge building court.
13,675.86,Education,Neutral,2024-11-26,White fire cause everybody.
13,164.12,Leisure,Excited,2024-11-26,Sort knowledge analysis together court.
13,637.52,Leisure,Happy,2024-11-29,Expect writer myself management.
13,444.34,Other,Sad,2024-12-02,Almost outside middle.
13,688.97,Food,Happy,2024-12-02,Woman meet report.
13,243.49,Other,Excited,2024-12-05,Evidence conference capital office.
13,144.46,Education,Neutral,2024-12-07,While total spend.
13,896.43,Food,Happy,2024-12-08,Something story attorney summer.
13,952.72,Other,Happy,2024-12-09,Start house ahead raise.
13,15.59,Leisure,Neutral,2024-12-09,Be fire.
13,101.9,Leisure,Neutral,2024-12-10,Worker always hold share.
13,230.51,Education,Sad,2024-12-11,Scientist i doctor.
13,869.23,Education,Neutral,2024-12-11,Pretty skin main program.
13,39.89,Travel,Neutral,2024-12-11,Call animal approach factor want.
13,184.24,Travel,Happy,2024-12-12,Receive to piece.
13,420.2,Food,Excited,2024-12-16,Bring animal also you.
13,948.89,Leisure,Neutral,2024-12-19,At decade really issue.
13,101.64,Travel,Neutral,2024-12-19,Say other never fact.
13,272.3,Other,Neutral,2024-12-22,Goal once let perform international.
13,521.41,Leisure,Happy,2024-12-22,Open million house enough.
13,153.82,Other,Neutral,2024-12-23,Democrat hundred.
13,498.8,Other,Neutral,2024-12-26,Car much will.
13,358.99,Food,Happy,2024-12-26,Probably conference sure administration debate.
13,323.19,Leisure,Excited,2024-12-28,Society common stay ready.
13,525.53,Education,Neutral,2024-12-29,Analysis color friend the.
13,484.71,Leisure,Sad,2024-12-29,Finish right serious.
13,86.42,Other,Excited,2024-12-31,Exist professional.
13,757.55,Travel,Sad,2025-01-01,Line score whether.
13,429.03,Travel,Neutral,2025-01-01,Couple city you level.
13,517.92,Other,Stressed,2025-01-03,Those pressure street.
13,227.74,Education,Neutral,2025-01-03,Listen whose situation simply officer.
13,135.37,Leisure,Neutral,2025-01-05,How staff.
13,442.7,Education,Neutral,2025-01-05,Field a spring.
13,425.61,Leisure,Neutral,2025-01-05,Never effect fill general relationship.
13,63.67,Other,Neutral,2025-01-10,Let member however.
13,76.8,Travel,Happy,2025-01-10,Anyone bank kitchen interest parent.
13,375.19,Travel,Neutral,2025-01-11,Itself free source.
13,1195.13,Leisure,Neutral,2025-01-15,Lose modern return simple herself.
13,533.95,Leisure,Neutral,2025-01-15,Professor beat window.
13,228.95,Other,Neutral,2025-01-16,Reach step son.
13,902.82,Leisure,Neutral,2025-01-19,Officer fine.
13,414.27,Leisure,Excited,2025-01-20,Person one republican.
13,282.62,Education,Happy,2025-01-21,Grow laugh.
13,227.33,Other,Happy,2025-01-22,Section national owner determine detail.
13,116.8,Travel,Neutral,2025-01-23,Pressure hospital significant.
13,377.78,Leisure,Stressed,2025-01-25,Nearly want front shake.
13,109.41,Travel,Neutral,2025-01-26,Leave opportunity draw during city.
13,582.23,Other,Excited,2025-01-26,End dog.
13,344.87,Leisure,Happy,2025-01-27,Happy action.
13,441.6,Education,Happy,2025-01-28,Present discussion.
13,302.65,Leisure,Neutral,2025-01-28,Check purpose young.
13,1056.82,Travel,Neutral,2025-01-30,Manager bar send really.
14,550.3,Leisure,Neutral,2024-08-02,Indicate herself.
14,180.71,Travel,Neutral,2024-08-03,Drug happy will young simply.
14,313.42,Leisure,Neutral,2024-08-03,Can mouth discover.
14,285.79,Other,Neutral,2024-08-03,Project spring of.
14,439.44,Other,Neutral,2024-08-04,Deep test thought.
14,319.67,Other,Happy,2024-08-06,Risk develop movement size.
14,767.56,Other,Happy,2024-08-06,Price institution method inside.
14,806.13,Travel,Stressed,2024-08-07,Citizen kid generation onto police.
14,148.96,Other,Happy,2024-08-08,Public particularly reality.
14,449.19,Other,Happy,2024-08-09,Western tend candidate day.
14,759.04,Food,Neutral,2024-08-09,Leg themselves away.
14,93.45,Other,Neutral,2024-08-11,Focus indicate result.
14,362.5,Other,Happy,2024-08-13,Military onto blue activity.
14,1224.57,Travel,Stressed,2024-08-14,Improve them wait.
14,250.85,Leisure,Excited,2024-08-14,Management sense technology check civil.
14,614.42,Other,Neutral,2024-08-16,Strong student green.
14,215.5,Leisure,Excited,2024-08-17,Something future they red.
14,378.08,Education,Neutral,2024-08-19,Wish current.
14,446.8,Leisure,Happy,2024-08-20,Language however risk work.
14,1196.31,Food,Stressed,2024-08-21,Maybe painting republican.
14,893.42,Other,Sad,2024-08-21,Find lay deal lot.
14,653.46,Education,Neutral,2024-08-21,Until choose wife national.
14,58.41,Other,Sad,2024-08-21,Kid put memory soldier.
14,350.03,Other,Happy,2024-08-22,Gas contain interest industry sell.
14,1035.36,Leisure,Neutral,2024-08-22,Herself law.
14,657.2,Other,Happy,2024-08-24,On professional analysis color.
14,80.23,Leisure,Sad,2024-08-25,Example decision garden.
14,32.24,Food,Neutral,2024-08-25,Growth appear project.
14,163.92,Food,Neutral,2024-08-26,Around there water.
14,349.35,Other,Happy,2024-08-26,Result many pattern.
14,709.68,Other,Neutral,2024-08-26,Much section investment on gun.
14,1029.13,Other,Stressed,2024-08-27,A when dark read.
14,31.86,Leisure,Neutral,2024-08-27,Never condition.
14,181.7,Education,Happy,2024-08-28,Check clearly follow remember generation.
14,358.15,Other,Happy,2024-08-31,Agreement red way nor none.
14,554.68,Food,Happy,2024-08-31,Land day name small.
14,1254.71,Leisure,Happy,2024-09-01,Huge garden family.
14,730.55,Other,Neutral,2024-09-02,Leave bar prevent require.
14,579.41,Education,Neutral,2024-09-02,Affect marriage present a.
14,544.02,Leisure,Happy,2024-09-02,Eye south wife interest.
14,990.47,Leisure,Neutral,2024-09-03,Popular lead with.
14,961.47,Leisure,Neutral,2024-09-03,Heavy class story side speak.
14,515.92,Leisure,Neutral,2024-09-04,Arrive budget education at property.
14,255.71,Food,Sad,2024-09-04,Network never.
14,741.06,Travel,Neutral,2024-09-07,Nearly need behavior.
14,265.51,Education,Neutral,2024-09-07,Allow girl team simply lead.
14,527.04,Education,Neutral,2024-09-08,Behind front attack song little.
14,913.5,Other,Happy,2024-09-09,Why like impact fly.
14,559.07,Education,Sad,2024-09-09,Table trade various risk art.
14,691.92,Other,Happy,2024-09-11,Question now key show.
14,167.49,Education,Stressed,2024-09-11,Actually purpose public.
14,273.2,Education,Neutral,2024-09-12,Range step painting concern.
14,771.95,Other,Neutral,2024-09-12,Machine whatever everything fear walk.
14,557.58,Education,Neutral,2024-09-12,Management game.
14,301.55,Other,Neutral,2024-09-13,Occur college herself.
14,1137.12,Other,Neutral,2024-09-14,Explain research.
14,283.69,Leisure,Neutral,2024-09-14,Indicate herself.
14,263.28,Travel,Stressed,2024-09-15,Likely scientist.
14,319.02,Travel,Neutral,2024-09-15,Participant above.
14,56.16,Leisure,Happy,2024-09-15,Help usually thank wonder draw.
14,270.73,Education,Neutral,2024-09-16,Leader operation mean white.
14,191.92,Leisure,Neutral,2024-09-16,Country little reality level.
14,531.62,Education,Neutral,2024-09-16,Able late order.
14,798.25,Travel,Neutral,2024-09-17,Player really act friend.
14,230.51,Travel,Excited,2024-09-17,Quickly new another general poor.
14,431.55,Education,Happy,2024-09-17,Involve thousand including.
14,564.71,Leisure,Happy,2024-09-18,Sure authority increase picture create.
14,754.5,Leisure,Neutral,2024-09-20,Miss have analysis morning.
14,823.72,Other,Happy,2024-09-20,Authority number.
14,435.33,Leisure,Neutral,2024-09-21,Brother southern project learn.
14,276.34,Leisure,Neutral,2024-09-21,Statement available win politics.
14,652.39,Food,Neutral,2024-09-22,We especially five network.
14,256.91,Education,Neutral,2024-09-23,Election hit yourself wrong want.
14,221.69,Travel,Sad,2024-09-23,Smile cover of pm eight.
14,149.99,Travel,Neutral,2024-09-23,Leave opportunity draw during city.
14,581.25,Education,Neutral,2024-09-25,For age size.
14,787.88,Other,Sad,2024-09-25,Peace race i.
14,415.3,Other,Stressed,2024-09-26,Those pressure street.
14,332.17,Leisure,Neutral,2024-09-28,Activity including single right.
14,674.78,Travel,Neutral,2024-09-28,Democratic thousand.
14,512.93,Education,Neutral,2024-09-28,Officer forward trouble.
14,97.58,Leisure,Neutral,2024-09-28,Bed food possible represent.
14,699.94,Other,Neutral,2024-09-28,Firm financial.
14,327.38,Leisure,Neutral,2024-09-30,Country remember smile.
14,63.94,Education,Excited,2024-09-30,Throughout would century television congress.
14,173.87,Leisure,Neutral,2024-09-30,Reduce hour fish him.
14,112.75,Other,Sad,2024-09-30,Him note painting quickly.
14,81.1,Other,Excited,2024-10-01,Let member however.
14,945.29,Food,Neutral,2024-10-03,Less into per big.
14,282.38,Other,Neutral,2024-10-03,Project spring of.
14,292.12,Education,Neutral,2024-10-03,My some skin ball thing.
14,555.87,Education,Neutral,2024-10-04,Challenge large wish move.
14,307.19,Food,Neutral,2024-10-04,Around there water.
14,397.85,Other,Happy,2024-10-05,Future treat bill choice.
14,196.76,Other,Happy,2024-10-05,Source onto provide.
14,1287.45,Leisure,Happy,2024-10-06,Provide car throughout american.
14,170.84,Food,Happy,2024-10-06,Skin name door production back.
14,98.37,Other,Happy,2024-10-07,Public particularly reality.
14,441.57,Leisure,Neutral,2024-10-07,Their off.
14,1104.0,Travel,Neutral,2024-10-07,Magazine degree husband around.
14,834.42,Other,Neutral,2024-10-07,Leg rest interest.
14,125.01,Leisure,Happy,2024-10-08,Bed food possible represent.
14,154.16,Other,Sad,2024-10-08,Be move fly open.
14,938.74,Travel,Happy,2024-10-08,Ahead picture son.
14,289.63,Leisure,Excited,2024-10-09,Safe whole establish.
14,14.14,Leisure,Neutral,2024-10-09,Strong mind from.
14,1074.9,Travel,Sad,2024-10-09,Them key.
14,786.12,Travel,Neutral,2024-10-10,Picture approach chance none fight.
14,559.15,Travel,Happy,2024-10-11,Quite budget window hour some.
14,462.98,Travel,Excited,2024-10-11,Item treat area.
14,971.89,Other,Stressed,2024-10-12,Condition all blood.
14,242.83,Other,Neutral,2024-10-12,Mention billion bed never others.
14,243.63,Other,Neutral,2024-10-13,Mention billion bed never others.
14,140.17,Education,Sad,2024-10-13,Home even.
14,869.19,Education,Sad,2024-10-14,Behind front attack song little.
14,642.12,Leisure,Neutral,2024-10-16,Stop later reveal both.
14,548.41,Food,Neutral,2024-10-19,Deal information.
14,848.66,Other,Happy,2024-10-20,Participant price.
14,666.45,Education,Neutral,2024-10-20,Weight take.
14,392.83,Education,Happy,2024-10-20,Together let.
14,231.87,Leisure,Neutral,2024-10-20,Along hard need involve among.
14,489.1,Travel,Neutral,2024-10-20,Finish increase economy middle public.
14,842.3,Food,Sad,2024-10-20,Quite general there sister.
14,658.21,Food,Neutral,2024-10-21,Across nothing.
14,644.78,Other,Neutral,2024-10-23,Feeling manage as.
14,465.27,Other,Happy,2024-10-23,How any federal star.
14,18.4,Leisure,Happy,2024-10-23,Be fire.
14,460.73,Other,Neutral,2024-10-25,Take family chance.
14,170.19,Food,Happy,2024-10-26,Democratic recent student specific political.
14,693.11,Education,Stressed,2024-10-27,Until choose wife national.
14,592.7,Travel,Excited,2024-10-27,Look fight.
14,886.65,Food,Sad,2024-10-27,Say dog drug enter.
14,389.14,Travel,Neutral,2024-10-28,Training occur could painting.
14,356.58,Leisure,Happy,2024-10-28,As second animal summer group.
14,7.76,Other,Excited,2024-10-29,Skill successful and.
14,445.82,Other,Neutral,2024-10-30,Woman daughter hospital move.
14,645.71,Food,Happy,2024-10-30,Leg themselves away.
14,398.37,Education,Neutral,2024-10-30,North question new.
14,67.49,Education,Neutral,2024-10-31,Good anything manager think pressure.
14,1181.58,Leisure,Happy,2024-10-31,Pattern size spend.
14,28.38,Travel,Neutral,2024-11-01,Dog late eat.
14,387.61,Other,Neutral,2024-11-01,Build smile across among situation.
14,390.26,Leisure,Neutral,2024-11-01,Sell only manage.
14,1301.64,Education,Neutral,2024-11-01,Consider time economic high.
14,73.8,Leisure,Sad,2024-11-02,Relate day.
14,791.23,Travel,Neutral,2024-11-02,Line score whether.
14,230.17,Travel,Neutral,2024-11-04,Position make society behavior.
14,828.77,Other,Happy,2024-11-04,Build view.
14,83.07,Education,Happy,2024-11-06,Doctor mr.
14,689.23,Leisure,Stressed,2024-11-06,Sure authority increase picture create.
14,1583.05,Education,Neutral,2024-11-06,Television argue mouth.
14,496.3,Other,Neutral,2024-11-08,Popular available public economy.
14,223.0,Education,Happy,2024-11-09,Paper beyond indeed.
14,340.32,Other,Neutral,2024-11-10,Nice maintain present cultural.
14,20.51,Travel,Neutral,2024-11-10,Dog late eat.
14,154.56,Other,Excited,2024-11-10,Goal once let perform international.
14,418.44,Leisure,Neutral,2024-11-10,International effort.
14,520.81,Leisure,Neutral,2024-11-10,Happy action.
14,256.37,Food,Excited,2024-11-11,Democratic recent student specific political.
14,615.31,Leisure,Neutral,2024-11-11,Seven project chance road.
14,1352.11,Education,Neutral,2024-11-12,Officer forward trouble.
14,215.14,Travel,Happy,2024-11-14,Energy always.
14,784.64,Leisure,Neutral,2024-11-14,Fight nice less agree able.
14,888.84,Food,Neutral,2024-11-14,Order his oil west school.
14,526.81,Other,Stressed,2024-11-16,Time surface learn design.
14,703.6,Travel,Neutral,2024-11-16,Analysis four capital.
14,919.4,Other,Neutral,2024-11-16,Win group important civil nature.
14,364.65,Education,Neutral,2024-11-17,Together let.
14,551.51,Education,Happy,2024-11-17,Beat light the window.
14,285.88,Food,Happy,2024-11-19,Specific onto go.
14,881.87,Travel,Neutral,2024-11-22,Three certain.
14,370.27,Other,Happy,2024-11-22,Cultural allow.
14,67.64,Travel,Happy,2024-11-22,Organization ten seem.
14,107.3,Food,Neutral,2024-11-23,Focus chance.
14,868.73,Travel,Neutral,2024-11-24,Gas with policy cut.
14,666.45,Other,Neutral,2024-11-24,Either rich agency might.
14,8.65,Leisure,Excited,2024-11-24,Society dark product make.
14,208.32,Travel,Sad,2024-11-25,Cut yard knowledge.
14,267.85,Education,Neutral,2024-11-26,Way cold.
14,410.04,Food,Happy,2024-11-26,Investment pass drive.
14,62.69,Food,Happy,2024-11-27,Card star avoid nothing.
14,540.7,Travel,Happy,2024-11-28,Age war measure whom.
14,185.55,Travel,Neutral,2024-11-29,Church community.
14,77.98,Food,Neutral,2024-11-30,Consider here grow agreement.
14,91.77,Food,Happy,2024-11-30,Security unit executive.
14,564.71,Other,Happy,2024-11-30,Least ready activity decision ok.
14,57.55,Other,Happy,2024-11-30,Important source first him.
14,995.52,Food,Neutral,2024-11-30,Buy tax.
14,741.55,Other,Neutral,2024-12-01,Perhaps order answer blue structure.
14,934.39,Other,Neutral,2024-12-02,Why like impact fly.
14,805.72,Food,Neutral,2024-12-03,Radio product.
14,314.37,Travel,Neutral,2024-12-03,Message seek civil all.
14,295.26,Education,Neutral,2024-12-04,Scientist i doctor.
14,946.65,Education,Sad,2024-12-05,Even beautiful.
14,787.85,Other,Neutral,2024-12-05,Take family chance.
14,426.02,Other,Happy,2024-12-06,Ready goal amount.
14,80.04,Leisure,Neutral,2024-12-06,Relate day.
14,731.08,Leisure,Stressed,2024-12-06,There institution actually.
14,618.04,Leisure,Neutral,2024-12-07,Rather type thousand show.
14,946.94,Leisure,Stressed,2024-12-09,Likely outside because.
14,326.02,Leisure,Neutral,2024-12-09,Me brother lot candidate owner.
14,642.97,Leisure,Neutral,2024-12-11,First blood accept final.
14,426.6,Education,Neutral,2024-12-11,Surface usually.
14,1228.34,Leisure,Neutral,2024-12-11,Rate society floor long same.
14,723.35,Other,Neutral,2024-12-12,Administration network once.
14,790.72,Leisure,Neutral,2024-12-13,Majority none little admit former.
14,318.08,Travel,Stressed,2024-12-13,Movement door kind.
14,408.08,Travel,Neutral,2024-12-13,Able customer figure.
14,414.46,Leisure,Excited,2024-12-15,Individual analysis.
14,580.7,Education,Happy,2024-12-16,Behavior here.
14,677.26,Other,Neutral,2024-12-16,All important shoulder she.
14,106.9,Other,Stressed,2024-12-17,Pattern wrong kind certainly.
14,79.58,Travel,Neutral,2024-12-17,Organization ten seem.
14,1281.93,Other,Neutral,2024-12-17,Marriage participant.
14,687.9,Leisure,Neutral,2024-12-17,On someone rise read.
14,43.82,Food,Neutral,2024-12-19,Doctor news yourself.
14,499.85,Travel,Neutral,2024-12-19,Personal often.
14,66.68,Food,Neutral,2024-12-19,Maintain former campaign pretty beyond.
14,467.52,Other,Stressed,2024-12-20,Stuff avoid.
14,242.43,Leisure,Neutral,2024-12-21,Somebody prepare few sound.
14,401.31,Education,Neutral,2024-12-21,Surface usually.
14,78.22,Leisure,Stressed,2024-12-22,Help usually thank wonder draw.
14,923.67,Other,Neutral,2024-12-22,Section agency lawyer sign them.
14,113.91,Leisure,Happy,2024-12-23,Along hard need involve among.
14,1109.26,Other,Neutral,2024-12-24,Discussion detail training fund.
14,660.2,Leisure,Happy,2024-12-25,Expect writer myself management.
14,384.01,Other,Neutral,2024-12-25,Dinner no main year size.
14,759.34,Leisure,Neutral,2024-12-25,Day stock.
14,713.35,Travel,Neutral,2024-12-26,Change she tonight.
14,464.8,Travel,Neutral,2024-12-26,Analysis four capital.
14,802.88,Leisure,Happy,2024-12-26,Same page ago director.
14,552.85,Education,Neutral,2024-12-26,Goal talk sit party.
14,17.56,Leisure,Neutral,2024-12-26,Be fire.
14,388.86,Other,Sad,2024-12-27,Approach side model you billion.
14,107.98,Other,Neutral,2024-12-29,Money a.
14,663.7,Travel,Happy,2024-12-30,Cost attorney.
14,380.11,Food,Happy,2024-12-31,Smile peace apply.
14,272.92,Other,Neutral,2025-01-02,Fish late pattern.
14,435.01,Other,Neutral,2025-01-03,Above company media next me.
14,955.6,Other,Neutral,2025-01-04,As throughout individual list manager.
14,872.68,Leisure,Sad,2025-01-04,Half president structure might.
14,461.9,Other,Happy,2025-01-04,Talk interest hand.
14,411.91,Education,Neutral,2025-01-05,Goal talk sit party.
14,963.4,Travel,Neutral,2025-01-05,Western order accept wide prevent.
14,613.64,Leisure,Stressed,2025-01-06,Rather type thousand show.
14,230.42,Other,Sad,2025-01-06,Long identify road speech.
14,644.78,Travel,Neutral,2025-01-06,Mind door authority outside.
14,890.38,Other,Neutral,2025-01-08,Scientist necessary into.
14,549.3,Food,Neutral,2025-01-09,Like clear.
14,984.3,Education,Happy,2025-01-09,Television argue mouth.
14,271.85,Food,Happy,2025-01-09,Note discuss discussion reach grow.
14,542.8,Leisure,Happy,2025-01-09,Turn both in animal.
14,383.96,Other,Neutral,2025-01-09,Take family chance.
14,159.98,Leisure,Neutral,2025-01-10,Something future they red.
14,315.5,Education,Happy,2025-01-11,High issue deal democratic.
14,488.46,Leisure,Neutral,2025-01-13,Care run there leg.
14,898.4,Leisure,Neutral,2025-01-14,Save network item one under.
14,93.84,Leisure,Neutral,2025-01-14,Inside machine baby.
14,1208.44,Leisure,Neutral,2025-01-15,White likely teacher one.
14,770.73,Education,Stressed,2025-01-15,Wish candidate have no.
14,163.14,Leisure,Sad,2025-01-17,Window research his.
14,556.09,Other,Happy,2025-01-17,Town glass road.
14,511.07,Other,Neutral,2025-01-17,Health image.
14,892.66,Other,Excited,2025-01-20,Approach side model you billion.
14,281.56,Travel,Neutral,2025-01-20,Finish summer rest feel finally.
14,107.56,Other,Neutral,2025-01-20,Be move fly open.
14,1167.12,Other,Excited,2025-01-21,Section agency lawyer sign them.
14,1180.0,Other,Neutral,2025-01-21,Forward sense cause write right.
14,555.61,Education,Neutral,2025-01-22,Value car team nothing.
14,70.29,Education,Neutral,2025-01-23,While total spend.
14,568.2,Food,Happy,2025-01-23,You ready way rule.
14,1047.08,Travel,Sad,2025-01-24,Court movie cell.
14,539.02,Education,Neutral,2025-01-24,Opportunity lead see.
14,932.54,Food,Excited,2025-01-26,Above dog brother morning.
14,419.04,Travel,Neutral,2025-01-26,Itself free source.
14,87.37,Education,Neutral,2025-01-27,Boy different chance enter.
14,211.47,Other,Sad,2025-01-27,Day already hold.
14,800.93,Other,Stressed,2025-01-27,Condition all blood.
14,699.23,Leisure,Neutral,2025-01-29,Paper memory history office.
15,283.43,Travel,Neutral,2024-08-01,Participant above.
15,442.28,Education,Neutral,2024-08-02,White fire cause everybody.
15,1268.19,Travel,Happy,2024-08-03,News need task mind.
15,506.0,Education,Sad,2024-08-03,Four field area young.
15,309.85,Leisure,Stressed,2024-08-03,Into notice necessary true message.
15,690.89,Education,Stressed,2024-08-03,Walk cup option store.
15,503.69,Leisure,Neutral,2024-08-03,Arrive budget education at property.
15,690.48,Leisure,Neutral,2024-08-04,Yourself successful defense subject.
15,60.8,Education,Neutral,2024-08-04,While bring yourself.
15,448.76,Travel,Stressed,2024-08-04,Personal often.
15,373.48,Leisure,Neutral,2024-08-05,Result sound.
15,744.77,Other,Happy,2024-08-06,Participant price.
15,402.75,Other,Neutral,2024-08-06,Reach step son.
15,694.49,Other,Neutral,2024-08-09,Quality throughout.
15,143.12,Other,Happy,2024-08-09,Stage threat our.
15,1114.58,Leisure,Happy,2024-08-11,Raise hope enjoy most.
15,436.58,Other,Neutral,2024-08-11,Price institution method inside.
15,180.54,Leisure,Neutral,2024-08-11,Daughter war.
15,576.82,Food,Neutral,2024-08-13,Side mind question year finish.
15,762.24,Other,Neutral,2024-08-14,Very figure drive special.
15,449.03,Leisure,Neutral,2024-08-15,Medical nearly.
15,559.86,Leisure,Happy,2024-08-16,Country remember smile.
15,640.38,Other,Neutral,2024-08-16,Us decade.
15,1108.26,Food,Neutral,2024-08-18,Land day name small.
15,64.0,Food,Neutral,2024-08-19,Base investment.
15,144.29,Leisure,Neutral,2024-08-21,Voice american seven discussion.
15,828.61,Travel,Neutral,2024-08-21,Look fight.
15,150.06,Education,Sad,2024-08-23,Democrat cost evidence third.
15,292.33,Leisure,Neutral,2024-08-23,Window research his.
15,319.24,Education,Neutral,2024-08-24,Way cold.
15,428.82,Other,Neutral,2024-08-24,War push thousand book half.
15,901.16,Food,Neutral,2024-08-25,Land day name small.
15,129.11,Food,Neutral,2024-08-27,Difference attention whatever american.
15,394.33,Food,Happy,2024-08-28,Wife talk beat tax majority.
15,510.18,Travel,Happy,2024-08-29,Race mr.
15,547.8,Other,Happy,2024-08-29,Yes at seat ok.
15,354.98,Leisure,Neutral,2024-08-31,Give white everybody paper create.
15,311.54,Other,Happy,2024-09-01,Above company media next me.
15,599.48,Education,Neutral,2024-09-01,Particularly score order modern.
15,414.63,Other,Sad,2024-09-02,Throughout leader bag.
15,655.01,Travel,Happy,2024-09-02,Wall act special.
15,1324.42,Food,Stressed,2024-09-04,Thousand live land hard.
15,1316.95,Food,Excited,2024-09-04,Bill beautiful issue.
15,132.47,Other,Neutral,2024-09-04,Be move fly open.
15,1039.75,Education,Happy,2024-09-07,Future congress.
15,460.36,Other,Excited,2024-09-08,Talk interest hand.
15,298.36,Education,Neutral,2024-09-08,For age size.
15,476.2,Education,Sad,2024-09-09,Budget remain reduce.
15,383.15,Other,Stressed,2024-09-09,Industry impact certainly.
15,411.8,Other,Neutral,2024-09-09,Have decide environment.
15,429.4,Leisure,Happy,2024-09-10,Person one republican.
15,486.65,Leisure,Happy,2024-09-10,Story case.
15,971.17,Travel,Neutral,2024-09-11,Race mr.
15,326.77,Other,Happy,2024-09-12,Heart determine likely.
15,58.63,Leisure,Neutral,2024-09-16,Inside big minute.
15,196.78,Other,Neutral,2024-09-16,Turn put professional.
15,592.74,Other,Neutral,2024-09-17,Material produce station visit environmental.
15,380.75,Education,Stressed,2024-09-18,Involve thousand including.
15,370.99,Other,Excited,2024-09-18,Difficult quite act receive stage.
15,55.0,Food,Sad,2024-09-18,Card star avoid nothing.
15,589.87,Food,Excited,2024-09-19,Bill beautiful issue.
15,871.21,Other,Neutral,2024-09-19,Section child.
15,166.64,Food,Neutral,2024-09-20,Network never.
15,231.85,Food,Happy,2024-09-20,Bring animal also you.
15,373.18,Food,Happy,2024-09-23,Past product make of group.
15,459.9,Leisure,Neutral,2024-09-25,Recent couple cost girl run.
15,1224.36,Food,Excited,2024-09-25,Order his oil west school.
15,577.55,Other,Happy,2024-09-26,Leg rest interest.
15,435.2,Travel,Neutral,2024-09-28,Small control see the.
15,721.6,Education,Neutral,2024-09-29,Quite response.
15,171.43,Leisure,Neutral,2024-09-29,Place offer.
15,139.94,Education,Excited,2024-09-29,Despite sound receive let.
15,49.64,Leisure,Sad,2024-09-30,That reflect send set fly.
15,146.17,Education,Happy,2024-10-01,Actually purpose public.
15,615.99,Travel,Neutral,2024-10-02,Itself free source.
15,742.41,Leisure,Happy,2024-10-03,Box organization.
15,836.68,Education,Neutral,2024-10-03,My serious whatever miss seek.
15,956.29,Other,Neutral,2024-10-03,Perhaps order answer blue structure.
15,71.43,Leisure,Sad,2024-10-03,Drug entire involve.
15,727.09,Other,Sad,2024-10-04,Least ready activity decision ok.
15,1089.0,Leisure,Neutral,2024-10-04,Could gun.
15,640.82,Other,Happy,2024-10-04,Local director become.
15,658.98,Leisure,Neutral,2024-10-06,Guess service this different.
15,711.79,Other,Neutral,2024-10-07,Miss reduce animal clearly cell.
15,462.56,Leisure,Happy,2024-10-08,Night various return explain.
15,1016.85,Other,Happy,2024-10-08,Best generation group goal.
15,166.62,Food,Happy,2024-10-08,Minute question their rather.
15,1094.94,Leisure,Sad,2024-10-09,There institution actually.
15,781.85,Food,Neutral,2024-10-09,By two bad fall pick.
15,267.17,Leisure,Neutral,2024-10-10,Image movie who debate.
15,448.07,Travel,Neutral,2024-10-12,Race mr.
15,404.45,Other,Excited,2024-10-12,Resource road do.
15,734.41,Education,Excited,2024-10-13,Economic represent stock.
15,396.13,Other,Happy,2024-10-14,Task central dinner.
15,222.7,Travel,Neutral,2024-10-14,Dinner article hit mission whole.
15,536.08,Education,Excited,2024-10-16,Wish current.
15,1108.81,Leisure,Neutral,2024-10-16,Stop later reveal both.
15,226.0,Other,Sad,2024-10-17,Stage someone for power.
15,129.38,Other,Neutral,2024-10-18,Administration mother in admit.
15,183.12,Other,Neutral,2024-10-19,Expert movement reach man.
15,16.08,Leisure,Neutral,2024-10-19,Be fire.
15,479.77,Travel,Happy,2024-10-19,Party employee nature down.
15,321.11,Travel,Neutral,2024-10-21,Concern ability reduce.
15,622.39,Leisure,Happy,2024-10-22,There decision measure.
15,506.61,Leisure,Sad,2024-10-22,Wrong difficult.
15,665.65,Food,Neutral,2024-10-23,Leg themselves away.
15,489.75,Other,Neutral,2024-10-24,Owner memory argue project.
15,704.62,Education,Stressed,2024-10-26,Affect machine.
15,37.94,Travel,Happy,2024-10-27,Really society live camera.
15,500.77,Other,Sad,2024-10-28,Many themselves minute.
15,142.99,Education,Stressed,2024-10-28,Should page camera.
15,546.13,Leisure,Happy,2024-10-28,Half president structure might.
15,1068.55,Food,Happy,2024-10-31,Development provide dark daughter.
15,406.91,Food,Happy,2024-10-31,Effect people.
15,524.83,Leisure,Sad,2024-11-01,Research month instead.
15,181.59,Education,Excited,2024-11-02,Pass range appear home player.
15,376.16,Leisure,Happy,2024-11-04,Decade trade field training.
15,1002.15,Food,Neutral,2024-11-04,Ask window full.
15,402.19,Leisure,Sad,2024-11-04,Bar professor power.
15,592.0,Other,Happy,2024-11-05,Old particularly.
15,359.75,Education,Excited,2024-11-05,Bit appear.
15,368.44,Leisure,Sad,2024-11-06,Building range national focus.
15,820.68,Leisure,Stressed,2024-11-07,City usually ever.
15,40.69,Food,Neutral,2024-11-08,Doctor population grow bar.
15,843.18,Travel,Excited,2024-11-08,Citizen kid generation onto police.
15,431.29,Other,Sad,2024-11-09,Western tend candidate day.
15,753.8,Travel,Happy,2024-11-10,Ability live.
15,458.39,Education,Neutral,2024-11-10,Particularly score order modern.
15,148.01,Food,Neutral,2024-11-14,Skin name door production back.
15,476.41,Other,Happy,2024-11-14,Produce ago.
15,116.8,Other,Excited,2024-11-14,Pretty section degree still.
15,492.5,Leisure,Happy,2024-11-16,Me brother lot candidate owner.
15,826.17,Food,Neutral,2024-11-17,Within woman.
15,611.01,Education,Neutral,2024-11-19,North question new.
15,60.67,Other,Neutral,2024-11-20,Bill eight community.
15,703.14,Food,Neutral,2024-11-20,And national spend.
15,1157.87,Other,Neutral,2024-11-21,Be plan same cause.
15,432.81,Other,Neutral,2024-11-21,Expert movement reach man.
15,272.28,Leisure,Happy,2024-11-22,I fund.
15,577.29,Other,Happy,2024-11-22,Whatever late specific.
15,726.18,Other,Stressed,2024-11-24,Race to television loss.
15,237.56,Education,Neutral,2024-11-25,Grow laugh.
15,129.67,Food,Neutral,2024-11-26,Democratic recent student specific political.
15,494.03,Other,Sad,2024-11-27,Describe paper.
15,381.64,Food,Neutral,2024-11-29,Something story attorney summer.
15,605.54,Travel,Neutral,2024-11-29,Why station manager.
15,587.21,Leisure,Happy,2024-11-30,Answer just.
15,231.91,Other,Neutral,2024-11-30,Difficult quite act receive stage.
15,446.94,Other,Stressed,2024-12-01,Material produce station visit environmental.
15,123.66,Education,Stressed,2024-12-02,Anyone spend them system.
15,47.27,Education,Neutral,2024-12-02,Book economic.
15,396.33,Leisure,Happy,2024-12-03,Arrive budget education at property.
15,1041.04,Travel,Neutral,2024-12-03,Ball theory prepare much throughout.
15,531.23,Other,Sad,2024-12-04,Already because education break significant.
15,201.69,Leisure,Neutral,2024-12-04,Window research his.
15,883.94,Leisure,Neutral,2024-12-05,Oil per line create build.
15,822.77,Education,Neutral,2024-12-06,Reality fill ok list.
15,82.89,Leisure,Neutral,2024-12-06,Position interest.
15,142.75,Leisure,Neutral,2024-12-11,Sort knowledge analysis together court.
15,746.09,Other,Neutral,2024-12-12,Fall care.
15,244.81,Leisure,Neutral,2024-12-12,Indicate herself.
15,1002.98,Education,Sad,2024-12-12,Weight take.
15,515.29,Travel,Happy,2024-12-13,Small control see the.
15,405.32,Travel,Neutral,2024-12-15,Race mr.
15,59.89,Education,Neutral,2024-12-15,While bring yourself.
15,377.73,Education,Happy,2024-12-15,Among black picture that treat.
15,761.37,Food,Neutral,2024-12-15,How trip learn enter.
15,326.2,Food,Neutral,2024-12-16,Myself so growth time.
15,866.38,Food,Neutral,2024-12-17,Law agree appear political.
15,891.0,Other,Excited,2024-12-18,As throughout individual list manager.
15,1094.8,Other,Sad,2024-12-19,Much section investment on gun.
15,232.07,Other,Happy,2024-12-19,Car fast positive.
15,237.09,Other,Excited,2024-12-21,Moment red eight hand.
15,1260.84,Other,Sad,2024-12-22,Billion land detail exist cover.
15,129.6,Other,Happy,2024-12-27,Short indicate police.
15,561.63,Travel,Neutral,2024-12-28,Try wonder move trade.
15,842.2,Other,Neutral,2024-12-31,As throughout individual list manager.
15,408.65,Leisure,Excited,2024-12-31,Company left nothing trip.
15,210.38,Leisure,Sad,2025-01-04,Institution whatever yet.
15,246.0,Food,Stressed,2025-01-06,Fish either boy between collection.
15,1048.03,Travel,Neutral,2025-01-06,Because career course.
15,697.09,Other,Happy,2025-01-07,War push thousand book half.
15,229.48,Education,Sad,2025-01-08,Together let.
15,266.54,Education,Stressed,2025-01-08,Good lay coach.
15,564.22,Food,Neutral,2025-01-09,Smile peace apply.
15,507.93,Leisure,Sad,2025-01-10,Democratic mention generation.
15,449.6,Food,Sad,2025-01-11,Hundred step according.
15,148.35,Other,Excited,2025-01-11,Already argue.
15,669.27,Other,Neutral,2025-01-11,And student give score agree.
15,107.15,Other,Neutral,2025-01-11,Store natural today season.
15,664.24,Food,Happy,2025-01-13,Choice father why often.
15,357.59,Other,Neutral,2025-01-13,Military onto blue activity.
15,804.29,Travel,Neutral,2025-01-13,Hold carry rest.
15,753.41,Leisure,Happy,2025-01-14,There decision measure.
15,51.33,Education,Neutral,2025-01-18,Third rich hospital.
15,762.47,Travel,Neutral,2025-01-18,Line score whether.
15,519.34,Other,Neutral,2025-01-22,Stuff avoid.
15,466.58,Food,Happy,2025-01-23,Future choice whatever from.
15,223.09,Other,Happy,2025-01-23,Until truth feeling view.
15,1037.44,Education,Neutral,2025-01-24,Pretty skin main program.
15,334.99,Other,Excited,2025-01-24,Management produce bed stage.
15,384.94,Food,Neutral,2025-01-24,Smile peace apply.
15,193.98,Travel,Neutral,2025-01-24,Why outside.
15,48.57,Other,Neutral,2025-01-25,Magazine join.
15,567.73,Travel,Happy,2025-01-26,Score moment second.
15,190.21,Travel,Neutral,2025-01-27,Smile cover of pm eight.
15,1053.12,Other,Excited,2025-01-27,Beyond family movement hospital back.
15,13.19,Other,Excited,2025-01-28,Write other wear through partner.
15,40.16,Food,Neutral,2025-01-30,Your ever woman way avoid.
15,517.42,Leisure,Neutral,2025-01-31,Majority none little admit former.
15,526.59,Other,Excited,2025-01-31,Real know our any.
16,479.35,Leisure,Happy,2024-08-01,Sign wall.
16,167.27,Travel,Sad,2024-08-01,Indeed believe interview professor.
16,66.64,Education,Sad,2024-08-02,Third rich hospital.
16,195.74,Other,Excited,2024-08-04,Fear song save.
16,910.99,Leisure,Sad,2024-08-05,Expect writer myself management.
16,747.99,Leisure,Sad,2024-08-05,Box organization.
16,184.13,Leisure,Happy,2024-08-06,Can mouth discover.
16,81.64,Food,Sad,2024-08-09,Difference attention whatever american.
16,503.42,Other,Sad,2024-08-09,Land region back nor article.
16,274.39,Leisure,Neutral,2024-08-09,Care run there leg.
16,175.22,Education,Neutral,2024-08-10,Clear single expect.
16,185.66,Education,Happy,2024-08-11,My some skin ball thing.
16,889.89,Other,Neutral,2024-08-12,Letter mind many.
16,642.88,Leisure,Neutral,2024-08-13,Different international sell several.
16,711.1,Leisure,Neutral,2024-08-15,Charge note space when collection.
16,342.12,Leisure,Excited,2024-08-16,Believe arrive.
16,596.58,Leisure,Neutral,2024-08-17,Oil per line create build.
16,380.58,Food,Neutral,2024-08-18,Boy generation.
16,154.91,Travel,Happy,2024-08-18,Say other never fact.
16,57.77,Travel,Excited,2024-08-19,We cold deep.
16,504.12,Leisure,Neutral,2024-08-19,Paper memory history office.
16,319.96,Other,Happy,2024-08-20,Section national owner determine detail.
16,130.2,Other,Neutral,2024-08-20,Create physical share out cold.
16,1553.61,Education,Neutral,2024-08-21,Too song quality per build.
16,160.7,Education,Neutral,2024-08-24,Democrat cost evidence third.
16,435.16,Food,Happy,2024-08-25,Project can.
16,893.77,Education,Neutral,2024-08-25,Four field area young.
16,859.59,Education,Happy,2024-08-25,Consider time economic high.
16,205.82,Other,Neutral,2024-08-26,Control piece behavior message wind.
16,750.12,Leisure,Sad,2024-08-26,Born same usually.
16,1299.41,Food,Happy,2024-08-27,Down occur.
16,998.67,Travel,Neutral,2024-08-28,Nearly care base.
16,986.69,Leisure,Happy,2024-08-28,Heavy class story side speak.
16,398.02,Leisure,Neutral,2024-08-29,Language budget market president.
16,89.28,Other,Sad,2024-09-03,Why though decide bank likely.
16,1341.76,Travel,Happy,2024-09-04,Item treat area.
16,180.19,Other,Stressed,2024-09-05,Pretty section degree still.
16,288.06,Education,Happy,2024-09-09,Together let.
16,255.65,Food,Neutral,2024-09-09,Environmental run head garden box.
16,192.19,Leisure,Neutral,2024-09-09,Big look tell prepare.
16,237.94,Other,Neutral,2024-09-09,Nature performance yeah.
16,744.08,Education,Neutral,2024-09-10,Economic represent stock.
16,105.58,Education,Happy,2024-09-11,Charge form here.
16,810.62,Other,Neutral,2024-09-12,A when dark read.
16,557.34,Other,Stressed,2024-09-14,Beyond family movement hospital back.
16,466.98,Leisure,Neutral,2024-09-15,Need finally when.
16,368.97,Leisure,Happy,2024-09-15,I fund.
16,599.82,Leisure,Sad,2024-09-16,Available defense.
16,914.55,Leisure,Neutral,2024-09-17,Boy other foot best.
16,334.4,Travel,Happy,2024-09-17,Few spring raise.
16,218.65,Other,Neutral,2024-09-18,Section national owner determine detail.
16,425.99,Other,Happy,2024-09-18,Material produce station visit environmental.
16,421.35,Other,Happy,2024-09-18,Identify material.
16,1064.0,Leisure,Sad,2024-09-19,Song difference part wall require.
16,346.27,Leisure,Neutral,2024-09-19,Miss have analysis morning.
16,517.78,Other,Happy,2024-09-21,War push thousand book half.
16,1051.68,Education,Neutral,2024-09-23,News american foreign.
16,551.98,Leisure,Happy,2024-09-24,Majority none little admit former.
16,328.29,Leisure,Excited,2024-09-24,Despite off consumer second.
16,916.45,Travel,Excited,2024-09-25,Magazine degree husband around.
16,119.53,Other,Happy,2024-09-25,Evidence conference capital office.
16,178.62,Other,Sad,2024-09-26,Citizen street region.
16,367.74,Education,Stressed,2024-09-26,Scientist i doctor.
16,162.63,Other,Happy,2024-09-29,College manage fund.
16,571.21,Travel,Neutral,2024-09-29,Age war measure whom.
16,368.23,Leisure,Excited,2024-10-01,Property let.
16,150.03,Education,Happy,2024-10-01,Bed far section.
16,675.87,Other,Neutral,2024-10-03,Current after charge.
16,365.11,Leisure,Sad,2024-10-03,A value lot.
16,273.33,Education,Neutral,2024-10-05,Within prove full.
16,369.76,Travel,Happy,2024-10-05,Message seek civil all.
16,651.83,Other,Neutral,2024-10-05,Raise several west side admit.
16,102.1,Travel,Neutral,2024-10-07,Machine son television.
16,295.82,Travel,Sad,2024-10-07,So draw food company.
16,328.08,Leisure,Neutral,2024-10-08,Determine feel article we they.
16,10.93,Leisure,Neutral,2024-10-10,Strong mind from.
16,637.53,Travel,Sad,2024-10-10,Remember nearly face feel.
16,421.32,Other,Happy,2024-10-12,Stage someone for power.
16,247.16,Other,Neutral,2024-10-12,Run again help right.
16,293.07,Travel,Neutral,2024-10-15,Program decade home which view.
16,616.4,Leisure,Happy,2024-10-15,Think live bad total research.
16,1397.87,Other,Neutral,2024-10-16,Town glass road.
16,887.35,Food,Neutral,2024-10-16,Western enough key.
16,694.37,Other,Neutral,2024-10-17,Serious produce.
16,58.94,Other,Neutral,2024-10-17,Idea seek.
16,40.64,Other,Stressed,2024-10-20,Bill eight community.
16,797.84,Leisure,Neutral,2024-10-20,Detail far church some.
16,412.71,Leisure,Excited,2024-10-22,Give white everybody paper create.
16,1342.58,Education,Neutral,2024-10-22,Lawyer writer health.
16,966.91,Travel,Stressed,2024-10-22,Ahead picture son.
16,45.84,Other,Happy,2024-10-22,People newspaper stay.
16,728.0,Other,Sad,2024-10-22,Police two.
16,580.69,Education,Sad,2024-10-23,Bit appear.
16,890.4,Travel,Neutral,2024-10-23,Race mr.
16,58.7,Travel,Happy,2024-10-26,Call animal approach factor want.
16,88.99,Other,Neutral,2024-10-29,Important source first him.
16,605.54,Other,Neutral,2024-10-30,Police two.
16,331.6,Other,Neutral,2024-10-31,Turn put professional.
16,111.97,Leisure,Neutral,2024-10-31,Keep light fight.
16,661.64,Travel,Happy,2024-11-01,Do interesting material.
16,206.78,Education,Happy,2024-11-01,Despite sound receive let.
16,498.37,Leisure,Stressed,2024-11-02,Detail far church some.
16,144.72,Food,Stressed,2024-11-02,Employee become happy water bring.
16,448.08,Other,Happy,2024-11-02,Stage someone for power.
16,983.92,Other,Neutral,2024-11-02,Take family chance.
16,420.12,Education,Sad,2024-11-03,Among black picture that treat.
16,35.87,Other,Happy,2024-11-04,Magazine join.
16,999.41,Food,Neutral,2024-11-05,Smile high open scientist.
16,1054.23,Leisure,Neutral,2024-11-06,Tv budget system book.
16,638.63,Travel,Neutral,2024-11-07,Month whom stage soon.
16,944.05,Travel,Neutral,2024-11-08,Finish increase economy middle public.
16,369.79,Education,Neutral,2024-11-08,Development the inside thought.
16,94.48,Leisure,Neutral,2024-11-10,Cold reason our.
16,470.2,Education,Excited,2024-11-11,Agent say forward us.
16,665.9,Food,Neutral,2024-11-11,Western enough key.
16,369.24,Education,Neutral,2024-11-13,Surface usually.
16,1142.91,Food,Neutral,2024-11-14,Your less social form.
16,993.46,Other,Sad,2024-11-15,Least ready activity decision ok.
16,145.89,Leisure,Sad,2024-11-15,To receive education.
16,342.15,Food,Neutral,2024-11-18,Specific onto go.
16,201.32,Leisure,Stressed,2024-11-19,After sister should across treatment.
16,987.11,Education,Neutral,2024-11-22,Pretty skin main program.
16,728.18,Travel,Neutral,2024-11-23,Them key.
16,225.54,Leisure,Happy,2024-11-24,To receive education.
16,334.68,Education,Neutral,2024-11-24,My some skin ball thing.
16,427.21,Leisure,Neutral,2024-11-25,Night various return explain.
16,57.2,Other,Excited,2024-11-26,Magazine join.
16,245.68,Other,Neutral,2024-11-26,Throughout leader bag.
16,817.73,Other,Happy,2024-11-28,Claim move.
16,204.67,Other,Happy,2024-11-28,Hope floor include.
16,498.12,Leisure,Neutral,2024-12-02,A value lot.
16,1196.08,Travel,Excited,2024-12-03,Rest or.
16,790.34,Leisure,Excited,2024-12-03,Live seat.
16,629.89,Travel,Neutral,2024-12-04,Senior service large under.
16,522.44,Food,Neutral,2024-12-04,Part crime.
16,167.81,Leisure,Neutral,2024-12-04,Along hard need involve among.
16,933.81,Travel,Neutral,2024-12-06,Computer prove amount population.
16,368.09,Other,Sad,2024-12-08,How any federal star.
16,119.91,Other,Neutral,2024-12-08,Bank price north first end.
16,151.13,Leisure,Neutral,2024-12-09,Big look tell prepare.
16,553.44,Leisure,Neutral,2024-12-11,Decide similar office.
16,1136.13,Other,Neutral,2024-12-11,Quality throughout.
16,379.1,Leisure,Neutral,2024-12-12,Method everything.
16,948.47,Other,Neutral,2024-12-13,Town glass road.
16,64.76,Education,Excited,2024-12-13,Keep yes.
16,587.18,Other,Neutral,2024-12-13,Local director become.
16,336.85,Leisure,Sad,2024-12-14,Management sense technology check civil.
16,417.31,Other,Excited,2024-12-14,Remember ability.
16,101.35,Other,Happy,2024-12-15,Cell city not not the.
16,76.53,Other,Neutral,2024-12-15,Store natural today season.
16,864.0,Travel,Neutral,2024-12-16,More road development about.
16,366.42,Leisure,Neutral,2024-12-17,Third coach congress husband.
16,50.37,Other,Excited,2024-12-17,Something fine apply gas sing.
16,612.59,Travel,Neutral,2024-12-18,Small control see the.
16,204.54,Food,Neutral,2024-12-18,Fish either boy between collection.
16,559.36,Education,Sad,2024-12-19,Challenge large wish move.
16,268.05,Travel,Happy,2024-12-19,What than political up instead.
16,152.1,Other,Neutral,2024-12-19,Section national owner determine detail.
16,918.68,Education,Neutral,2024-12-20,Real small.
16,824.14,Food,Neutral,2024-12-20,Smile high open scientist.
16,1131.59,Travel,Happy,2024-12-20,News need task mind.
16,684.26,Travel,Sad,2024-12-21,Citizen ahead method.
16,914.83,Food,Neutral,2024-12-21,Tree imagine machine.
16,1260.86,Travel,Neutral,2024-12-21,Rest or.
16,338.52,Food,Neutral,2024-12-21,Computer always his.
16,1073.11,Education,Happy,2024-12-22,Lawyer writer health.
16,182.54,Leisure,Neutral,2024-12-23,Statement available win politics.
16,188.89,Education,Neutral,2024-12-24,Technology pay tree.
16,945.65,Other,Neutral,2024-12-24,Conference trade population agreement.
16,74.71,Other,Neutral,2024-12-24,Live way two.
16,1414.5,Travel,Neutral,2024-12-25,Wall act special.
16,598.81,Other,Neutral,2024-12-25,Condition all blood.
16,102.18,Other,Neutral,2024-12-25,Store natural today season.
16,267.98,Food,Happy,2024-12-25,Each author party full kitchen.
16,133.93,Other,Sad,2024-12-26,Finally shoulder land.
16,375.22,Education,Excited,2024-12-26,North question new.
16,491.79,Travel,Happy,2024-12-28,Able customer figure.
16,442.87,Food,Happy,2024-12-30,Past feeling nature.
16,462.71,Leisure,Excited,2024-12-31,Arrive society.
16,98.24,Education,Stressed,2025-01-01,Doctor mr.
16,891.78,Other,Stressed,2025-01-01,Billion land detail exist cover.
16,682.62,Education,Neutral,2025-01-03,Decide cultural start how thank.
16,469.06,Leisure,Neutral,2025-01-03,Despite off consumer second.
16,339.65,Leisure,Neutral,2025-01-04,Arrive budget education at property.
16,92.44,Other,Happy,2025-01-05,Later week democratic few.
16,456.89,Leisure,Sad,2025-01-06,Senior difficult put.
16,353.66,Other,Happy,2025-01-06,Tell brother defense list second.
16,66.33,Travel,Sad,2025-01-07,Pressure hospital significant.
16,811.37,Education,Happy,2025-01-08,Condition again successful.
16,665.0,Other,Neutral,2025-01-10,Already because education break significant.
16,1144.11,Other,Neutral,2025-01-11,Improve simple turn.
16,606.68,Other,Sad,2025-01-11,Yeah far within.
16,767.96,Travel,Neutral,2025-01-11,Nor character recent.
16,546.26,Leisure,Sad,2025-01-12,Fish evening avoid dark.
16,785.14,Other,Neutral,2025-01-12,Cultural right cover large work.
16,857.26,Leisure,Neutral,2025-01-15,Site girl into have media.
16,23.77,Other,Excited,2025-01-16,In seven building hard.
16,229.8,Education,Happy,2025-01-16,Range step painting concern.
16,466.85,Other,Happy,2025-01-16,War push thousand book half.
16,251.99,Leisure,Neutral,2025-01-16,Discussion black follow.
16,568.83,Food,Sad,2025-01-16,Eight bed fill.
16,795.31,Travel,Neutral,2025-01-18,Race return pretty young.
16,487.4,Other,Excited,2025-01-20,Reach under.
16,585.02,Leisure,Sad,2025-01-22,Test they there.
16,925.22,Food,Happy,2025-01-24,History professional star wonder.
16,571.56,Food,Stressed,2025-01-24,He we recent music.
16,324.93,Leisure,Neutral,2025-01-26,Into notice necessary true message.
16,424.7,Other,Neutral,2025-01-27,Section child.
16,10.62,Other,Happy,2025-01-27,In seven building hard.
16,562.43,Other,Neutral,2025-01-27,Girl suddenly.
16,121.7,Other,Neutral,2025-01-29,Finally shoulder land.
16,50.07,Food,Sad,2025-01-31,Heavy what least mouth national.
17,473.98,Other,Neutral,2024-08-03,Natural together.
17,456.45,Leisure,Happy,2024-08-04,Finish right serious.
17,514.78,Travel,Happy,2024-08-06,Citizen ahead method.
17,558.46,Travel,Neutral,2024-08-07,Include record security.
17,356.56,Food,Excited,2024-08-10,Part crime.
17,233.1,Other,Neutral,2024-08-11,Increase consider.
17,829.79,Other,Neutral,2024-08-12,Begin treat stage this.
17,88.58,Other,Sad,2024-08-13,Tell soon executive.
17,103.94,Leisure,Happy,2024-08-13,White measure manager range.
17,1514.13,Leisure,Sad,2024-08-14,Hundred bad that second develop.
17,150.05,Education,Neutral,2024-08-14,Organization visit finally.
17,71.84,Leisure,Excited,2024-08-15,Evidence enough claim suffer.
17,677.11,Education,Excited,2024-08-19,Wish candidate have no.
17,515.29,Other,Sad,2024-08-21,Material produce station visit environmental.
17,60.0,Leisure,Neutral,2024-08-22,Technology tend.
17,134.28,Other,Stressed,2024-08-22,Be move fly open.
17,1013.25,Food,Sad,2024-08-22,Development provide dark daughter.
17,195.59,Leisure,Stressed,2024-08-23,Common anyone.
17,482.3,Travel,Neutral,2024-08-24,Able customer figure.
17,449.49,Other,Happy,2024-08-29,Hand so add mr lawyer.
17,1031.65,Other,Neutral,2024-08-29,Yes at seat ok.
17,579.93,Leisure,Excited,2024-08-29,Professional color group.
17,342.47,Other,Neutral,2024-08-31,Real know our any.
17,484.62,Travel,Neutral,2024-09-03,Gas teacher national weight all.
17,1078.5,Food,Neutral,2024-09-03,Feel season similar.
17,602.97,Leisure,Sad,2024-09-04,Bed report item.
17,152.41,Leisure,Neutral,2024-09-07,Heavy staff hotel box.
17,351.65,Travel,Happy,2024-09-07,Floor there career.
17,429.12,Travel,Stressed,2024-09-07,Car indeed nor next.
17,1152.22,Education,Sad,2024-09-08,Affect marriage present a.
17,106.15,Other,Neutral,2024-09-09,Onto site both change note.
17,348.54,Leisure,Excited,2024-09-09,Language budget market president.
17,71.93,Other,Neutral,2024-09-13,Exist professional.
17,1219.6,Other,Neutral,2024-09-18,Start house ahead raise.
17,553.95,Travel,Excited,2024-09-20,Nor character recent.
17,375.86,Education,Neutral,2024-09-20,Paper beyond indeed.
17,848.88,Travel,Happy,2024-09-21,Door end fire.
17,63.68,Leisure,Neutral,2024-09-26,Easy get every.
17,472.07,Food,Neutral,2024-09-26,Ago race quite hour.
17,347.62,Food,Neutral,2024-09-28,Go exactly much food region.
17,270.24,Other,Neutral,2024-09-29,Health image.
17,246.63,Education,Happy,2024-10-02,Pass range appear home player.
17,676.12,Other,Neutral,2024-10-02,Have including none.
17,392.51,Other,Neutral,2024-10-03,Produce ago.
17,1108.37,Travel,Neutral,2024-10-07,Rest or.
17,684.75,Other,Neutral,2024-10-08,A when dark read.
17,635.88,Leisure,Happy,2024-10-13,Field seat start pm.
17,693.21,Other,Neutral,2024-10-14,Much section investment on gun.
17,126.42,Other,Neutral,2024-10-16,Realize property show either.
17,371.83,Leisure,Neutral,2024-10-18,Never effect fill general relationship.
17,1039.51,Leisure,Stressed,2024-10-18,Site girl into have media.
17,528.32,Travel,Neutral,2024-10-18,Nearly need behavior.
17,731.03,Leisure,Stressed,2024-10-21,Tv budget system book.
17,492.99,Leisure,Neutral,2024-10-22,Individual analysis.
17,492.01,Leisure,Neutral,2024-10-22,Story case.
17,857.56,Education,Neutral,2024-10-23,Consider time economic high.
17,508.28,Education,Sad,2024-10-24,Consider time economic high.
17,674.23,Other,Neutral,2024-10-25,Perhaps order answer blue structure.
17,470.55,Other,Happy,2024-10-26,Leave run goal cause.
17,305.04,Food,Neutral,2024-10-27,Each author party full kitchen.
17,553.15,Food,Happy,2024-10-28,Identify say on yes.
17,139.67,Other,Neutral,2024-10-29,Bank price north first end.
17,16.78,Other,Stressed,2024-10-29,Write other wear through partner.
17,39.03,Food,Sad,2024-10-29,Doctor population grow bar.
17,66.65,Travel,Neutral,2024-11-02,Call animal approach factor want.
17,363.05,Education,Neutral,2024-11-04,Paper beyond indeed.
17,458.31,Leisure,Happy,2024-11-06,Reflect star.
17,1324.27,Leisure,Neutral,2024-11-06,Play recently sure somebody.
17,544.7,Food,Happy,2024-11-09,Bank professional true financial.
17,963.85,Food,Happy,2024-11-09,Heart still building.
17,515.55,Other,Happy,2024-11-10,Choice prepare.
17,964.1,Other,Neutral,2024-11-11,Authority number.
17,51.76,Food,Neutral,2024-11-11,Enough threat score.
17,917.75,Leisure,Neutral,2024-11-14,Answer just.
17,456.69,Leisure,Sad,2024-11-15,Company left nothing trip.
17,198.42,Leisure,Neutral,2024-11-17,Along hard need involve among.
17,806.34,Leisure,Neutral,2024-11-19,Country remember smile.
17,488.23,Travel,Neutral,2024-11-19,Audience throw four allow international.
17,907.76,Travel,Neutral,2024-11-20,Material less focus hear.
17,145.73,Other,Happy,2024-11-20,Better republican stock bank.
17,613.02,Education,Neutral,2024-11-21,Particularly score order modern.
17,100.06,Leisure,Excited,2024-11-22,Sing message board mean.
17,1112.19,Other,Stressed,2024-11-23,Leg rest interest.
17,513.8,Other,Happy,2024-11-24,Project spring of.
17,846.29,Travel,Neutral,2024-11-29,Edge surface who.
17,312.21,Leisure,Sad,2024-11-30,Fact reason make office.
17,471.4,Food,Neutral,2024-12-02,Its develop until watch.
17,155.5,Food,Neutral,2024-12-03,Network never.
17,703.78,Other,Excited,2024-12-07,Very figure drive special.
17,201.32,Leisure,Happy,2024-12-07,Surface expect several evening town.
17,22.6,Travel,Sad,2024-12-08,Really society live camera.
17,125.38,Travel,Excited,2024-12-13,Dark camera realize.
17,388.11,Food,Happy,2024-12-13,Truth thing always possible.
17,531.38,Education,Neutral,2024-12-17,Walk cup option store.
17,194.41,Other,Happy,2024-12-19,Since nothing be apply.
17,522.57,Leisure,Excited,2024-12-22,Carry surface learn.
17,517.37,Travel,Neutral,2024-12-22,Edge surface who.
17,401.25,Other,Sad,2024-12-23,Task central dinner.
17,884.47,Other,Neutral,2024-12-25,Movie stop.
17,685.78,Food,Neutral,2024-12-25,And national spend.
17,851.72,Travel,Neutral,2024-12-26,Religious order.
17,48.53,Leisure,Happy,2024-12-26,Network fact talk.
17,1037.48,Education,Neutral,2024-12-26,Analysis color friend the.
17,413.41,Education,Happy,2024-12-31,Management game.
17,34.09,Leisure,Happy,2024-12-31,Never condition.
17,806.52,Leisure,Sad,2024-12-31,Investment local above move.
17,457.99,Education,Stressed,2025-01-02,Give that individual of not.
17,271.93,Leisure,Stressed,2025-01-05,Wide exactly.
17,905.17,Food,Excited,2025-01-05,Leader both rest challenge.
17,331.72,Travel,Neutral,2025-01-06,Include record security.
17,133.1,Other,Excited,2025-01-07,Good house only military.
17,30.03,Travel,Happy,2025-01-09,Huge response long.
17,84.12,Food,Neutral,2025-01-10,Mission put budget house.
17,722.96,Travel,Happy,2025-01-12,Age war measure whom.
17,349.33,Leisure,Neutral,2025-01-14,Market specific property coach.
17,1137.56,Other,Happy,2025-01-15,Discussion detail training fund.
17,669.14,Other,Excited,2025-01-15,Quite everyone as generation.
17,271.77,Travel,Happy,2025-01-19,Foreign husband believe word local.
17,200.94,Other,Happy,2025-01-20,Method exactly.
17,470.56,Leisure,Neutral,2025-01-23,Consumer face.
17,208.89,Other,Happy,2025-01-23,Hope floor include.
17,161.14,Other,Sad,2025-01-25,Nature country.
17,688.62,Other,Happy,2025-01-26,Firm financial.
17,215.41,Education,Happy,2025-01-26,Development the inside thought.
18,401.66,Other,Happy,2024-08-03,Almost outside middle.
18,838.1,Education,Happy,2024-08-05,Soon including important.
18,353.79,Leisure,Neutral,2024-08-05,Walk anything.
18,93.68,Food,Neutral,2024-08-05,Card star avoid nothing.
18,762.96,Other,Neutral,2024-08-06,Least ready activity decision ok.
18,673.11,Other,Excited,2024-08-07,Face rate.
18,266.86,Education,Neutral,2024-08-08,Human public health.
18,318.58,Travel,Neutral,2024-08-08,Few spring raise.
18,1151.6,Travel,Sad,2024-08-11,Well mission situation result.
18,151.87,Food,Neutral,2024-08-12,Network never.
18,869.38,Food,Neutral,2024-08-14,Above dog brother morning.
18,846.22,Other,Neutral,2024-08-16,Reach under.
18,496.55,Leisure,Happy,2024-08-16,Along attention piece tv young.
18,248.26,Other,Neutral,2024-08-18,College manage fund.
18,93.02,Education,Happy,2024-08-18,While bring yourself.
18,807.07,Leisure,Happy,2024-08-23,Third letter sort reveal seven.
18,193.38,Leisure,Happy,2024-08-23,After sister should across treatment.
18,981.76,Food,Excited,2024-08-26,Woman meet report.
18,280.83,Travel,Happy,2024-08-28,Energy always.
18,877.38,Education,Happy,2024-08-28,Too song quality per build.
18,691.56,Leisure,Neutral,2024-08-31,Sell only manage.
18,671.25,Other,Neutral,2024-09-03,Community spring billion price paper.
18,1239.78,Food,Neutral,2024-09-03,Eight bed fill.
18,285.11,Other,Neutral,2024-09-04,During call north attention.
18,687.78,Leisure,Neutral,2024-09-05,Draw police.
18,513.57,Travel,Sad,2024-09-05,Couple city you level.
18,93.69,Food,Neutral,2024-09-05,Security unit executive.
18,314.14,Leisure,Neutral,2024-09-06,Fact reason make office.
18,139.03,Education,Sad,2024-09-07,Yeah term.
18,111.31,Other,Neutral,2024-09-07,Finally shoulder land.
18,182.96,Food,Sad,2024-09-08,Care drug data position two.
18,818.76,Food,Sad,2024-09-08,Choice father why often.
18,581.34,Other,Neutral,2024-09-09,Heavy law church.
18,786.64,Food,Neutral,2024-09-10,He we recent music.
18,209.53,Leisure,Neutral,2024-09-10,Understand none.
18,406.36,Leisure,Happy,2024-09-13,Method everything.
18,694.16,Travel,Neutral,2024-09-17,Such final however major.
18,943.01,Education,Happy,2024-09-17,Agent say forward us.
18,279.55,Leisure,Neutral,2024-09-17,Walk anything.
18,1082.8,Education,Neutral,2024-09-18,Opportunity lead see.
18,1187.09,Leisure,Happy,2024-09-20,Close month parent who up.
18,617.75,Leisure,Happy,2024-09-21,Assume campaign assume.
18,281.34,Other,Neutral,2024-09-21,Law read citizen.
18,453.27,Food,Neutral,2024-09-22,Positive question especially.
18,629.58,Other,Excited,2024-09-22,Very figure drive special.
18,830.37,Leisure,Happy,2024-09-24,Family bill foreign fast knowledge.
18,241.73,Other,Neutral,2024-09-27,Those pressure street.
18,976.14,Food,Sad,2024-09-28,Above dog brother morning.
18,440.9,Other,Sad,2024-09-29,Agreement someone.
18,388.96,Leisure,Neutral,2024-09-30,Sell only manage.
18,1254.37,Food,Neutral,2024-10-01,Land day name small.
18,610.36,Leisure,Neutral,2024-10-03,Never effect fill general relationship.
18,499.54,Other,Excited,2024-10-05,Effort drive side human.
18,446.75,Food,Happy,2024-10-05,Receive region however.
18,607.53,Leisure,Neutral,2024-10-06,As second animal summer group.
18,851.9,Education,Neutral,2024-10-08,She they.
18,161.88,Other,Happy,2024-10-09,Pattern wrong kind certainly.
18,475.99,Leisure,Neutral,2024-10-09,Professional color group.
18,167.83,Leisure,Sad,2024-10-10,Institution whatever yet.
18,23.82,Leisure,Neutral,2024-10-10,End bit game thousand.
18,606.32,Other,Stressed,2024-10-11,Entire hotel.
18,128.16,Other,Neutral,2024-10-12,Letter environment easy.
18,553.73,Leisure,Neutral,2024-10-14,Need finally when.
18,754.34,Education,Happy,2024-10-17,Face morning.
18,312.43,Leisure,Happy,2024-10-17,Walk anything.
18,818.21,Leisure,Excited,2024-10-18,Answer just.
18,535.77,Leisure,Sad,2024-10-19,Arrive budget education at property.
18,817.15,Food,Neutral,2024-10-19,Mind easy foreign old.
18,508.35,Other,Neutral,2024-10-20,Owner memory argue project.
18,609.26,Leisure,Neutral,2024-10-21,Scene almost leave.
18,79.79,Other,Sad,2024-10-21,Realize property show either.
18,112.68,Other,Neutral,2024-10-21,Before relationship plant.
18,226.26,Other,Neutral,2024-10-24,Amount bad raise.
18,408.52,Education,Neutral,2024-10-25,Wish current.
18,745.85,Leisure,Neutral,2024-10-27,Question or money.
18,603.0,Other,Excited,2024-10-28,Improve simple turn.
18,227.93,Travel,Happy,2024-10-30,Position make society behavior.
18,727.41,Food,Excited,2024-10-30,Part crime.
18,563.67,Other,Happy,2024-11-01,Above company media next me.
18,156.59,Leisure,Neutral,2024-11-05,Bed food possible represent.
18,603.29,Other,Happy,2024-11-06,Car much will.
18,340.97,Education,Sad,2024-11-06,Clear single expect.
18,1195.92,Food,Sad,2024-11-07,Land day name small.
18,351.06,Food,Happy,2024-11-08,Boy generation.
18,79.2,Other,Happy,2024-11-08,Let member however.
18,305.34,Other,Happy,2024-11-09,Form newspaper.
18,1020.78,Education,Stressed,2024-11-09,Agent say forward us.
18,571.98,Travel,Neutral,2024-11-14,Itself free source.
18,264.36,Leisure,Excited,2024-11-14,Heavy staff hotel box.
18,940.09,Leisure,Happy,2024-11-15,Stop later reveal both.
18,220.96,Leisure,Sad,2024-11-18,Safe whole establish.
18,426.05,Leisure,Happy,2024-11-19,Professor beat window.
18,523.96,Food,Excited,2024-11-22,Radio product.
18,819.11,Leisure,Neutral,2024-11-23,Expect writer myself management.
18,570.69,Education,Neutral,2024-11-26,White fire cause everybody.
18,748.06,Leisure,Neutral,2024-11-28,Third letter sort reveal seven.
18,82.12,Leisure,Happy,2024-12-02,Easy get every.
18,462.18,Leisure,Sad,2024-12-03,Character usually agency.
18,1228.43,Food,Neutral,2024-12-04,By two bad fall pick.
18,235.39,Leisure,Happy,2024-12-07,Somebody prepare few sound.
18,139.98,Travel,Happy,2024-12-07,First next popular.
18,768.9,Other,Neutral,2024-12-09,Movie stop.
18,375.12,Leisure,Happy,2024-12-12,Let back three.
18,927.12,Other,Neutral,2024-12-12,Billion land detail exist cover.
18,662.85,Leisure,Sad,2024-12-13,Yourself successful defense subject.
18,1014.95,Education,Stressed,2024-12-13,Condition again successful.
18,477.44,Other,Neutral,2024-12-14,Million night your.
18,499.83,Other,Neutral,2024-12-15,Those pressure street.
18,693.7,Leisure,Neutral,2024-12-15,Course technology site.
18,574.53,Other,Neutral,2024-12-16,Price institution method inside.
18,399.55,Food,Neutral,2024-12-17,Myself so growth time.
18,137.82,Other,Sad,2024-12-17,Until truth feeling view.
18,1485.33,Leisure,Sad,2024-12-18,Recent feeling.
18,679.45,Education,Sad,2024-12-19,Red head window be.
18,968.62,Other,Stressed,2024-12-21,Camera sit environmental though.
18,370.67,Education,Neutral,2024-12-21,Together let.
18,434.84,Travel,Neutral,2024-12-22,Age war measure whom.
18,343.06,Leisure,Neutral,2024-12-23,Safe whole establish.
18,4.83,Leisure,Neutral,2024-12-25,Society dark product make.
18,688.49,Leisure,Happy,2024-12-27,Point appear including.
18,200.69,Travel,Neutral,2024-12-28,City offer financial data.
18,140.78,Education,Happy,2024-12-31,World site mr interest treatment.
18,367.93,Leisure,Neutral,2025-01-02,Right analysis mention.
18,1088.13,Leisure,Happy,2025-01-04,Wrong difficult.
18,96.76,Education,Stressed,2025-01-04,Charge form here.
18,320.13,Education,Stressed,2025-01-05,Paper beyond indeed.
18,389.81,Leisure,Sad,2025-01-06,Information scene again country.
18,1028.63,Education,Stressed,2025-01-07,Against only.
18,91.71,Leisure,Happy,2025-01-08,Source husband.
18,225.29,Education,Happy,2025-01-08,Program sport her.
18,219.17,Leisure,Neutral,2025-01-08,Single blood continue.
18,1013.1,Leisure,Happy,2025-01-11,Ahead certainly second everyone.
18,330.98,Other,Sad,2025-01-14,Industry impact certainly.
18,543.69,Other,Neutral,2025-01-15,Have decide environment.
18,879.04,Other,Neutral,2025-01-15,Stage bad know of.
18,788.35,Other,Sad,2025-01-15,As throughout individual list manager.
18,134.49,Food,Happy,2025-01-16,Minute question their rather.
18,418.63,Other,Sad,2025-01-16,Run again help right.
18,709.58,Food,Sad,2025-01-17,Buy tax.
18,744.07,Food,Happy,2025-01-17,Board notice later thus.
18,597.26,Leisure,Neutral,2025-01-17,Draw police.
18,696.03,Food,Neutral,2025-01-19,Heart still building.
18,148.32,Other,Neutral,2025-01-21,Later week democratic few.
18,653.14,Leisure,Neutral,2025-01-23,Some quickly truth view response.
18,745.68,Other,Neutral,2025-01-23,Letter mind many.
18,571.9,Travel,Neutral,2025-01-23,Month whom stage soon.
18,194.94,Food,Sad,2025-01-24,Environmental run head garden box.
18,286.29,Leisure,Neutral,2025-01-25,Building range national focus.
18,191.38,Leisure,Neutral,2025-01-26,Simply century the.
18,1004.37,Leisure,Neutral,2025-01-26,Significant up still management.
18,104.12,Education,Neutral,2025-01-28,Good anything manager think pressure.
18,479.06,Other,Sad,2025-01-29,Take family chance.
18,15.15,Other,Neutral,2025-01-30,Money modern receive partner.
19,628.86,Leisure,Neutral,2024-08-01,Call door.
19,231.38,Other,Neutral,2024-08-02,Long identify road speech.
19,874.14,Leisure,Neutral,2024-08-02,Picture evidence.
19,382.89,Leisure,Sad,2024-08-04,Language budget market president.
19,874.93,Leisure,Excited,2024-08-04,Provide car throughout american.
19,1472.08,Travel,Neutral,2024-08-07,Improve them wait.
19,598.69,Leisure,Neutral,2024-08-07,There decision measure.
19,99.63,Other,Happy,2024-08-09,Better republican stock bank.
19,456.35,Travel,Neutral,2024-08-09,Serious reveal left social fine.
19,253.92,Food,Neutral,2024-08-10,Democratic recent student specific political.
19,260.34,Other,Neutral,2024-08-10,Difficult quite act receive stage.
19,1314.42,Travel,Neutral,2024-08-10,Improve them wait.
19,99.59,Leisure,Happy,2024-08-11,Discussion if continue policy.
19,455.32,Leisure,Neutral,2024-08-11,Available defense.
19,828.63,Other,Stressed,2024-08-11,A when dark read.
19,551.97,Other,Happy,2024-08-12,Environment character real middle prove.
19,708.74,Travel,Neutral,2024-08-13,Ask imagine my.
19,668.41,Education,Happy,2024-08-13,Play move each left establish.
19,576.3,Leisure,Neutral,2024-08-13,Check purpose young.
19,775.53,Education,Neutral,2024-08-14,Approach join stuff future.
19,1059.7,Education,Excited,2024-08-14,Against only.
19,1173.11,Leisure,Neutral,2024-08-15,Water fight security tough gas.
19,354.22,Education,Neutral,2024-08-15,Goal talk sit party.
19,394.54,Leisure,Neutral,2024-08-17,Story case.
19,879.23,Education,Neutral,2024-08-17,Consider time economic high.
19,866.37,Education,Excited,2024-08-18,Soon including important.
19,414.37,Other,Neutral,2024-08-21,Stage someone for power.
19,59.65,Education,Neutral,2024-08-21,Kid industry.
19,658.87,Travel,Excited,2024-08-22,Nearly care base.
19,773.27,Leisure,Neutral,2024-08-23,Carry surface learn.
19,61.05,Education,Stressed,2024-08-23,While bring yourself.
19,597.19,Other,Neutral,2024-08-24,Local director become.
19,216.89,Education,Happy,2024-08-24,World site mr interest treatment.
19,603.59,Food,Happy,2024-08-24,You ready way rule.
19,1174.71,Other,Neutral,2024-08-24,Art green child movie blue.
19,438.2,Leisure,Happy,2024-08-28,Base player data whose.
19,899.2,Education,Neutral,2024-08-28,Future congress.
19,675.26,Leisure,Neutral,2024-08-28,Water fight security tough gas.
19,238.07,Other,Sad,2024-08-29,Authority interest red must art.
19,327.42,Other,Excited,2024-08-30,Offer bed it skill challenge.
19,372.86,Education,Happy,2024-08-31,Field a spring.
19,63.57,Travel,Neutral,2024-09-01,Call animal approach factor want.
19,59.01,Other,Happy,2024-09-01,Bill eight community.
19,401.2,Leisure,Happy,2024-09-03,International effort.
19,490.31,Other,Happy,2024-09-04,This manage her.
19,245.52,Leisure,Happy,2024-09-04,Individual analysis.
19,1332.86,Travel,Neutral,2024-09-04,Improve them wait.
19,519.42,Travel,Excited,2024-09-05,Finish summer rest feel finally.
19,887.38,Other,Neutral,2024-09-06,Why like impact fly.
19,383.29,Other,Neutral,2024-09-07,Build smile across among situation.
19,797.09,Leisure,Happy,2024-09-07,Site girl into have media.
19,819.94,Leisure,Neutral,2024-09-07,Question or money.
19,265.12,Other,Neutral,2024-09-08,Form newspaper.
19,112.47,Food,Excited,2024-09-10,Beautiful beyond sell.
19,679.99,Leisure,Sad,2024-09-11,Hear officer.
19,808.23,Education,Happy,2024-09-11,Against only.
19,717.03,Travel,Happy,2024-09-11,Try wonder move trade.
19,229.92,Other,Happy,2024-09-11,Goal once let perform international.
19,576.19,Travel,Happy,2024-09-12,Statement position either.
19,383.99,Leisure,Neutral,2024-09-13,Arrive budget education at property.
19,345.09,Travel,Happy,2024-09-15,Couple city you level.
19,909.97,Leisure,Neutral,2024-09-15,Occur live take media hot.
19,481.87,Education,Neutral,2024-09-15,Space beyond.
19,102.82,Leisure,Neutral,2024-09-15,Teach cause mrs.
19,1204.16,Leisure,Neutral,2024-09-15,House clear say hope.
19,521.01,Travel,Stressed,2024-09-16,Small control see the.
19,412.73,Education,Happy,2024-09-16,Development the inside thought.
19,211.33,Food,Neutral,2024-09-17,Together whether about.
19,384.87,Other,Neutral,2024-09-17,Support possible.
19,390.43,Leisure,Happy,2024-09-18,Discussion black follow.
19,203.47,Other,Neutral,2024-09-19,Smile have less.
19,42.25,Other,Neutral,2024-09-21,Idea seek.
19,928.78,Education,Stressed,2024-09-21,Soon including important.
19,906.48,Leisure,Neutral,2024-09-21,Year him thank trade.
19,355.61,Food,Excited,2024-09-22,Determine not view cell seat.
19,194.88,Other,Neutral,2024-09-23,Hope floor include.
19,514.93,Travel,Happy,2024-09-23,Southern front.
19,792.08,Education,Neutral,2024-09-23,Soon including important.
19,894.63,Other,Sad,2024-09-25,Exist theory.
19,653.27,Leisure,Sad,2024-09-26,Book toward.
19,416.98,Other,Neutral,2024-09-27,Require bank child.
19,364.51,Other,Sad,2024-09-29,Military onto blue activity.
19,747.18,Other,Happy,2024-09-29,Face rate.
19,579.15,Leisure,Neutral,2024-09-29,None pressure lay future stay.
19,420.09,Other,Neutral,2024-09-30,Resource road do.
19,120.4,Other,Neutral,2024-10-02,Fear song save.
19,199.85,Education,Happy,2024-10-02,Good anything manager think pressure.
19,491.58,Travel,Neutral,2024-10-03,Yard foot he share issue.
19,66.39,Education,Neutral,2024-10-04,Name machine tree maybe.
19,875.94,Food,Happy,2024-10-04,Buy tax.
19,678.36,Travel,Neutral,2024-10-09,Outside with each animal.
19,442.75,Leisure,Stressed,2024-10-10,Decide similar office.
19,46.31,Other,Neutral,2024-10-11,Himself fire heavy.
19,235.82,Other,Happy,2024-10-12,Authority interest red must art.
19,789.97,Education,Neutral,2024-10-13,Until choose wife national.
19,500.37,Education,Neutral,2024-10-13,Nation politics few each southern.
19,261.12,Food,Excited,2024-10-14,Couple general pretty show.
19,902.01,Leisure,Neutral,2024-10-14,Language however risk work.
19,92.15,Leisure,Neutral,2024-10-15,Evidence enough claim suffer.
19,710.38,Food,Happy,2024-10-16,Gun seven music despite show.
19,983.94,Education,Excited,2024-10-16,Nothing behavior sort recognize.
19,378.72,Leisure,Neutral,2024-10-17,Deal beyond almost.
19,596.18,Leisure,Neutral,2024-10-18,Could gun.
19,322.18,Other,Neutral,2024-10-19,Mention billion bed never others.
19,46.66,Food,Excited,2024-10-20,Your ever woman way avoid.
19,63.32,Education,Stressed,2024-10-22,Offer work home.
19,852.41,Other,Happy,2024-10-22,Approach side model you billion.
19,747.88,Leisure,Neutral,2024-10-22,Sense including six lot.
19,402.67,Other,Neutral,2024-10-23,Enter capital population.
19,426.9,Other,Happy,2024-10-24,Occur college herself.
19,976.83,Leisure,Neutral,2024-10-24,Close month parent who up.
19,57.02,Education,Excited,2024-10-25,Book economic.
19,629.03,Other,Neutral,2024-10-29,People tend weight machine.
19,306.38,Leisure,Excited,2024-10-31,Wide exactly.
19,649.9,Other,Happy,2024-11-01,Face rate.
19,252.97,Leisure,Happy,2024-11-01,Conference matter wear physical site.
19,411.93,Leisure,Neutral,2024-11-03,Yourself successful defense subject.
19,670.49,Other,Happy,2024-11-04,Especially unit office almost.
19,789.0,Leisure,Neutral,2024-11-05,There institution actually.
19,160.83,Education,Stressed,2024-11-06,Boy different chance enter.
19,101.92,Leisure,Neutral,2024-11-06,Inside big minute.
19,1469.02,Food,Neutral,2024-11-06,Real art.
19,1135.51,Travel,Happy,2024-11-07,Republican reduce sort individual trouble.
19,1013.91,Education,Neutral,2024-11-08,Since him four.
19,747.34,Travel,Happy,2024-11-08,Score moment second.
19,736.3,Education,Neutral,2024-11-09,Discuss wall ahead scene.
19,682.9,Food,Neutral,2024-11-09,Its develop until watch.
19,762.29,Leisure,Neutral,2024-11-10,Paper memory history office.
19,551.79,Leisure,Happy,2024-11-10,There institution actually.
19,323.34,Other,Stressed,2024-11-12,Section national owner determine detail.
19,1250.29,Food,Neutral,2024-11-13,Order his oil west school.
19,367.21,Food,Happy,2024-11-13,View know develop after.
19,329.14,Leisure,Neutral,2024-11-14,Approach about because.
19,788.25,Travel,Happy,2024-11-14,Well mission situation result.
19,456.37,Other,Happy,2024-11-14,Fear approach take case customer.
19,536.1,Education,Happy,2024-11-15,For age size.
19,1071.11,Food,Happy,2024-11-16,Difference world deep.
19,929.86,Education,Happy,2024-11-17,Officer forward trouble.
19,405.14,Other,Neutral,2024-11-18,Attention standard shake more respond.
19,606.7,Travel,Neutral,2024-11-18,Mind door authority outside.
19,206.56,Leisure,Neutral,2024-11-21,Conference matter wear physical site.
19,581.85,Travel,Neutral,2024-11-21,True building card.
19,705.31,Other,Neutral,2024-11-22,Old particularly.
19,402.08,Leisure,Neutral,2024-11-23,Fact reason make office.
19,230.76,Leisure,Neutral,2024-11-24,Simply century the.
19,168.08,Leisure,Neutral,2024-11-24,Keep light fight.
19,420.41,Leisure,Happy,2024-11-24,Answer just.
19,225.53,Leisure,Neutral,2024-11-24,Walk anything.
19,152.89,Leisure,Happy,2024-11-25,Place offer.
19,226.26,Leisure,Neutral,2024-11-25,Safe whole establish.
19,511.51,Food,Neutral,2024-11-25,Draw change agree someone.
19,602.09,Travel,Happy,2024-11-25,Agreement us stuff.
19,78.86,Leisure,Happy,2024-11-25,Easy get every.
19,1198.65,Leisure,Sad,2024-11-26,Hundred bad that second develop.
19,650.5,Travel,Neutral,2024-11-26,Democratic thousand.
19,689.44,Travel,Happy,2024-11-27,Between rate name within.
19,354.65,Leisure,Neutral,2024-11-27,Market specific property coach.
19,883.5,Leisure,Neutral,2024-11-29,Stop later reveal both.
19,410.96,Leisure,Happy,2024-11-29,Relate real major.
19,531.24,Other,Happy,2024-11-30,Much rich think.
19,550.23,Education,Happy,2024-11-30,Challenge large wish move.
19,213.95,Other,Neutral,2024-12-01,Whose other.
19,31.79,Education,Neutral,2024-12-02,Offer work home.
19,1103.71,Other,Neutral,2024-12-04,Billion land detail exist cover.
19,696.65,Leisure,Excited,2024-12-04,Sense including six lot.
19,900.73,Leisure,Sad,2024-12-05,Carry surface learn.
19,799.89,Education,Neutral,2024-12-06,Option oil commercial.
19,236.83,Travel,Neutral,2024-12-06,Finally relate model.
19,571.12,Leisure,Stressed,2024-12-07,Thing industry participant realize.
19,1297.29,Travel,Sad,2024-12-07,Improve them wait.
19,860.75,Food,Sad,2024-12-09,Toward child future low.
19,668.31,Education,Neutral,2024-12-11,Affect marriage present a.
19,1152.0,Food,Neutral,2024-12-11,Development provide dark daughter.
19,1028.18,Travel,Neutral,2024-12-11,Race mr.
19,852.03,Other,Neutral,2024-12-12,Support state.
19,817.05,Leisure,Excited,2024-12-13,Brother southern project learn.
19,820.77,Other,Neutral,2024-12-13,Yeah far within.
19,44.89,Food,Neutral,2024-12-13,Heavy what least mouth national.
19,74.4,Food,Sad,2024-12-13,Maintain former campaign pretty beyond.
19,398.5,Travel,Neutral,2024-12-14,Participant above.
19,86.06,Food,Neutral,2024-12-16,Enough threat score.
19,59.43,Education,Excited,2024-12-16,Third rich hospital.
19,446.93,Education,Neutral,2024-12-18,Road product wait.
19,787.84,Travel,Sad,2024-12-18,Democratic thousand.
19,294.22,Education,Neutral,2024-12-19,My some skin ball thing.
19,476.76,Travel,Neutral,2024-12-19,Training occur could painting.
19,419.22,Leisure,Sad,2024-12-19,Indicate herself.
19,609.97,Travel,Happy,2024-12-21,Including let result spend.
19,497.02,Leisure,Neutral,2024-12-21,Training account evidence month.
19,562.46,Food,Neutral,2024-12-22,Part crime.
19,520.94,Other,Excited,2024-12-23,Security arm.
19,165.02,Education,Neutral,2024-12-24,Program sport her.
19,258.41,Food,Sad,2024-12-25,Care drug data position two.
19,572.83,Other,Neutral,2024-12-25,Fear approach take case customer.
19,173.12,Education,Happy,2024-12-25,As high you more wife.
19,1053.21,Food,Neutral,2024-12-26,Leg sport until argue.
19,969.48,Other,Happy,2024-12-27,And student give score agree.
19,155.44,Food,Happy,2024-12-28,Environmental run head garden box.
19,696.56,Education,Neutral,2024-12-29,Against only.
19,332.74,Food,Neutral,2024-12-30,Determine not view cell seat.
19,298.04,Travel,Excited,2024-12-31,Soldier meeting building.
19,916.48,Travel,Neutral,2024-12-31,Do interesting material.
19,365.65,Leisure,Neutral,2024-12-31,Old wall report purpose.
19,105.95,Food,Excited,2025-01-01,Also hard expert popular.
19,1390.18,Other,Neutral,2025-01-01,Trip determine as statement.
19,190.75,Education,Sad,2025-01-02,Should page camera.
19,392.05,Food,Neutral,2025-01-02,Truth thing always possible.
19,84.3,Leisure,Sad,2025-01-02,Position interest.
19,654.97,Other,Excited,2025-01-03,Build smile across among situation.
19,236.01,Other,Happy,2025-01-03,Finish thing.
19,1123.59,Education,Excited,2025-01-04,Price my.
19,472.26,Food,Neutral,2025-01-04,Boy generation.
19,147.79,Leisure,Happy,2025-01-04,Institution whatever yet.
19,158.28,Leisure,Sad,2025-01-04,Country little reality level.
19,806.36,Food,Neutral,2025-01-04,Memory challenge lawyer business.
19,556.75,Travel,Excited,2025-01-04,Space game truth special decision.
19,732.05,Other,Neutral,2025-01-05,Art green child movie blue.
19,604.15,Education,Sad,2025-01-06,Value thing these.
19,291.01,Other,Happy,2025-01-07,Evidence conference capital office.
19,451.46,Other,Happy,2025-01-08,Current after charge.
19,626.89,Other,Happy,2025-01-08,Stuff agreement professional team foot.
19,420.13,Travel,Neutral,2025-01-09,Might necessary former.
19,1008.38,Food,Happy,2025-01-09,Voice boy wife condition.
19,391.11,Leisure,Neutral,2025-01-10,Character usually agency.
19,75.75,Education,Neutral,2025-01-12,Book economic.
19,816.23,Education,Stressed,2025-01-13,About usually.
19,484.5,Leisure,Neutral,2025-01-14,Happy action.
19,454.29,Education,Neutral,2025-01-14,North question new.
19,747.44,Food,Happy,2025-01-15,We especially five network.
19,197.73,Leisure,Happy,2025-01-16,Water positive child usually.
19,768.87,Leisure,Sad,2025-01-16,Paper memory history office.
19,1247.02,Education,Happy,2025-01-17,Price my.
19,503.34,Leisure,Excited,2025-01-18,Baby lawyer growth matter note.
19,824.06,Travel,Neutral,2025-01-19,Citizen kid generation onto police.
19,592.52,Other,Sad,2025-01-20,Stuff next write.
19,632.72,Food,Neutral,2025-01-23,Choice father why often.
19,333.62,Leisure,Happy,2025-01-24,Understand none.
19,875.48,Leisure,Neutral,2025-01-24,As second animal summer group.
19,366.39,Education,Sad,2025-01-24,Paper beyond indeed.
19,364.8,Food,Neutral,2025-01-24,Receive region however.
19,280.18,Education,Neutral,2025-01-25,Value thing these.
19,691.26,Food,Stressed,2025-01-25,Memory challenge lawyer business.
19,162.71,Food,Happy,2025-01-25,Skin name door production back.
19,155.75,Leisure,Happy,2025-01-26,You without every.
19,239.61,Travel,Neutral,2025-01-26,Receive to piece.
19,679.77,Other,Neutral,2025-01-27,Enjoy instead dream.
19,864.88,Leisure,Neutral,2025-01-28,Thank avoid man drive.
19,937.95,Travel,Happy,2025-01-28,More road development about.
19,773.57,Other,Neutral,2025-01-28,Many themselves minute.
19,500.61,Food,Excited,2025-01-29,Western enough key.
19,193.46,Other,Happy,2025-01-30,Human see.
19,176.62,Leisure,Neutral,2025-01-30,Water positive child usually.
19,118.88,Food,Neutral,2025-01-30,Maintain former campaign pretty beyond.
19,302.62,Other,Neutral,2025-01-30,Strong student green.
19,439.32,Food,Neutral,2025-01-31,Woman meet report.
20,218.78,Leisure,Neutral,2024-08-01,Surface expect several evening town.
20,415.56,Other,Happy,2024-08-02,Key place tree.
20,612.36,Leisure,Happy,2024-08-02,Wrong difficult.
20,144.82,Leisure,Sad,2024-08-03,Big look tell prepare.
20,69.16,Education,Neutral,2024-08-05,Doctor mr.
20,395.48,Travel,Excited,2024-08-06,Right know during someone.
20,131.11,Food,Neutral,2024-08-07,Apply less.
20,152.39,Leisure,Sad,2024-08-07,After sister should across treatment.
20,613.3,Leisure,Neutral,2024-08-08,Food affect upon these story.
20,815.4,Other,Neutral,2024-08-08,Entire hotel.
20,176.52,Other,Neutral,2024-08-09,Money a.
20,60.57,Other,Excited,2024-08-10,Specific whose.
20,735.0,Other,Neutral,2024-08-10,Exist theory.
20,599.99,Other,Happy,2024-08-10,Town glass road.
20,808.91,Education,Neutral,2024-08-12,Pretty skin main program.
20,555.11,Food,Stressed,2024-08-12,Side mind question year finish.
20,556.59,Other,Neutral,2024-08-12,Much rich think.
20,777.76,Leisure,Happy,2024-08-15,Thing industry participant realize.
20,1098.94,Leisure,Neutral,2024-08-17,Course technology site.
20,524.04,Leisure,Sad,2024-08-18,Information scene again country.
20,353.49,Leisure,Neutral,2024-08-23,Language budget market president.
20,383.36,Leisure,Happy,2024-08-23,Something population loss physical.
20,275.48,Leisure,Neutral,2024-08-24,Simply century the.
20,103.61,Leisure,Neutral,2024-08-26,To receive education.
20,51.05,Food,Neutral,2024-08-27,Your ever woman way avoid.
20,274.52,Other,Neutral,2024-08-29,On professional analysis color.
20,710.45,Education,Neutral,2024-08-30,Walk cup option store.
20,517.97,Food,Neutral,2024-08-30,Positive question especially.
20,126.71,Other,Excited,2024-08-30,Stage threat our.
20,486.91,Other,Stressed,2024-08-31,Us decade.
20,549.72,Leisure,Sad,2024-08-31,As second animal summer group.
20,69.28,Travel,Neutral,2024-09-03,Call animal approach factor want.
20,518.8,Leisure,Happy,2024-09-03,Available defense.
20,321.28,Other,Neutral,2024-09-04,Goal once let perform international.
20,135.81,Food,Neutral,2024-09-06,Security unit executive.
20,916.71,Leisure,Neutral,2024-09-08,Some quickly truth view response.
20,632.86,Food,Stressed,2024-09-09,Report agreement sport.
20,286.35,Other,Neutral,2024-09-09,Develop staff least figure.
20,142.66,Food,Happy,2024-09-12,Fish either boy between collection.
20,135.55,Travel,Excited,2024-09-14,Drive nation heart nearly season.
20,99.18,Other,Happy,2024-09-14,Try opportunity public.
20,132.95,Leisure,Sad,2024-09-16,Board its.
20,1133.55,Travel,Sad,2024-09-17,Wrong difficult range.
20,630.41,Education,Happy,2024-09-18,People education great.
20,139.07,Other,Happy,2024-09-19,Letter environment easy.
20,629.08,Other,Neutral,2024-09-19,State husband.
20,300.93,Other,Happy,2024-09-19,Natural together.
20,304.93,Other,Neutral,2024-09-21,Citizen street region.
20,24.11,Leisure,Neutral,2024-09-21,Knowledge fight car smile commercial.
20,106.48,Other,Neutral,2024-09-21,Realize property show either.
20,646.92,Other,Neutral,2024-09-22,Race to television loss.
20,740.4,Other,Neutral,2024-09-23,End dog.
20,86.18,Education,Excited,2024-09-23,Gas human create also.
20,286.85,Leisure,Sad,2024-09-23,Something future they red.
20,545.07,Food,Neutral,2024-09-24,Law agree appear political.
20,871.33,Food,Neutral,2024-09-25,Smile high open scientist.
20,33.46,Food,Happy,2024-09-29,Heavy what least mouth national.
20,992.64,Travel,Happy,2024-09-30,Improve them wait.
20,669.36,Leisure,Neutral,2024-10-05,Truth during always those high.
20,560.8,Education,Neutral,2024-10-06,Week real course school everybody.
20,754.91,Travel,Neutral,2024-10-09,Gas teacher national weight all.
20,337.32,Leisure,Neutral,2024-10-11,Activity including single right.
20,758.37,Leisure,Neutral,2024-10-12,Arrive society.
20,541.13,Travel,Neutral,2024-10-14,Newspaper indicate other.
20,571.29,Leisure,Sad,2024-10-16,Character usually agency.
20,18.91,Other,Neutral,2024-10-16,Never majority cell.
20,674.49,Other,Neutral,2024-10-17,Serious produce.
20,517.29,Travel,Neutral,2024-10-17,Size republican political.
20,749.98,Leisure,Neutral,2024-10-18,Address century that wide.
20,538.81,Other,Happy,2024-10-18,As throughout individual list manager.
20,735.2,Other,Neutral,2024-10-19,Billion land detail exist cover.
20,50.54,Other,Neutral,2024-10-19,Attention attack technology.
20,972.0,Other,Neutral,2024-10-19,Very figure drive special.
20,216.98,Leisure,Neutral,2024-10-19,Third coach congress husband.
20,1132.0,Leisure,Neutral,2024-10-20,Face his.
20,439.64,Food,Happy,2024-10-20,Less into per big.
20,469.38,Food,Sad,2024-10-21,Project can.
20,599.43,Travel,Neutral,2024-10-22,Try wonder move trade.
20,310.46,Other,Happy,2024-10-22,Time surface learn design.
20,321.92,Travel,Happy,2024-10-23,City offer financial data.
20,353.7,Leisure,Neutral,2024-10-24,Discussion black follow.
20,116.12,Other,Neutral,2024-10-24,Learn talk.
20,153.07,Education,Sad,2024-10-25,Democrat cost evidence third.
20,628.06,Leisure,Neutral,2024-10-25,Base player data whose.
20,829.98,Education,Excited,2024-10-25,Future congress.
20,255.75,Leisure,Neutral,2024-10-25,Week yourself public especially american.
20,178.51,Leisure,Neutral,2024-10-26,Can mouth discover.
20,567.02,Education,Happy,2024-10-26,Red head window be.
20,821.75,Education,Sad,2024-10-27,Dark mr clearly take.
20,237.32,Leisure,Neutral,2024-10-27,Place offer.
20,428.27,Other,Neutral,2024-10-29,Natural together.
20,379.73,Food,Neutral,2024-10-30,Like clear.
20,713.91,Other,Neutral,2024-10-30,Not friend federal forget bit.
20,86.18,Leisure,Happy,2024-11-04,Help usually thank wonder draw.
20,941.94,Food,Sad,2024-11-04,Threat church big day couple.
20,412.3,Leisure,Neutral,2024-11-05,Old wall report purpose.
20,445.37,Leisure,Neutral,2024-11-08,Medical nearly.
20,755.03,Leisure,Neutral,2024-11-08,Research month instead.
20,13.1,Food,Neutral,2024-11-10,Step rate feeling rate.
20,875.16,Other,Neutral,2024-11-14,Break wait.
20,907.14,Leisure,Neutral,2024-11-14,Could gun.
20,467.43,Leisure,Neutral,2024-11-14,Return or for.
20,257.12,Leisure,Sad,2024-11-15,After sister should across treatment.
20,474.07,Other,Stressed,2024-11-18,Strong student green.
20,548.52,Food,Excited,2024-11-22,How trip learn enter.
20,151.46,Travel,Happy,2024-11-24,Drug happy will young simply.
20,341.39,Other,Happy,2024-11-26,Much rich think.
20,539.24,Food,Happy,2024-11-26,How trip learn enter.
20,161.27,Travel,Neutral,2024-11-27,Indeed believe interview professor.
20,215.21,Leisure,Neutral,2024-11-28,Believe product eat generation put.
20,1015.1,Food,Neutral,2024-11-28,Eight bed fill.
20,478.92,Travel,Neutral,2024-11-30,True building card.
20,781.09,Food,Neutral,2024-12-01,Score each.
20,582.68,Food,Neutral,2024-12-02,Choice father why often.
20,636.08,Other,Stressed,2024-12-02,Network outside parent.
20,395.75,Other,Happy,2024-12-02,Near risk.
20,766.65,Education,Neutral,2024-12-05,Economic represent stock.
20,643.29,Food,Neutral,2024-12-06,Woman meet report.
20,294.73,Other,Neutral,2024-12-06,Management produce bed stage.
20,19.21,Other,Neutral,2024-12-06,In seven building hard.
20,195.37,Leisure,Neutral,2024-12-07,Conference matter wear physical site.
20,391.7,Other,Sad,2024-12-08,Current after charge.
20,265.19,Other,Neutral,2024-12-08,Law read citizen.
20,257.03,Leisure,Neutral,2024-12-11,Election conference when.
20,1157.83,Food,Excited,2024-12-12,Mind easy foreign old.
20,532.97,Leisure,Stressed,2024-12-12,Sometimes while sense window.
20,628.65,Travel,Neutral,2024-12-12,True building card.
20,241.8,Other,Stressed,2024-12-12,Religious across.
20,55.5,Travel,Neutral,2024-12-13,Not teach believe month.
20,190.59,Leisure,Neutral,2024-12-13,Model police finally girl.
20,252.54,Other,Neutral,2024-12-13,Religious across.
20,61.92,Other,Neutral,2024-12-15,Specific whose.
20,164.34,Travel,Stressed,2024-12-16,Floor there career.
20,582.68,Other,Happy,2024-12-16,State husband.
20,809.23,Education,Sad,2024-12-19,Budget remain reduce.
20,156.42,Education,Neutral,2024-12-21,Bed far section.
20,698.5,Other,Happy,2024-12-22,Local director become.
20,858.76,Other,Stressed,2024-12-23,Task she.
20,143.14,Other,Sad,2024-12-23,Since nothing be apply.
20,167.51,Other,Neutral,2024-12-24,Him note painting quickly.
20,439.54,Travel,Happy,2024-12-25,Gas teacher national weight all.
20,681.35,Other,Neutral,2024-12-26,Very figure drive special.
20,52.25,Other,Happy,2024-12-26,Himself fire heavy.
20,248.11,Other,Sad,2024-12-26,Military onto blue activity.
20,50.38,Other,Happy,2024-12-31,President likely truth animal.
20,196.38,Food,Sad,2024-12-31,Age decade mrs data.
20,736.89,Leisure,Excited,2025-01-03,City usually ever.
20,642.61,Other,Sad,2025-01-03,Sell include himself produce.
20,743.26,Leisure,Neutral,2025-01-04,Sell only manage.
20,766.1,Education,Neutral,2025-01-05,Soon including important.
20,296.8,Travel,Neutral,2025-01-05,Itself free source.
20,197.0,Other,Neutral,2025-01-05,Expert movement reach man.
20,44.16,Other,Happy,2025-01-07,Finish without.
20,504.29,Other,Neutral,2025-01-08,Above company media next me.
20,312.02,Other,Neutral,2025-01-08,Moment red eight hand.
20,63.92,Other,Sad,2025-01-08,Why though decide bank likely.
20,452.57,Other,Neutral,2025-01-09,Turn put professional.
20,483.34,Leisure,Sad,2025-01-11,Decision where foreign trial.
20,526.36,Travel,Stressed,2025-01-11,Edge surface who.
20,636.55,Leisure,Neutral,2025-01-11,Point appear including.
20,246.81,Food,Neutral,2025-01-13,Determine not view cell seat.
20,1033.24,Other,Sad,2025-01-16,Cell year.
20,701.78,Other,Neutral,2025-01-20,Find lay deal lot.
20,883.59,Food,Neutral,2025-01-21,Mind easy foreign old.
20,600.26,Other,Happy,2025-01-21,Win central.
20,506.02,Leisure,Neutral,2025-01-23,Box organization.
20,65.46,Leisure,Happy,2025-01-23,Teach cause mrs.
20,849.2,Leisure,Neutral,2025-01-23,Age cover foreign.
20,480.42,Other,Neutral,2025-01-24,Yeah far within.
20,602.58,Other,Neutral,2025-01-28,Cultural allow.
20,120.41,Food,Neutral,2025-01-29,Focus chance.
20,479.54,Travel,Excited,2025-01-29,Compare system white magazine after.
20,113.3,Leisure,Excited,2025-01-30,Voice american seven discussion.
21,586.7,Travel,Neutral,2024-08-01,Dinner article hit mission whole.
21,1124.71,Education,Neutral,2024-08-04,Good lay coach.
21,1295.85,Leisure,Excited,2024-08-08,Seven project chance road.
21,739.37,Food,Excited,2024-08-08,Myself so growth time.
21,1915.82,Other,Sad,2024-08-13,Letter mind many.
21,1206.68,Other,Excited,2024-08-13,Machine whatever everything fear walk.
21,774.16,Education,Sad,2024-08-14,Wish current.
21,464.3,Travel,Happy,2024-08-16,Few spring raise.
21,1412.45,Leisure,Stressed,2024-08-17,Recent couple cost girl run.
21,1005.58,Travel,Neutral,2024-08-17,Couple city you level.
21,4200.11,Food,Stressed,2024-08-18,Tree imagine machine.
21,1049.12,Education,Excited,2024-08-19,Able late order.
21,1345.03,Travel,Excited,2024-08-19,Magazine degree husband around.
21,173.09,Other,Happy,2024-08-20,Be move fly open.
21,1799.68,Other,Happy,2024-08-21,Yes at seat ok.
21,1039.93,Other,Excited,2024-08-23,Local director become.
21,366.41,Education,Sad,2024-08-24,Instead writer.
21,949.17,Leisure,Excited,2024-08-24,Act way beat result major.
21,264.45,Other,Excited,2024-08-25,Later week democratic few.
21,2682.54,Other,Excited,2024-08-25,Plant event score official now.
21,1264.0,Food,Excited,2024-08-27,You ready way rule.
21,198.64,Other,Neutral,2024-08-27,Pattern wrong kind certainly.
21,763.39,Leisure,Excited,2024-08-28,Country remember smile.
21,716.15,Other,Stressed,2024-08-28,Cultural allow.
21,1699.21,Other,Neutral,2024-08-28,National free.
21,583.67,Other,Sad,2024-08-29,Land region back nor article.
21,215.03,Other,Happy,2024-08-30,Result size feel no nothing.
21,295.19,Other,Neutral,2024-08-30,Offer bed it skill challenge.
21,186.49,Education,Happy,2024-08-31,Kid industry.
21,1115.38,Other,Neutral,2024-09-02,Name skill medical after them.
21,179.82,Leisure,Neutral,2024-09-03,Single blood continue.
21,811.46,Travel,Happy,2024-09-03,So draw food company.
21,2033.7,Leisure,Sad,2024-09-05,Hundred bad that second develop.
21,1709.67,Other,Excited,2024-09-06,Control bill.
21,997.9,Other,Happy,2024-09-06,Lead paper middle foreign party.
21,424.7,Leisure,Excited,2024-09-08,Board its.
21,1342.86,Leisure,Neutral,2024-09-10,Test they there.
21,980.47,Leisure,Excited,2024-09-10,Reflect star.
21,1321.9,Other,Neutral,2024-09-13,World enter.
21,1163.85,Food,Excited,2024-09-13,Leg themselves away.
21,751.78,Education,Excited,2024-09-14,Check clearly follow remember generation.
21,1891.34,Leisure,Happy,2024-09-15,Guess service this different.
21,2738.6,Leisure,Stressed,2024-09-15,Save network item one under.
21,613.74,Leisure,Excited,2024-09-16,Base player data whose.
21,1869.65,Other,Neutral,2024-09-20,Couple raise she child.
21,282.93,Education,Happy,2024-09-22,Development middle animal.
21,472.37,Other,Happy,2024-09-23,Near risk.
21,509.59,Other,Excited,2024-09-25,Us perhaps lawyer interest star.
21,657.85,Other,Excited,2024-09-27,Woman daughter hospital move.
21,1058.82,Travel,Happy,2024-09-29,Itself free source.
21,1268.9,Education,Stressed,2024-09-30,Budget remain reduce.
21,645.32,Leisure,Excited,2024-10-01,Nearly want front shake.
21,2622.53,Other,Neutral,2024-10-02,Firm financial.
21,1143.1,Leisure,Happy,2024-10-02,Company option character land space.
21,1783.4,Other,Excited,2024-10-06,Million night your.
21,268.06,Travel,Stressed,2024-10-09,Drug happy will young simply.
21,1109.39,Education,Happy,2024-10-09,Career including late condition opportunity.
21,367.91,Leisure,Neutral,2024-10-10,Decade trade field training.
21,623.2,Food,Excited,2024-10-10,General final knowledge.
21,336.89,Other,Excited,2024-10-12,Public particularly reality.
21,386.31,Education,Neutral,2024-10-12,Ahead from quickly identify.
21,1715.21,Education,Excited,2024-10-17,About usually.
21,988.16,Other,Excited,2024-10-18,Task central dinner.
21,1522.58,Food,Excited,2024-10-19,History professional star wonder.
21,1639.73,Other,Happy,2024-10-19,Environment character real middle prove.
21,1789.91,Other,Excited,2024-10-19,Real know our any.
21,213.16,Other,Happy,2024-10-21,Later week democratic few.
21,238.18,Leisure,Stressed,2024-10-21,She join house.
21,165.81,Other,Excited,2024-10-23,Magazine join.
21,1732.41,Travel,Stressed,2024-10-23,Picture approach chance none fight.
21,1079.29,Leisure,Excited,2024-10-23,Base player data whose.
21,796.01,Other,Happy,2024-10-23,Serious produce.
21,1113.59,Food,Sad,2024-10-24,Leader both rest challenge.
21,661.21,Travel,Neutral,2024-10-25,Program decade home which view.
21,2225.2,Food,Excited,2024-10-26,Your less social form.
21,255.92,Other,Excited,2024-10-27,Finally shoulder land.
21,1402.71,Leisure,Stressed,2024-10-27,Financial popular short like.
21,1202.35,Travel,Happy,2024-10-29,Wall act special.
21,1264.41,Food,Excited,2024-10-29,Choice father why often.
21,1299.15,Travel,Excited,2024-10-29,Attack mouth rest contain.
21,1393.24,Education,Excited,2024-10-31,Soon including important.
21,682.73,Leisure,Excited,2024-11-02,Keep light fight.
21,704.72,Other,Happy,2024-11-06,Nature performance yeah.
21,1115.93,Leisure,Neutral,2024-11-07,Age cover foreign.
21,843.73,Other,Happy,2024-11-07,Miss reduce animal clearly cell.
21,2109.79,Other,Neutral,2024-11-09,National free.
21,916.87,Other,Happy,2024-11-09,Almost outside middle.
21,280.09,Leisure,Neutral,2024-11-11,Surface expect several evening town.
21,923.59,Leisure,Excited,2024-11-12,Happy action.
21,628.32,Other,Happy,2024-11-12,Remember ability.
21,1526.7,Leisure,Happy,2024-11-14,Food affect upon these story.
21,201.17,Other,Excited,2024-11-18,Him note painting quickly.
21,1479.19,Food,Excited,2024-11-19,Project can.
21,1193.48,Other,Neutral,2024-11-20,Scientist able teach.
21,493.83,Food,Excited,2024-11-21,Like clear.
21,1036.58,Leisure,Excited,2024-11-22,Could gun.
21,841.72,Leisure,Happy,2024-11-22,Society common stay ready.
21,1560.71,Leisure,Neutral,2024-11-23,Boy other foot best.
21,515.3,Leisure,Stressed,2024-11-25,Member box.
21,481.41,Leisure,Neutral,2024-11-25,Indicate herself.
21,305.85,Education,Excited,2024-11-27,Cup hundred rather.
21,351.03,Other,Neutral,2024-11-27,Respond into history.
21,1200.34,Leisure,Neutral,2024-11-27,Professional color group.
21,2418.08,Travel,Excited,2024-11-28,Case expert stop.
21,907.23,Food,Happy,2024-11-28,Say dog drug enter.
21,1335.45,Education,Sad,2024-11-28,Until choose wife national.
21,891.98,Leisure,Neutral,2024-11-29,Something population loss physical.
21,325.19,Leisure,Neutral,2024-11-29,Person one republican.
21,950.17,Other,Neutral,2024-11-30,Yeah far within.
21,2076.75,Food,Happy,2024-12-01,Mr suggest issue.
21,477.59,Other,Happy,2024-12-02,Life police.
21,280.57,Other,Stressed,2024-12-03,Method exactly.
21,1013.11,Leisure,Excited,2024-12-03,Check purpose young.
21,481.83,Other,Excited,2024-12-05,Attention standard shake more respond.
21,1812.91,Travel,Happy,2024-12-09,Player really act friend.
21,463.52,Food,Happy,2024-12-10,Lay color.
21,332.24,Food,Excited,2024-12-15,Card star avoid nothing.
21,3218.09,Other,Sad,2024-12-15,Phone ever back experience.
21,1409.34,Other,Happy,2024-12-15,End dog.
21,1091.71,Leisure,Excited,2024-12-17,Fact huge fight.
21,573.63,Leisure,Happy,2024-12-17,Color store over some.
21,218.16,Leisure,Happy,2024-12-18,Surface expect several evening town.
21,645.65,Leisure,Excited,2024-12-19,Simply century the.
21,1282.76,Other,Excited,2024-12-19,Art green child movie blue.
21,865.45,Food,Stressed,2024-12-21,Go exactly much food region.
21,495.37,Leisure,Stressed,2024-12-21,Window research his.
21,1100.36,Education,Happy,2024-12-22,Instead writer.
21,654.67,Travel,Excited,2024-12-24,Itself free source.
21,43.37,Food,Sad,2024-12-24,Doctor population grow bar.
21,448.7,Travel,Happy,2024-12-25,Fall analysis.
21,113.36,Travel,Happy,2024-12-25,Anyone here deep.
21,45.03,Travel,Stressed,2024-12-26,President girl condition.
21,335.11,Travel,Neutral,2024-12-27,Smile cover of pm eight.
21,1463.08,Leisure,Happy,2024-12-30,At decade really issue.
21,1710.56,Food,Excited,2024-12-30,Tree imagine machine.
21,701.92,Leisure,Sad,2024-12-30,Draw police.
21,1419.69,Leisure,Happy,2024-12-30,None pressure lay future stay.
21,2264.58,Food,Happy,2024-12-31,Million kind everything young.
21,298.44,Leisure,Excited,2024-12-31,Company left nothing trip.
21,550.63,Other,Sad,2024-12-31,Identify material.
21,487.31,Education,Sad,2025-01-01,Despite sound receive let.
21,187.81,Leisure,Excited,2025-01-02,Inside big minute.
21,3039.47,Travel,Excited,2025-01-04,Hair attorney professional.
21,2855.39,Other,Happy,2025-01-05,Focus executive letter possible final.
21,3569.5,Education,Neutral,2025-01-05,Price my.
21,342.39,Leisure,Happy,2025-01-06,Walk anything.
21,1338.25,Leisure,Excited,2025-01-07,American audience fight war whether.
21,1404.43,Travel,Neutral,2025-01-09,Church own stage.
21,472.99,Education,Excited,2025-01-10,Difference way type positive phone.
21,278.11,Other,Excited,2025-01-12,Realize property show either.
21,1225.76,Education,Happy,2025-01-13,Agent say forward us.
21,1271.77,Other,Happy,2025-01-14,Water tonight pressure.
21,276.67,Leisure,Excited,2025-01-17,Window music evening know.
21,463.82,Other,Happy,2025-01-17,Identify material.
21,224.97,Food,Neutral,2025-01-18,Mission put budget house.
21,4007.67,Leisure,Happy,2025-01-19,Close month parent who up.
21,463.64,Other,Excited,2025-01-19,Describe paper.
21,305.61,Other,Stressed,2025-01-19,Day already hold.
21,631.81,Leisure,Stressed,2025-01-20,Deal beyond almost.
21,1171.85,Education,Neutral,2025-01-23,Price my.
21,930.44,Travel,Excited,2025-01-23,Analysis four capital.
21,507.45,Other,Happy,2025-01-24,Talk thing rock ever summer.
21,1153.17,Food,Stressed,2025-01-25,While same budget.
21,2090.08,Other,Sad,2025-01-25,Star executive fear.
21,1751.58,Food,Excited,2025-01-26,Above dog brother morning.
21,42.51,Other,Excited,2025-01-27,Money modern receive partner.
21,723.1,Other,Stressed,2025-01-27,This manage her.
21,866.16,Food,Excited,2025-01-28,Order his oil west school.
21,426.99,Travel,Happy,2025-01-28,Science drug.
21,142.49,Education,Happy,2025-01-29,Book economic.
21,1387.54,Other,Excited,2025-01-30,Thing physical might.
21,711.67,Other,Happy,2025-01-30,Miss reduce animal clearly cell.
21,104.55,Leisure,Happy,2025-01-30,Network fact talk.
22,1097.5,Leisure,Happy,2024-08-01,Company option character land space.
22,46.85,Other,Excited,2024-08-02,Receive case past only drug.
22,167.01,Leisure,Excited,2024-08-03,Help usually thank wonder draw.
22,950.1,Other,Excited,2024-08-03,Industry impact certainly.
22,5024.96,Other,Happy,2024-08-03,Face build market.
22,3736.55,Travel,Excited,2024-08-03,Challenge organization floor road southern.
22,2758.97,Other,Neutral,2024-08-03,Beyond family movement hospital back.
22,725.95,Other,Excited,2024-08-04,Fish late pattern.
22,286.72,Other,Excited,2024-08-04,Stage threat our.
22,263.44,Leisure,Excited,2024-08-04,Inside big minute.
22,130.42,Other,Excited,2024-08-05,Why though decide bank likely.
22,157.64,Food,Excited,2024-08-07,Growth appear project.
22,909.99,Food,Happy,2024-08-08,State among rest national wrong.
22,186.53,Education,Sad,2024-08-09,Ahead from quickly identify.
22,943.04,Leisure,Happy,2024-08-09,Blue agent find.
22,1778.24,Education,Excited,2024-08-10,Career including late condition opportunity.
22,1773.55,Other,Excited,2024-08-10,Win central.
22,2074.17,Leisure,Neutral,2024-08-11,Professor important do house must.
22,565.7,Travel,Stressed,2024-08-14,Few spring raise.
22,996.91,Other,Excited,2024-08-14,Nice maintain present cultural.
22,1148.4,Food,Sad,2024-08-14,Mr suggest issue.
22,553.75,Other,Happy,2024-08-14,Current after charge.
22,1481.87,Travel,Happy,2024-08-14,Forget once hope security.
22,1806.75,Other,Stressed,2024-08-16,Quality throughout.
22,786.35,Travel,Excited,2024-08-16,Age war measure whom.
22,358.4,Food,Excited,2024-08-18,General final knowledge.
22,550.74,Travel,Sad,2024-08-19,Outside with each animal.
22,93.87,Other,Neutral,2024-08-20,Recognize media goal.
22,431.22,Leisure,Neutral,2024-08-20,Water positive child usually.
22,563.53,Travel,Excited,2024-08-21,Analysis four capital.
22,824.35,Education,Excited,2024-08-21,Involve thousand including.
22,24.66,Other,Excited,2024-08-22,In seven building hard.
22,807.24,Leisure,Neutral,2024-08-22,Into notice necessary true message.
22,314.42,Leisure,Neutral,2024-08-22,Keep light fight.
22,1010.83,Other,Excited,2024-08-23,Have including none.
22,740.28,Food,Neutral,2024-08-23,Yet wish certain usually.
22,199.43,Leisure,Neutral,2024-08-25,Easy get every.
22,951.73,Other,Stressed,2024-08-26,Body lead there there early.
22,1522.35,Other,Happy,2024-08-26,Leg rest interest.
22,923.99,Leisure,Happy,2024-08-27,Close month parent who up.
22,1675.68,Other,Excited,2024-08-29,Cultural right cover large work.
22,214.38,Leisure,Excited,2024-08-29,Particular condition man.
22,1273.59,Leisure,Happy,2024-08-29,Different international sell several.
22,895.52,Education,Sad,2024-08-30,Involve thousand including.
22,631.09,Food,Neutral,2024-09-02,Heart still building.
22,1607.69,Food,Sad,2024-09-02,Voice boy wife condition.
22,1912.68,Leisure,Stressed,2024-09-02,On someone rise read.
22,329.57,Other,Neutral,2024-09-03,Bank price north first end.
22,628.85,Other,Happy,2024-09-04,Whose other.
22,2547.01,Travel,Happy,2024-09-04,Picture approach chance none fight.
22,1781.38,Leisure,Sad,2024-09-05,Answer just.
22,453.56,Other,Neutral,2024-09-05,Space moment travel these least.
22,3103.31,Travel,Excited,2024-09-06,Magazine degree husband around.
22,1979.22,Other,Excited,2024-09-06,Security arm.
22,46.12,Other,Excited,2024-09-07,Help painting always.
22,1049.51,Travel,Happy,2024-09-07,Include record security.
22,557.27,Food,Excited,2024-09-07,Current health serious.
22,1354.28,Leisure,Stressed,2024-09-08,Assume campaign assume.
22,26.28,Other,Happy,2024-09-08,Office of remember individual.
22,1102.37,Leisure,Neutral,2024-09-09,Baby lawyer growth matter note.
22,67.62,Education,Happy,2024-09-09,Kid industry.
22,934.75,Leisure,Sad,2024-09-12,Information scene again country.
22,1477.61,Leisure,Neutral,2024-09-12,Rate society floor long same.
22,1251.82,Food,Excited,2024-09-12,Forward would finish around.
22,1862.07,Leisure,Happy,2024-09-13,Provide car throughout american.
22,3348.76,Travel,Happy,2024-09-14,News need task mind.
22,3342.26,Other,Excited,2024-09-14,Exist theory.
22,626.36,Food,Sad,2024-09-14,Network never.
22,468.87,Education,Excited,2024-09-16,Scientist i doctor.
22,102.9,Food,Sad,2024-09-16,Enough threat score.
22,521.62,Travel,Sad,2024-09-16,Energy always.
22,1328.7,Other,Happy,2024-09-17,Than physical live reason.
22,2047.9,Food,Excited,2024-09-18,Tree imagine machine.
22,1455.5,Other,Happy,2024-09-19,Southern evening ask republican.
22,954.12,Food,Excited,2024-09-20,Spend prove stock school.
22,679.83,Other,Sad,2024-09-22,Goal once let perform international.
22,150.91,Leisure,Happy,2024-09-23,Cold reason our.
22,1835.97,Travel,Excited,2024-09-24,Challenge organization floor road southern.
22,937.98,Education,Happy,2024-09-26,Behind front attack song little.
22,233.93,Other,Happy,2024-09-27,Before relationship plant.
22,1894.53,Leisure,Excited,2024-09-29,Option goal avoid.
22,599.54,Leisure,Happy,2024-09-30,Property let.
22,987.31,Travel,Happy,2024-09-30,Song risk bad.
22,140.08,Other,Neutral,2024-09-30,Something fine apply gas sing.
22,126.27,Education,Excited,2024-09-30,Book economic.
22,1136.39,Other,Excited,2024-10-01,Cell year.
22,2090.11,Food,Happy,2024-10-02,Quite general there sister.
22,626.21,Other,Neutral,2024-10-04,Describe paper.
22,437.63,Food,Stressed,2024-10-05,Network never.
22,3649.72,Leisure,Neutral,2024-10-05,New type pm.
22,170.44,Education,Excited,2024-10-06,Third rich hospital.
22,966.96,Other,Happy,2024-10-06,Occur college herself.
22,1166.41,Leisure,Happy,2024-10-07,There decision measure.
22,647.72,Other,Excited,2024-10-07,Turn put professional.
22,815.89,Food,Neutral,2024-10-08,Like clear.
22,1793.26,Other,Excited,2024-10-08,Letter mind many.
22,769.74,Education,Excited,2024-10-09,Beat light the window.
22,1188.49,Leisure,Neutral,2024-10-09,Base player data whose.
22,950.47,Travel,Excited,2024-10-10,Picture approach chance none fight.
22,847.47,Travel,Sad,2024-10-11,Right know during someone.
22,506.71,Food,Neutral,2024-10-11,Determine not view cell seat.
22,1149.74,Education,Stressed,2024-10-11,Reality fill ok list.
22,1529.92,Food,Sad,2024-10-12,Law agree appear political.
22,56.24,Leisure,Happy,2024-10-12,Be fire.
22,768.64,Other,Stressed,2024-10-13,Somebody next ready.
22,836.74,Education,Excited,2024-10-13,Clear single expect.
22,4401.07,Other,Happy,2024-10-13,Yes at seat ok.
22,105.32,Leisure,Sad,2024-10-14,That reflect send set fly.
22,594.29,Travel,Happy,2024-10-14,True building card.
22,525.98,Education,Happy,2024-10-14,Involve thousand including.
22,1211.43,Travel,Excited,2024-10-15,Size republican political.
22,1431.37,Leisure,Excited,2024-10-15,Stop later reveal both.
22,867.57,Education,Sad,2024-10-16,Development the inside thought.
22,635.79,Other,Neutral,2024-10-17,Tell brother defense list second.
22,1016.36,Other,Happy,2024-10-17,Material produce station visit environmental.
22,1246.52,Travel,Happy,2024-10-17,Nearly need behavior.
22,77.14,Other,Excited,2024-10-19,Finish without.
22,192.99,Food,Excited,2024-10-20,Growth appear project.
22,3143.57,Food,Excited,2024-10-20,Tree imagine machine.
22,276.24,Education,Excited,2024-10-21,Instead writer.
22,31.17,Other,Happy,2024-10-21,Write other wear through partner.
22,298.77,Education,Stressed,2024-10-24,True culture.
22,1282.4,Food,Neutral,2024-10-25,Its develop until watch.
22,984.06,Education,Stressed,2024-10-26,North question new.
22,137.76,Food,Stressed,2024-10-27,Heavy what least mouth national.
22,295.94,Travel,Sad,2024-10-27,Billion morning draw.
22,265.5,Education,Excited,2024-10-28,Pass range appear home player.
22,200.35,Food,Happy,2024-10-28,Low happy oil which bag.
22,1350.21,Food,Excited,2024-10-29,History professional star wonder.
22,719.9,Education,Stressed,2024-10-30,Leader operation mean white.
22,992.38,Other,Happy,2024-10-30,Phone ever back experience.
22,724.05,Education,Happy,2024-10-30,My some skin ball thing.
22,253.13,Leisure,Excited,2024-10-31,Technology tend.
22,1330.42,Leisure,Happy,2024-11-01,Simply century the.
22,2538.81,Food,Excited,2024-11-02,Leg sport until argue.
22,319.71,Education,Neutral,2024-11-03,Sort what.
22,1798.81,Leisure,Neutral,2024-11-03,Him fight american music change.
22,414.81,Other,Stressed,2024-11-03,Good house only military.
22,2331.5,Travel,Happy,2024-11-06,Current hear claim well two.
22,602.94,Other,Stressed,2024-11-06,Mention billion bed never others.
22,1488.57,Other,Excited,2024-11-06,On professional analysis color.
22,1329.45,Other,Excited,2024-11-06,People tend weight machine.
22,1991.84,Other,Excited,2024-11-07,Approach side model you billion.
22,552.4,Other,Neutral,2024-11-07,Hope floor include.
22,1126.7,Other,Stressed,2024-11-07,Real know our any.
22,601.61,Food,Excited,2024-11-08,Boy generation.
22,1168.0,Other,Excited,2024-11-08,Community spring billion price paper.
22,1841.57,Education,Stressed,2024-11-09,Quite response.
22,1967.85,Leisure,Neutral,2024-11-09,Professional color group.
22,402.68,Travel,Excited,2024-11-11,Likely scientist.
22,460.12,Leisure,Stressed,2024-11-12,Their off.
22,18.84,Other,Stressed,2024-11-12,Write other wear through partner.
22,1663.04,Food,Excited,2024-11-14,Leader both rest challenge.
22,1621.72,Leisure,Excited,2024-11-14,Finish right serious.
22,1199.05,Leisure,Neutral,2024-11-14,Majority none little admit former.
22,947.25,Other,Sad,2024-11-15,Price institution method inside.
22,1158.02,Travel,Stressed,2024-11-15,Movement door kind.
22,2629.68,Other,Neutral,2024-11-16,Least ready activity decision ok.
22,3113.31,Other,Sad,2024-11-17,Administration network once.
22,935.83,Other,Neutral,2024-11-17,Lead paper middle foreign party.
22,211.18,Other,Excited,2024-11-17,Exist professional.
22,1525.99,Travel,Excited,2024-11-19,Join black.
22,1275.89,Leisure,Sad,2024-11-19,Question or money.
22,292.89,Travel,Sad,2024-11-20,Else easy point she.
22,399.2,Other,Excited,2024-11-20,Long identify road speech.
22,1867.03,Travel,Happy,2024-11-20,Quite budget window hour some.
22,1302.03,Other,Happy,2024-11-20,Life police.
22,1163.38,Leisure,Happy,2024-11-21,Child group describe.
22,872.27,Other,Neutral,2024-11-23,Have decide environment.
22,950.7,Food,Excited,2024-11-23,Determine not view cell seat.
22,1580.72,Education,Excited,2024-11-23,Four field area young.
22,1962.91,Leisure,Excited,2024-11-23,Country remember smile.
22,2002.19,Other,Excited,2024-11-24,Store bit responsibility brother.
22,3080.47,Other,Excited,2024-11-24,Forward sense cause write right.
22,2049.7,Leisure,Sad,2024-11-25,Which raise american truth.
22,1210.55,Other,Stressed,2024-11-25,Network available mean share.
22,59.08,Education,Happy,2024-11-25,Name machine tree maybe.
22,313.93,Leisure,Sad,2024-11-27,Turn surface listen.
22,544.22,Education,Sad,2024-11-27,Together let.
22,625.51,Food,Happy,2024-11-28,Determine not view cell seat.
22,704.8,Leisure,Neutral,2024-11-29,Word collection those become.
22,1720.67,Travel,Excited,2024-11-29,Agreement us stuff.
22,853.11,Food,Excited,2024-11-29,Boy generation.
22,1322.56,Leisure,Excited,2024-11-30,None pressure lay future stay.
22,1025.17,Leisure,Happy,2024-11-30,Baby lawyer growth matter note.
22,25.95,Food,Happy,2024-11-30,Pull blue strong wonder.
22,1784.54,Food,Neutral,2024-11-30,Specific onto go.
22,1893.29,Leisure,Excited,2024-11-30,Detail far church some.
22,1051.85,Other,Excited,2024-12-02,Picture early send morning.
22,867.25,Other,Happy,2024-12-02,Hand so add mr lawyer.
22,779.05,Other,Happy,2024-12-03,Policy mrs.
22,283.9,Travel,Happy,2024-12-03,Else easy point she.
22,259.84,Education,Excited,2024-12-03,Grow laugh.
22,1177.19,Other,Neutral,2024-12-05,Environment character real middle prove.
22,2901.11,Leisure,Excited,2024-12-06,Rate society floor long same.
22,690.87,Education,Sad,2024-12-07,Allow girl team simply lead.
22,1138.68,Other,Happy,2024-12-08,Authority interest red must art.
22,121.87,Other,Sad,2024-12-09,President likely truth animal.
22,1471.32,Travel,Excited,2024-12-09,Age war measure whom.
22,1124.94,Travel,Happy,2024-12-10,Hold carry rest.
22,1107.08,Other,Neutral,2024-12-11,Stuff next write.
22,1285.82,Food,Neutral,2024-12-12,Report agreement sport.
22,813.78,Other,Excited,2024-12-12,Network available mean share.
22,2051.6,Travel,Happy,2024-12-13,Magazine degree husband around.
22,1025.71,Travel,Excited,2024-12-13,Ball theory prepare much throughout.
22,456.6,Food,Stressed,2024-12-14,However style.
22,1584.59,Other,Happy,2024-12-14,Pattern ahead compare form full.
22,306.29,Education,Excited,2024-12-14,Anyone spend them system.
22,3273.3,Travel,Neutral,2024-12-15,Do interesting material.
22,2608.5,Education,Happy,2024-12-15,She they.
22,1836.85,Other,Neutral,2024-12-15,Fear approach take case customer.
22,1373.36,Food,Neutral,2024-12-15,Side mind question year finish.
22,689.49,Other,Happy,2024-12-17,Build smile across among situation.
22,1877.76,Travel,Neutral,2024-12-18,Material less focus hear.
22,179.19,Leisure,Excited,2024-12-18,Relate day.
22,1459.39,Other,Excited,2024-12-19,Feeling manage as.
22,109.07,Food,Happy,2024-12-19,Special information.
22,1000.24,Food,Happy,2024-12-20,History professional star wonder.
22,813.01,Travel,Neutral,2024-12-21,Might necessary former.
22,2467.84,Travel,Sad,2024-12-22,Ball theory prepare much throughout.
22,168.63,Leisure,Neutral,2024-12-23,Cold reason our.
22,299.16,Other,Happy,2024-12-24,Try opportunity public.
22,820.16,Other,Happy,2024-12-24,Stage someone for power.
22,1175.97,Education,Stressed,2024-12-25,My serious whatever miss seek.
22,929.1,Leisure,Excited,2024-12-25,Option goal avoid.
22,40.52,Travel,Happy,2024-12-26,Huge response long.
22,1011.88,Education,Happy,2024-12-26,Option oil commercial.
22,1623.18,Education,Sad,2024-12-26,Reality fill ok list.
22,1402.52,Education,Happy,2024-12-26,Walk cup option store.
22,935.65,Education,Happy,2024-12-27,Space beyond.
22,1184.68,Other,Happy,2024-12-27,Born itself law west.
22,1053.71,Education,Happy,2024-12-27,Scientist do author.
22,2089.18,Food,Happy,2024-12-28,Above dog brother morning.
22,2744.49,Travel,Excited,2024-12-28,Republican reduce sort individual trouble.
22,1286.71,Travel,Excited,2024-12-29,Ball theory prepare much throughout.
22,1486.17,Leisure,Stressed,2024-12-30,Bed report item.
22,490.93,Other,Sad,2024-12-30,Resource road do.
22,1822.85,Other,Happy,2024-12-31,Task she.
22,1267.47,Other,Neutral,2024-12-31,Maintain assume both long.
22,1795.2,Other,Neutral,2025-01-02,State husband.
22,1563.79,Other,Happy,2025-01-02,Old particularly.
22,1261.81,Other,Happy,2025-01-02,Prove nor design record.
22,798.93,Travel,Happy,2025-01-04,Receive to piece.
22,1585.73,Travel,Happy,2025-01-04,Current hear claim well two.
22,233.04,Other,Sad,2025-01-04,Specific whose.
22,2394.61,Other,Excited,2025-01-04,Yes at seat ok.
22,1405.14,Food,Neutral,2025-01-05,Identify say on yes.
22,449.14,Food,Happy,2025-01-05,Network never.
22,1130.71,Leisure,Happy,2025-01-07,Relate real major.
22,236.17,Travel,Excited,2025-01-07,Organization ten seem.
22,145.91,Travel,Excited,2025-01-08,Organization ten seem.
22,1526.23,Leisure,Sad,2025-01-09,Course technology site.
22,1973.18,Leisure,Happy,2025-01-09,Truth during always those high.
22,830.32,Other,Happy,2025-01-10,Those pressure street.
22,2202.79,Leisure,Happy,2025-01-11,Career surface these ahead.
22,803.83,Leisure,Neutral,2025-01-11,Method everything.
22,1161.64,Leisure,Happy,2025-01-12,Member box.
22,847.0,Other,Neutral,2025-01-12,Authority interest red must art.
22,921.33,Leisure,Excited,2025-01-13,Base player data whose.
22,518.84,Other,Excited,2025-01-14,Health image.
22,693.17,Education,Neutral,2025-01-15,Wish current.
22,13.74,Leisure,Excited,2025-01-16,What strong line.
22,411.32,Leisure,Happy,2025-01-16,Up federal nor note.
22,500.32,Education,Neutral,2025-01-16,Way cold.
22,879.56,Education,Neutral,2025-01-17,Actually than modern season.
22,1068.68,Travel,Stressed,2025-01-17,Second full boy.
22,431.24,Leisure,Excited,2025-01-17,To receive education.
22,1172.62,Leisure,Sad,2025-01-17,Food affect upon these story.
22,2816.19,Travel,Sad,2025-01-19,Player really act friend.
22,556.28,Travel,Sad,2025-01-19,Floor there career.
22,2424.92,Travel,Neutral,2025-01-20,Do interesting material.
22,1748.86,Leisure,Neutral,2025-01-20,Language however risk work.
22,215.99,Food,Happy,2025-01-20,Current health serious.
22,1029.24,Leisure,Happy,2025-01-21,Ahead certainly second everyone.
22,206.47,Other,Excited,2025-01-21,Learn talk.
22,92.96,Travel,Stressed,2025-01-21,President girl condition.
22,744.92,Leisure,Neutral,2025-01-22,Big the cost for leader.
22,142.44,Food,Happy,2025-01-22,Base investment.
22,2039.71,Other,Happy,2025-01-22,Build view.
22,419.12,Other,Excited,2025-01-23,Law read citizen.
22,168.61,Other,Excited,2025-01-23,Administration mother in admit.
22,453.5,Education,Stressed,2025-01-24,Paper beyond indeed.
22,948.84,Other,Excited,2025-01-24,Land region back nor article.
22,2028.72,Travel,Happy,2025-01-25,Edge surface who.
22,340.99,Leisure,Sad,2025-01-26,After sister should across treatment.
22,933.01,Leisure,Happy,2025-01-27,As second animal summer group.
22,77.89,Leisure,Sad,2025-01-27,Drug entire involve.
22,877.02,Travel,Stressed,2025-01-28,Include record security.
22,805.43,Travel,Sad,2025-01-28,Cost attorney.
22,288.52,Other,Excited,2025-01-28,Respond into history.
22,143.56,Leisure,Neutral,2025-01-30,Easy get every.
22,1040.57,Leisure,Neutral,2025-01-30,Tv budget system book.
22,98.22,Food,Excited,2025-01-31,Mission put budget house.
23,610.4,Travel,Neutral,2024-08-01,Month whom stage soon.
23,1070.67,Other,Neutral,2024-08-01,Instead ahead despite measure ago.
23,1407.53,Leisure,Stressed,2024-08-01,Determine feel article we they.
23,2202.98,Other,Excited,2024-08-05,Security arm.
23,974.17,Education,Stressed,2024-08-05,Present discussion.
23,120.11,Other,Happy,2024-08-07,Store natural today season.
23,331.38,Education,Excited,2024-08-07,Find job where.
23,826.31,Other,Excited,2024-08-09,Somebody next ready.
23,1535.28,Other,Excited,2024-08-09,Picture early send morning.
23,3238.84,Leisure,Excited,2024-08-10,Age cover foreign.
23,1808.38,Food,Excited,2024-08-10,History drop point audience.
23,499.94,Travel,Sad,2024-08-10,What than political up instead.
23,1948.51,Other,Excited,2024-08-11,Firm financial.
23,2940.39,Leisure,Neutral,2024-08-11,New type pm.
23,1577.41,Other,Excited,2024-08-15,Kind appear environment capital explain.
23,600.1,Travel,Neutral,2024-08-15,True building card.
23,221.24,Travel,Happy,2024-08-15,Else easy point she.
23,1511.1,Education,Sad,2024-08-16,Red head window be.
23,1417.95,Other,Excited,2024-08-16,Very figure drive special.
23,414.94,Other,Excited,2024-08-17,Public particularly reality.
23,891.52,Education,Excited,2024-08-18,Bed recognize store.
23,1763.35,Food,Happy,2024-08-18,You ready way rule.
23,1330.04,Travel,Neutral,2024-08-19,Ahead picture son.
23,1411.58,Leisure,Excited,2024-08-19,Finish right serious.
23,453.42,Leisure,Stressed,2024-08-19,Their off.
23,898.62,Other,Excited,2024-08-20,Military onto blue activity.
23,1084.43,Travel,Happy,2024-08-21,Between rate name within.
23,260.08,Other,Excited,2024-08-22,Unit again easy morning four.
23,1240.23,Leisure,Excited,2024-08-23,Miss have analysis morning.
23,541.16,Other,Neutral,2024-08-24,Quite as when.
23,1010.23,Other,Happy,2024-08-24,Gas contain interest industry sell.
23,887.63,Food,Sad,2024-08-27,Yet wish certain usually.
23,369.73,Leisure,Excited,2024-08-28,Turn surface listen.
23,1906.66,Other,Neutral,2024-08-28,Kind appear environment capital explain.
23,131.06,Other,Excited,2024-08-28,Live way two.
23,1365.83,Travel,Stressed,2024-08-29,Ahead picture son.
23,1491.6,Leisure,Sad,2024-08-31,Check purpose young.
23,434.48,Other,Happy,2024-09-01,Son rock two.
23,2007.55,Other,Happy,2024-09-01,Improve simple turn.
23,2565.9,Other,Stressed,2024-09-03,Marriage participant.
23,786.52,Food,Excited,2024-09-05,Environmental run head garden box.
23,1285.93,Leisure,Neutral,2024-09-06,Test they there.
23,982.29,Education,Sad,2024-09-08,Partner sing administration main according.
23,1323.0,Food,Excited,2024-09-08,Myself so growth time.
23,178.05,Leisure,Stressed,2024-09-11,Worker range feel.
23,2316.4,Travel,Excited,2024-09-15,Look fight.
23,2073.69,Education,Stressed,2024-09-15,Shake hand hundred now.
23,1701.46,Education,Happy,2024-09-15,Challenge large wish move.
23,989.97,Travel,Neutral,2024-09-17,Laugh red man fly charge.
23,1887.08,Travel,Happy,2024-09-17,Ahead picture son.
23,104.3,Other,Excited,2024-09-18,People newspaper stay.
23,73.94,Travel,Excited,2024-09-18,Really society live camera.
23,1652.25,Leisure,Excited,2024-09-19,Five store ask data.
23,180.2,Travel,Neutral,2024-09-19,Anyone bank kitchen interest parent.
23,3200.91,Travel,Excited,2024-09-21,Current hear claim well two.
23,2857.88,Education,Neutral,2024-09-21,Hundred challenge reach throughout.
23,424.33,Leisure,Excited,2024-09-25,Language budget market president.
23,333.49,Other,Excited,2024-09-25,Son rock two.
23,705.85,Other,Excited,2024-09-27,Already because education break significant.
23,1529.94,Other,Excited,2024-10-01,Best generation group goal.
23,640.08,Leisure,Stressed,2024-10-04,Address century that wide.
23,1604.97,Other,Sad,2024-10-04,Condition all blood.
23,2146.31,Other,Happy,2024-10-05,Plant event score official now.
23,909.36,Other,Happy,2024-10-06,Have including none.
23,2173.8,Leisure,Neutral,2024-10-06,American audience fight war whether.
23,754.72,Leisure,Excited,2024-10-07,Approach about because.
23,551.39,Leisure,Excited,2024-10-08,Night various return explain.
23,803.31,Other,Neutral,2024-10-10,Moment red eight hand.
23,1647.46,Education,Neutral,2024-10-10,Condition again successful.
23,1064.69,Other,Happy,2024-10-14,Feeling manage as.
23,228.19,Travel,Neutral,2024-10-15,Science drug.
23,973.03,Food,Neutral,2024-10-16,Determine not view cell seat.
23,508.58,Education,Stressed,2024-10-17,Nation politics few each southern.
23,927.25,Travel,Excited,2024-10-18,Join black.
23,1684.51,Other,Sad,2024-10-22,Study fear turn any indicate.
23,775.64,Travel,Excited,2024-10-24,Month whom stage soon.
23,346.45,Leisure,Neutral,2024-10-25,Something future they red.
23,489.81,Leisure,Neutral,2024-10-25,Act way beat result major.
23,555.6,Education,Sad,2024-10-26,East list when.
23,2990.74,Travel,Neutral,2024-10-26,Citizen kid generation onto police.
23,3972.19,Leisure,Excited,2024-10-27,Door management guess.
23,574.94,Food,Excited,2024-10-31,Investment pass drive.
23,65.94,Other,Excited,2024-10-31,Live way two.
23,1260.9,Leisure,Excited,2024-11-02,Right analysis mention.
23,1279.24,Education,Stressed,2024-11-05,Actually than modern season.
23,114.55,Education,Excited,2024-11-06,While bring yourself.
23,202.75,Other,Happy,2024-11-07,Store natural today season.
23,1495.08,Other,Happy,2024-11-07,Art green child movie blue.
23,115.86,Other,Sad,2024-11-08,Something fine apply gas sing.
23,1249.24,Other,Neutral,2024-11-08,Ground city still.
23,2284.59,Other,Happy,2024-11-08,Billion land detail exist cover.
23,756.38,Other,Happy,2024-11-08,Cultural allow.
23,1065.18,Leisure,Neutral,2024-11-09,Fact reason make office.
23,2582.7,Other,Neutral,2024-11-09,Discussion detail training fund.
23,1358.17,Education,Neutral,2024-11-11,Career according.
23,285.14,Other,Neutral,2024-11-12,Method exactly.
23,1210.79,Leisure,Excited,2024-11-18,Career surface these ahead.
23,2349.51,Education,Excited,2024-11-19,Enter example down anyone occur.
23,1902.41,Leisure,Stressed,2024-11-20,Same page ago director.
23,1786.19,Other,Excited,2024-11-21,Off southern suddenly.
23,730.18,Travel,Neutral,2024-11-21,Such final however major.
23,1187.45,Other,Excited,2024-11-22,Claim move.
23,84.37,Other,Happy,2024-11-23,Money modern receive partner.
23,1960.53,Food,Stressed,2024-11-24,Leg themselves away.
23,1005.5,Other,Stressed,2024-11-25,Support state.
23,1598.02,Leisure,Neutral,2024-11-26,As second animal summer group.
23,1192.25,Food,Excited,2024-11-28,Woman meet report.
23,488.29,Leisure,Happy,2024-12-01,Week yourself public especially american.
23,908.8,Leisure,Sad,2024-12-02,Oil per line create build.
23,2664.52,Leisure,Neutral,2024-12-03,Face his.
23,438.53,Food,Excited,2024-12-04,Current health serious.
23,717.0,Leisure,Happy,2024-12-04,Apply maybe dog yes.
23,1258.31,Food,Excited,2024-12-04,Analysis hair rest wide.
23,632.08,Food,Excited,2024-12-04,Probably conference sure administration debate.
23,213.46,Travel,Excited,2024-12-06,Else easy point she.
23,934.01,Food,Excited,2024-12-06,Like clear.
23,1047.85,Other,Stressed,2024-12-10,Hand possible relate night.
23,40.82,Other,Neutral,2024-12-15,Help painting always.
23,142.16,Other,Neutral,2024-12-15,Store natural today season.
23,946.85,Other,Neutral,2024-12-16,Us decade.
23,1860.07,Education,Excited,2024-12-17,About usually.
23,1843.04,Leisure,Happy,2024-12-17,Paper memory history office.
23,201.63,Leisure,Excited,2024-12-17,White measure manager range.
23,1414.19,Leisure,Neutral,2024-12-20,Day stock.
23,342.33,Leisure,Neutral,2024-12-23,Heavy staff hotel box.
23,1093.5,Education,Excited,2024-12-24,Decide cultural start how thank.
23,377.93,Leisure,Neutral,2024-12-25,Keep light fight.
23,162.86,Other,Neutral,2024-12-26,Fear song save.
23,62.23,Food,Stressed,2024-12-30,Doctor news yourself.
23,1250.99,Education,Happy,2024-12-31,Security land record.
23,368.27,Travel,Sad,2025-01-01,Say other never fact.
23,1467.0,Travel,Happy,2025-01-02,Nearly care base.
23,2607.9,Other,Happy,2025-01-04,Later happy pull.
23,436.51,Food,Happy,2025-01-05,Democratic recent student specific political.
23,2912.29,Education,Sad,2025-01-06,Enter example down anyone occur.
23,842.68,Food,Excited,2025-01-09,Democratic station course full.
23,1239.28,Education,Neutral,2025-01-09,Analysis color friend the.
23,180.94,Other,Sad,2025-01-09,Later week democratic few.
23,945.1,Other,Neutral,2025-01-11,Project spring of.
23,231.14,Food,Sad,2025-01-11,Mission put budget house.
23,997.8,Food,Excited,2025-01-11,Truth thing always possible.
23,2825.9,Leisure,Excited,2025-01-12,Huge garden family.
23,2158.25,Other,Neutral,2025-01-12,Security arm.
23,637.71,Education,Excited,2025-01-13,Partner sing administration main according.
23,1292.69,Other,Happy,2025-01-13,Focus executive letter possible final.
23,1082.15,Travel,Happy,2025-01-13,Three certain.
23,1800.51,Other,Excited,2025-01-13,Face build market.
23,1327.53,Leisure,Excited,2025-01-15,New type pm.
23,2116.47,Food,Stressed,2025-01-16,Career three according worker democrat.
23,972.29,Education,Neutral,2025-01-16,Future congress.
23,1184.78,Leisure,Excited,2025-01-17,Base player data whose.
23,632.26,Leisure,Neutral,2025-01-17,Give white everybody paper create.
23,1142.28,Other,Happy,2025-01-18,Task central dinner.
23,1605.94,Education,Neutral,2025-01-18,Bit appear.
23,2564.74,Travel,Sad,2025-01-22,Magazine degree husband around.
23,747.56,Leisure,Excited,2025-01-24,Keep cut prevent sound.
23,276.0,Travel,Happy,2025-01-24,Leave opportunity draw during city.
23,857.1,Food,Excited,2025-01-25,Boy generation.
23,1646.68,Travel,Excited,2025-01-26,Try wonder move trade.
23,868.88,Other,Neutral,2025-01-26,Likely push.
23,546.72,Education,Happy,2025-01-27,Tree note responsibility.
23,406.49,Leisure,Happy,2025-01-29,Surface expect several evening town.
23,858.59,Leisure,Excited,2025-01-29,Miss have analysis morning.
23,647.7,Leisure,Excited,2025-01-31,Call door.
24,715.74,Leisure,Happy,2024-08-02,Happy action.
24,697.81,Leisure,Neutral,2024-08-02,Happy action.
24,522.51,Education,Neutral,2024-08-02,Election hit yourself wrong want.
24,1054.15,Leisure,Happy,2024-08-04,International effort.
24,2021.62,Travel,Happy,2024-08-05,Citizen kid generation onto police.
24,814.49,Leisure,Stressed,2024-08-05,Nearly want front shake.
24,44.68,Other,Stressed,2024-08-08,People newspaper stay.
24,1951.68,Other,Neutral,2024-08-10,End dog.
24,1638.9,Leisure,Excited,2024-08-10,Old wall report purpose.
24,2189.93,Travel,Neutral,2024-08-11,Whether century quality.
24,635.7,Travel,Happy,2024-08-12,Race mr.
24,975.97,Other,Excited,2024-08-12,State husband.
24,1221.25,Other,Happy,2024-08-12,Agreement someone.
24,738.84,Leisure,Stressed,2024-08-12,Believe arrive.
24,1211.96,Travel,Happy,2024-08-13,Why station manager.
24,733.03,Education,Neutral,2024-08-14,Discuss wall ahead scene.
24,692.15,Other,Happy,2024-08-14,Management produce bed stage.
24,1068.44,Travel,Excited,2024-08-14,Space game truth special decision.
24,1116.32,Other,Happy,2024-08-14,Approach side model you billion.
24,1441.75,Leisure,Excited,2024-08-17,Field seat start pm.
24,106.24,Leisure,Neutral,2024-08-17,Never condition.
24,1429.21,Other,Stressed,2024-08-17,Ready goal amount.
24,178.73,Other,Happy,2024-08-19,Public particularly reality.
24,1201.62,Food,Stressed,2024-08-19,Bill beautiful issue.
24,877.04,Travel,Excited,2024-08-19,Race mr.
24,1186.17,Travel,Happy,2024-08-21,Edge surface who.
24,630.1,Food,Excited,2024-08-23,Go exactly much food region.
24,1747.62,Education,Happy,2024-08-23,Even beautiful.
24,616.29,Travel,Excited,2024-08-25,Science drug.
24,1378.07,Leisure,Excited,2024-08-25,Way main difficult case.
24,432.04,Travel,Happy,2024-08-26,Democratic thousand.
24,334.03,Other,Excited,2024-08-26,Talk interest hand.
24,1583.56,Other,Excited,2024-08-27,Much section investment on gun.
24,1333.19,Education,Excited,2024-08-28,Dark mr clearly take.
24,1087.86,Leisure,Neutral,2024-08-29,On must certainly.
24,1394.83,Food,Excited,2024-08-29,Maybe painting republican.
24,802.84,Other,Happy,2024-08-30,Remember ability.
24,73.33,Travel,Sad,2024-08-30,Anyone here deep.
24,3002.03,Education,Excited,2024-08-31,Course out second carry.
24,655.72,Travel,Excited,2024-08-31,Smile cover of pm eight.
24,383.19,Other,Stressed,2024-08-31,Create physical share out cold.
24,544.31,Other,Excited,2024-08-31,Law read citizen.
24,818.46,Other,Stressed,2024-09-02,Name skill medical after them.
24,1250.66,Leisure,Stressed,2024-09-03,Fight nice less agree able.
24,369.27,Other,Happy,2024-09-04,People tend weight machine.
24,1089.9,Other,Neutral,2024-09-04,Finish thing.
24,371.24,Education,Stressed,2024-09-05,Grow laugh.
24,1899.54,Leisure,Excited,2024-09-06,Five store ask data.
24,1473.58,Leisure,Excited,2024-09-06,Consumer face.
24,269.8,Food,Excited,2024-09-06,Also hard expert popular.
24,264.35,Food,Excited,2024-09-07,Mission put budget house.
24,2574.92,Food,Happy,2024-09-08,Spend prove stock school.
24,915.57,Other,Neutral,2024-09-08,Risk develop movement size.
24,1622.11,Food,Excited,2024-09-10,Score each.
24,370.02,Other,Happy,2024-09-10,Since nothing be apply.
24,73.0,Food,Excited,2024-09-10,Doctor population grow bar.
24,2571.62,Leisure,Excited,2024-09-12,White likely teacher one.
24,107.1,Leisure,Stressed,2024-09-13,That reflect send set fly.
24,1181.2,Travel,Happy,2024-09-13,Cost attorney.
24,901.42,Other,Happy,2024-09-14,Citizen street region.
24,2192.6,Leisure,Happy,2024-09-14,Baby lawyer growth matter note.
24,204.16,Other,Excited,2024-09-14,Wonder long consider care.
24,424.35,Other,Neutral,2024-09-15,Later week democratic few.
24,1110.86,Leisure,Happy,2024-09-15,Sell only manage.
24,322.04,Other,Excited,2024-09-15,Affect test.
24,1466.76,Education,Excited,2024-09-15,Bit appear.
24,246.44,Other,Excited,2024-09-16,Unit again easy morning four.
24,1103.0,Other,Happy,2024-09-19,Already because education break significant.
24,224.07,Other,Sad,2024-09-19,Result size feel no nothing.
24,1375.72,Other,Happy,2024-09-19,Condition all blood.
24,1150.46,Other,Happy,2024-09-20,Later happy pull.
24,269.14,Food,Excited,2024-09-21,Focus chance.
24,844.54,Other,Stressed,2024-09-21,Effort drive side human.
24,4316.32,Education,Excited,2024-09-22,People education great.
24,1190.41,Other,Happy,2024-09-23,Why like impact fly.
24,736.26,Other,Neutral,2024-09-23,Those pressure street.
24,2489.73,Other,Stressed,2024-09-24,Be plan same cause.
24,1727.06,Other,Happy,2024-09-24,Star executive fear.
24,118.79,Other,Happy,2024-09-25,Wonder long consider care.
24,1767.34,Other,Neutral,2024-09-26,Billion land detail exist cover.
24,43.64,Food,Sad,2024-09-26,Doctor population grow bar.
24,854.68,Leisure,Excited,2024-09-26,Assume campaign assume.
24,1246.74,Food,Happy,2024-09-28,Score each.
24,720.1,Leisure,Happy,2024-09-28,Apply maybe dog yes.
24,1794.57,Food,Excited,2024-09-29,While same budget.
24,172.05,Other,Excited,2024-09-30,Good house only military.
24,433.59,Other,Neutral,2024-09-30,During call north attention.
24,312.07,Education,Neutral,2024-09-30,Anyone spend them system.
24,455.84,Leisure,Neutral,2024-10-01,Surface expect several evening town.
24,1200.78,Food,Neutral,2024-10-02,Spend prove stock school.
24,282.92,Other,Excited,2024-10-02,Fear song save.
24,401.99,Leisure,Excited,2024-10-04,Wide exactly.
24,707.27,Other,Excited,2024-10-09,Law read citizen.
24,273.79,Education,Stressed,2024-10-10,Involve thousand including.
24,954.81,Education,Excited,2024-10-10,Paper beyond indeed.
24,1639.82,Travel,Excited,2024-10-12,List leg address into their.
24,2553.89,Leisure,Neutral,2024-10-12,Task improve fish.
24,1599.85,Travel,Neutral,2024-10-17,Hair attorney professional.
24,1515.38,Food,Neutral,2024-10-18,Past product make of group.
24,1151.63,Leisure,Excited,2024-10-22,On must certainly.
24,1581.7,Other,Neutral,2024-10-23,Authority number.
24,164.76,Travel,Excited,2024-10-23,Major bar air set.
24,1221.11,Leisure,Sad,2024-10-23,Child group describe.
24,181.51,Food,Stressed,2024-10-23,Special information.
24,1438.55,Leisure,Happy,2024-10-25,Carry surface learn.
24,1223.02,Other,Excited,2024-10-25,Why like impact fly.
24,938.57,Travel,Happy,2024-10-26,Finish summer rest feel finally.
24,677.19,Other,Stressed,2024-10-29,Land region back nor article.
24,1020.52,Leisure,Excited,2024-10-31,Charge note space when collection.
24,1031.36,Other,Stressed,2024-11-01,Off southern suddenly.
24,846.46,Other,Neutral,2024-11-02,This manage her.
24,538.81,Leisure,Sad,2024-11-03,Inside machine baby.
24,1381.08,Food,Excited,2024-11-04,Toward child future low.
24,651.89,Travel,Excited,2024-11-05,Laugh red man fly charge.
24,1569.18,Education,Neutral,2024-11-05,Dark mr clearly take.
24,825.39,Food,Stressed,2024-11-08,Effect cultural.
24,44.56,Food,Stressed,2024-11-11,Doctor population grow bar.
24,973.09,Other,Happy,2024-11-14,Talk thing rock ever summer.
24,219.9,Education,Excited,2024-11-14,Grow laugh.
24,1334.74,Travel,Excited,2024-11-15,Yard foot he share issue.
24,1095.35,Travel,Stressed,2024-11-15,State none production defense your.
24,815.61,Leisure,Excited,2024-11-16,Character usually agency.
24,1604.08,Travel,Stressed,2024-11-16,Size republican political.
24,1006.36,Leisure,Excited,2024-11-18,Food affect upon these story.
24,1282.79,Other,Excited,2024-11-20,Attention standard shake more respond.
24,595.52,Other,Neutral,2024-11-20,Control piece behavior message wind.
24,201.25,Leisure,Happy,2024-11-21,Discussion if continue policy.
24,396.87,Other,Happy,2024-11-22,Section national owner determine detail.
24,773.25,Other,Excited,2024-11-24,Land region back nor article.
24,1321.11,Other,Neutral,2024-11-25,Least ready activity decision ok.
24,320.02,Leisure,Excited,2024-11-25,Third coach congress husband.
24,1464.96,Other,Stressed,2024-11-25,Agreement someone.
24,1711.35,Other,Excited,2024-11-26,Marriage participant.
24,65.45,Other,Excited,2024-11-26,Something fine apply gas sing.
24,83.52,Other,Happy,2024-11-27,Strategy face make.
24,627.96,Leisure,Neutral,2024-11-29,Yourself successful defense subject.
24,178.35,Other,Excited,2024-11-29,Try opportunity public.
24,2686.08,Other,Happy,2024-11-30,Administration network once.
24,1446.34,Travel,Stressed,2024-11-30,Forget once hope security.
24,1165.69,Other,Happy,2024-12-03,Heavy law church.
24,2304.09,Food,Neutral,2024-12-03,Thousand live land hard.
24,436.86,Leisure,Excited,2024-12-03,Company left nothing trip.
24,1558.7,Leisure,Neutral,2024-12-04,Paper memory history office.
24,2076.24,Other,Stressed,2024-12-06,Very figure drive special.
24,1179.92,Other,Excited,2024-12-06,Deep test thought.
24,1666.35,Food,Sad,2024-12-06,Above dog brother morning.
24,2628.27,Other,Neutral,2024-12-08,Letter mind many.
24,1960.05,Travel,Happy,2024-12-10,Thought sit identify culture.
24,1405.5,Leisure,Neutral,2024-12-12,New type pm.
24,1823.08,Other,Stressed,2024-12-12,Either rich agency might.
24,211.63,Other,Sad,2024-12-14,Important source first him.
24,931.2,Travel,Excited,2024-12-16,Might necessary former.
24,472.91,Other,Excited,2024-12-16,Law read citizen.
24,563.71,Other,Sad,2024-12-17,Expert movement reach man.
24,1087.01,Leisure,Excited,2024-12-18,Year him thank trade.
24,1093.08,Travel,Neutral,2024-12-20,Movement door kind.
24,304.48,Leisure,Neutral,2024-12-21,Evidence enough claim suffer.
24,229.53,Travel,Excited,2024-12-26,Leave opportunity draw during city.
24,473.44,Leisure,Excited,2024-12-27,None pressure lay future stay.
24,774.75,Other,Neutral,2024-12-27,Number budget.
24,1278.28,Food,Happy,2024-12-27,Difference world deep.
24,348.91,Other,Sad,2024-12-28,Try opportunity public.
24,880.74,Other,Excited,2024-12-30,Win group important civil nature.
24,782.41,Other,Excited,2024-12-30,Star executive fear.
24,1237.91,Leisure,Sad,2024-12-30,Could gun.
24,433.34,Other,Excited,2024-12-30,Economic box save.
24,1222.29,Leisure,Excited,2024-12-31,Raise hope enjoy most.
24,326.84,Food,Happy,2024-12-31,Minute question their rather.
24,526.29,Leisure,Neutral,2025-01-04,Statement available win politics.
24,1319.25,Other,Neutral,2025-01-04,Store bit responsibility brother.
24,1164.62,Other,Excited,2025-01-04,Expert movement reach man.
24,2582.9,Travel,Excited,2025-01-04,Feel color price next.
24,3247.6,Food,Excited,2025-01-04,Feel season similar.
24,1120.48,Education,Happy,2025-01-05,Development the inside thought.
24,36.8,Other,Excited,2025-01-05,Write other wear through partner.
24,271.51,Education,Happy,2025-01-06,Charge form here.
24,703.6,Education,Neutral,2025-01-06,White fire cause everybody.
24,2139.06,Food,Happy,2025-01-08,Of interview fine.
24,454.19,Travel,Stressed,2025-01-08,What than political up instead.
24,1025.99,Leisure,Happy,2025-01-09,Central contain pattern education boy.
24,1658.78,Leisure,Excited,2025-01-09,Sure authority increase picture create.
24,578.81,Travel,Sad,2025-01-09,Few spring raise.
24,398.41,Education,Stressed,2025-01-11,Good anything manager think pressure.
24,2135.01,Leisure,Excited,2025-01-13,Door management guess.
24,1468.49,Other,Excited,2025-01-14,Real know our any.
24,595.0,Other,Excited,2025-01-14,Require bank child.
24,412.7,Education,Excited,2025-01-15,Bed recognize store.
24,483.87,Leisure,Happy,2025-01-15,Night various return explain.
24,926.05,Other,Excited,2025-01-16,Popular available public economy.
24,1362.16,Food,Sad,2025-01-18,You ready way rule.
24,916.55,Travel,Neutral,2025-01-19,Size sing tree kitchen.
24,442.74,Other,Excited,2025-01-21,Turn put professional.
24,361.52,Education,Happy,2025-01-21,Should page camera.
24,1853.55,Leisure,Happy,2025-01-21,House clear say hope.
24,1249.72,Other,Neutral,2025-01-23,Hand possible relate night.
24,543.71,Leisure,Excited,2025-01-23,Approach about because.
24,3946.11,Leisure,Excited,2025-01-25,House clear say hope.
24,2487.46,Travel,Neutral,2025-01-25,Player really act friend.
24,1676.77,Other,Neutral,2025-01-25,Marriage participant.
24,706.86,Leisure,Stressed,2025-01-26,Building range national focus.
24,478.69,Leisure,Excited,2025-01-27,Decade trade field training.
24,151.46,Education,Excited,2025-01-28,Actually purpose public.
24,592.98,Leisure,Stressed,2025-01-31,Senior difficult put.
25,607.91,Food,Happy,2024-08-01,Truth thing always possible.
25,125.45,Food,Neutral,2024-08-02,Growth appear project.
25,2680.61,Leisure,Happy,2024-08-04,Officer fine.
25,1510.75,Leisure,Excited,2024-08-04,Child group describe.
25,641.02,Food,Neutral,2024-08-05,Quite general there sister.
25,2528.22,Other,Happy,2024-08-07,Camera sit environmental though.
25,850.91,Leisure,Happy,2024-08-09,Arrive society.
25,1461.26,Leisure,Happy,2024-08-09,Could gun.
25,525.09,Leisure,Neutral,2024-08-09,Building range national focus.
25,116.08,Other,Excited,2024-08-11,Something fine apply gas sing.
25,529.57,Leisure,Happy,2024-08-11,Reduce hour fish him.
25,546.1,Other,Happy,2024-08-12,Trip determine as statement.
25,565.09,Leisure,Excited,2024-08-14,Language budget market president.
25,917.23,Food,Excited,2024-08-14,Each author party full kitchen.
25,1616.47,Other,Happy,2024-08-15,Very figure drive special.
25,139.01,Other,Happy,2024-08-16,Strategy face make.
25,3077.64,Other,Happy,2024-08-17,Thing physical might.
25,809.08,Leisure,Happy,2024-08-18,Approach about because.
25,1441.57,Other,Neutral,2024-08-19,Take family chance.
25,380.7,Leisure,Stressed,2024-08-21,Big the cost for leader.
25,920.78,Other,Neutral,2024-08-22,Condition all blood.
25,793.39,Other,Happy,2024-08-23,National free.
25,1985.68,Education,Happy,2024-08-24,North question new.
25,1474.53,Other,Neutral,2024-08-26,As throughout individual list manager.
25,1071.78,Travel,Excited,2024-08-29,Change she tonight.
25,1465.32,Food,Excited,2024-08-29,Career three according worker democrat.
25,249.06,Other,Excited,2024-08-30,Since nothing be apply.
25,2229.28,Other,Stressed,2024-09-01,Quite everyone as generation.
25,784.69,Education,Happy,2024-09-02,Security land record.
25,810.17,Travel,Happy,2024-09-03,Size republican political.
25,408.4,Leisure,Neutral,2024-09-04,To receive education.
25,481.26,Education,Excited,2024-09-05,Anyone spend them system.
25,821.05,Food,Sad,2024-09-05,Like clear.
25,2032.31,Other,Stressed,2024-09-08,Administration network once.
25,123.51,Education,Excited,2024-09-10,Expert involve oil.
25,1482.48,Education,Excited,2024-09-11,Among black picture that treat.
25,650.88,Education,Excited,2024-09-13,Decide cultural start how thank.
25,629.51,Other,Neutral,2024-09-13,Expert movement reach man.
25,1602.79,Education,Happy,2024-09-14,Development the inside thought.
25,1401.89,Education,Neutral,2024-09-17,Scientist do author.
25,3158.54,Leisure,Excited,2024-09-21,Day stock.
25,1756.97,Travel,Happy,2024-09-22,Right know during someone.
25,134.53,Education,Neutral,2024-09-23,Charge form here.
25,369.28,Other,Excited,2024-09-23,Time surface learn design.
25,834.37,Education,Neutral,2024-09-25,Present discussion.
25,1185.26,Leisure,Excited,2024-09-25,At decade really issue.
25,321.1,Other,Excited,2024-09-26,Until truth feeling view.
25,604.16,Other,Stressed,2024-09-26,Pattern ahead compare form full.
25,973.29,Leisure,Excited,2024-09-27,Officer fine.
25,1400.86,Education,Neutral,2024-09-28,Beat light the window.
25,161.52,Other,Sad,2024-10-01,Good house only military.
25,133.04,Other,Happy,2024-10-01,Pretty section degree still.
25,748.63,Other,Neutral,2024-10-01,Sure i pay.
25,665.82,Other,Happy,2024-10-03,Until truth feeling view.
25,686.7,Other,Excited,2024-10-03,Quite as when.
25,79.57,Education,Excited,2024-10-08,Expert involve oil.
25,427.81,Food,Happy,2024-10-09,Age decade mrs data.
25,828.16,Other,Neutral,2024-10-10,Already because education break significant.
25,350.77,Other,Sad,2024-10-11,Section national owner determine detail.
25,1504.52,Education,Stressed,2024-10-11,Condition again successful.
25,926.65,Food,Excited,2024-10-14,Activity decide really go.
25,385.77,Education,Excited,2024-10-15,Listen whose situation simply officer.
25,2530.48,Other,Neutral,2024-10-15,Section agency lawyer sign them.
25,506.6,Other,Excited,2024-10-15,Effort drive side human.
25,205.99,Education,Happy,2024-10-18,Development middle animal.
25,303.89,Leisure,Neutral,2024-10-22,Surface expect several evening town.
25,352.42,Leisure,Happy,2024-10-23,Keep light fight.
25,764.63,Leisure,Excited,2024-10-25,International effort.
25,1875.0,Other,Excited,2024-10-25,Explain research.
25,1181.17,Other,Happy,2024-10-25,Trip determine as statement.
25,894.4,Leisure,Excited,2024-10-25,Think live bad total research.
25,2325.05,Leisure,Sad,2024-10-27,Keep cut prevent sound.
25,1910.44,Travel,Excited,2024-10-28,Thought sit identify culture.
25,1479.89,Leisure,Happy,2024-10-30,Member box.
25,513.13,Other,Sad,2024-10-31,Let stay or focus.
25,2437.6,Other,Happy,2024-11-02,Authority number.
25,1280.86,Food,Neutral,2024-11-02,Treatment relate positive.
25,256.56,Leisure,Excited,2024-11-02,Somebody son suddenly perform.
25,2333.33,Leisure,Happy,2024-11-02,Course staff personal space.
25,1134.09,Other,Happy,2024-11-03,How any federal star.
25,1345.15,Other,Excited,2024-11-04,Many themselves minute.
25,928.83,Food,Neutral,2024-11-07,Myself so growth time.
25,285.97,Food,Excited,2024-11-07,Network never.
25,719.3,Leisure,Neutral,2024-11-09,Call whole.
25,730.17,Other,Stressed,2024-11-12,Ready goal amount.
25,261.14,Leisure,Happy,2024-11-13,Along hard need involve among.
25,851.14,Leisure,Happy,2024-11-14,Keep cut prevent sound.
25,2336.74,Other,Neutral,2024-11-15,Claim move.
25,1798.69,Leisure,Excited,2024-11-16,Paper memory history office.
25,534.96,Other,Sad,2024-11-17,Almost outside middle.
25,3205.22,Travel,Excited,2024-11-17,Line score whether.
25,725.81,Other,Happy,2024-11-18,Natural together.
25,133.04,Leisure,Happy,2024-11-18,Inside machine baby.
25,1168.45,Leisure,Excited,2024-11-20,Story case.
25,788.21,Other,Happy,2024-11-24,Smile have less.
25,376.39,Other,Neutral,2024-11-24,Enter capital population.
25,1573.92,Other,Excited,2024-11-24,Pattern ahead compare form full.
25,1260.81,Travel,Neutral,2024-11-25,Analysis four capital.
25,827.44,Other,Neutral,2024-11-26,Win group important civil nature.
25,149.55,Leisure,Sad,2024-11-26,Technology tend.
25,542.49,Education,Happy,2024-11-27,Election hit yourself wrong want.
25,681.81,Education,Neutral,2024-11-27,Difference way type positive phone.
25,518.32,Food,Happy,2024-11-27,Go consider century price.
25,557.23,Education,Neutral,2024-11-28,High issue deal democratic.
25,1217.12,Leisure,Excited,2024-11-28,Tough animal someone.
25,873.1,Education,Stressed,2024-11-29,Until choose wife national.
25,320.3,Leisure,Happy,2024-11-29,Country little reality level.
25,673.09,Food,Happy,2024-11-30,Go consider century price.
25,825.39,Leisure,Stressed,2024-12-01,Safe whole establish.
25,3401.14,Food,Excited,2024-12-01,Order his oil west school.
25,3457.97,Food,Neutral,2024-12-01,Smile high open scientist.
25,559.7,Travel,Excited,2024-12-03,Mind door authority outside.
25,493.69,Leisure,Happy,2024-12-04,Water positive child usually.
25,1483.62,Education,Happy,2024-12-05,Budget remain reduce.
25,250.31,Education,Neutral,2024-12-07,Third rich hospital.
25,1906.98,Education,Happy,2024-12-07,Discuss wall ahead scene.
25,770.15,Leisure,Excited,2024-12-08,Walk anything.
25,673.36,Other,Happy,2024-12-10,Leave bar prevent require.
25,811.27,Other,Stressed,2024-12-12,Future treat bill choice.
25,1214.04,Leisure,Stressed,2024-12-13,Reflect star.
25,462.37,Travel,Happy,2024-12-14,Drug happy will young simply.
25,2648.88,Leisure,Happy,2024-12-14,Recent feeling.
25,2307.34,Food,Excited,2024-12-15,Wife talk beat tax majority.
25,822.1,Other,Excited,2024-12-15,Increase consider.
25,166.24,Leisure,Sad,2024-12-17,Cold reason our.
25,612.49,Other,Happy,2024-12-17,Miss reduce animal clearly cell.
25,1214.68,Food,Excited,2024-12-20,Quite general there sister.
25,2276.31,Leisure,Sad,2024-12-21,Officer fine.
25,992.35,Food,Sad,2024-12-22,Draw change agree someone.
25,764.11,Leisure,Happy,2024-12-22,Daughter war.
25,517.56,Other,Stressed,2024-12-24,Pattern ahead compare form full.
25,2078.27,Leisure,Excited,2024-12-25,Ahead certainly second everyone.
25,818.44,Travel,Sad,2024-12-25,Material less focus hear.
25,74.96,Other,Sad,2024-12-26,Idea seek.
25,1863.7,Other,Excited,2024-12-26,Feeling manage as.
25,834.01,Other,Stressed,2024-12-27,Sell include himself produce.
25,224.72,Leisure,Stressed,2024-12-27,Big look tell prepare.
25,2476.03,Travel,Sad,2024-12-28,List leg address into their.
25,787.19,Education,Excited,2024-12-30,Price my.
25,697.27,Food,Excited,2024-12-30,Probably conference sure administration debate.
25,368.26,Education,Happy,2025-01-02,Career including late condition opportunity.
25,2739.1,Leisure,Happy,2025-01-04,Child group describe.
25,1510.41,Travel,Happy,2025-01-04,Attack mouth rest contain.
25,1022.32,Food,Excited,2025-01-06,Part crime.
25,870.5,Leisure,Excited,2025-01-06,Guess service this different.
25,930.74,Leisure,Happy,2025-01-08,Adult above safe.
25,1124.13,Food,Happy,2025-01-08,Hundred step according.
25,1839.97,Other,Excited,2025-01-10,Why like impact fly.
25,185.73,Food,Happy,2025-01-11,Doctor news yourself.
25,169.91,Other,Excited,2025-01-13,National back everybody direction budget.
25,954.91,Travel,Happy,2025-01-13,Second full boy.
25,2042.53,Food,Sad,2025-01-14,We especially five network.
25,3464.35,Education,Happy,2025-01-19,Approach join stuff future.
25,877.22,Food,Happy,2025-01-20,Effect people.
25,1151.38,Leisure,Excited,2025-01-21,None pressure lay future stay.
25,569.46,Education,Sad,2025-01-22,Leader operation mean white.
25,520.47,Other,Neutral,2025-01-23,Management produce bed stage.
25,427.13,Other,Excited,2025-01-24,Occur college herself.
25,1103.25,Other,Excited,2025-01-25,Form newspaper.
25,99.2,Food,Excited,2025-01-25,Growth appear project.
25,1373.56,Education,Excited,2025-01-26,Agent say forward us.
25,1991.98,Leisure,Sad,2025-01-26,Song difference part wall require.
25,285.02,Other,Excited,2025-01-27,Money a.
25,862.84,Education,Happy,2025-01-28,These road.
25,907.99,Other,Excited,2025-01-28,Talk interest hand.
25,1066.28,Food,Happy,2025-01-28,Yet wish certain usually.
25,15.41,Leisure,Stressed,2025-01-28,Positive participant fear blue as.
25,1806.53,Food,Neutral,2025-01-29,Difference world deep.
25,596.49,Leisure,Excited,2025-01-29,Method everything.
26,382.75,Other,Neutral,2024-08-01,Future treat bill choice.
26,2459.23,Leisure,Excited,2024-08-02,Tv budget system book.
26,1740.49,Food,Happy,2024-08-02,Deal information.
26,3694.56,Travel,Neutral,2024-08-04,Ability live.
26,826.87,Other,Happy,2024-08-06,Amount bad raise.
26,1120.81,Other,Neutral,2024-08-06,Number budget.
26,1379.35,Leisure,Stressed,2024-08-06,Hear officer.
26,261.59,Other,Excited,2024-08-06,Happen a point here control.
26,2422.2,Leisure,Neutral,2024-08-07,Turn both in animal.
26,675.11,Other,Excited,2024-08-07,Stuff avoid.
26,198.17,Leisure,Happy,2024-08-07,Example decision garden.
26,548.48,Leisure,Stressed,2024-08-08,I fund.
26,795.84,Other,Neutral,2024-08-09,Us perhaps lawyer interest star.
26,2291.89,Travel,Happy,2024-08-11,Such final however major.
26,1453.38,Other,Stressed,2024-08-11,Material produce station visit environmental.
26,2385.15,Education,Excited,2024-08-11,North question new.
26,287.72,Other,Neutral,2024-08-13,Public particularly reality.
26,1407.32,Other,Excited,2024-08-15,Art green child movie blue.
26,327.23,Leisure,Excited,2024-08-15,Country little reality level.
26,337.7,Leisure,Neutral,2024-08-17,Inside big minute.
26,760.26,Other,Sad,2024-08-17,Day already hold.
26,1769.75,Other,Excited,2024-08-17,Not friend federal forget bit.
26,1386.89,Travel,Stressed,2024-08-20,Look fight.
26,1519.23,Other,Happy,2024-08-21,And student give score agree.
26,750.6,Other,Sad,2024-08-22,Industry impact certainly.
26,1004.17,Leisure,Happy,2024-08-23,Book toward.
26,1579.42,Travel,Excited,2024-08-23,Them key.
26,1124.15,Travel,Excited,2024-08-23,Church own stage.
26,2432.58,Leisure,Excited,2024-08-23,List already positive experience television.
26,785.62,Food,Neutral,2024-08-23,Forward would finish around.
26,161.08,Travel,Sad,2024-08-24,Pressure hospital significant.
26,738.5,Education,Neutral,2024-08-28,Challenge large wish move.
26,1219.83,Food,Neutral,2024-08-29,Positive question especially.
26,503.26,Leisure,Excited,2024-08-29,Right analysis mention.
26,791.18,Other,Stressed,2024-08-30,Exist theory.
26,378.87,Education,Neutral,2024-08-30,Partner sing administration main according.
26,1820.93,Travel,Excited,2024-08-31,Why station manager.
26,1747.37,Travel,Excited,2024-09-01,Might necessary former.
26,367.46,Other,Excited,2024-09-01,Respond into history.
26,1245.63,Travel,Happy,2024-09-02,Including let result spend.
26,974.01,Leisure,Happy,2024-09-03,Ever day.
26,776.64,Other,Sad,2024-09-03,Gas contain interest industry sell.
26,1005.13,Education,Excited,2024-09-05,East list when.
26,348.45,Education,Excited,2024-09-05,Within prove full.
26,680.23,Education,Excited,2024-09-05,Scientist i doctor.
26,1142.29,Other,Excited,2024-09-06,Popular available public economy.
26,1038.06,Leisure,Stressed,2024-09-07,Act way beat result major.
26,2859.08,Education,Excited,2024-09-07,Since him four.
26,4175.27,Education,Neutral,2024-09-07,Lawyer writer health.
26,783.36,Travel,Neutral,2024-09-07,Program decade home which view.
26,3493.57,Leisure,Excited,2024-09-07,Ahead certainly second everyone.
26,3573.49,Travel,Excited,2024-09-07,Rest or.
26,3660.58,Education,Excited,2024-09-08,Account assume prove similar ten.
26,609.53,Leisure,Happy,2024-09-09,Market specific property coach.
26,136.22,Other,Excited,2024-09-09,Democrat hundred.
26,587.69,Leisure,Neutral,2024-09-09,Member box.
26,613.64,Other,Excited,2024-09-11,Reach step son.
26,1696.87,Travel,Happy,2024-09-11,Manager bar send really.
26,352.9,Travel,Excited,2024-09-11,Position make society behavior.
26,1571.07,Other,Happy,2024-09-11,Southern evening ask republican.
26,1571.27,Other,Sad,2024-09-12,Feel special.
26,719.69,Leisure,Sad,2024-09-12,Fact reason make office.
26,75.0,Other,Neutral,2024-09-13,Finish without.
26,3200.62,Education,Excited,2024-09-14,Course out second carry.
26,1135.04,Other,Excited,2024-09-14,Effort drive side human.
26,2731.46,Leisure,Excited,2024-09-15,Play recently sure somebody.
26,1741.41,Food,Excited,2024-09-15,Your less social form.
26,1835.18,Leisure,Happy,2024-09-16,Tv budget system book.
26,523.3,Other,Stressed,2024-09-17,Health image.
26,252.99,Other,Excited,2024-09-17,Wonder long consider care.
26,86.99,Education,Neutral,2024-09-18,While bring yourself.
26,1787.89,Other,Sad,2024-09-18,President chance hotel through.
26,1083.38,Food,Neutral,2024-09-19,How trip learn enter.
26,712.33,Food,Excited,2024-09-19,Former able public trade.
26,446.3,Leisure,Happy,2024-09-20,Discussion black follow.
26,490.68,Travel,Happy,2024-09-21,Major bar air set.
26,1546.09,Other,Excited,2024-09-22,On professional analysis color.
26,212.02,Other,Stressed,2024-09-22,Realize property show either.
26,763.41,Leisure,Neutral,2024-09-23,Let back three.
26,1182.2,Leisure,Sad,2024-09-25,Call whole.
26,557.5,Other,Excited,2024-09-26,Land region back nor article.
26,911.57,Leisure,Happy,2024-09-26,Same page ago director.
26,223.01,Other,Happy,2024-09-27,Method exactly.
26,2978.86,Travel,Excited,2024-09-28,Well mission situation result.
26,605.37,Travel,Excited,2024-09-29,Church own stage.
26,627.18,Leisure,Neutral,2024-09-30,Indicate herself.
26,902.55,Other,Sad,2024-10-02,Leave run goal cause.
26,220.97,Leisure,Neutral,2024-10-06,Technology tend.
26,1013.54,Other,Neutral,2024-10-06,Leave run goal cause.
26,410.14,Education,Happy,2024-10-07,Surface usually.
26,3035.99,Travel,Neutral,2024-10-09,Western order accept wide prevent.
26,273.74,Education,Stressed,2024-10-10,Listen whose situation simply officer.
26,940.12,Travel,Neutral,2024-10-11,Month whom stage soon.
26,1634.76,Leisure,Excited,2024-10-12,Reflect star.
26,877.33,Travel,Excited,2024-10-12,Position make society behavior.
26,1566.56,Other,Stressed,2024-10-13,Ready goal amount.
26,573.15,Food,Neutral,2024-10-13,Democratic recent student specific political.
26,1987.95,Education,Happy,2024-10-13,Week real course school everybody.
26,467.81,Other,Excited,2024-10-13,Nature country.
26,2600.68,Travel,Sad,2024-10-13,Nor character recent.
26,2625.0,Other,Happy,2024-10-14,Security arm.
26,666.74,Leisure,Excited,2024-10-14,Boy other foot best.
26,1057.45,Other,Happy,2024-10-14,Exist theory.
26,2215.76,Leisure,Excited,2024-10-15,Upon very act perform.
26,907.6,Other,Neutral,2024-10-15,Moment red eight hand.
26,1547.85,Travel,Neutral,2024-10-16,Across involve fall.
26,535.65,Travel,Happy,2024-10-17,Me system church whether.
26,667.66,Food,Stressed,2024-10-17,Go exactly much food region.
26,1687.86,Leisure,Happy,2024-10-17,Some quickly truth view response.
26,1521.86,Other,Stressed,2024-10-17,Us decade.
26,415.17,Education,Excited,2024-10-17,Should page camera.
26,631.05,Travel,Excited,2024-10-18,Church community.
26,1148.83,Leisure,Excited,2024-10-18,Assume campaign assume.
26,95.52,Education,Excited,2024-10-18,Gas human create also.
26,301.67,Other,Stressed,2024-10-21,Smile have less.
26,2213.13,Travel,Stressed,2024-10-21,Rest or.
26,490.68,Travel,Excited,2024-10-21,Player really act friend.
26,947.02,Other,Happy,2024-10-21,Not friend federal forget bit.
26,1649.71,Other,Happy,2024-10-23,Control bill.
26,866.01,Education,Sad,2024-10-23,Future congress.
26,382.32,Education,Excited,2024-10-24,My some skin ball thing.
26,73.49,Other,Stressed,2024-10-25,People newspaper stay.
26,959.02,Other,Excited,2024-10-25,Not friend federal forget bit.
26,1457.96,Food,Neutral,2024-10-26,Future choice whatever from.
26,952.77,Other,Excited,2024-10-27,Develop staff least figure.
26,943.91,Travel,Neutral,2024-10-28,Democratic thousand.
26,564.75,Other,Happy,2024-10-28,Whose other.
26,419.88,Other,Happy,2024-10-28,Hand possible relate night.
26,336.81,Education,Excited,2024-10-29,Find job where.
26,1435.4,Education,Sad,2024-10-30,Account assume prove similar ten.
26,507.41,Education,Happy,2024-10-31,Wish current.
26,827.65,Other,Sad,2024-11-01,Main opportunity particularly question.
26,3433.79,Travel,Happy,2024-11-03,Look fight.
26,2020.06,Food,Happy,2024-11-03,Remain seven marriage.
26,1840.53,Other,Excited,2024-11-03,Hand so add mr lawyer.
26,1079.26,Travel,Neutral,2024-11-04,Movement door kind.
26,1816.53,Travel,Excited,2024-11-04,Item treat area.
26,489.42,Leisure,Excited,2024-11-04,Recent couple cost girl run.
26,856.37,Food,Excited,2024-11-05,Future choice whatever from.
26,153.22,Other,Happy,2024-11-06,Why though decide bank likely.
26,723.04,Leisure,Excited,2024-11-07,First blood accept final.
26,875.25,Other,Sad,2024-11-09,Human see.
26,717.97,Other,Happy,2024-11-09,Sell include himself produce.
26,1449.33,Leisure,Excited,2024-11-10,Sometimes while sense window.
26,1239.16,Leisure,Excited,2024-11-11,Some quickly truth view response.
26,394.49,Other,Happy,2024-11-12,Somebody next ready.
26,907.51,Travel,Happy,2024-11-13,Month whom stage soon.
26,124.08,Education,Happy,2024-11-14,Doctor mr.
26,726.79,Food,Neutral,2024-11-15,Investment pass drive.
26,543.99,Education,Sad,2024-11-15,My some skin ball thing.
26,1247.99,Leisure,Sad,2024-11-15,Paper memory history office.
26,921.2,Leisure,Neutral,2024-11-15,Deal beyond almost.
26,765.19,Leisure,Excited,2024-11-15,Member box.
26,249.38,Food,Neutral,2024-11-16,Mission put budget house.
26,470.09,Other,Neutral,2024-11-17,Better republican stock bank.
26,857.4,Other,Neutral,2024-11-18,Conference trade population agreement.
26,875.56,Food,Stressed,2024-11-21,Side mind question year finish.
26,833.0,Other,Happy,2024-11-22,Scientist able teach.
26,956.78,Education,Stressed,2024-11-22,High issue deal democratic.
26,1944.46,Leisure,Excited,2024-11-22,Day stock.
26,59.21,Education,Sad,2024-11-22,Expert involve oil.
26,527.75,Food,Neutral,2024-11-22,By field move.
26,3055.56,Travel,Excited,2024-11-23,Hair attorney professional.
26,84.97,Other,Sad,2024-11-23,Money modern receive partner.
26,2214.0,Travel,Excited,2024-11-23,Because career course.
26,2158.69,Other,Neutral,2024-11-23,Western tend candidate day.
26,422.45,Travel,Stressed,2024-11-25,So draw food company.
26,215.1,Leisure,Neutral,2024-11-26,Easy get every.
26,1287.82,Other,Excited,2024-11-26,Talk thing rock ever summer.
26,658.63,Leisure,Happy,2024-11-26,Into notice necessary true message.
26,684.59,Other,Happy,2024-11-27,Strong student green.
26,73.7,Leisure,Neutral,2024-11-27,Network fact talk.
26,813.84,Other,Excited,2024-11-29,Born itself law west.
26,269.43,Food,Excited,2024-11-30,Beautiful beyond sell.
26,2409.84,Education,Excited,2024-11-30,Account assume prove similar ten.
26,1884.28,Leisure,Excited,2024-11-30,Hear officer.
26,2316.75,Leisure,Happy,2024-12-01,Never effect fill general relationship.
26,615.47,Education,Happy,2024-12-02,Involve thousand including.
26,1083.76,Leisure,Excited,2024-12-03,Brother let.
26,606.65,Education,Excited,2024-12-04,Together let.
26,1325.49,Other,Excited,2024-12-04,Scientist necessary into.
26,513.78,Food,Excited,2024-12-04,Note discuss discussion reach grow.
26,959.15,Leisure,Stressed,2024-12-05,Result sound.
26,1038.34,Education,Happy,2024-12-06,Space beyond.
26,314.71,Food,Excited,2024-12-06,Fish either boy between collection.
26,237.75,Leisure,Stressed,2024-12-08,Discussion if continue policy.
26,678.92,Leisure,Neutral,2024-12-09,Ever day.
26,246.26,Food,Neutral,2024-12-10,Mission put budget house.
26,834.52,Other,Happy,2024-12-12,Ground city still.
26,1004.9,Leisure,Stressed,2024-12-12,Heavy class story side speak.
26,1131.85,Food,Neutral,2024-12-13,Deal information.
26,1374.78,Other,Happy,2024-12-13,Instead ahead despite measure ago.
26,821.99,Leisure,Happy,2024-12-14,Somebody prepare few sound.
26,1305.67,Leisure,Neutral,2024-12-15,Image movie who debate.
26,737.56,Other,Stressed,2024-12-16,Throughout leader bag.
26,1125.28,Leisure,Neutral,2024-12-16,Decade trade field training.
26,353.43,Leisure,Neutral,2024-12-17,Country little reality level.
26,128.29,Education,Happy,2024-12-17,Kid industry.
26,1454.15,Other,Neutral,2024-12-18,Southern evening ask republican.
26,2381.08,Other,Neutral,2024-12-19,Quite everyone as generation.
26,15.94,Leisure,Happy,2024-12-20,Society dark product make.
26,433.73,Food,Excited,2024-12-20,Computer always his.
26,1046.73,Leisure,Stressed,2024-12-21,Evening ahead smile.
26,1357.1,Leisure,Sad,2024-12-22,Oil per line create build.
26,1853.6,Education,Neutral,2024-12-22,East list when.
26,299.9,Education,Sad,2024-12-22,Good anything manager think pressure.
26,1530.84,Education,Happy,2024-12-23,Walk cup option store.
26,768.78,Travel,Neutral,2024-12-24,Ask imagine my.
26,535.15,Leisure,Stressed,2024-12-24,Benefit suggest page southern.
26,2645.34,Travel,Neutral,2024-12-25,Improve them wait.
26,681.45,Travel,Stressed,2024-12-26,Finish summer rest feel finally.
26,671.44,Other,Happy,2024-12-27,Miss reduce animal clearly cell.
26,364.2,Other,Sad,2024-12-28,Learn talk.
26,2751.71,Food,Happy,2024-12-28,Smile peace apply.
26,768.9,Leisure,Neutral,2024-12-29,Benefit suggest page southern.
26,554.24,Leisure,Happy,2024-12-30,Bar professor power.
26,903.69,Travel,Neutral,2024-12-30,Between rate name within.
26,2635.0,Other,Neutral,2025-01-01,Condition all blood.
26,1553.94,Other,Neutral,2025-01-02,Kind appear environment capital explain.
26,1874.82,Leisure,Excited,2025-01-02,Popular lead with.
26,909.42,Travel,Excited,2025-01-03,Soldier meeting building.
26,780.15,Leisure,Excited,2025-01-06,Detail far church some.
26,1092.99,Food,Neutral,2025-01-06,History drop point audience.
26,1058.04,Food,Excited,2025-01-08,Effect people.
26,401.57,Travel,Happy,2025-01-10,Capital program story mention majority.
26,2044.6,Other,Excited,2025-01-11,Have including none.
26,789.43,Food,Excited,2025-01-11,Yet wish certain usually.
26,2234.97,Other,Neutral,2025-01-12,Born itself law west.
26,365.95,Other,Happy,2025-01-13,Quite as when.
26,392.17,Leisure,Neutral,2025-01-13,Individual analysis.
26,1618.11,Leisure,Neutral,2025-01-13,Live seat.
26,259.92,Other,Sad,2025-01-13,Good house only military.
26,1095.34,Travel,Sad,2025-01-13,Look fight.
26,323.57,Other,Neutral,2025-01-15,Already argue.
26,282.12,Other,Excited,2025-01-15,Cell city not not the.
26,539.94,Education,Neutral,2025-01-18,My some skin ball thing.
26,848.62,Other,Happy,2025-01-18,Woman daughter hospital move.
26,1501.68,Travel,Stressed,2025-01-18,Line score whether.
26,1091.62,Other,Sad,2025-01-18,Nature performance yeah.
26,928.39,Leisure,Stressed,2025-01-18,Activity including single right.
26,1241.62,Other,Excited,2025-01-18,Woman daughter hospital move.
26,784.81,Education,Happy,2025-01-19,These road.
26,495.17,Other,Neutral,2025-01-20,Law read citizen.
26,123.19,Other,Stressed,2025-01-21,True help.
26,251.15,Other,Happy,2025-01-21,Good house only military.
26,1568.26,Food,Sad,2025-01-22,Treatment relate positive.
26,610.82,Leisure,Neutral,2025-01-24,Language budget market president.
26,1269.9,Other,Happy,2025-01-24,Us decade.
26,909.43,Other,Sad,2025-01-25,Already because education break significant.
26,856.12,Travel,Happy,2025-01-25,Mind door authority outside.
26,913.77,Leisure,Happy,2025-01-26,Senior difficult put.
26,2026.82,Other,Neutral,2025-01-26,Child ball store process.
26,537.42,Leisure,Neutral,2025-01-28,Building range national focus.
26,812.6,Other,Excited,2025-01-29,World enter.
26,1059.99,Other,Sad,2025-01-29,Pattern ahead compare form full.
26,1379.11,Leisure,Neutral,2025-01-29,There institution actually.
26,1040.16,Leisure,Excited,2025-01-30,Discuss religious.
26,1250.12,Other,Happy,2025-01-31,Camera sit environmental though.
27,909.0,Food,Excited,2024-08-02,Eight bed fill.
27,588.33,Food,Happy,2024-08-03,Group never.
27,3674.6,Travel,Stressed,2024-08-04,Picture approach chance none fight.
27,2379.93,Travel,Neutral,2024-08-04,Concern significant.
27,2818.25,Travel,Excited,2024-08-04,Such final however major.
27,738.12,Other,Happy,2024-08-05,Let stay or focus.
27,244.03,Education,Excited,2024-08-05,Unit hold.
27,505.36,Leisure,Happy,2024-08-05,Relate real major.
27,1733.41,Leisure,Excited,2024-08-07,Rate society floor long same.
27,1812.46,Other,Stressed,2024-08-08,Choice prepare.
27,1372.08,Education,Sad,2024-08-08,Agent say forward us.
27,439.61,Other,Neutral,2024-08-08,Resource road do.
27,897.89,Travel,Neutral,2024-08-09,Look fight.
27,741.36,Education,Excited,2024-08-11,Despite sound receive let.
27,1612.46,Other,Happy,2024-08-11,Peace race i.
27,707.21,Other,Neutral,2024-08-12,Camera sit environmental though.
27,1198.57,Travel,Happy,2024-08-13,Join black.
27,1492.25,Food,Neutral,2024-08-14,Receive region however.
27,299.5,Education,Excited,2024-08-14,Human public health.
27,1064.13,Education,Neutral,2024-08-15,Agent say forward us.
27,188.43,Leisure,Neutral,2024-08-16,Inside machine baby.
27,3060.81,Education,Happy,2024-08-17,Pretty least if.
27,2612.26,Food,Happy,2024-08-17,Project can.
27,1199.1,Travel,Neutral,2024-08-18,Begin deep police wife.
27,2470.32,Education,Excited,2024-08-18,Since him four.
27,1737.08,Education,Neutral,2024-08-18,Economic represent stock.
27,1332.42,Leisure,Stressed,2024-08-18,Food affect upon these story.
27,1104.13,Leisure,Excited,2024-08-20,Simply century the.
27,778.08,Travel,Excited,2024-08-20,Cost attorney.
27,2270.46,Travel,Neutral,2024-08-20,Gas with policy cut.
27,1010.84,Leisure,Excited,2024-08-21,Best physical always small almost.
27,1080.47,Travel,Neutral,2024-08-22,Statement position either.
27,1355.58,Education,Happy,2024-08-22,People education great.
27,2540.63,Other,Neutral,2024-08-24,Us decade.
27,1607.76,Other,Excited,2024-08-25,Material produce station visit environmental.
27,2275.31,Food,Excited,2024-08-25,Leg themselves away.
27,3384.51,Education,Excited,2024-08-25,Course out second carry.
27,1069.73,Travel,Excited,2024-08-26,Cost attorney.
27,1911.84,Education,Neutral,2024-08-26,People education great.
27,1180.59,Food,Excited,2024-08-26,Its develop until watch.
27,1145.99,Travel,Stressed,2024-08-27,Quite budget window hour some.
27,748.24,Travel,Excited,2024-08-27,Hold carry rest.
27,470.77,Food,Happy,2024-08-27,Computer always his.
27,625.95,Education,Happy,2024-08-28,Paper beyond indeed.
27,1496.49,Education,Neutral,2024-08-28,With young think there assume.
27,522.53,Other,Sad,2024-08-28,Administration mother in admit.
27,699.99,Other,Excited,2024-08-29,Hand so add mr lawyer.
27,421.64,Leisure,Neutral,2024-08-29,Keep cut prevent sound.
27,1596.3,Food,Neutral,2024-08-29,We especially five network.
27,1067.13,Other,Excited,2024-08-30,Much rich think.
27,1185.51,Education,Neutral,2024-08-30,Discuss wall ahead scene.
27,590.93,Other,Excited,2024-08-30,Seven here sell story.
27,1586.29,Education,Happy,2024-08-31,Management game.
27,1707.87,Education,Excited,2024-08-31,Weight take.
27,83.64,Travel,Happy,2024-08-31,We cold deep.
27,757.68,Other,Neutral,2024-08-31,Expert movement reach man.
27,784.52,Education,Excited,2024-09-01,Bed recognize store.
27,1678.12,Leisure,Stressed,2024-09-01,Recent couple cost girl run.
27,1764.06,Education,Excited,2024-09-01,Account assume prove similar ten.
27,1314.37,Education,Excited,2024-09-01,Face morning.
27,986.94,Travel,Excited,2024-09-02,Picture approach chance none fight.
27,115.53,Leisure,Stressed,2024-09-02,Discussion if continue policy.
27,402.55,Leisure,Excited,2024-09-03,Fact reason make office.
27,754.92,Other,Happy,2024-09-03,Gas contain interest industry sell.
27,1239.35,Other,Excited,2024-09-04,Southern evening ask republican.
27,250.98,Leisure,Neutral,2024-09-04,Institution whatever yet.
27,1358.06,Leisure,Neutral,2024-09-04,On must certainly.
27,1039.15,Education,Happy,2024-09-05,Quite response.
27,715.55,Education,Excited,2024-09-05,Allow girl team simply lead.
27,455.52,Leisure,Excited,2024-09-06,Management sense technology check civil.
27,424.22,Other,Happy,2024-09-06,Letter environment easy.
27,735.71,Other,Stressed,2024-09-06,Almost outside middle.
27,2169.63,Other,Excited,2024-09-07,Success teach mrs beat.
27,1636.58,Education,Excited,2024-09-07,Allow girl team simply lead.
27,937.68,Education,Excited,2024-09-07,My some skin ball thing.
27,1079.0,Other,Neutral,2024-09-09,Focus executive letter possible final.
27,1669.84,Education,Excited,2024-09-11,Four field area young.
27,450.67,Leisure,Neutral,2024-09-11,Big the cost for leader.
27,818.62,Other,Excited,2024-09-11,Study fear turn any indicate.
27,200.0,Leisure,Neutral,2024-09-11,Technology tend.
27,872.47,Leisure,Stressed,2024-09-12,Character usually agency.
27,763.5,Travel,Excited,2024-09-13,Wide cut player wind.
27,1283.35,Travel,Neutral,2024-09-13,Lead few yourself.
27,2327.86,Leisure,Excited,2024-09-14,American audience fight war whether.
27,2752.93,Food,Happy,2024-09-15,Memory challenge lawyer business.
27,349.32,Other,Happy,2024-09-15,Method exactly.
27,666.66,Leisure,Happy,2024-09-16,Their off.
27,157.44,Travel,Neutral,2024-09-16,Dark camera realize.
27,888.85,Leisure,Sad,2024-09-17,Box organization.
27,1375.81,Leisure,Stressed,2024-09-17,Miss have analysis morning.
27,1251.55,Leisure,Neutral,2024-09-18,Financial popular short like.
27,1169.84,Leisure,Excited,2024-09-18,Woman whose already.
27,424.07,Other,Stressed,2024-09-19,During call north attention.
27,1166.99,Leisure,Neutral,2024-09-19,Scene almost leave.
27,1450.87,Food,Happy,2024-09-20,Choice father why often.
27,1038.22,Other,Neutral,2024-09-20,People tend weight machine.
27,1595.19,Travel,Excited,2024-09-21,Gas teacher national weight all.
27,423.67,Leisure,Excited,2024-09-21,Evening ahead smile.
27,2655.05,Travel,Neutral,2024-09-22,Computer prove amount population.
27,1349.56,Travel,Neutral,2024-09-23,Analysis four capital.
27,268.31,Food,Neutral,2024-09-24,Low happy oil which bag.
27,911.59,Food,Excited,2024-09-24,Eye something.
27,62.78,Other,Neutral,2024-09-25,Something fine apply gas sing.
27,1275.84,Other,Excited,2024-09-25,Body lead there there early.
27,557.96,Leisure,Sad,2024-09-26,Decision where foreign trial.
27,1031.28,Other,Excited,2024-09-26,People tend weight machine.
27,245.12,Other,Excited,2024-09-27,Finally shoulder land.
27,883.21,Leisure,Happy,2024-09-28,Simply century the.
27,475.08,Travel,Neutral,2024-09-28,Smile cover of pm eight.
27,474.25,Other,Stressed,2024-09-29,Smile have less.
27,1202.66,Travel,Excited,2024-09-29,Than condition republican.
27,297.32,Education,Neutral,2024-10-01,Home even.
27,1144.4,Travel,Neutral,2024-10-04,Attack mouth rest contain.
27,344.49,Education,Happy,2024-10-04,Cup hundred rather.
27,189.55,Other,Excited,2024-10-06,Democrat hundred.
27,425.24,Leisure,Excited,2024-10-06,How staff.
27,1845.38,Leisure,Happy,2024-10-09,There institution actually.
27,581.77,Travel,Neutral,2024-10-09,Space game truth special decision.
27,505.57,Travel,Stressed,2024-10-09,Item yet ever quite.
27,710.97,Travel,Sad,2024-10-10,So draw food company.
27,131.83,Education,Excited,2024-10-11,Charge form here.
27,420.73,Other,Neutral,2024-10-11,Prove nor design record.
27,1697.71,Travel,Neutral,2024-10-11,Including let result spend.
27,2086.01,Food,Excited,2024-10-12,Eight bed fill.
27,384.66,Leisure,Stressed,2024-10-12,Institution whatever yet.
27,2859.91,Other,Excited,2024-10-12,As throughout individual list manager.
27,1945.76,Other,Excited,2024-10-13,Picture early send morning.
27,19.7,Other,Excited,2024-10-14,Help painting always.
27,172.97,Other,Happy,2024-10-14,Onto site both change note.
27,492.46,Leisure,Neutral,2024-10-14,Week yourself public especially american.
27,1248.26,Travel,Happy,2024-10-17,Ahead picture son.
27,935.12,Leisure,Stressed,2024-10-17,Financial popular short like.
27,1168.02,Leisure,Stressed,2024-10-17,Miss have analysis morning.
27,724.81,Travel,Excited,2024-10-18,Score moment second.
27,468.61,Education,Happy,2024-10-19,Pass range appear home player.
27,1754.0,Other,Happy,2024-10-19,Fear approach take case customer.
27,2222.07,Leisure,Neutral,2024-10-20,Carry surface learn.
27,1098.62,Other,Happy,2024-10-20,Owner memory argue project.
27,1295.46,Food,Excited,2024-10-21,Choice father why often.
27,1004.51,Other,Neutral,2024-10-22,Already because education break significant.
27,1329.66,Travel,Sad,2024-10-23,Size republican political.
27,604.59,Leisure,Stressed,2024-10-26,Into notice necessary true message.
27,607.34,Travel,Neutral,2024-10-27,What than political up instead.
27,281.22,Leisure,Neutral,2024-10-27,Source husband.
27,1827.6,Other,Happy,2024-10-29,Thing physical might.
27,872.52,Other,Excited,2024-10-29,Key place tree.
27,24.59,Food,Neutral,2024-10-29,Step rate feeling rate.
27,117.6,Education,Neutral,2024-10-30,Sort what.
27,984.79,Food,Excited,2024-10-30,Identify say on yes.
27,675.79,Leisure,Excited,2024-10-30,Information scene again country.
27,185.68,Travel,Stressed,2024-10-31,Item yet ever quite.
27,137.72,Leisure,Excited,2024-10-31,Network fact talk.
27,656.54,Other,Excited,2024-10-31,Military onto blue activity.
27,476.33,Food,Excited,2024-11-01,Democratic recent student specific political.
27,457.09,Other,Excited,2024-11-01,Day already hold.
27,1594.81,Food,Neutral,2024-11-01,Say dog drug enter.
27,2908.1,Education,Stressed,2024-11-01,About usually.
27,1297.46,Travel,Neutral,2024-11-01,Race return pretty young.
27,538.42,Leisure,Happy,2024-11-02,He participant right.
27,2955.41,Leisure,Stressed,2024-11-02,Hard knowledge enjoy let.
27,4777.65,Leisure,Happy,2024-11-03,Likely outside because.
27,229.49,Education,Happy,2024-11-04,Clear single expect.
27,1022.55,Food,Sad,2024-11-04,Within woman.
27,205.97,Education,Happy,2024-11-06,Charge form here.
27,932.26,Food,Happy,2024-11-07,While same budget.
27,654.96,Leisure,Excited,2024-11-10,Somebody prepare few sound.
27,288.04,Other,Happy,2024-11-10,Cell city not not the.
27,1395.2,Other,Excited,2024-11-11,Yes at seat ok.
27,1069.12,Food,Happy,2024-11-11,Real art.
27,2034.31,Food,Sad,2024-11-12,Down occur.
27,134.18,Education,Sad,2024-11-12,Good anything manager think pressure.
27,1191.21,Leisure,Stressed,2024-11-13,Popular lead with.
27,467.2,Leisure,Neutral,2024-11-13,Election conference when.
27,1053.56,Leisure,Neutral,2024-11-14,Draw police.
27,97.48,Other,Sad,2024-11-15,National back everybody direction budget.
27,965.49,Education,Neutral,2024-11-16,Career including late condition opportunity.
27,2214.29,Leisure,Happy,2024-11-17,Hard knowledge enjoy let.
27,2376.34,Education,Happy,2024-11-17,East list when.
27,1121.21,Other,Excited,2024-11-17,On professional analysis color.
27,66.95,Travel,Happy,2024-11-18,Edge building court.
27,1042.22,Travel,Stressed,2024-11-19,Attack mouth rest contain.
27,867.13,Other,Happy,2024-11-20,Fall care.
27,755.31,Other,Excited,2024-11-21,Fall care.
27,222.83,Food,Stressed,2024-11-21,Investment pass drive.
27,1090.64,Other,Excited,2024-11-22,Be plan same cause.
27,612.76,Leisure,Neutral,2024-11-22,Short for late education.
27,429.49,Other,Happy,2024-11-25,Nature performance yeah.
27,1106.94,Food,Stressed,2024-11-25,Quite general there sister.
27,269.11,Leisure,Sad,2024-11-26,Big look tell prepare.
27,688.4,Leisure,Neutral,2024-11-27,Central contain pattern education boy.
27,224.27,Other,Stressed,2024-11-28,Stage threat our.
27,918.93,Food,Stressed,2024-11-29,While same budget.
27,1024.87,Other,Neutral,2024-11-30,Form newspaper.
27,1840.3,Leisure,Excited,2024-11-30,Address century that wide.
27,659.48,Other,Neutral,2024-11-30,Identify material.
27,1455.04,Leisure,Stressed,2024-11-30,Something population loss physical.
27,1696.64,Food,Excited,2024-12-01,Yet wish certain usually.
27,1936.56,Food,Excited,2024-12-02,Tree imagine machine.
27,342.72,Education,Stressed,2024-12-02,Unit hold.
27,1606.26,Other,Neutral,2024-12-03,Art green child movie blue.
27,485.0,Other,Neutral,2024-12-03,Authority interest red must art.
27,279.75,Food,Stressed,2024-12-04,Also available concern edge.
27,1458.03,Travel,Neutral,2024-12-04,Age war measure whom.
27,1767.91,Leisure,Neutral,2024-12-05,Turn both in animal.
27,1055.83,Leisure,Excited,2024-12-05,None whose.
27,642.67,Food,Sad,2024-12-05,Car risk.
27,1376.37,Travel,Happy,2024-12-06,Wrong difficult range.
27,352.67,Travel,Excited,2024-12-06,Energy always.
27,2099.1,Education,Excited,2024-12-06,Lawyer writer health.
27,97.59,Other,Sad,2024-12-07,In seven building hard.
27,3136.67,Food,Neutral,2024-12-07,State among rest national wrong.
27,2839.72,Leisure,Excited,2024-12-08,Brother let.
27,895.99,Other,Neutral,2024-12-08,Heavy law church.
27,610.85,Other,Sad,2024-12-09,Resource road do.
27,423.61,Education,Stressed,2024-12-10,Instead writer.
27,1286.32,Leisure,Happy,2024-12-10,Something population loss physical.
27,1203.82,Other,Happy,2024-12-10,Have including none.
27,1005.74,Leisure,Sad,2024-12-10,Happy action.
27,856.26,Leisure,Excited,2024-12-11,Believe product eat generation put.
27,188.64,Food,Stressed,2024-12-12,Difference attention whatever american.
27,238.77,Other,Happy,2024-12-12,Money a.
27,1661.72,Leisure,Stressed,2024-12-12,Lose modern return simple herself.
27,2585.07,Other,Excited,2024-12-13,Be plan same cause.
27,1708.52,Leisure,Happy,2024-12-14,Close month parent who up.
27,302.45,Leisure,Excited,2024-12-14,Bed food possible represent.
27,1230.79,Other,Excited,2024-12-15,Time surface learn design.
27,1366.53,Education,Stressed,2024-12-15,Management game.
27,943.42,Food,Stressed,2024-12-16,Project can.
27,350.56,Education,Happy,2024-12-18,Good anything manager think pressure.
27,913.97,Travel,Neutral,2024-12-20,Try wonder move trade.
27,100.22,Leisure,Excited,2024-12-20,Somebody son suddenly perform.
27,975.05,Leisure,Neutral,2024-12-21,Heavy staff hotel box.
27,1440.22,Travel,Happy,2024-12-22,Senior service large under.
27,346.59,Other,Stressed,2024-12-23,Effort drive side human.
27,831.46,Food,Neutral,2024-12-24,However style.
27,1325.41,Other,Happy,2024-12-26,Art green child movie blue.
27,1170.43,Leisure,Excited,2024-12-27,Draw police.
27,253.03,Leisure,Stressed,2024-12-27,After sister should across treatment.
27,1085.59,Food,Excited,2024-12-27,Leader both rest challenge.
27,425.61,Leisure,Stressed,2024-12-27,Property let.
27,372.84,Travel,Excited,2024-12-27,Program decade home which view.
27,384.81,Education,Happy,2024-12-27,Democrat cost evidence third.
27,87.54,Other,Excited,2024-12-29,People newspaper stay.
27,1168.26,Leisure,Excited,2024-12-29,Wrong difficult.
27,1192.11,Food,Happy,2024-12-30,Identify say on yes.
27,481.7,Other,Excited,2024-12-30,Hand possible relate night.
27,934.18,Education,Happy,2024-12-30,Economic represent stock.
27,730.81,Education,Happy,2024-12-31,Challenge large wish move.
27,770.57,Leisure,Happy,2024-12-31,Wrong school federal from.
27,1612.2,Education,Neutral,2025-01-01,Economic represent stock.
27,544.8,Travel,Stressed,2025-01-01,Drive nation heart nearly season.
27,136.38,Travel,Excited,2025-01-01,Edge building court.
27,1455.99,Leisure,Happy,2025-01-02,Investment local above move.
27,589.6,Food,Happy,2025-01-02,Truth thing always possible.
27,1192.52,Other,Excited,2025-01-04,Military onto blue activity.
27,1265.39,Other,Sad,2025-01-05,Begin hundred truth.
27,1329.99,Other,Sad,2025-01-08,Hand so add mr lawyer.
27,228.68,Food,Neutral,2025-01-08,Mission put budget house.
27,1165.33,Other,Happy,2025-01-08,People tend weight machine.
27,967.7,Travel,Excited,2025-01-10,Itself free source.
27,1119.99,Other,Happy,2025-01-11,Sure i pay.
27,1586.81,Leisure,Excited,2025-01-12,A value lot.
27,37.07,Other,Stressed,2025-01-16,Receive case past only drug.
27,545.64,Education,Excited,2025-01-16,Ahead from quickly identify.
27,3094.68,Leisure,Neutral,2025-01-18,On someone rise read.
27,107.73,Food,Neutral,2025-01-18,Doctor population grow bar.
27,189.69,Other,Neutral,2025-01-19,Bill eight community.
27,636.53,Leisure,Sad,2025-01-20,Call door.
27,612.03,Other,Sad,2025-01-20,Name skill medical after them.
27,1129.58,Food,Neutral,2025-01-20,Forward would finish around.
27,486.03,Food,Neutral,2025-01-21,Determine not view cell seat.
27,78.11,Education,Excited,2025-01-21,Doctor mr.
27,466.08,Other,Happy,2025-01-21,Nature performance yeah.
27,433.32,Food,Excited,2025-01-23,Democratic recent student specific political.
27,979.95,Food,Neutral,2025-01-23,Hundred step according.
27,656.35,Leisure,Happy,2025-01-23,Deal beyond almost.
27,1325.51,Other,Happy,2025-01-23,Fear approach take case customer.
27,84.78,Other,Excited,2025-01-24,True help.
27,178.96,Leisure,Happy,2025-01-24,Institution whatever yet.
27,1247.05,Education,Sad,2025-01-24,Four field area young.
27,1074.94,Leisure,Happy,2025-01-24,Color store over some.
27,1076.71,Other,Excited,2025-01-24,Billion land detail exist cover.
27,1758.59,Other,Happy,2025-01-25,Car much will.
27,1261.28,Other,Stressed,2025-01-25,Born itself law west.
27,477.96,Travel,Sad,2025-01-25,Item yet ever quite.
27,599.24,Other,Excited,2025-01-25,Leave run goal cause.
27,1899.95,Food,Stressed,2025-01-26,Something story attorney summer.
27,1978.69,Other,Happy,2025-01-26,Star executive fear.
27,602.63,Leisure,Excited,2025-01-27,Training account evidence month.
27,137.83,Education,Neutral,2025-01-28,While bring yourself.
27,1130.49,Other,Excited,2025-01-29,Gas contain interest industry sell.
27,227.7,Travel,Excited,2025-01-29,Machine son television.
27,1379.51,Leisure,Stressed,2025-01-30,Assume campaign assume.
27,669.79,Other,Sad,2025-01-30,Woman daughter hospital move.
27,1833.52,Education,Neutral,2025-01-31,Shake hand hundred now.
28,1022.02,Other,Excited,2024-08-05,Store bit responsibility brother.
28,458.01,Leisure,Excited,2024-08-05,You without every.
28,406.05,Other,Excited,2024-08-06,Onto site both change note.
28,753.22,Education,Neutral,2024-08-06,Bed recognize store.
28,1267.76,Travel,Happy,2024-08-06,Nearly need behavior.
28,1034.49,Education,Happy,2024-08-07,Particularly score order modern.
28,1846.96,Other,Happy,2024-08-08,Child ball store process.
28,504.2,Other,Stressed,2024-08-09,Much rich think.
28,283.42,Food,Happy,2024-08-09,Network never.
28,1519.26,Leisure,Neutral,2024-08-10,Fact reason make office.
28,633.23,Food,Neutral,2024-08-10,Go consider century price.
28,581.89,Leisure,Neutral,2024-08-12,Return or for.
28,370.28,Leisure,Sad,2024-08-13,After sister should across treatment.
28,1222.62,Food,Happy,2024-08-15,Leader both rest challenge.
28,380.72,Other,Happy,2024-08-15,Quite as when.
28,166.69,Leisure,Neutral,2024-08-16,Drug entire involve.
28,2413.76,Other,Stressed,2024-08-17,Within set region beyond.
28,432.31,Food,Neutral,2024-08-18,Fish either boy between collection.
28,1411.92,Leisure,Sad,2024-08-20,Year him thank trade.
28,1778.5,Leisure,Neutral,2024-08-20,Something population loss physical.
28,913.35,Education,Excited,2024-08-20,Five indicate chance heavy senior.
28,819.55,Other,Excited,2024-08-22,Tell brother defense list second.
28,2404.57,Leisure,Sad,2024-08-24,Officer fine.
28,4157.25,Education,Excited,2024-08-25,Nothing behavior sort recognize.
28,695.38,Leisure,Stressed,2024-08-25,Activity including single right.
28,1408.75,Other,Happy,2024-08-25,Agreement someone.
28,1320.39,Other,Excited,2024-08-26,Child ball store process.
28,373.12,Leisure,Sad,2024-08-26,Window music evening know.
28,562.86,Leisure,Happy,2024-08-29,First blood accept final.
28,1736.19,Travel,Stressed,2024-08-30,Hold carry rest.
28,1207.03,Travel,Excited,2024-08-31,Likely scientist.
28,79.46,Education,Stressed,2024-09-02,Kid industry.
28,851.66,Other,Excited,2024-09-04,Throughout leader bag.
28,960.93,Education,Neutral,2024-09-09,Career according.
28,1782.27,Other,Excited,2024-09-10,Enjoy instead dream.
28,1354.91,Leisure,Happy,2024-09-12,Herself law.
28,1314.37,Leisure,Happy,2024-09-12,Professional color group.
28,692.48,Travel,Happy,2024-09-13,Message seek civil all.
28,135.31,Other,Happy,2024-09-15,Learn talk.
28,953.08,Leisure,Excited,2024-09-16,Training account evidence month.
28,1569.57,Leisure,Excited,2024-09-17,Song difference part wall require.
28,24.22,Food,Neutral,2024-09-21,Step rate feeling rate.
28,1005.18,Other,Happy,2024-09-21,Quite as when.
28,262.58,Travel,Happy,2024-09-21,First next popular.
28,185.21,Other,Sad,2024-09-22,Better republican stock bank.
28,1216.04,Other,Happy,2024-09-23,Southern evening ask republican.
28,562.4,Travel,Excited,2024-09-24,Smile cover of pm eight.
28,468.86,Travel,Excited,2024-09-27,Line score whether.
28,1143.38,Leisure,Excited,2024-09-30,Him fight american music change.
28,450.24,Leisure,Excited,2024-10-02,Country little reality level.
28,574.85,Other,Happy,2024-10-03,Offer bed it skill challenge.
28,526.73,Education,Sad,2024-10-04,Should page camera.
28,1051.62,Leisure,Stressed,2024-10-06,Pressure those.
28,2128.31,Travel,Excited,2024-10-07,Improve them wait.
28,294.71,Other,Happy,2024-10-07,Tell soon executive.
28,545.42,Other,Happy,2024-10-08,Economic box save.
28,1309.61,Travel,Happy,2024-10-09,Outside with each animal.
28,1123.38,Food,Happy,2024-10-12,Smile peace apply.
28,346.67,Other,Neutral,2024-10-13,Unit again easy morning four.
28,1264.11,Education,Happy,2024-10-15,Tree note responsibility.
28,431.37,Travel,Stressed,2024-10-16,Me system church whether.
28,1270.71,Leisure,Happy,2024-10-16,Scene almost leave.
28,1370.2,Leisure,Sad,2024-10-16,Style real far.
28,153.1,Education,Neutral,2024-10-17,Expert involve oil.
28,464.93,Leisure,Excited,2024-10-17,Benefit suggest page southern.
28,1532.25,Food,Excited,2024-10-17,Across nothing.
28,540.86,Other,Neutral,2024-10-18,How any federal star.
28,3187.9,Education,Excited,2024-10-19,Face morning.
28,2288.64,Travel,Happy,2024-10-19,Improve them wait.
28,1703.24,Travel,Sad,2024-10-20,Three certain.
28,760.11,Other,Excited,2024-10-20,Executive beyond create dinner conference.
28,887.13,Other,Neutral,2024-10-21,Approach side model you billion.
28,1685.34,Food,Excited,2024-10-22,History professional star wonder.
28,882.29,Food,Stressed,2024-10-22,Future choice whatever from.
28,1063.46,Travel,Neutral,2024-10-23,Concern ability reduce.
28,2633.97,Education,Excited,2024-10-23,Account assume prove similar ten.
28,2345.72,Leisure,Happy,2024-10-26,Research month instead.
28,136.76,Other,Neutral,2024-10-26,Magazine join.
28,1442.62,Education,Sad,2024-10-26,Management game.
28,3129.49,Food,Stressed,2024-10-26,Quite general there sister.
28,1807.52,Other,Excited,2024-10-27,Police two.
28,937.53,Food,Sad,2024-10-27,Wife talk beat tax majority.
28,109.82,Education,Happy,2024-10-28,Boy different chance enter.
28,316.73,Other,Happy,2024-10-28,Seven here sell story.
28,810.49,Education,Stressed,2024-10-29,Road product wait.
28,202.46,Education,Excited,2024-10-29,Within prove full.
28,966.24,Education,Stressed,2024-10-30,She they.
28,151.6,Other,Happy,2024-10-31,Cell city not not the.
28,313.74,Other,Stressed,2024-11-02,Realize property show either.
28,3052.96,Other,Sad,2024-11-02,Walk now often.
28,1726.78,Leisure,Neutral,2024-11-05,Some quickly truth view response.
28,1659.77,Travel,Happy,2024-11-05,Personal often.
28,2394.6,Education,Neutral,2024-11-05,Weight take.
28,206.84,Other,Neutral,2024-11-06,Nature country.
28,577.12,Education,Stressed,2024-11-07,Human public health.
28,595.16,Other,Happy,2024-11-08,Health image.
28,155.6,Leisure,Sad,2024-11-08,Worker range feel.
28,272.84,Leisure,Neutral,2024-11-09,Sing message board mean.
28,581.17,Travel,Neutral,2024-11-11,Race mr.
28,693.7,Travel,Excited,2024-11-11,Quite budget window hour some.
28,513.39,Travel,Excited,2024-11-14,Dark camera realize.
28,1154.46,Leisure,Excited,2024-11-15,Door management guess.
28,3402.61,Leisure,Happy,2024-11-16,Pattern size spend.
28,1163.7,Leisure,Happy,2024-11-17,Wrong difficult.
28,888.7,Food,Excited,2024-11-18,Past feeling nature.
28,1151.56,Other,Excited,2024-11-18,President chance hotel through.
28,1202.28,Other,Sad,2024-11-19,Leave run goal cause.
28,1652.11,Food,Happy,2024-11-19,Difference world deep.
28,590.54,Other,Happy,2024-11-19,Above company media next me.
28,1345.63,Travel,Excited,2024-11-20,Ball theory prepare much throughout.
28,1242.77,Food,Excited,2024-11-22,Eye something.
28,3656.45,Other,Excited,2024-11-24,Town glass road.
28,1158.7,Leisure,Excited,2024-11-25,Point appear including.
28,468.12,Other,Excited,2024-11-26,Likely push.
28,180.34,Other,Happy,2024-11-26,Later week democratic few.
28,467.59,Other,Excited,2024-11-28,Already argue.
28,962.23,Other,Excited,2024-11-29,Success teach mrs beat.
28,74.49,Education,Neutral,2024-11-29,Expert involve oil.
28,2623.41,Other,Excited,2024-11-30,Firm financial.
28,1495.09,Leisure,Excited,2024-11-30,American audience fight war whether.
28,1237.55,Food,Excited,2024-12-03,Quite general there sister.
28,147.9,Food,Excited,2024-12-04,Heavy what least mouth national.
28,1783.89,Other,Stressed,2024-12-04,Body lead there there early.
28,1925.17,Food,Neutral,2024-12-04,Law agree appear political.
28,1017.2,Other,Excited,2024-12-04,Sell include himself produce.
28,98.24,Food,Happy,2024-12-05,Doctor news yourself.
28,110.38,Food,Excited,2024-12-05,Enough threat score.
28,570.51,Food,Excited,2024-12-06,Yet wish certain usually.
28,947.48,Leisure,Stressed,2024-12-06,Draw police.
28,1142.73,Leisure,Neutral,2024-12-06,Together knowledge.
28,1800.58,Travel,Excited,2024-12-07,Personal often.
28,2582.49,Leisure,Excited,2024-12-08,Baby lawyer growth matter note.
28,1238.55,Education,Neutral,2024-12-08,Grow laugh.
28,3019.95,Other,Happy,2024-12-08,Firm financial.
28,1316.25,Other,Excited,2024-12-10,Take family chance.
28,315.28,Travel,Neutral,2024-12-10,Concern significant.
28,1179.52,Leisure,Happy,2024-12-11,Ever day.
28,1556.73,Other,Neutral,2024-12-12,Raise several west side admit.
28,1955.5,Leisure,Excited,2024-12-14,Year him thank trade.
28,668.54,Education,Happy,2024-12-16,Consider time economic high.
28,421.32,Other,Happy,2024-12-16,Us perhaps lawyer interest star.
28,487.73,Education,Excited,2024-12-17,Meet seem population.
28,946.57,Leisure,Neutral,2024-12-17,Simply century the.
28,88.14,Education,Happy,2024-12-17,Offer work home.
28,746.76,Food,Stressed,2024-12-17,Project can.
28,2268.73,Other,Sad,2024-12-18,Very figure drive special.
28,1607.36,Travel,Sad,2024-12-19,Car indeed nor next.
28,1054.92,Travel,Happy,2024-12-20,Quite budget window hour some.
28,4210.37,Travel,Neutral,2024-12-21,Improve them wait.
28,20.56,Leisure,Excited,2024-12-22,Strong mind from.
28,1061.78,Education,Happy,2024-12-24,Nation politics few each southern.
28,923.13,Leisure,Happy,2024-12-24,Bed report item.
28,1158.69,Travel,Sad,2024-12-24,Yard foot he share issue.
28,1137.82,Leisure,Happy,2024-12-25,Reflect star.
28,731.5,Other,Sad,2024-12-25,Throughout leader bag.
28,728.4,Leisure,Stressed,2024-12-25,Method everything.
28,418.51,Education,Neutral,2024-12-25,Day fact modern.
28,2063.79,Travel,Neutral,2024-12-27,Ahead picture son.
28,1254.92,Travel,Excited,2024-12-28,Three certain.
28,1927.83,Food,Neutral,2024-12-29,And national spend.
28,447.44,Leisure,Excited,2024-12-30,Decade trade field training.
28,1048.91,Travel,Happy,2024-12-30,Personal often.
28,665.99,Leisure,Excited,2024-12-30,Food affect upon these story.
28,913.33,Other,Sad,2024-12-30,Feel special.
28,742.78,Other,Neutral,2025-01-02,Fish late pattern.
28,2079.03,Education,Neutral,2025-01-05,Four field area young.
28,553.02,Other,Excited,2025-01-05,Gas contain interest industry sell.
28,1267.72,Food,Happy,2025-01-07,Less into per big.
28,421.74,Other,Stressed,2025-01-07,College manage fund.
28,599.24,Food,Happy,2025-01-07,Each author party full kitchen.
28,2152.79,Other,Happy,2025-01-07,Build view.
28,974.31,Leisure,Happy,2025-01-08,Story case.
28,265.74,Food,Sad,2025-01-08,Network never.
28,587.48,Other,Neutral,2025-01-10,During call north attention.
28,150.97,Food,Excited,2025-01-13,Beautiful beyond sell.
28,715.02,Other,Excited,2025-01-14,Mention billion bed never others.
28,990.21,Leisure,Stressed,2025-01-16,Believe product eat generation put.
28,555.24,Leisure,Sad,2025-01-16,Window research his.
28,195.3,Travel,Excited,2025-01-16,Machine son television.
28,1174.44,Other,Excited,2025-01-17,Stage someone for power.
28,919.48,Leisure,Happy,2025-01-17,Open million house enough.
28,521.87,Leisure,Excited,2025-01-17,Decade trade field training.
28,1480.5,Leisure,Neutral,2025-01-17,None pressure lay future stay.
28,1580.04,Leisure,Excited,2025-01-18,Blue agent find.
28,1034.96,Education,Excited,2025-01-19,Decide cultural start how thank.
28,122.51,Food,Neutral,2025-01-20,Doctor news yourself.
28,1587.12,Leisure,Excited,2025-01-20,Decide similar office.
28,645.77,Food,Sad,2025-01-21,Couple general pretty show.
28,1201.93,Other,Happy,2025-01-21,Star executive fear.
28,1170.47,Leisure,Excited,2025-01-23,Heavy class story side speak.
28,165.05,Education,Excited,2025-01-24,While total spend.
28,1126.8,Leisure,Happy,2025-01-24,Sell only manage.
28,410.05,Education,Excited,2025-01-26,Organization visit finally.
28,55.58,Travel,Neutral,2025-01-28,Anyone here deep.
28,1007.85,Food,Excited,2025-01-28,Determine not view cell seat.
28,1085.9,Education,Stressed,2025-01-31,Opportunity lead see.
28,1098.22,Travel,Sad,2025-01-31,Picture approach chance none fight.
29,1142.35,Other,Neutral,2024-08-01,As throughout individual list manager.
29,425.53,Education,Sad,2024-08-03,Find job where.
29,606.06,Other,Sad,2024-08-06,Control piece behavior message wind.
29,436.94,Education,Neutral,2024-08-06,Technology pay tree.
29,614.88,Food,Happy,2024-08-06,State among rest national wrong.
29,688.99,Travel,Excited,2024-08-06,Concern significant.
29,15.44,Leisure,Sad,2024-08-08,Strong mind from.
29,700.29,Leisure,Excited,2024-08-08,Food affect upon these story.
29,476.82,Other,Sad,2024-08-08,Short indicate police.
29,1419.78,Leisure,Happy,2024-08-09,List already positive experience television.
29,32.79,Leisure,Neutral,2024-08-09,End bit game thousand.
29,250.71,Travel,Excited,2024-08-10,Say other never fact.
29,2828.08,Other,Excited,2024-08-11,Section agency lawyer sign them.
29,868.0,Education,Excited,2024-08-13,Soon including important.
29,2397.99,Other,Excited,2024-08-14,Section agency lawyer sign them.
29,2002.13,Leisure,Happy,2024-08-14,Tv budget system book.
29,751.95,Other,Happy,2024-08-15,Ground city still.
29,140.72,Other,Sad,2024-08-15,Wonder long consider care.
29,472.74,Food,Stressed,2024-08-16,General final knowledge.
29,897.8,Travel,Excited,2024-08-17,Small control see the.
29,475.77,Travel,Excited,2024-08-17,Billion morning draw.
29,337.98,Leisure,Happy,2024-08-17,He participant right.
29,185.72,Other,Excited,2024-08-21,Bank price north first end.
29,265.2,Other,Excited,2024-08-22,Stage threat our.
29,553.21,Education,Neutral,2024-08-22,Listen whose situation simply officer.
29,345.74,Leisure,Happy,2024-08-22,She join house.
29,693.52,Travel,Excited,2024-08-23,Audience throw four allow international.
29,3482.31,Education,Happy,2024-08-24,Price my.
29,556.17,Food,Excited,2024-08-24,Current health serious.
29,2771.23,Other,Excited,2024-08-24,Authority number.
29,251.35,Leisure,Excited,2024-08-26,Window research his.
29,978.19,Other,Excited,2024-08-28,Reach under.
29,837.76,Leisure,Excited,2024-08-29,Half president structure might.
29,54.87,Travel,Happy,2024-08-29,Call animal approach factor want.
29,370.22,Leisure,Excited,2024-08-29,Third coach congress husband.
29,1133.88,Education,Excited,2024-08-30,Television argue mouth.
29,538.17,Education,Neutral,2024-08-31,Home even.
29,2568.72,Leisure,Happy,2024-09-01,City usually ever.
29,1848.55,Other,Neutral,2024-09-01,Network outside parent.
29,1997.27,Leisure,Excited,2024-09-03,Food affect upon these story.
29,2004.16,Other,Neutral,2024-09-04,Stuff next write.
29,184.63,Other,Happy,2024-09-04,Idea seek.
29,2426.18,Leisure,Excited,2024-09-04,Turn both in animal.
29,2258.87,Leisure,Neutral,2024-09-05,Course technology site.
29,574.91,Travel,Excited,2024-09-06,Program decade home which view.
29,837.75,Other,Happy,2024-09-07,Enter capital population.
29,422.94,Leisure,Happy,2024-09-07,Voice american seven discussion.
29,1699.22,Food,Excited,2024-09-08,Ago race quite hour.
29,1510.29,Education,Sad,2024-09-08,Paper beyond indeed.
29,29.18,Other,Neutral,2024-09-10,Skill successful and.
29,1775.76,Travel,Happy,2024-09-10,Lead few yourself.
29,3157.99,Other,Happy,2024-09-11,Yes at seat ok.
29,492.1,Other,Excited,2024-09-11,Let stay or focus.
29,261.08,Travel,Neutral,2024-09-11,Anyone bank kitchen interest parent.
29,596.62,Education,Neutral,2024-09-13,Part management.
29,298.51,Travel,Neutral,2024-09-14,Machine son television.
29,1688.45,Other,Happy,2024-09-14,Claim move.
29,681.68,Leisure,Neutral,2024-09-15,Wide exactly.
29,136.18,Other,Excited,2024-09-16,Be move fly open.
29,1196.08,Leisure,Excited,2024-09-17,Tough animal someone.
29,609.53,Other,Neutral,2024-09-19,Born itself law west.
29,2153.82,Leisure,Excited,2024-09-20,Truth during always those high.
29,830.02,Other,Stressed,2024-09-20,Win central.
29,1448.91,Leisure,Sad,2024-09-21,Brother southern project learn.
29,304.45,Food,Excited,2024-09-21,Low happy oil which bag.
29,3589.7,Leisure,Sad,2024-09-21,Food affect upon these story.
29,1733.78,Other,Excited,2024-09-22,Race to television loss.
29,950.14,Other,Excited,2024-09-23,Have decide environment.
29,2403.01,Leisure,Happy,2024-09-24,Book toward.
29,110.67,Leisure,Stressed,2024-09-24,Example decision garden.
29,565.58,Other,Excited,2024-09-25,Increase consider.
29,877.52,Food,Happy,2024-09-27,Remain seven marriage.
29,892.41,Leisure,Stressed,2024-09-28,Close month parent who up.
29,252.14,Leisure,Stressed,2024-09-30,She join house.
29,392.81,Food,Stressed,2024-09-30,Car risk.
29,304.76,Other,Excited,2024-09-30,College manage fund.
29,655.46,Leisure,Excited,2024-09-30,Available defense.
29,5.63,Other,Happy,2024-09-30,Office of remember individual.
29,816.45,Food,Neutral,2024-09-30,While same budget.
29,966.91,Other,Stressed,2024-10-01,Scientist necessary into.
29,325.05,Food,Sad,2024-10-01,Difference attention whatever american.
29,1114.56,Leisure,Happy,2024-10-01,Decide similar office.
29,512.35,Leisure,Happy,2024-10-02,Approach about because.
29,1545.09,Leisure,Happy,2024-10-03,Oil per line create build.
29,442.75,Food,Neutral,2024-10-03,Effect cultural.
29,934.81,Leisure,Excited,2024-10-04,Open million house enough.
29,803.26,Food,Sad,2024-10-04,Go exactly much food region.
29,3278.12,Other,Excited,2024-10-05,Start house ahead raise.
29,266.07,Leisure,Excited,2024-10-05,Inside big minute.
29,1590.75,Other,Happy,2024-10-05,Time surface learn design.
29,1173.38,Other,Happy,2024-10-06,Car fast positive.
29,1925.98,Other,Neutral,2024-10-06,And student give score agree.
29,2436.25,Leisure,Happy,2024-10-06,Call door.
29,1205.61,Other,Neutral,2024-10-07,Control bill.
29,421.19,Leisure,Excited,2024-10-08,Night various return explain.
29,594.03,Leisure,Excited,2024-10-08,Big the cost for leader.
29,1707.42,Education,Excited,2024-10-09,Opportunity lead see.
29,279.46,Leisure,Happy,2024-10-10,Place offer.
29,451.79,Other,Stressed,2024-10-10,Task central dinner.
29,183.53,Leisure,Stressed,2024-10-11,Particular condition man.
29,965.82,Food,Stressed,2024-10-11,Bring agent pay detail group.
29,1643.55,Other,Happy,2024-10-12,Leave bar prevent require.
29,2065.21,Other,Neutral,2024-10-13,Project spring of.
29,2236.23,Other,Excited,2024-10-16,Choice prepare.
29,815.77,Leisure,Neutral,2024-10-16,Senior difficult put.
29,1246.56,Travel,Excited,2024-10-16,More road development about.
29,111.92,Travel,Neutral,2024-10-17,We cold deep.
29,28.49,Other,Happy,2024-10-18,Never majority cell.
29,1883.25,Leisure,Excited,2024-10-18,Huge garden family.
29,107.21,Other,Sad,2024-10-19,Remember carry.
29,2682.57,Food,Stressed,2024-10-19,Smile high open scientist.
29,154.33,Leisure,Sad,2024-10-20,Somebody son suddenly perform.
29,2681.86,Leisure,Happy,2024-10-20,Paper memory history office.
29,1146.93,Leisure,Happy,2024-10-20,Happy action.
29,683.46,Travel,Excited,2024-10-21,Itself free source.
29,609.34,Travel,Happy,2024-10-21,Small control see the.
29,920.54,Travel,Neutral,2024-10-21,Try wonder move trade.
29,1056.77,Travel,Neutral,2024-10-21,Remember nearly face feel.
29,1974.5,Other,Happy,2024-10-23,Store bit responsibility brother.
29,2102.47,Leisure,Excited,2024-10-23,Pattern size spend.
29,270.53,Other,Excited,2024-10-24,Citizen street region.
29,2315.63,Education,Sad,2024-10-25,About usually.
29,824.62,Food,Excited,2024-10-30,Hundred step according.
29,1300.22,Leisure,Excited,2024-11-01,Paper memory history office.
29,470.22,Other,Excited,2024-11-01,Affect test.
29,950.5,Leisure,Happy,2024-11-02,Senior difficult put.
29,1297.96,Travel,Sad,2024-11-02,Message seek civil all.
29,2424.14,Leisure,Stressed,2024-11-03,Live seat.
29,3348.82,Food,Excited,2024-11-03,Its develop until watch.
29,751.86,Other,Excited,2024-11-04,Moment red eight hand.
29,1732.81,Travel,Neutral,2024-11-05,Western order accept wide prevent.
29,928.4,Food,Happy,2024-11-07,Ago race quite hour.
29,2447.7,Education,Neutral,2024-11-08,Reality fill ok list.
29,1390.58,Other,Happy,2024-11-08,Break wait.
29,956.89,Other,Neutral,2024-11-09,Support possible.
29,3510.14,Other,Stressed,2024-11-09,Find lay deal lot.
29,1208.23,Education,Neutral,2024-11-10,Road product wait.
29,727.51,Food,Excited,2024-11-11,Draw change agree someone.
29,505.33,Leisure,Excited,2024-11-11,Market specific property coach.
29,493.83,Other,Excited,2024-11-12,Form newspaper.
29,998.07,Food,Excited,2024-11-13,Bring agent pay detail group.
29,1220.54,Education,Neutral,2024-11-13,Field a spring.
29,136.06,Food,Neutral,2024-11-13,Focus chance.
29,1925.72,Travel,Neutral,2024-11-14,More road development about.
29,402.98,Other,Excited,2024-11-14,Peace wind guess.
29,715.43,Other,Stressed,2024-11-14,Military onto blue activity.
29,277.05,Other,Neutral,2024-11-14,Source onto provide.
29,2640.11,Food,Neutral,2024-11-15,Order his oil west school.
29,1089.4,Leisure,Excited,2024-11-16,Individual analysis.
29,1343.21,Other,Excited,2024-11-17,Project spring of.
29,1345.28,Other,Excited,2024-11-17,Take family chance.
29,2576.81,Travel,Happy,2024-11-17,Whether century quality.
29,1711.87,Education,Happy,2024-11-17,Actually than modern season.
29,1535.99,Leisure,Sad,2024-11-20,Paper memory history office.
29,37.5,Other,Excited,2024-11-20,Help painting always.
29,719.62,Leisure,Excited,2024-11-20,Week yourself public especially american.
29,465.04,Leisure,Neutral,2024-11-21,Pressure those.
29,617.75,Leisure,Happy,2024-11-21,Decision where foreign trial.
29,504.4,Travel,Happy,2024-11-22,Soldier meeting building.
29,95.45,Education,Excited,2024-11-22,Kid industry.
29,369.39,Other,Stressed,2024-11-24,Try opportunity public.
29,1691.77,Food,Neutral,2024-11-25,Above dog brother morning.
29,1362.46,Travel,Sad,2024-11-27,List leg address into their.
29,755.26,Other,Excited,2024-11-27,Name skill medical after them.
29,322.2,Other,Happy,2024-11-27,Good house only military.
29,284.5,Leisure,Happy,2024-11-28,Into notice necessary true message.
29,593.55,Other,Neutral,2024-11-29,Tell brother defense list second.
29,1813.85,Leisure,Excited,2024-11-30,Fact huge fight.
29,1594.79,Education,Happy,2024-11-30,Actually than modern season.
29,2026.69,Leisure,Happy,2024-12-01,Something population loss physical.
29,2376.75,Other,Neutral,2024-12-03,Begin treat stage this.
29,1267.92,Food,Stressed,2024-12-03,Buy tax.
29,176.86,Other,Excited,2024-12-04,How any federal star.
29,460.71,Education,Neutral,2024-12-04,Find job where.
29,1363.95,Leisure,Excited,2024-12-06,Decision where foreign trial.
29,138.96,Leisure,Happy,2024-12-06,Drug entire involve.
29,1640.37,Other,Excited,2024-12-07,Instead ahead despite measure ago.
29,2774.16,Education,Sad,2024-12-08,Against only.
29,202.09,Education,Happy,2024-12-11,Development middle animal.
29,1133.08,Leisure,Excited,2024-12-12,Return or for.
29,945.44,Other,Excited,2024-12-12,Phone ever back experience.
29,267.73,Leisure,Sad,2024-12-13,Something future they red.
29,2908.95,Leisure,Neutral,2024-12-15,Huge garden family.
29,2352.91,Leisure,Stressed,2024-12-15,Brother southern project learn.
29,3700.73,Other,Stressed,2024-12-15,Administration network once.
29,2706.75,Food,Neutral,2024-12-18,State among rest national wrong.
29,1012.38,Leisure,Sad,2024-12-19,None whose.
29,158.93,Education,Sad,2024-12-19,Good anything manager think pressure.
29,969.58,Other,Neutral,2024-12-20,Art green child movie blue.
29,959.56,Other,Excited,2024-12-21,State husband.
29,2902.58,Leisure,Excited,2024-12-22,Boy other foot best.
29,120.29,Education,Excited,2024-12-23,Keep yes.
29,2254.36,Other,Happy,2024-12-25,Very figure drive special.
29,1149.27,Other,Stressed,2024-12-25,Child ball store process.
29,1225.56,Leisure,Excited,2024-12-26,Woman whose already.
29,1005.76,Travel,Excited,2024-12-27,Picture approach chance none fight.
29,1500.8,Education,Happy,2024-12-28,Pretty skin main program.
29,616.62,Leisure,Neutral,2024-12-29,Week yourself public especially american.
29,112.85,Other,Sad,2024-12-30,National back everybody direction budget.
29,2082.22,Food,Stressed,2024-12-31,Or phone.
29,761.38,Education,Excited,2025-01-01,Management game.
29,1131.12,Travel,Excited,2025-01-01,Why station manager.
29,898.5,Travel,Happy,2025-01-02,Challenge organization floor road southern.
29,153.23,Travel,Happy,2025-01-02,Not teach believe month.
29,30.68,Leisure,Happy,2025-01-03,Strong mind from.
29,2377.0,Other,Excited,2025-01-04,Stuff avoid.
29,2116.39,Other,Stressed,2025-01-05,Begin treat stage this.
29,1255.41,Other,Excited,2025-01-08,Scientist necessary into.
29,2191.89,Food,Excited,2025-01-08,Million kind everything young.
29,1360.64,Leisure,Excited,2025-01-08,Sometimes while sense window.
29,1319.29,Food,Sad,2025-01-09,Radio product.
29,287.11,Education,Stressed,2025-01-09,Tree note responsibility.
29,1115.05,Travel,Neutral,2025-01-10,Three certain.
29,4014.97,Food,Excited,2025-01-11,Above dog brother morning.
29,937.26,Food,Happy,2025-01-11,Bring agent pay detail group.
29,14.36,Leisure,Excited,2025-01-12,Strong mind from.
29,524.97,Education,Excited,2025-01-12,My some skin ball thing.
29,1233.7,Food,Neutral,2025-01-12,Development provide dark daughter.
29,1258.01,Other,Happy,2025-01-12,Above company media next me.
29,5216.56,Education,Happy,2025-01-12,Pretty skin main program.
29,2175.96,Other,Excited,2025-01-13,Task she.
29,1901.09,Other,Excited,2025-01-13,All important shoulder she.
29,1416.91,Food,Sad,2025-01-13,Analysis hair rest wide.
29,2088.56,Other,Happy,2025-01-13,Exist theory.
29,826.99,Education,Stressed,2025-01-14,Career including late condition opportunity.
29,236.31,Leisure,Happy,2025-01-16,Worker range feel.
29,767.75,Leisure,Excited,2025-01-16,Yourself successful defense subject.
29,102.47,Food,Happy,2025-01-17,Heavy what least mouth national.
29,468.59,Other,Excited,2025-01-17,Describe paper.
29,857.66,Leisure,Neutral,2025-01-18,Wide exactly.
29,260.08,Food,Neutral,2025-01-19,Low happy oil which bag.
29,2241.19,Other,Neutral,2025-01-19,Community spring billion price paper.
29,2182.85,Travel,Happy,2025-01-22,Improve them wait.
29,1716.89,Leisure,Sad,2025-01-23,Child group describe.
29,995.01,Travel,Excited,2025-01-23,Laugh red man fly charge.
29,227.92,Travel,Happy,2025-01-23,Pressure hospital significant.
29,1791.24,Education,Happy,2025-01-23,Course out second carry.
29,1691.77,Food,Stressed,2025-01-23,Democratic station course full.
29,824.2,Leisure,Sad,2025-01-24,Something population loss physical.
29,3807.43,Leisure,Sad,2025-01-25,Water fight security tough gas.
29,1397.89,Food,Excited,2025-01-26,Bring animal also you.
29,1448.34,Other,Happy,2025-01-27,Seven here sell story.
29,1361.56,Leisure,Excited,2025-01-27,Research visit program suddenly doctor.
29,144.56,Other,Excited,2025-01-27,Better republican stock bank.
29,1126.09,Food,Excited,2025-01-30,Bad argue side girl.
29,63.83,Travel,Sad,2025-01-31,Edge building court.
29,947.5,Leisure,Neutral,2025-01-31,Child group describe.
30,396.81,Education,Excited,2024-08-02,Scientist i doctor.
30,11.52,Leisure,Happy,2024-08-02,What strong line.
30,1674.41,Food,Happy,2024-08-02,Threat church big day couple.
30,3782.64,Leisure,Neutral,2024-08-03,Pattern size spend.
30,1145.03,Other,Excited,2024-08-04,Car fast positive.
30,1794.07,Other,Neutral,2024-08-06,Town glass road.
30,1718.22,Travel,Excited,2024-08-07,Senior service large under.
30,1516.92,Other,Neutral,2024-08-08,Feeling manage as.
30,1895.96,Leisure,Happy,2024-08-08,Door management guess.
30,3446.52,Food,Excited,2024-08-10,Above others.
30,5587.78,Travel,Happy,2024-08-11,Rest or.
30,1237.48,Other,Neutral,2024-08-11,Sell include himself produce.
30,452.14,Leisure,Happy,2024-08-12,Week yourself public especially american.
30,763.09,Other,Happy,2024-08-12,Likely push.
30,967.55,Leisure,Excited,2024-08-12,American audience fight war whether.
30,595.09,Other,Excited,2024-08-13,Leave run goal cause.
30,183.03,Leisure,Neutral,2024-08-14,Technology tend.
30,368.75,Education,Sad,2024-08-14,Allow girl team simply lead.
30,196.81,Leisure,Happy,2024-08-14,Position interest.
30,83.29,Other,Excited,2024-08-15,People newspaper stay.
30,1263.95,Food,Stressed,2024-08-16,Its develop until watch.
30,90.9,Education,Excited,2024-08-19,Third rich hospital.
30,393.23,Travel,Happy,2024-08-19,Push east never size fight.
30,153.06,Other,Neutral,2024-08-20,Create physical share out cold.
30,1256.43,Education,Neutral,2024-08-21,Factor past language day theory.
30,317.21,Leisure,Happy,2024-08-22,Individual analysis.
30,1846.9,Travel,Sad,2024-08-23,Wall act special.
30,184.29,Education,Happy,2024-08-23,Gas human create also.
30,312.3,Other,Neutral,2024-08-23,Law read citizen.
30,2040.4,Other,Excited,2024-08-24,Perhaps order answer blue structure.
30,2769.14,Travel,Stressed,2024-08-24,Door end fire.
30,1172.99,Travel,Excited,2024-08-25,Movement door kind.
30,3553.33,Travel,Neutral,2024-08-25,Song risk bad.
30,1397.18,Leisure,Neutral,2024-08-25,Evening ahead smile.
30,1457.36,Travel,Excited,2024-08-28,Wrong difficult range.
30,937.35,Education,Happy,2024-08-29,Security land record.
30,199.09,Leisure,Excited,2024-08-30,Fear yourself last.
30,428.78,Other,Happy,2024-08-30,Hope floor include.
30,709.14,Education,Neutral,2024-08-31,Way cold.
30,1380.27,Food,Excited,2024-08-31,Bring animal also you.
30,1993.38,Other,Neutral,2024-08-31,Security arm.
30,539.56,Food,Excited,2024-09-01,Lay color.
30,3346.82,Travel,Excited,2024-09-01,Feel color price next.
30,220.2,Leisure,Neutral,2024-09-02,Teach cause mrs.
30,1105.39,Other,Stressed,2024-09-03,Resource road do.
30,219.2,Other,Excited,2024-09-03,Realize property show either.
30,1505.62,Leisure,Sad,2024-09-03,Born same usually.
30,93.06,Other,Happy,2024-09-03,Store natural today season.
30,1024.26,Leisure,Neutral,2024-09-03,Determine feel article we they.
30,1452.98,Leisure,Excited,2024-09-04,Thing industry participant realize.
30,13.87,Other,Neutral,2024-09-06,Skill successful and.
30,26.63,Leisure,Neutral,2024-09-07,Strong mind from.
30,1492.88,Food,Happy,2024-09-07,Analysis hair rest wide.
30,616.39,Food,Happy,2024-09-08,Democratic recent student specific political.
30,2104.51,Leisure,Happy,2024-09-08,Boy other foot best.
30,573.46,Food,Sad,2024-09-08,Remain seven marriage.
30,2076.29,Other,Stressed,2024-09-09,Entire hotel.
30,1193.46,Leisure,Happy,2024-09-09,White likely teacher one.
30,1651.09,Travel,Happy,2024-09-11,Outside with each animal.
30,2623.85,Food,Excited,2024-09-11,Quite general there sister.
30,836.19,Travel,Excited,2024-09-12,Across involve fall.
30,1310.95,Other,Sad,2024-09-13,Trip determine as statement.
30,659.43,Other,Stressed,2024-09-13,Material produce station visit environmental.
30,732.57,Leisure,Neutral,2024-09-13,Yourself successful defense subject.
30,279.72,Food,Excited,2024-09-15,Difference attention whatever american.
30,3149.27,Other,Neutral,2024-09-15,Moment eat personal.
30,1765.67,Other,Excited,2024-09-16,Support state.
30,895.69,Education,Excited,2024-09-16,Play move each left establish.
30,243.47,Other,Sad,2024-09-16,Be move fly open.
30,1440.62,Other,Sad,2024-09-16,Leg rest interest.
30,906.87,Education,Excited,2024-09-18,Security land record.
30,1461.28,Leisure,Excited,2024-09-18,Significant up still management.
30,435.3,Education,Happy,2024-09-18,Pass range appear home player.
30,532.68,Other,Excited,2024-09-21,Section national owner determine detail.
30,354.52,Other,Sad,2024-09-22,Long identify road speech.
30,1427.49,Leisure,Happy,2024-09-22,Arrive society.
30,656.16,Food,Excited,2024-09-22,Computer always his.
30,1438.16,Education,Happy,2024-09-23,People education great.
30,1128.58,Travel,Sad,2024-09-24,Try wonder move trade.
30,2534.1,Travel,Happy,2024-09-24,Lead few yourself.
30,1006.92,Travel,Excited,2024-09-24,Them key.
30,285.7,Travel,Neutral,2024-09-25,Drive nation heart nearly season.
30,701.67,Leisure,Excited,2024-09-27,Word collection those become.
30,3433.21,Travel,Excited,2024-09-28,My compare also argue.
30,836.12,Food,Excited,2024-09-30,Bill beautiful issue.
30,775.82,Other,Happy,2024-09-30,Peace race i.
30,1941.74,Education,Excited,2024-10-01,Real small.
30,1898.58,Food,Neutral,2024-10-03,Leg sport until argue.
30,443.74,Other,Neutral,2024-10-03,College manage fund.
30,1024.43,Leisure,Neutral,2024-10-04,Sell only manage.
30,1955.5,Other,Happy,2024-10-05,Well left.
30,1281.33,Travel,Excited,2024-10-05,Material less focus hear.
30,645.22,Other,Excited,2024-10-06,Pattern wrong kind certainly.
30,590.29,Education,Sad,2024-10-06,Technology pay tree.
30,1283.56,Food,Neutral,2024-10-06,Bad argue side girl.
30,3845.53,Other,Neutral,2024-10-06,Network outside parent.
30,1099.5,Other,Happy,2024-10-07,Question now key show.
30,809.33,Other,Excited,2024-10-07,Environment character real middle prove.
30,922.82,Education,Stressed,2024-10-07,Paper beyond indeed.
30,1323.67,Other,Excited,2024-10-08,Break wait.
30,832.33,Leisure,Excited,2024-10-08,Consumer face.
30,880.01,Other,Excited,2024-10-08,Yeah far within.
30,1916.91,Other,Excited,2024-10-09,All important shoulder she.
30,291.85,Other,Happy,2024-10-11,Nice maintain present cultural.
30,2146.51,Leisure,Excited,2024-10-12,Relate real major.
30,2560.1,Food,Neutral,2024-10-12,Bad argue side girl.
30,823.69,Other,Excited,2024-10-12,Gas contain interest industry sell.
30,554.15,Leisure,Excited,2024-10-12,Wide exactly.
30,2290.59,Leisure,Excited,2024-10-12,Course staff personal space.
30,1370.53,Education,Excited,2024-10-12,Paper beyond indeed.
30,2353.08,Other,Happy,2024-10-13,Break wait.
30,1254.67,Leisure,Happy,2024-10-14,Oil per line create build.
30,2999.32,Travel,Excited,2024-10-16,Whether century quality.
30,1391.88,Leisure,Stressed,2024-10-17,Lose modern return simple herself.
30,2333.3,Leisure,Excited,2024-10-19,Along attention piece tv young.
30,463.79,Education,Sad,2024-10-20,Should page camera.
30,2913.72,Leisure,Sad,2024-10-20,Age cover foreign.
30,178.13,Leisure,Excited,2024-10-20,Source husband.
30,1959.32,Food,Sad,2024-10-21,Buy tax.
30,1120.7,Leisure,Excited,2024-10-22,Sit enter perhaps however.
30,237.13,Other,Sad,2024-10-22,Try opportunity public.
30,787.82,Travel,Happy,2024-10-22,Wide cut player wind.
30,278.89,Other,Neutral,2024-10-23,Try opportunity public.
30,873.28,Leisure,Happy,2024-10-24,Member box.
30,1015.21,Education,Sad,2024-10-24,Condition again successful.
30,739.73,Travel,Neutral,2024-10-25,Improve them wait.
30,36.81,Other,Excited,2024-10-26,Write other wear through partner.
30,1959.56,Education,Excited,2024-10-29,Budget remain reduce.
30,261.64,Education,Happy,2024-10-30,True culture.
30,2010.41,Travel,Neutral,2024-10-31,Hair attorney professional.
30,441.61,Leisure,Excited,2024-10-31,Member box.
30,1867.01,Travel,Neutral,2024-11-01,Wall act special.
30,2744.19,Travel,Happy,2024-11-03,Wall act special.
30,73.97,Leisure,Neutral,2024-11-03,Never condition.
30,1116.26,Other,Excited,2024-11-03,Citizen street region.
30,1791.12,Other,Neutral,2024-11-03,Scientist able teach.
30,902.76,Education,Happy,2024-11-04,Career including late condition opportunity.
30,2140.79,Travel,Stressed,2024-11-06,Citizen kid generation onto police.
30,673.48,Travel,Excited,2024-11-06,City offer financial data.
30,388.89,Other,Happy,2024-11-06,College manage fund.
30,939.06,Other,Neutral,2024-11-07,Break wait.
30,583.79,Leisure,Neutral,2024-11-08,Activity including single right.
30,945.11,Other,Happy,2024-11-08,Local director become.
30,2888.7,Other,Happy,2024-11-09,Perhaps order answer blue structure.
30,941.4,Other,Neutral,2024-11-10,Authority interest red must art.
30,2918.97,Education,Neutral,2024-11-10,Condition again successful.
30,605.73,Education,Excited,2024-11-11,Bed recognize store.
30,696.86,Education,Stressed,2024-11-11,Within prove full.
30,1701.32,Food,Stressed,2024-11-12,Smile high open scientist.
30,1492.12,Other,Stressed,2024-11-13,Scientist necessary into.
30,536.35,Leisure,Neutral,2024-11-15,Right analysis mention.
30,185.34,Leisure,Happy,2024-11-16,Easy get every.
30,1061.22,Other,Happy,2024-11-17,Law read citizen.
30,2668.99,Travel,Sad,2024-11-17,Whether century quality.
30,2095.86,Food,Excited,2024-11-18,Of interview fine.
30,1050.21,Leisure,Neutral,2024-11-19,Sell only manage.
30,220.39,Education,Neutral,2024-11-19,Throughout would century television congress.
30,1097.85,Leisure,Excited,2024-11-19,Child group describe.
30,413.94,Travel,Neutral,2024-11-19,True building card.
30,1181.47,Travel,Sad,2024-11-20,Attack mouth rest contain.
30,1473.68,Other,Excited,2024-11-20,Section agency lawyer sign them.
30,1193.73,Travel,Stressed,2024-11-20,Case expert stop.
30,546.32,Other,Happy,2024-11-21,Main opportunity particularly question.
30,814.83,Leisure,Excited,2024-11-22,Bed report item.
30,639.01,Other,Happy,2024-11-23,Result size feel no nothing.
30,2054.44,Food,Happy,2024-11-24,Its develop until watch.
30,395.66,Education,Sad,2024-11-24,Democrat cost evidence third.
30,489.0,Other,Excited,2024-11-25,Require bank child.
30,1564.81,Leisure,Happy,2024-11-25,Play recently sure somebody.
30,600.71,Education,Excited,2024-11-26,Value car team nothing.
30,1370.75,Leisure,Neutral,2024-11-26,As second animal summer group.
30,1726.25,Food,Happy,2024-11-26,Smile high open scientist.
30,553.93,Other,Stressed,2024-11-28,Nice maintain present cultural.
30,726.96,Other,Happy,2024-11-28,Above company media next me.
30,477.51,Other,Happy,2024-11-29,Section national owner determine detail.
30,90.47,Other,Happy,2024-11-29,Pretty section degree still.
30,822.52,Other,Stressed,2024-11-29,Those pressure street.
30,81.79,Travel,Sad,2024-11-30,Dog late eat.
30,712.53,Leisure,Happy,2024-12-01,I fund.
30,772.22,Education,Excited,2024-12-03,North question new.
30,1533.73,Education,Happy,2024-12-04,She they.
30,206.04,Food,Stressed,2024-12-04,Beautiful beyond sell.
30,1010.96,Other,Excited,2024-12-04,Health image.
30,973.1,Leisure,Happy,2024-12-05,Site girl into have media.
30,629.54,Leisure,Excited,2024-12-05,Image movie who debate.
30,12.88,Leisure,Excited,2024-12-05,What strong line.
30,271.49,Food,Excited,2024-12-05,Security unit executive.
30,845.03,Leisure,Sad,2024-12-05,Walk anything.
30,108.46,Education,Excited,2024-12-06,Organization visit finally.
30,829.79,Education,Happy,2024-12-06,Value thing these.
30,324.23,Travel,Stressed,2024-12-07,Billion morning draw.
30,1923.56,Travel,Stressed,2024-12-08,Democratic thousand.
30,1691.97,Other,Happy,2024-12-09,Heavy law church.
30,148.9,Other,Neutral,2024-12-10,Learn talk.
30,2444.39,Food,Neutral,2024-12-11,Within woman.
30,1393.2,Leisure,Neutral,2024-12-13,Box organization.
30,1167.87,Leisure,Excited,2024-12-13,On must certainly.
30,933.68,Leisure,Happy,2024-12-14,Place offer.
30,519.27,Leisure,Sad,2024-12-19,Individual analysis.
30,965.77,Travel,Neutral,2024-12-21,Likely scientist.
30,297.53,Leisure,Neutral,2024-12-21,Evidence enough claim suffer.
30,1943.44,Education,Neutral,2024-12-22,Price my.
30,527.26,Food,Happy,2024-12-22,Myself so growth time.
30,519.0,Travel,Excited,2024-12-23,City offer financial data.
30,1106.77,Leisure,Happy,2024-12-23,Some quickly truth view response.
30,1066.35,Other,Stressed,2024-12-24,Turn put professional.
30,1324.54,Education,Happy,2024-12-24,Tree note responsibility.
30,863.21,Food,Stressed,2024-12-25,Law agree appear political.
30,23.78,Food,Neutral,2024-12-27,Pull blue strong wonder.
30,495.65,Travel,Neutral,2024-12-28,Science drug.
30,2315.67,Leisure,Excited,2024-12-28,Need finally when.
30,2936.83,Leisure,Stressed,2024-12-28,Task improve fish.
30,493.37,Travel,Excited,2024-12-30,Cut yard knowledge.
30,860.63,Other,Happy,2024-12-31,Success here television key.
30,704.44,Leisure,Happy,2024-12-31,Week yourself public especially american.
30,1849.29,Other,Happy,2025-01-01,Improve simple turn.
30,1481.25,Leisure,Excited,2025-01-01,Democratic mention generation.
30,860.86,Food,Neutral,2025-01-01,Yet wish certain usually.
30,681.51,Other,Sad,2025-01-01,Industry impact certainly.
30,1027.68,Education,Neutral,2025-01-02,She they.
30,776.82,Other,Sad,2025-01-02,Picture early send morning.
30,579.75,Education,Excited,2025-01-03,Together let.
30,3208.39,Other,Excited,2025-01-04,Take family chance.
30,1879.2,Education,Neutral,2025-01-06,Wish candidate have no.
30,738.11,Travel,Neutral,2025-01-06,Training occur could painting.
30,541.81,Education,Happy,2025-01-07,Clear single expect.
30,804.31,Education,Excited,2025-01-08,East list when.
30,2320.22,Other,Happy,2025-01-10,Begin treat stage this.
30,359.79,Food,Excited,2025-01-12,Lay color.
30,324.46,Travel,Excited,2025-01-13,Major bar air set.
30,1606.91,Education,Happy,2025-01-13,Shake hand hundred now.
30,346.92,Education,Excited,2025-01-15,Yeah term.
30,529.39,Other,Happy,2025-01-15,Authority interest red must art.
30,203.82,Other,Excited,2025-01-16,Him note painting quickly.
30,1416.13,Food,Happy,2025-01-16,Identify say on yes.
30,1498.85,Other,Happy,2025-01-16,Maintain assume both long.
30,1073.58,Food,Sad,2025-01-17,Part crime.
30,2586.08,Leisure,Neutral,2025-01-18,Door management guess.
30,2717.56,Other,Neutral,2025-01-19,Star executive fear.
30,3428.55,Leisure,Excited,2025-01-19,Raise hope enjoy most.
30,1607.83,Other,Excited,2025-01-20,Couple raise she child.
30,1934.7,Other,Neutral,2025-01-21,Stage bad know of.
30,1240.57,Travel,Excited,2025-01-21,Quite budget window hour some.
30,1501.84,Other,Neutral,2025-01-22,Box service develop game.
30,709.83,Travel,Sad,2025-01-22,What than political up instead.
30,457.27,Education,Stressed,2025-01-23,Should page camera.
30,585.6,Other,Excited,2025-01-23,Not friend federal forget bit.
30,475.41,Travel,Excited,2025-01-23,Why outside.
30,366.08,Education,Happy,2025-01-25,Anyone spend them system.
30,121.99,Leisure,Stressed,2025-01-28,Inside big minute.
30,671.68,Leisure,Stressed,2025-01-29,Up federal nor note.
30,1699.14,Leisure,Sad,2025-01-29,Huge garden family.
30,1283.96,Other,Neutral,2025-01-29,Focus executive letter possible final.
30,1455.78,Leisure,Happy,2025-01-29,Course staff personal space.
30,1270.82,Other,Excited,2025-01-29,Life police.
30,957.01,Food,Happy,2025-01-30,Smile peace apply.
30,127.77,Other,Excited,2025-01-30,President likely truth animal.
30,628.13,Education,Excited,2025-01-31,White fire cause everybody.
31,809.64,Other,Stressed,2024-08-02,Likely push.
31,612.67,Other,Neutral,2024-08-04,Us perhaps lawyer interest star.
31,1785.09,Other,Sad,2024-08-04,Network outside parent.
31,1884.37,Education,Neutral,2024-08-05,Shake hand hundred now.
31,1367.93,Education,Happy,2024-08-05,Goal talk sit party.
31,2551.97,Education,Neutral,2024-08-05,Television argue mouth.
31,1208.82,Travel,Neutral,2024-08-07,Compare system white magazine after.
31,558.64,Other,Neutral,2024-08-11,Agreement red way nor none.
31,547.86,Travel,Neutral,2024-08-12,Finally relate model.
31,466.13,Leisure,Sad,2024-08-12,None pressure lay future stay.
31,1038.95,Education,Neutral,2024-08-13,Space beyond.
31,449.89,Travel,Neutral,2024-08-20,Dinner article hit mission whole.
31,1548.94,Food,Excited,2024-08-21,And national spend.
31,1741.24,Travel,Sad,2024-08-21,Size sing tree kitchen.
31,300.37,Other,Stressed,2024-08-21,Human see.
31,724.3,Other,Neutral,2024-08-22,People tend weight machine.
31,219.16,Food,Neutral,2024-08-22,Consider here grow agreement.
31,534.85,Leisure,Neutral,2024-08-23,Night various return explain.
31,442.93,Education,Happy,2024-08-24,Check clearly follow remember generation.
31,2329.2,Food,Neutral,2024-08-25,Above others.
31,311.5,Other,Happy,2024-08-28,National back everybody direction budget.
31,2095.02,Leisure,Neutral,2024-08-28,Oil per line create build.
31,1729.15,Other,Neutral,2024-08-29,Southern evening ask republican.
31,55.73,Education,Happy,2024-08-30,Third rich hospital.
31,470.04,Education,Stressed,2024-08-30,Leader operation mean white.
31,2468.37,Food,Neutral,2024-09-02,Tree imagine machine.
31,842.74,Leisure,Neutral,2024-09-02,Despite off consumer second.
31,1196.62,Travel,Happy,2024-09-04,Mind door authority outside.
31,427.48,Leisure,Stressed,2024-09-08,Believe arrive.
31,212.92,Education,Neutral,2024-09-09,Home even.
31,326.23,Other,Stressed,2024-09-13,Evidence conference capital office.
31,1000.39,Food,Stressed,2024-09-15,History professional star wonder.
31,1022.81,Food,Excited,2024-09-16,Leg themselves away.
31,1129.9,Education,Neutral,2024-09-17,Beat light the window.
31,914.67,Other,Neutral,2024-09-17,Stuff avoid.
31,1683.47,Other,Neutral,2024-09-17,Best generation group goal.
31,580.95,Food,Happy,2024-09-18,Like clear.
31,1572.67,Other,Neutral,2024-09-18,Talk interest hand.
31,859.88,Travel,Excited,2024-09-23,Soldier meeting building.
31,1558.66,Travel,Neutral,2024-09-24,News need task mind.
31,298.22,Food,Sad,2024-09-27,Skin name door production back.
31,1364.0,Education,Neutral,2024-10-03,Quite response.
31,42.96,Other,Stressed,2024-10-04,Never majority cell.
31,1318.38,Travel,Neutral,2024-10-05,Able customer figure.
31,204.44,Leisure,Stressed,2024-10-06,Voice american seven discussion.
31,1432.45,Food,Happy,2024-10-07,Mr suggest issue.
31,2044.35,Other,Neutral,2024-10-14,Marriage participant.
31,150.99,Other,Stressed,2024-10-15,Better republican stock bank.
31,1196.87,Other,Stressed,2024-10-16,Not friend federal forget bit.
31,1386.7,Other,Stressed,2024-10-16,Many themselves minute.
31,751.39,Leisure,Happy,2024-10-16,Bar professor power.
31,1452.9,Leisure,Neutral,2024-10-17,Born same usually.
31,827.05,Leisure,Neutral,2024-10-17,Ever day.
31,257.97,Other,Neutral,2024-10-20,Unit again easy morning four.
31,675.88,Travel,Happy,2024-10-27,Foreign husband believe word local.
31,592.49,Education,Neutral,2024-10-27,Surface usually.
31,1386.52,Travel,Stressed,2024-10-30,Player really act friend.
31,1025.11,Leisure,Neutral,2024-11-01,Apply maybe dog yes.
31,895.21,Leisure,Neutral,2024-11-03,Seven project chance road.
31,318.44,Education,Happy,2024-11-09,Pass range appear home player.
31,677.59,Travel,Neutral,2024-11-10,Movement door kind.
31,1141.39,Other,Neutral,2024-11-10,Popular available public economy.
31,1193.16,Leisure,Neutral,2024-11-12,Carry surface learn.
31,1125.55,Food,Happy,2024-11-14,Down occur.
31,1021.01,Other,Stressed,2024-11-15,Reach step son.
31,2105.33,Other,Neutral,2024-11-17,Police two.
31,1452.62,Education,Happy,2024-11-17,Budget remain reduce.
31,219.2,Other,Stressed,2024-11-18,Better republican stock bank.
31,873.09,Leisure,Stressed,2024-11-18,Financial popular short like.
31,1883.18,Travel,Excited,2024-11-20,Including let result spend.
31,421.74,Education,Excited,2024-11-20,Day fact modern.
31,256.65,Other,Neutral,2024-11-20,National back everybody direction budget.
31,257.27,Leisure,Excited,2024-11-24,Fear yourself last.
31,735.06,Education,Neutral,2024-11-25,Goal talk sit party.
31,730.66,Food,Sad,2024-11-26,Radio product.
31,2413.64,Other,Happy,2024-11-27,Southern evening ask republican.
31,668.09,Other,Neutral,2024-11-27,Ready goal amount.
31,588.89,Other,Neutral,2024-11-27,Car fast positive.
31,477.82,Other,Neutral,2024-11-28,Short indicate police.
31,1142.46,Other,Stressed,2024-12-01,Local director become.
31,1157.22,Education,Sad,2024-12-01,North question new.
31,2769.18,Education,Stressed,2024-12-03,Lawyer writer health.
31,348.27,Leisure,Neutral,2024-12-05,Turn surface listen.
31,564.19,Leisure,Happy,2024-12-07,Happy action.
31,895.74,Travel,Happy,2024-12-09,Movement door kind.
31,74.63,Education,Happy,2024-12-10,Able teach certain candidate economy.
31,1441.32,Leisure,Excited,2024-12-10,Course technology site.
31,127.97,Other,Happy,2024-12-12,Wonder long consider care.
31,701.28,Leisure,Stressed,2024-12-13,Result sound.
31,1394.54,Food,Sad,2024-12-13,Quite general there sister.
31,2289.77,Leisure,Stressed,2024-12-15,Save network item one under.
31,422.5,Food,Happy,2024-12-20,Democratic recent student specific political.
31,1424.15,Education,Neutral,2024-12-24,With young think there assume.
31,1386.19,Travel,Happy,2024-12-24,Cost attorney.
31,219.61,Travel,Neutral,2024-12-28,Push east never size fight.
31,1836.39,Food,Happy,2024-12-29,Above dog brother morning.
31,776.42,Education,Stressed,2025-01-02,Space beyond.
31,1384.58,Education,Neutral,2025-01-02,Tree note responsibility.
31,1090.13,Other,Stressed,2025-01-05,Miss reduce animal clearly cell.
31,989.72,Leisure,Neutral,2025-01-05,Decade trade field training.
31,2221.28,Travel,Sad,2025-01-06,Thought sit identify culture.
31,1911.62,Leisure,Happy,2025-01-07,Stop later reveal both.
31,762.26,Travel,Neutral,2025-01-09,Likely scientist.
31,487.22,Leisure,Neutral,2025-01-09,Impact full our smile.
31,309.07,Travel,Neutral,2025-01-13,Mean common.
31,541.94,Education,Stressed,2025-01-13,Check clearly follow remember generation.
31,1085.83,Leisure,Neutral,2025-01-15,Fish evening avoid dark.
31,774.92,Food,Sad,2025-01-16,History drop point audience.
31,1576.97,Other,Sad,2025-01-17,Feeling manage as.
31,129.11,Food,Stressed,2025-01-17,Enough threat score.
31,976.94,Education,Neutral,2025-01-19,She they.
31,613.75,Travel,Happy,2025-01-20,Few spring raise.
31,346.29,Other,Neutral,2025-01-20,Respond into history.
31,207.6,Other,Sad,2025-01-20,Create physical share out cold.
31,208.84,Other,Neutral,2025-01-21,Cell city not not the.
31,741.88,Other,Neutral,2025-01-23,Throughout leader bag.
31,960.8,Education,Stressed,2025-01-23,Security land record.
31,2061.73,Leisure,Happy,2025-01-24,Point be shoulder price great.
31,248.26,Education,Neutral,2025-01-24,Human public health.
31,159.57,Education,Neutral,2025-01-25,Doctor mr.
31,1301.35,Travel,Happy,2025-01-26,Size republican political.
31,751.01,Leisure,Neutral,2025-01-28,Simply century the.
31,223.81,Other,Happy,2025-01-30,Focus indicate result.
32,1304.89,Food,Happy,2024-08-02,Positive question especially.
32,16.27,Leisure,Stressed,2024-08-03,Positive participant fear blue as.
32,1061.03,Other,Neutral,2024-08-03,People tend weight machine.
32,1692.69,Other,Stressed,2024-08-05,Feel special.
32,441.81,Leisure,Neutral,2024-08-05,Sort knowledge analysis together court.
32,1152.23,Other,Neutral,2024-08-06,Cultural allow.
32,447.94,Food,Neutral,2024-08-06,Care drug data position two.
32,650.76,Leisure,Neutral,2024-08-06,Heavy staff hotel box.
32,1904.83,Education,Sad,2024-08-08,Scientist do author.
32,360.31,Other,Stressed,2024-08-09,Try opportunity public.
32,761.14,Travel,Neutral,2024-08-10,Cut yard knowledge.
32,109.84,Education,Neutral,2024-08-11,While total spend.
32,1147.57,Travel,Neutral,2024-08-12,Wall act special.
32,776.94,Other,Neutral,2024-08-13,Near risk.
32,1416.48,Education,Excited,2024-08-13,Soon including important.
32,1009.14,Travel,Neutral,2024-08-14,Finish summer rest feel finally.
32,703.29,Travel,Excited,2024-08-16,Outside with each animal.
32,1610.49,Leisure,Excited,2024-08-17,Day stock.
32,1490.22,Leisure,Neutral,2024-08-17,Carry surface learn.
32,230.9,Food,Neutral,2024-08-18,Group never.
32,675.41,Leisure,Excited,2024-08-22,Hear officer.
32,69.66,Leisure,Happy,2024-08-22,Drug entire involve.
32,1640.77,Travel,Happy,2024-08-23,Item treat area.
32,2042.51,Education,Stressed,2024-08-23,Analysis color friend the.
32,171.24,Leisure,Stressed,2024-08-26,Cold reason our.
32,992.76,Education,Neutral,2024-08-26,Career according.
32,1080.23,Food,Stressed,2024-08-27,Radio product.
32,1718.68,Food,Neutral,2024-08-27,Report agreement sport.
32,345.77,Travel,Stressed,2024-08-27,Drug happy will young simply.
32,1072.28,Leisure,Sad,2024-08-27,Something population loss physical.
32,131.26,Food,Happy,2024-08-28,Security unit executive.
32,379.59,Leisure,Neutral,2024-08-29,Something future they red.
32,806.06,Other,Excited,2024-08-30,Talk thing rock ever summer.
32,303.04,Education,Neutral,2024-08-30,Yeah term.
32,968.33,Other,Neutral,2024-08-30,Born itself law west.
32,1100.62,Travel,Sad,2024-08-31,Including let result spend.
32,1097.2,Other,Sad,2024-08-31,Walk now often.
32,154.89,Leisure,Neutral,2024-09-01,Network fact talk.
32,648.1,Leisure,Stressed,2024-09-03,Indicate herself.
32,342.77,Other,Stressed,2024-09-03,Hope floor include.
32,587.73,Travel,Sad,2024-09-05,Begin deep police wife.
32,1159.39,Other,Neutral,2024-09-05,Best generation group goal.
32,785.71,Other,Neutral,2024-09-07,Future treat bill choice.
32,1344.63,Other,Neutral,2024-09-07,Take family chance.
32,1136.87,Other,Stressed,2024-09-07,Town glass road.
32,184.2,Leisure,Neutral,2024-09-08,Sort knowledge analysis together court.
32,712.19,Other,Happy,2024-09-08,Increase consider.
32,1404.25,Food,Stressed,2024-09-09,Less into per big.
32,962.6,Leisure,Neutral,2024-09-09,Hear officer.
32,978.46,Travel,Excited,2024-09-10,Nearly need behavior.
32,872.68,Travel,Neutral,2024-09-10,Begin deep police wife.
32,651.39,Other,Neutral,2024-09-10,Task central dinner.
32,1585.61,Other,Neutral,2024-09-11,Art green child movie blue.
32,1372.67,Leisure,Sad,2024-09-11,Point be shoulder price great.
32,1097.29,Food,Excited,2024-09-12,History drop point audience.
32,1231.64,Leisure,Stressed,2024-09-12,Country remember smile.
32,1427.19,Food,Stressed,2024-09-13,Future choice whatever from.
32,1434.07,Other,Neutral,2024-09-14,Conference trade population agreement.
32,174.98,Leisure,Neutral,2024-09-14,Source husband.
32,1160.46,Leisure,Stressed,2024-09-18,Stop later reveal both.
32,626.69,Food,Happy,2024-09-19,Probably conference sure administration debate.
32,1553.93,Education,Neutral,2024-09-21,Agent say forward us.
32,161.9,Education,Neutral,2024-09-21,Keep yes.
32,775.93,Other,Neutral,2024-09-21,Near risk.
32,788.17,Other,Neutral,2024-09-22,Strategy fight institution.
32,887.73,Other,Neutral,2024-09-23,Old particularly.
32,668.55,Leisure,Stressed,2024-09-23,Give white everybody paper create.
32,1805.84,Travel,Happy,2024-09-26,Ahead picture son.
32,275.68,Leisure,Happy,2024-09-27,Sort knowledge analysis together court.
32,471.83,Leisure,Excited,2024-09-28,Method everything.
32,210.93,Other,Excited,2024-09-28,Focus indicate result.
32,483.95,Leisure,Happy,2024-09-29,Window research his.
32,888.9,Other,Sad,2024-09-29,Heart determine likely.
32,781.18,Education,Happy,2024-09-30,Challenge large wish move.
32,206.02,Education,Neutral,2024-10-01,While bring yourself.
32,1647.9,Leisure,Stressed,2024-10-02,Live seat.
32,179.58,Other,Sad,2024-10-02,Democrat hundred.
32,447.26,Other,Stressed,2024-10-02,Section national owner determine detail.
32,43.51,Other,Excited,2024-10-06,Never majority cell.
32,780.44,Leisure,Excited,2024-10-06,Color store over some.
32,1137.9,Other,Neutral,2024-10-08,Least ready activity decision ok.
32,1758.81,Other,Neutral,2024-10-08,Car much will.
32,718.12,Other,Stressed,2024-10-08,Car fast positive.
32,406.26,Education,Neutral,2024-10-12,As high you more wife.
32,362.75,Leisure,Sad,2024-10-13,Wide exactly.
32,1660.62,Other,Excited,2024-10-13,Begin treat stage this.
32,529.36,Other,Happy,2024-10-14,Risk develop movement size.
32,1420.86,Leisure,Excited,2024-10-14,Eye south wife interest.
32,1923.68,Leisure,Sad,2024-10-15,Significant up still management.
32,219.81,Food,Neutral,2024-10-15,Maintain former campaign pretty beyond.
32,1643.02,Leisure,Happy,2024-10-17,On must certainly.
32,1286.28,Food,Neutral,2024-10-17,Something story attorney summer.
32,1717.34,Food,Stressed,2024-10-20,Democratic station course full.
32,72.14,Education,Stressed,2024-10-25,Able teach certain candidate economy.
32,878.63,Travel,Stressed,2024-10-25,Ask imagine my.
32,1678.09,Travel,Neutral,2024-10-26,Do interesting material.
32,279.62,Other,Excited,2024-10-26,Short indicate police.
32,957.19,Other,Happy,2024-10-27,Win central.
32,342.99,Leisure,Happy,2024-10-27,Fear yourself last.
32,433.1,Food,Neutral,2024-10-28,Specific onto go.
32,74.14,Travel,Neutral,2024-10-28,Call animal approach factor want.
32,1312.69,Travel,Excited,2024-10-30,Change she tonight.
32,711.37,Education,Neutral,2024-10-31,Bed recognize store.
32,1539.48,Food,Sad,2024-10-31,Order his oil west school.
32,2725.98,Education,Sad,2024-11-01,Lawyer writer health.
32,475.12,Other,Neutral,2024-11-01,Enter capital population.
32,819.65,Other,Neutral,2024-11-01,Agreement someone.
32,2057.59,Other,Stressed,2024-11-01,Focus executive letter possible final.
32,1595.38,Leisure,Neutral,2024-11-02,Born same usually.
32,1348.41,Leisure,Neutral,2024-11-04,Seven project chance road.
32,858.84,Education,Excited,2024-11-08,With young think there assume.
32,1051.12,Food,Neutral,2024-11-09,Choice father why often.
32,1443.24,Food,Sad,2024-11-11,Score each.
32,1661.82,Other,Sad,2024-11-13,Off southern suddenly.
32,985.5,Travel,Stressed,2024-11-14,Nearly need behavior.
32,1216.81,Leisure,Neutral,2024-11-15,Hundred bad that second develop.
32,1017.1,Travel,Excited,2024-11-15,Three certain.
32,849.73,Other,Neutral,2024-11-15,Control bill.
32,182.46,Leisure,Happy,2024-11-15,Common anyone.
32,183.06,Other,Happy,2024-11-15,Realize property show either.
32,177.55,Education,Excited,2024-11-15,Gas human create also.
32,85.73,Travel,Happy,2024-11-16,Call animal approach factor want.
32,1410.35,Education,Happy,2024-11-17,Consider time economic high.
32,748.26,Food,Happy,2024-11-17,Like clear.
32,540.78,Food,Happy,2024-11-18,Specific onto go.
32,1252.76,Leisure,Happy,2024-11-19,Lose modern return simple herself.
32,1679.3,Other,Excited,2024-11-19,Feeling manage as.
32,465.21,Other,Neutral,2024-11-20,Finally shoulder land.
32,1562.67,Other,Excited,2024-11-20,Especially unit office almost.
32,876.18,Travel,Neutral,2024-11-21,Church own stage.
32,1233.45,Food,Happy,2024-11-21,We especially five network.
32,269.83,Education,Stressed,2024-11-21,Home even.
32,397.22,Other,Stressed,2024-11-22,Administration mother in admit.
32,434.13,Leisure,Stressed,2024-11-22,Sort knowledge analysis together court.
32,900.89,Other,Excited,2024-11-22,Question now key show.
32,1733.78,Leisure,Happy,2024-11-23,Majority none little admit former.
32,203.74,Food,Neutral,2024-11-24,Security unit executive.
32,1328.09,Travel,Neutral,2024-11-26,List leg address into their.
32,1700.87,Other,Stressed,2024-11-26,Thing physical might.
32,400.98,Food,Neutral,2024-11-27,Truth thing always possible.
32,10.48,Leisure,Excited,2024-11-28,Society dark product make.
32,64.96,Travel,Neutral,2024-11-29,We cold deep.
32,1909.58,Travel,Excited,2024-11-29,Do interesting material.
32,1216.42,Leisure,Neutral,2024-11-29,Play recently sure somebody.
32,845.98,Leisure,Excited,2024-11-30,None pressure lay future stay.
32,428.91,Other,Neutral,2024-11-30,Woman daughter hospital move.
32,572.58,Other,Sad,2024-11-30,Life police.
32,2504.68,Leisure,Neutral,2024-12-02,Water fight security tough gas.
32,1394.37,Leisure,Sad,2024-12-03,Lose modern return simple herself.
32,1321.74,Other,Neutral,2024-12-03,Couple raise she child.
32,431.54,Other,Happy,2024-12-03,Peace wind guess.
32,1830.09,Leisure,Neutral,2024-12-03,Third letter sort reveal seven.
32,446.65,Education,Sad,2024-12-03,Technology pay tree.
32,221.77,Food,Excited,2024-12-04,Difference attention whatever american.
32,504.08,Leisure,Neutral,2024-12-05,Old wall report purpose.
32,1405.12,Food,Excited,2024-12-05,Past feeling nature.
32,1509.31,Education,Neutral,2024-12-05,Walk cup option store.
32,598.7,Travel,Neutral,2024-12-06,Score moment second.
32,182.65,Leisure,Neutral,2024-12-07,Network fact talk.
32,744.01,Travel,Stressed,2024-12-08,Church own stage.
32,2214.14,Other,Stressed,2024-12-08,Art green child movie blue.
32,195.42,Education,Excited,2024-12-08,Boy different chance enter.
32,1889.15,Leisure,Stressed,2024-12-08,Turn both in animal.
32,1043.24,Leisure,Neutral,2024-12-10,Nearly want front shake.
32,58.89,Travel,Neutral,2024-12-10,Edge building court.
32,707.67,Other,Neutral,2024-12-11,Heart determine likely.
32,57.69,Leisure,Happy,2024-12-11,End bit game thousand.
32,2204.01,Other,Stressed,2024-12-14,Cultural right cover large work.
32,646.93,Education,Neutral,2024-12-14,Present discussion.
32,1219.03,Leisure,Neutral,2024-12-16,Hear officer.
32,297.87,Education,Neutral,2024-12-20,Technology pay tree.
32,567.62,Leisure,Stressed,2024-12-20,Indicate herself.
32,520.0,Leisure,Happy,2024-12-21,Their off.
32,270.82,Education,Neutral,2024-12-21,Development middle animal.
32,1635.82,Food,Sad,2024-12-22,Identify say on yes.
32,1594.56,Other,Neutral,2024-12-22,Be plan same cause.
32,1068.25,Other,Neutral,2024-12-24,Water tonight pressure.
32,466.36,Travel,Happy,2024-12-26,Despite energy company.
32,2221.87,Leisure,Stressed,2024-12-27,Close month parent who up.
32,1947.95,Leisure,Stressed,2024-12-28,Lose modern return simple herself.
32,720.17,Other,Neutral,2024-12-29,Condition all blood.
32,1335.43,Education,Neutral,2024-12-30,Affect marriage present a.
32,177.58,Food,Neutral,2024-12-31,Base investment.
32,214.43,Food,Happy,2025-01-02,Special information.
32,1115.79,Other,Stressed,2025-01-02,Seven here sell story.
32,1636.1,Leisure,Sad,2025-01-03,Along attention piece tv young.
32,1593.63,Leisure,Excited,2025-01-04,Fact huge fight.
32,96.54,Travel,Neutral,2025-01-04,Call animal approach factor want.
32,1335.84,Leisure,Happy,2025-01-04,Half president structure might.
32,585.03,Leisure,Neutral,2025-01-06,Up federal nor note.
32,271.39,Leisure,Sad,2025-01-07,Source husband.
32,1839.4,Education,Neutral,2025-01-07,Economic represent stock.
32,1289.24,Leisure,Neutral,2025-01-08,Fish evening avoid dark.
32,226.98,Other,Excited,2025-01-09,Bank price north first end.
32,1791.66,Travel,Sad,2025-01-09,Improve them wait.
32,15.4,Other,Stressed,2025-01-09,Write other wear through partner.
32,1487.58,Travel,Neutral,2025-01-13,Item treat area.
32,121.93,Education,Stressed,2025-01-13,Doctor mr.
32,429.37,Travel,Excited,2025-01-13,Quickly new another general poor.
32,1927.04,Leisure,Excited,2025-01-14,Site girl into have media.
32,930.38,Education,Stressed,2025-01-14,Behavior here.
32,431.12,Other,Happy,2025-01-15,Result size feel no nothing.
32,1698.51,Other,Excited,2025-01-16,Couple raise she child.
32,812.05,Food,Neutral,2025-01-18,Future choice whatever from.
32,1249.65,Travel,Neutral,2025-01-18,Serious reveal left social fine.
32,881.82,Other,Neutral,2025-01-19,Attention standard shake more respond.
32,468.65,Leisure,Neutral,2025-01-20,Building range national focus.
32,439.73,Other,Neutral,2025-01-21,Religious across.
32,127.62,Leisure,Excited,2025-01-21,Teach cause mrs.
32,884.58,Other,Neutral,2025-01-22,Near risk.
32,2362.46,Food,Neutral,2025-01-23,Across nothing.
32,2361.84,Education,Neutral,2025-01-24,Since him four.
32,180.65,Food,Stressed,2025-01-24,Apply less.
32,1892.01,Leisure,Sad,2025-01-26,White likely teacher one.
32,1238.21,Food,Stressed,2025-01-27,Career three according worker democrat.
32,260.87,Leisure,Happy,2025-01-28,You without every.
32,1155.1,Other,Neutral,2025-01-29,Build smile across among situation.
32,643.76,Education,Neutral,2025-01-30,Good lay coach.
32,1383.5,Leisure,Neutral,2025-01-30,Herself law.
32,799.49,Education,Neutral,2025-01-30,Career including late condition opportunity.
32,1105.92,Education,Happy,2025-01-31,Play move each left establish.
32,893.46,Food,Sad,2025-01-31,Leg themselves away.
32,82.08,Other,Excited,2025-01-31,Something fine apply gas sing.
33,630.75,Other,Neutral,2024-08-02,Occur college herself.
33,286.19,Travel,Stressed,2024-08-03,Else easy point she.
33,48.56,Travel,Neutral,2024-08-06,Huge response long.
33,2066.21,Other,Neutral,2024-08-08,Support state.
33,695.9,Other,Excited,2024-08-09,Sure i pay.
33,973.73,Other,Neutral,2024-08-10,Build smile across among situation.
33,1902.72,Travel,Neutral,2024-08-10,Gas with policy cut.
33,1365.47,Education,Happy,2024-08-11,Tree note responsibility.
33,110.9,Other,Excited,2024-08-13,Something fine apply gas sing.
33,63.03,Other,Neutral,2024-08-15,Something fine apply gas sing.
33,723.31,Travel,Excited,2024-08-16,Might necessary former.
33,714.88,Food,Neutral,2024-08-16,Side mind question year finish.
33,162.6,Other,Neutral,2024-08-16,Attention attack technology.
33,276.85,Education,Stressed,2024-08-20,Anyone spend them system.
33,2037.09,Leisure,Sad,2024-08-21,Answer just.
33,398.59,Leisure,Neutral,2024-08-22,Board its.
33,1413.32,Leisure,Excited,2024-08-24,Water fight security tough gas.
33,79.27,Travel,Excited,2024-08-24,We cold deep.
33,17.96,Other,Sad,2024-08-26,Skill successful and.
33,1383.37,Other,Stressed,2024-08-27,Approach side model you billion.
33,1025.1,Other,Excited,2024-08-29,Firm financial.
33,575.9,Education,Stressed,2024-08-29,Give that individual of not.
33,1314.72,Food,Neutral,2024-08-31,Above dog brother morning.
33,529.77,Other,Neutral,2024-08-31,Those pressure street.
33,979.0,Other,Happy,2024-08-31,Popular available public economy.
33,104.06,Food,Excited,2024-08-31,Growth appear project.
33,1703.91,Other,Stressed,2024-09-01,Instead ahead despite measure ago.
33,2299.31,Travel,Happy,2024-09-01,Current hear claim well two.
33,1906.8,Other,Stressed,2024-09-02,Beyond family movement hospital back.
33,2240.89,Other,Excited,2024-09-02,Participant price.
33,1928.42,Food,Neutral,2024-09-03,Report agreement sport.
33,655.18,Travel,Neutral,2024-09-03,Outside with each animal.
33,225.84,Travel,Neutral,2024-09-05,Machine son television.
33,1166.18,Food,Sad,2024-09-06,Side mind question year finish.
33,1629.76,Food,Stressed,2024-09-07,Account ten sing.
33,1357.78,Education,Neutral,2024-09-07,Dark mr clearly take.
33,1387.15,Travel,Happy,2024-09-08,Join black.
33,155.19,Education,Sad,2024-09-09,Sort what.
33,1729.2,Leisure,Neutral,2024-09-10,Detail far church some.
33,1700.47,Travel,Stressed,2024-09-10,More road development about.
33,1380.18,Leisure,Happy,2024-09-11,Yourself successful defense subject.
33,426.84,Other,Sad,2024-09-12,Peace wind guess.
33,757.06,Other,Neutral,2024-09-19,Effort drive side human.
33,962.92,Travel,Sad,2024-09-20,So draw food company.
33,330.09,Leisure,Neutral,2024-09-22,Into notice necessary true message.
33,1301.4,Education,Sad,2024-09-24,Shake hand hundred now.
33,1719.28,Education,Happy,2024-09-24,Four field area young.
33,749.87,Leisure,Neutral,2024-09-24,Sometimes while sense window.
33,1225.05,Food,Neutral,2024-09-29,Woman meet report.
33,1027.69,Leisure,Neutral,2024-09-30,Box organization.
33,1623.2,Travel,Happy,2024-10-01,Ability live.
33,1460.72,Education,Neutral,2024-10-03,Real small.
33,292.43,Leisure,Stressed,2024-10-06,Country little reality level.
33,65.47,Other,Happy,2024-10-06,Strategy face make.
33,1507.35,Leisure,Neutral,2024-10-07,Financial popular short like.
33,1084.2,Other,Neutral,2024-10-11,Main opportunity particularly question.
33,1086.54,Leisure,Stressed,2024-10-12,Lose modern return simple herself.
33,377.05,Leisure,Happy,2024-10-12,Big look tell prepare.
33,1973.49,Leisure,Excited,2024-10-14,Pattern size spend.
33,1999.92,Other,Neutral,2024-10-15,Firm financial.
33,868.23,Travel,Sad,2024-10-15,Try wonder move trade.
33,1421.21,Other,Neutral,2024-10-16,Strong student green.
33,145.37,Travel,Happy,2024-10-16,Machine son television.
33,95.02,Leisure,Sad,2024-10-17,Help usually thank wonder draw.
33,852.03,Other,Neutral,2024-10-17,Moment red eight hand.
33,374.56,Leisure,Happy,2024-10-17,Walk anything.
33,529.76,Other,Neutral,2024-10-17,Require bank child.
33,816.53,Leisure,Sad,2024-10-18,Financial popular short like.
33,1170.21,Food,Neutral,2024-10-19,Spend prove stock school.
33,1833.77,Leisure,Neutral,2024-10-20,House clear say hope.
33,719.49,Leisure,Excited,2024-10-20,Fish evening avoid dark.
33,217.96,Other,Neutral,2024-10-23,National back everybody direction budget.
33,1540.32,Leisure,Neutral,2024-10-25,Day stock.
33,291.81,Other,Neutral,2024-10-26,Since nothing be apply.
33,94.73,Travel,Neutral,2024-10-27,Anyone here deep.
33,757.16,Travel,Neutral,2024-10-28,Age war measure whom.
33,196.33,Other,Happy,2024-10-28,Learn talk.
33,556.75,Other,Stressed,2024-10-29,Let stay or focus.
33,957.74,Education,Excited,2024-10-30,Left available.
33,1606.45,Other,Neutral,2024-11-01,Than physical live reason.
33,2085.29,Education,Neutral,2024-11-03,People education great.
33,1476.41,Other,Stressed,2024-11-03,Cause field education child.
33,364.86,Education,Stressed,2024-11-03,Instead writer.
33,1268.71,Other,Neutral,2024-11-04,Feel special.
33,588.25,Education,Sad,2024-11-04,Difference way type positive phone.
33,1144.77,Travel,Neutral,2024-11-04,Cost attorney.
33,2279.59,Food,Neutral,2024-11-05,Development provide dark daughter.
33,1955.88,Other,Neutral,2024-11-08,Girl suddenly.
33,1013.1,Travel,Stressed,2024-11-09,Training occur could painting.
33,144.49,Education,Happy,2024-11-10,Sort what.
33,360.31,Other,Neutral,2024-11-11,Fear song save.
33,517.51,Travel,Neutral,2024-11-11,Dinner article hit mission whole.
33,141.4,Travel,Stressed,2024-11-12,Organization ten seem.
33,2082.64,Education,Neutral,2024-11-12,Weight take.
33,2155.74,Leisure,Neutral,2024-11-12,Turn both in animal.
33,1044.31,Food,Neutral,2024-11-13,Couple general pretty show.
33,772.51,Other,Happy,2024-11-14,Gas contain interest industry sell.
33,345.61,Other,Neutral,2024-11-15,Short indicate police.
33,1026.8,Education,Happy,2024-11-16,About usually.
33,1667.44,Travel,Stressed,2024-11-17,Manager bar send really.
33,1867.18,Food,Sad,2024-11-17,Quite general there sister.
33,927.91,Food,Happy,2024-11-17,Bill beautiful issue.
33,954.64,Other,Neutral,2024-11-17,Land region back nor article.
33,1620.37,Other,Excited,2024-11-20,Movie stop.
33,345.14,Education,Stressed,2024-11-21,Clear single expect.
33,1565.73,Other,Happy,2024-11-22,Cultural right cover large work.
33,661.78,Food,Sad,2024-11-23,Age decade mrs data.
33,232.91,Travel,Happy,2024-11-23,Pressure hospital significant.
33,1716.67,Education,Excited,2024-11-23,Account assume prove similar ten.
33,1131.4,Travel,Neutral,2024-11-25,Mind door authority outside.
33,291.63,Leisure,Neutral,2024-11-25,Understand none.
33,790.76,Travel,Sad,2024-11-25,Second full boy.
33,737.28,Leisure,Sad,2024-11-26,Bar professor power.
33,1339.42,Leisure,Stressed,2024-11-30,Song difference part wall require.
33,1233.28,Other,Excited,2024-11-30,Maintain assume both long.
33,651.82,Other,Neutral,2024-12-03,Task central dinner.
33,853.43,Education,Stressed,2024-12-04,Team republican very plan cut.
33,2458.92,Leisure,Neutral,2024-12-06,Course technology site.
33,1239.68,Education,Neutral,2024-12-08,Weight take.
33,1406.68,Leisure,Stressed,2024-12-08,On must certainly.
33,476.92,Travel,Happy,2024-12-08,Include record security.
33,330.19,Other,Neutral,2024-12-09,Citizen street region.
33,862.33,Other,Neutral,2024-12-10,Natural together.
33,1141.59,Other,Neutral,2024-12-11,Stage someone for power.
33,374.27,Other,Neutral,2024-12-11,Nature performance yeah.
33,335.94,Leisure,Stressed,2024-12-12,Place offer.
33,1032.21,Travel,Sad,2024-12-12,Look fight.
33,890.62,Other,Neutral,2024-12-12,Have including none.
33,1366.94,Travel,Neutral,2024-12-12,Why station manager.
33,1774.2,Leisure,Neutral,2024-12-12,There institution actually.
33,929.68,Other,Excited,2024-12-13,Race to television loss.
33,1315.93,Travel,Happy,2024-12-14,Soldier meeting building.
33,1884.11,Other,Stressed,2024-12-14,Marriage participant.
33,128.04,Education,Stressed,2024-12-15,While bring yourself.
33,730.2,Leisure,Stressed,2024-12-16,Yourself successful defense subject.
33,35.77,Food,Happy,2024-12-17,Step rate feeling rate.
33,344.83,Education,Sad,2024-12-17,Development middle animal.
33,799.62,Other,Neutral,2024-12-18,Describe paper.
33,869.84,Leisure,Happy,2024-12-20,Ever day.
33,656.78,Other,Neutral,2024-12-20,Heart determine likely.
33,1068.17,Travel,Neutral,2024-12-22,Them key.
33,1008.47,Other,Neutral,2024-12-22,Girl suddenly.
33,318.76,Travel,Happy,2024-12-23,Say other never fact.
33,1782.6,Travel,Neutral,2024-12-25,Forget once hope security.
33,865.08,Food,Happy,2024-12-25,Each author party full kitchen.
33,605.6,Leisure,Sad,2024-12-25,Activity including single right.
33,750.79,Other,Excited,2024-12-26,This manage her.
33,600.99,Leisure,Stressed,2024-12-27,Arrive budget education at property.
33,667.05,Food,Neutral,2024-12-28,Receive region however.
33,358.5,Other,Sad,2024-12-28,Already argue.
33,797.52,Travel,Neutral,2024-12-29,Outside with each animal.
33,553.63,Travel,Neutral,2024-12-30,Fall analysis.
33,945.51,Other,Neutral,2024-12-31,Kind appear environment capital explain.
33,730.45,Food,Stressed,2025-01-02,Investment pass drive.
33,734.29,Food,Happy,2025-01-04,Draw change agree someone.
33,575.96,Education,Happy,2025-01-06,Meet seem population.
33,1520.7,Other,Sad,2025-01-07,Picture early send morning.
33,829.41,Food,Sad,2025-01-08,Couple general pretty show.
33,376.63,Leisure,Neutral,2025-01-08,Sort knowledge analysis together court.
33,281.34,Food,Sad,2025-01-09,Network never.
33,1045.07,Education,Stressed,2025-01-10,Bit appear.
33,985.79,Travel,Neutral,2025-01-10,Door end fire.
33,1637.88,Other,Excited,2025-01-12,Administration network once.
33,213.76,Travel,Neutral,2025-01-12,Science drug.
33,1733.47,Leisure,Happy,2025-01-14,Paper memory history office.
33,180.48,Leisure,Stressed,2025-01-14,Teach cause mrs.
33,1391.76,Leisure,Happy,2025-01-14,Fish evening avoid dark.
33,1296.95,Other,Happy,2025-01-17,Task she.
33,2357.06,Education,Stressed,2025-01-17,Shake hand hundred now.
33,663.29,Other,Happy,2025-01-18,Military onto blue activity.
33,1195.98,Food,Excited,2025-01-18,Tree imagine machine.
33,1568.69,Other,Happy,2025-01-20,Quality throughout.
33,1914.55,Leisure,Excited,2025-01-21,Task improve fish.
33,726.57,Leisure,Sad,2025-01-22,Nearly want front shake.
33,29.45,Food,Excited,2025-01-24,Pull blue strong wonder.
33,121.26,Other,Excited,2025-01-25,Idea seek.
33,815.51,Other,Neutral,2025-01-26,Whose other.
33,2006.05,Other,Neutral,2025-01-27,Network outside parent.
33,233.62,Education,Sad,2025-01-27,Organization visit finally.
33,1482.45,Leisure,Happy,2025-01-28,Recent feeling.
33,1032.13,Travel,Sad,2025-01-30,My compare also argue.
33,1204.13,Travel,Sad,2025-01-30,Case expert stop.
33,1287.88,Food,Neutral,2025-01-30,Million kind everything young.
33,1747.44,Travel,Excited,2025-01-30,Ability live.
33,801.34,Other,Neutral,2025-01-30,Serious produce.
33,764.67,Travel,Happy,2025-01-31,Itself free source.
34,206.77,Food,Neutral,2024-08-01,Card star avoid nothing.
34,280.3,Other,Neutral,2024-08-01,Finally shoulder land.
34,1278.64,Education,Stressed,2024-08-01,Present discussion.
34,639.98,Other,Stressed,2024-08-05,Offer bed it skill challenge.
34,1463.81,Food,Happy,2024-08-05,Score each.
34,765.67,Leisure,Neutral,2024-08-05,Decide similar office.
34,1311.41,Leisure,Stressed,2024-08-06,Wrong difficult.
34,898.45,Other,Neutral,2024-08-07,Task central dinner.
34,1886.4,Travel,Neutral,2024-08-07,Training occur could painting.
34,2416.47,Education,Happy,2024-08-07,Agent say forward us.
34,1247.7,Leisure,Neutral,2024-08-08,Together knowledge.
34,603.42,Education,Stressed,2024-08-08,Grow laugh.
34,915.23,Leisure,Neutral,2024-08-11,Society common stay ready.
34,1028.42,Education,Excited,2024-08-12,Against only.
34,1231.59,Leisure,Neutral,2024-08-12,Sit enter perhaps however.
34,531.97,Other,Happy,2024-08-12,Increase consider.
34,1259.31,Travel,Happy,2024-08-12,Cost attorney.
34,175.35,Leisure,Happy,2024-08-13,He participant right.
34,1379.55,Travel,Sad,2024-08-14,Serious reveal left social fine.
34,375.84,Leisure,Happy,2024-08-14,Understand none.
34,998.27,Other,Neutral,2024-08-15,On professional analysis color.
34,1275.21,Travel,Happy,2024-08-16,Western order accept wide prevent.
34,187.77,Travel,Stressed,2024-08-16,Leave opportunity draw during city.
34,583.97,Leisure,Neutral,2024-08-16,Evening ahead smile.
34,1472.09,Leisure,Stressed,2024-08-17,Could gun.
34,1162.87,Travel,Happy,2024-08-18,Car indeed nor next.
34,527.23,Travel,Neutral,2024-08-18,Month whom stage soon.
34,1200.31,Travel,Neutral,2024-08-22,Because career course.
34,128.43,Leisure,Excited,2024-08-22,Drug entire involve.
34,2022.13,Education,Stressed,2024-08-22,Pretty skin main program.
34,231.01,Education,Neutral,2024-08-23,Program sport her.
34,976.6,Travel,Neutral,2024-08-23,Couple city you level.
34,1224.11,Travel,Happy,2024-08-23,Wrong difficult range.
34,120.35,Travel,Stressed,2024-08-23,Machine son television.
34,1787.62,Leisure,Stressed,2024-08-24,Hard knowledge enjoy let.
34,584.12,Education,Happy,2024-08-26,Good lay coach.
34,1172.7,Other,Happy,2024-08-26,Participant price.
34,1014.57,Other,Sad,2024-08-26,Win group important civil nature.
34,1384.69,Food,Neutral,2024-08-30,And national spend.
34,1171.06,Travel,Stressed,2024-08-30,Current hear claim well two.
34,353.15,Leisure,Neutral,2024-08-31,Place offer.
34,437.51,Travel,Neutral,2024-08-31,Receive to piece.
34,2013.83,Education,Excited,2024-09-01,Scientist do author.
34,556.11,Other,Sad,2024-09-01,Already argue.
34,784.11,Other,Excited,2024-09-01,Western tend candidate day.
34,615.35,Other,Sad,2024-09-02,Executive beyond create dinner conference.
34,56.13,Leisure,Happy,2024-09-03,Be fire.
34,1795.4,Other,Neutral,2024-09-05,Moment eat personal.
34,1667.97,Education,Sad,2024-09-05,Analysis color friend the.
34,64.2,Other,Happy,2024-09-06,In seven building hard.
34,981.93,Education,Neutral,2024-09-06,Factor past language day theory.
34,763.97,Leisure,Neutral,2024-09-06,A value lot.
34,976.43,Other,Neutral,2024-09-06,Identify material.
34,1306.97,Food,Happy,2024-09-06,Heart still building.
34,1714.04,Leisure,Neutral,2024-09-08,Career surface these ahead.
34,631.17,Other,Stressed,2024-09-09,Whatever late specific.
34,1859.27,Leisure,Stressed,2024-09-11,White likely teacher one.
34,808.05,Education,Neutral,2024-09-12,Play move each left establish.
34,745.8,Education,Neutral,2024-09-12,As music film move.
34,68.17,Leisure,Stressed,2024-09-13,Be fire.
34,1039.08,Food,Stressed,2024-09-13,Like clear.
34,419.4,Other,Excited,2024-09-13,Short indicate police.
34,745.16,Food,Happy,2024-09-16,Gun seven music despite show.
34,420.48,Travel,Stressed,2024-09-16,Receive to piece.
34,489.17,Leisure,Stressed,2024-09-16,Up federal nor note.
34,135.43,Food,Sad,2024-09-16,Security unit executive.
34,340.23,Other,Neutral,2024-09-16,Evidence conference capital office.
34,495.91,Travel,Excited,2024-09-18,Science drug.
34,634.46,Education,Sad,2024-09-19,Difference way type positive phone.
34,1517.96,Other,Neutral,2024-09-21,World enter.
34,1132.97,Travel,Happy,2024-09-22,Finish increase economy middle public.
34,1382.17,Food,Excited,2024-09-22,Land day name small.
34,340.16,Travel,Neutral,2024-09-23,What than political up instead.
34,1484.08,Food,Neutral,2024-09-24,Development provide dark daughter.
34,1385.71,Travel,Stressed,2024-09-25,Because career course.
34,320.85,Food,Neutral,2024-09-29,Network never.
34,940.93,Other,Happy,2024-09-29,Resource road do.
34,565.5,Travel,Neutral,2024-09-30,Art whether between several personal.
34,814.05,Leisure,Happy,2024-10-01,Individual analysis.
34,575.72,Other,Excited,2024-10-02,Hope floor include.
34,2024.24,Other,Happy,2024-10-02,Leave bar prevent require.
34,1933.23,Other,Neutral,2024-10-03,Thing physical might.
34,1297.21,Other,Neutral,2024-10-04,Million night your.
34,2168.08,Travel,Neutral,2024-10-05,Yard foot he share issue.
34,207.04,Education,Neutral,2024-10-05,Program sport her.
34,1157.49,Leisure,Stressed,2024-10-06,Tough animal someone.
34,932.83,Leisure,Sad,2024-10-08,Adult above safe.
34,1493.46,Education,Sad,2024-10-08,Week real course school everybody.
34,712.59,Travel,Excited,2024-10-09,Cut yard knowledge.
34,2264.4,Food,Stressed,2024-10-10,He we recent music.
34,819.51,Leisure,Neutral,2024-10-11,Company option character land space.
34,1579.08,Travel,Happy,2024-10-11,Citizen ahead method.
34,1475.68,Leisure,Neutral,2024-10-12,Guess service this different.
34,688.97,Education,Excited,2024-10-12,Present discussion.
34,468.37,Food,Neutral,2024-10-13,Like clear.
34,183.63,Other,Neutral,2024-10-14,Learn talk.
34,824.4,Leisure,Stressed,2024-10-16,Statement available win politics.
34,1021.14,Other,Happy,2024-10-16,Reach step son.
34,269.92,Other,Sad,2024-10-17,Good house only military.
34,397.68,Education,Neutral,2024-10-18,Within prove full.
34,1733.19,Travel,Happy,2024-10-18,Improve them wait.
34,784.81,Food,Sad,2024-10-19,Later son almost.
34,131.69,Other,Neutral,2024-10-19,Important source first him.
34,334.25,Leisure,Stressed,2024-10-21,Main board population.
34,1215.52,Leisure,Happy,2024-10-21,At decade really issue.
34,530.7,Travel,Stressed,2024-10-21,Despite energy company.
34,1306.18,Travel,Neutral,2024-10-22,Right know during someone.
34,543.43,Leisure,Stressed,2024-10-22,Character usually agency.
34,1180.85,Other,Happy,2024-10-23,Well left.
34,688.75,Travel,Happy,2024-10-23,Begin deep police wife.
34,155.69,Travel,Sad,2024-10-26,Billion morning draw.
34,444.68,Education,Stressed,2024-10-26,Day fact modern.
34,1287.66,Travel,Excited,2024-10-27,Car indeed nor next.
34,1466.99,Other,Neutral,2024-10-29,Hear certainly most not.
34,122.14,Travel,Stressed,2024-10-29,First next popular.
34,715.95,Leisure,Happy,2024-11-04,Discussion black follow.
34,476.29,Food,Stressed,2024-11-05,Democratic recent student specific political.
34,2280.92,Food,Neutral,2024-11-05,Eight bed fill.
34,167.98,Education,Stressed,2024-11-06,Book economic.
34,2388.63,Other,Stressed,2024-11-06,Administration network once.
34,115.46,Travel,Happy,2024-11-07,Organization ten seem.
34,481.21,Other,Excited,2024-11-08,Administration mother in admit.
34,1145.33,Leisure,Sad,2024-11-08,Course staff personal space.
34,1122.11,Other,Neutral,2024-11-10,Girl suddenly.
34,462.84,Education,Neutral,2024-11-10,Clear single expect.
34,256.01,Leisure,Happy,2024-11-11,Worker range feel.
34,438.13,Food,Stressed,2024-11-13,Group never.
34,2864.61,Other,Happy,2024-11-13,Within set region beyond.
34,996.57,Leisure,Happy,2024-11-13,Old wall report purpose.
34,1356.09,Education,Stressed,2024-11-13,Goal talk sit party.
34,741.81,Other,Neutral,2024-11-13,Expert movement reach man.
34,1081.79,Other,Happy,2024-11-14,Car much will.
34,1343.92,Other,Happy,2024-11-15,Moment eat personal.
34,1481.2,Travel,Neutral,2024-11-15,Three certain.
34,1355.1,Leisure,Excited,2024-11-16,Tv budget system book.
34,361.08,Travel,Neutral,2024-11-17,Receive to piece.
34,305.1,Travel,Neutral,2024-11-19,Drug happy will young simply.
34,1772.68,Leisure,Excited,2024-11-20,New type pm.
34,973.63,Other,Neutral,2024-11-22,Leave bar prevent require.
34,1273.33,Leisure,Sad,2024-11-22,Open million house enough.
34,1856.17,Leisure,Happy,2024-11-23,New type pm.
34,702.59,Leisure,Excited,2024-11-23,Despite off consumer second.
34,1328.2,Leisure,Stressed,2024-11-24,White likely teacher one.
34,1029.99,Education,Neutral,2024-11-24,Decide cultural start how thank.
34,217.88,Leisure,Excited,2024-11-24,White measure manager range.
34,605.68,Food,Happy,2024-11-26,While same budget.
34,290.79,Other,Neutral,2024-11-27,Money a.
34,513.22,Travel,Sad,2024-11-27,Likely scientist.
34,222.06,Other,Happy,2024-11-30,Unit again easy morning four.
34,645.17,Leisure,Neutral,2024-11-30,Adult above safe.
34,890.23,Other,Excited,2024-12-02,Hand possible relate night.
34,1036.28,Other,Stressed,2024-12-02,Attention standard shake more respond.
34,528.5,Leisure,Happy,2024-12-02,Image movie who debate.
34,729.8,Leisure,Happy,2024-12-04,Old wall report purpose.
34,1665.04,Leisure,Neutral,2024-12-04,Field seat start pm.
34,1564.33,Travel,Excited,2024-12-05,Concern ability reduce.
34,206.08,Education,Stressed,2024-12-07,Keep yes.
34,216.36,Leisure,Stressed,2024-12-07,Bed food possible represent.
34,1420.47,Education,Sad,2024-12-08,Table trade various risk art.
34,43.97,Other,Neutral,2024-12-08,People newspaper stay.
34,768.17,Leisure,Excited,2024-12-09,Sign wall.
34,55.36,Travel,Neutral,2024-12-09,Dog late eat.
34,616.58,Other,Neutral,2024-12-12,Hand so add mr lawyer.
34,129.9,Food,Neutral,2024-12-14,Security unit executive.
34,473.91,Leisure,Neutral,2024-12-15,Night various return explain.
34,1201.02,Other,Happy,2024-12-15,Fear approach take case customer.
34,1503.4,Other,Stressed,2024-12-15,Later happy pull.
34,1058.34,Food,Neutral,2024-12-16,Draw change agree someone.
34,254.85,Education,Neutral,2024-12-17,Home even.
34,59.48,Education,Stressed,2024-12-17,Carry fly water cut fire.
34,1084.87,Leisure,Excited,2024-12-17,Training account evidence month.
34,418.1,Leisure,Stressed,2024-12-17,Understand none.
34,2317.95,Food,Happy,2024-12-19,Woman meet report.
34,354.68,Other,Neutral,2024-12-20,Finish thing.
34,610.97,Leisure,Stressed,2024-12-20,Medical nearly.
34,1022.46,Other,Neutral,2024-12-21,Scientist will begin.
34,2502.08,Travel,Neutral,2024-12-21,Because career course.
34,734.56,Food,Stressed,2024-12-21,Ago race quite hour.
34,809.17,Leisure,Neutral,2024-12-22,Tough animal someone.
34,1067.57,Other,Stressed,2024-12-22,Attention standard shake more respond.
34,161.15,Other,Neutral,2024-12-23,Cell city not not the.
34,997.63,Other,Happy,2024-12-23,Reach under.
34,530.97,Education,Stressed,2024-12-24,Should page camera.
34,524.22,Food,Neutral,2024-12-24,Group never.
34,1492.54,Other,Excited,2024-12-25,Find lay deal lot.
34,666.35,Leisure,Stressed,2024-12-25,Safe whole establish.
34,1369.67,Travel,Excited,2024-12-26,Wrong difficult range.
34,160.88,Other,Neutral,2024-12-27,Happen a point here control.
34,694.57,Leisure,Stressed,2024-12-28,Company option character land space.
34,539.09,Travel,Sad,2024-12-29,Program decade home which view.
34,1395.93,Leisure,Happy,2024-12-29,Carry surface learn.
34,1277.44,Leisure,Neutral,2024-12-29,Seven project chance road.
34,473.42,Other,Neutral,2024-12-29,Long identify road speech.
34,2131.63,Other,Stressed,2024-12-31,Leg rest interest.
34,2516.09,Food,Neutral,2025-01-01,Forward would finish around.
34,2064.9,Leisure,Excited,2025-01-03,Which raise american truth.
34,1384.11,Education,Happy,2025-01-03,Four field area young.
34,628.25,Travel,Neutral,2025-01-05,City offer financial data.
34,2395.98,Food,Stressed,2025-01-06,Difference world deep.
34,561.18,Travel,Excited,2025-01-06,Church community.
34,120.69,Food,Happy,2025-01-07,Beautiful beyond sell.
34,1188.24,Leisure,Stressed,2025-01-07,Him fight american music change.
34,1337.03,Leisure,Stressed,2025-01-09,Expect writer myself management.
34,1046.0,Food,Neutral,2025-01-09,Million kind everything young.
34,695.98,Other,Neutral,2025-01-10,Let stay or focus.
34,783.23,Education,Stressed,2025-01-10,Give that individual of not.
34,446.67,Other,Neutral,2025-01-10,Evidence conference capital office.
34,661.22,Travel,Neutral,2025-01-12,Despite energy company.
34,1255.36,Other,Stressed,2025-01-13,Serious produce.
34,1459.14,Education,Neutral,2025-01-13,Face morning.
34,1832.73,Other,Happy,2025-01-14,Car much will.
34,332.98,Food,Stressed,2025-01-15,Fish either boy between collection.
34,392.02,Food,Stressed,2025-01-16,Truth thing always possible.
34,2407.65,Travel,Stressed,2025-01-18,Do interesting material.
34,292.38,Leisure,Happy,2025-01-18,Benefit suggest page southern.
34,1400.52,Other,Sad,2025-01-19,Feel special.
34,1186.34,Food,Neutral,2025-01-20,We especially five network.
34,109.47,Education,Stressed,2025-01-21,While bring yourself.
34,1519.65,Leisure,Happy,2025-01-22,There institution actually.
34,206.38,Travel,Stressed,2025-01-26,What than political up instead.
34,925.45,Food,Neutral,2025-01-28,Treatment relate positive.
34,403.72,Other,Excited,2025-01-29,Day already hold.
34,680.91,Food,Stressed,2025-01-29,Treatment relate positive.
34,1372.78,Leisure,Sad,2025-01-30,White likely teacher one.
35,615.9,Other,Happy,2024-08-01,Mention billion bed never others.
35,500.25,Leisure,Excited,2024-08-01,Short for late education.
35,90.66,Other,Happy,2024-08-02,Recognize media goal.
35,1625.06,Other,Stressed,2024-08-02,All important shoulder she.
35,2209.51,Travel,Neutral,2024-08-02,Yard foot he share issue.
35,816.03,Travel,Neutral,2024-08-03,Dinner article hit mission whole.
35,1094.12,Food,Excited,2024-08-03,Something story attorney summer.
35,1068.32,Other,Excited,2024-08-03,Later happy pull.
35,71.03,Food,Happy,2024-08-03,Your ever woman way avoid.
35,706.15,Travel,Happy,2024-08-04,Cut yard knowledge.
35,1911.45,Leisure,Sad,2024-08-05,Close month parent who up.
35,117.2,Other,Neutral,2024-08-06,Exist professional.
35,1696.03,Food,Sad,2024-08-06,He we recent music.
35,1078.43,Leisure,Happy,2024-08-07,Information scene again country.
35,1720.04,Other,Neutral,2024-08-07,Many themselves minute.
35,3014.82,Leisure,Sad,2024-08-07,Rate society floor long same.
35,2030.85,Education,Neutral,2024-08-08,Agent say forward us.
35,1717.44,Leisure,Neutral,2024-08-08,Question or money.
35,385.38,Food,Neutral,2024-08-09,Together whether about.
35,1230.84,Leisure,Happy,2024-08-10,Question or money.
35,903.73,Leisure,Neutral,2024-08-12,Career surface these ahead.
35,703.67,Leisure,Stressed,2024-08-13,Check purpose young.
35,1043.72,Leisure,Neutral,2024-08-14,Seven project chance road.
35,1521.21,Travel,Neutral,2024-08-14,Southern front.
35,509.84,Other,Excited,2024-08-14,Policy mrs.
35,93.43,Leisure,Happy,2024-08-15,Relate day.
35,573.64,Leisure,Neutral,2024-08-15,Medical nearly.
35,860.09,Other,Stressed,2024-08-16,Deep test thought.
35,254.63,Travel,Happy,2024-08-16,First next popular.
35,701.8,Leisure,Happy,2024-08-17,Arrive budget education at property.
35,1217.54,Other,Excited,2024-08-17,Success teach mrs beat.
35,1573.03,Leisure,Excited,2024-08-17,White likely teacher one.
35,838.74,Leisure,Neutral,2024-08-17,Rather type thousand show.
35,342.81,Leisure,Neutral,2024-08-17,Institution whatever yet.
35,1599.3,Travel,Neutral,2024-08-18,News need task mind.
35,427.59,Leisure,Neutral,2024-08-19,Place offer.
35,591.8,Leisure,Stressed,2024-08-20,Professor beat window.
35,275.71,Other,Sad,2024-08-20,Be move fly open.
35,34.45,Leisure,Stressed,2024-08-21,Be fire.
35,104.59,Travel,Neutral,2024-08-21,We cold deep.
35,971.03,Other,Neutral,2024-08-22,Ready goal amount.
35,224.58,Other,Excited,2024-08-24,Realize property show either.
35,578.27,Food,Stressed,2024-08-25,Couple general pretty show.
35,806.37,Other,Sad,2024-08-25,Yeah far within.
35,827.42,Food,Sad,2024-08-25,Listen against coach.
35,1656.56,Travel,Neutral,2024-08-26,Space game truth special decision.
35,2503.64,Travel,Sad,2024-08-27,Western order accept wide prevent.
35,1045.63,Travel,Happy,2024-08-27,Statement position either.
35,1650.1,Education,Excited,2024-08-28,Beat light the window.
35,1006.17,Other,Neutral,2024-08-28,People tend weight machine.
35,1177.13,Education,Neutral,2024-08-29,Play move each left establish.
35,1402.18,Travel,Stressed,2024-09-01,Southern front.
35,740.59,Other,Happy,2024-09-01,Develop staff least figure.
35,502.77,Leisure,Sad,2024-09-01,Along hard need involve among.
35,447.88,Travel,Happy,2024-09-01,So draw food company.
35,1821.91,Leisure,Excited,2024-09-02,Song difference part wall require.
35,493.34,Travel,Neutral,2024-09-02,Me system church whether.
35,1016.78,Travel,Neutral,2024-09-02,Second full boy.
35,373.37,Education,Neutral,2024-09-02,Program sport her.
35,438.66,Education,Sad,2024-09-04,True culture.
35,474.4,Leisure,Neutral,2024-09-12,Apply maybe dog yes.
35,1908.28,Leisure,Neutral,2024-09-13,Fight nice less agree able.
35,1263.78,Leisure,Stressed,2024-09-14,There institution actually.
35,1386.69,Food,Happy,2024-09-14,He we recent music.
35,1629.02,Education,Happy,2024-09-15,Soon including important.
35,936.6,Leisure,Neutral,2024-09-19,Best physical always small almost.
35,501.12,Leisure,Neutral,2024-09-19,Fact reason make office.
35,1290.43,Leisure,Happy,2024-09-19,White likely teacher one.
35,584.49,Leisure,Neutral,2024-09-19,Into notice necessary true message.
35,168.13,Other,Excited,2024-09-19,Specific whose.
35,1545.17,Leisure,Neutral,2024-09-19,Along attention piece tv young.
35,934.24,Leisure,Neutral,2024-09-19,Wrong school federal from.
35,1819.18,Food,Sad,2024-09-20,Say dog drug enter.
35,777.04,Travel,Neutral,2024-09-20,Nearly need behavior.
35,1344.55,Leisure,Excited,2024-09-23,Word collection those become.
35,1642.66,Travel,Neutral,2024-09-23,My compare also argue.
35,291.24,Other,Excited,2024-09-26,Day already hold.
35,1470.06,Leisure,Stressed,2024-09-26,Popular lead with.
35,711.05,Travel,Happy,2024-09-27,Might necessary former.
35,223.46,Education,Neutral,2024-09-27,Good anything manager think pressure.
35,34.87,Other,Happy,2024-09-28,Never majority cell.
35,1487.78,Education,Neutral,2024-09-29,Until choose wife national.
35,880.91,Other,Happy,2024-09-29,War push thousand book half.
35,1567.23,Food,Sad,2024-09-30,Order his oil west school.
35,1213.43,Food,Neutral,2024-10-01,Heart still building.
35,682.4,Other,Neutral,2024-10-02,Mention billion bed never others.
35,1488.23,Other,Sad,2024-10-03,Plant event score official now.
35,237.23,Other,Happy,2024-10-03,Pretty section degree still.
35,1228.14,Food,Happy,2024-10-04,Future choice whatever from.
35,626.22,Food,Stressed,2024-10-04,Effect cultural.
35,716.63,Other,Stressed,2024-10-05,Above company media next me.
35,1548.66,Other,Excited,2024-10-06,Support state.
35,327.66,Food,Stressed,2024-10-06,Fish either boy between collection.
35,1607.74,Other,Neutral,2024-10-09,Seven here sell story.
35,566.06,Education,Neutral,2024-10-10,Development the inside thought.
35,1281.61,Other,Neutral,2024-10-10,Million night your.
35,1438.36,Leisure,Excited,2024-10-11,Brother southern project learn.
35,1738.2,Travel,Sad,2024-10-11,Current hear claim well two.
35,1726.52,Leisure,Neutral,2024-10-11,Fight nice less agree able.
35,697.98,Other,Neutral,2024-10-11,Material produce station visit environmental.
35,874.24,Travel,Excited,2024-10-15,Wide cut player wind.
35,963.42,Travel,Stressed,2024-10-17,Ability live.
35,837.11,Other,Neutral,2024-10-17,Key place tree.
35,1103.41,Travel,Neutral,2024-10-19,Wrong difficult range.
35,1261.53,Other,Neutral,2024-10-20,Serious produce.
35,382.23,Education,Excited,2024-10-20,Unit hold.
35,745.06,Leisure,Neutral,2024-10-21,Boy other foot best.
35,1249.71,Travel,Neutral,2024-10-22,Ability live.
35,509.72,Leisure,Happy,2024-10-22,Their off.
35,1602.76,Education,Happy,2024-10-24,Walk cup option store.
35,1065.9,Travel,Excited,2024-10-24,Might necessary former.
35,596.08,Food,Neutral,2024-10-24,Around there water.
35,733.56,Food,Neutral,2024-10-25,General final knowledge.
35,583.81,Travel,Stressed,2024-10-25,Cut yard knowledge.
35,1273.38,Travel,Neutral,2024-10-25,Song risk bad.
35,909.83,Leisure,Stressed,2024-10-26,Consumer face.
35,36.47,Other,Stressed,2024-10-27,Money modern receive partner.
35,905.63,Other,Excited,2024-10-27,Well left.
35,222.96,Leisure,Stressed,2024-10-27,Window music evening know.
35,1472.31,Education,Neutral,2024-10-30,Road product wait.
35,506.94,Travel,Neutral,2024-10-30,Drive nation heart nearly season.
35,259.99,Education,Sad,2024-10-31,Day fact modern.
35,1392.98,Other,Sad,2024-10-31,Best generation group goal.
35,219.16,Leisure,Happy,2024-11-01,Common anyone.
35,321.64,Leisure,Neutral,2024-11-01,Board its.
35,434.49,Food,Excited,2024-11-03,Skin name door production back.
35,153.23,Travel,Neutral,2024-11-05,Anyone bank kitchen interest parent.
35,625.58,Other,Neutral,2024-11-05,Future treat bill choice.
35,3309.92,Other,Neutral,2024-11-06,Yes at seat ok.
35,264.51,Food,Stressed,2024-11-07,Network never.
35,1290.94,Food,Neutral,2024-11-08,Wife talk beat tax majority.
35,668.47,Other,Sad,2024-11-09,During call north attention.
35,566.28,Leisure,Neutral,2024-11-09,Despite off consumer second.
35,125.76,Food,Excited,2024-11-10,Your ever woman way avoid.
35,1622.79,Other,Neutral,2024-11-11,Couple raise she child.
35,1396.19,Other,Neutral,2024-11-13,Land region back nor article.
35,1674.43,Other,Happy,2024-11-14,Entire hotel.
35,574.41,Other,Neutral,2024-11-14,Build smile across among situation.
35,74.32,Leisure,Neutral,2024-11-16,Never condition.
35,1836.94,Other,Happy,2024-11-16,Why like impact fly.
35,1512.84,Food,Sad,2024-11-17,Democratic station course full.
35,1606.56,Travel,Neutral,2024-11-18,Yard foot he share issue.
35,365.73,Education,Neutral,2024-11-18,Yeah term.
35,1677.57,Travel,Happy,2024-11-19,Compare system white magazine after.
35,1414.63,Other,Neutral,2024-11-19,Picture early send morning.
35,528.52,Other,Happy,2024-11-19,Control piece behavior message wind.
35,1391.31,Leisure,Stressed,2024-11-21,Woman whose already.
35,2006.35,Leisure,Sad,2024-11-22,Tv budget system book.
35,2023.99,Other,Neutral,2024-11-22,Girl suddenly.
35,1298.96,Leisure,Neutral,2024-11-22,New type pm.
35,1306.54,Other,Neutral,2024-11-23,Plant event score official now.
35,1622.72,Leisure,Excited,2024-11-23,Carry surface learn.
35,635.61,Other,Happy,2024-11-24,Future treat bill choice.
35,171.84,Food,Neutral,2024-11-25,Base investment.
35,989.34,Food,Sad,2024-11-25,Buy tax.
35,125.02,Other,Neutral,2024-11-25,President likely truth animal.
35,1727.23,Other,Sad,2024-11-26,Face build market.
35,568.94,Food,Stressed,2024-11-27,Specific onto go.
35,458.71,Travel,Neutral,2024-11-27,Fall analysis.
35,1512.48,Food,Happy,2024-11-28,Law agree appear political.
35,62.69,Travel,Stressed,2024-11-30,Really society live camera.
35,206.53,Travel,Neutral,2024-11-30,Billion morning draw.
35,2036.0,Leisure,Excited,2024-12-01,Truth during always those high.
35,2078.75,Education,Happy,2024-12-04,With young think there assume.
35,1587.68,Leisure,Happy,2024-12-05,Could gun.
35,689.97,Food,Happy,2024-12-05,By field move.
35,2257.4,Food,Excited,2024-12-05,Leg sport until argue.
35,1612.76,Travel,Neutral,2024-12-05,Item treat area.
35,583.73,Leisure,Neutral,2024-12-07,Central contain pattern education boy.
35,157.99,Leisure,Neutral,2024-12-08,Inside big minute.
35,680.85,Other,Happy,2024-12-09,Above company media next me.
35,958.13,Education,Neutral,2024-12-11,Affect machine.
35,416.33,Other,Sad,2024-12-11,Unit again easy morning four.
35,178.46,Other,Stressed,2024-12-11,Onto site both change note.
35,283.13,Leisure,Sad,2024-12-12,He participant right.
35,609.62,Other,Neutral,2024-12-12,Mention billion bed never others.
35,810.4,Leisure,Stressed,2024-12-15,Course staff personal space.
35,1178.75,Travel,Happy,2024-12-15,Age war measure whom.
35,334.24,Travel,Stressed,2024-12-16,Mean common.
35,451.19,Leisure,Stressed,2024-12-16,Fact reason make office.
35,744.55,Leisure,Neutral,2024-12-20,Building range national focus.
35,139.61,Education,Happy,2024-12-21,Gas human create also.
35,181.04,Leisure,Neutral,2024-12-22,Keep light fight.
35,675.94,Leisure,Happy,2024-12-22,Language budget market president.
35,824.07,Education,Stressed,2024-12-23,Particularly score order modern.
35,1633.07,Other,Neutral,2024-12-23,Focus executive letter possible final.
35,1606.03,Leisure,Excited,2024-12-24,City usually ever.
35,2105.84,Other,Excited,2024-12-24,Camera sit environmental though.
35,665.01,Leisure,Neutral,2024-12-25,Walk anything.
35,1574.03,Food,Neutral,2024-12-25,Board notice later thus.
35,820.46,Food,Neutral,2024-12-27,Ago race quite hour.
35,614.31,Leisure,Sad,2024-12-29,Reflect star.
35,367.01,Education,Happy,2024-12-29,My some skin ball thing.
35,1163.48,Other,Stressed,2024-12-30,Face rate.
35,520.11,Education,Neutral,2024-12-30,Partner sing administration main according.
35,819.08,Food,Happy,2024-12-31,Like clear.
35,1253.93,Travel,Neutral,2025-01-01,Door end fire.
35,227.17,Other,Stressed,2025-01-01,Create physical share out cold.
35,2054.89,Travel,Neutral,2025-01-01,More road development about.
35,1242.88,Food,Sad,2025-01-01,Something story attorney summer.
35,162.07,Travel,Stressed,2025-01-02,First next popular.
35,373.18,Other,Neutral,2025-01-03,Economic box save.
35,103.13,Other,Happy,2025-01-03,Strategy face make.
35,852.48,Education,Neutral,2025-01-04,White fire cause everybody.
35,1280.16,Food,Happy,2025-01-05,Real art.
35,991.43,Leisure,Neutral,2025-01-05,Decade trade field training.
35,515.42,Leisure,Stressed,2025-01-06,Something future they red.
35,336.84,Leisure,Stressed,2025-01-06,Institution whatever yet.
35,1129.86,Leisure,Neutral,2025-01-06,Could gun.
35,1137.16,Leisure,Sad,2025-01-06,I fund.
35,1277.12,Travel,Neutral,2025-01-07,Couple city you level.
35,1804.57,Leisure,Sad,2025-01-08,Hard knowledge enjoy let.
35,577.53,Education,Happy,2025-01-08,Within prove full.
35,289.25,Leisure,Stressed,2025-01-08,Keep light fight.
35,1104.51,Education,Stressed,2025-01-08,Behavior here.
35,145.62,Food,Stressed,2025-01-08,Focus chance.
35,445.2,Leisure,Happy,2025-01-08,Indicate herself.
35,1045.08,Leisure,Excited,2025-01-10,Five store ask data.
35,91.75,Food,Stressed,2025-01-11,Growth appear project.
35,2403.87,Education,Stressed,2025-01-11,Hundred challenge reach throughout.
35,609.03,Other,Neutral,2025-01-12,Study fear turn any indicate.
35,1453.17,Other,Excited,2025-01-13,Theory tend.
35,263.1,Leisure,Neutral,2025-01-14,Single blood continue.
35,743.62,Leisure,Happy,2025-01-14,Third coach congress husband.
35,363.29,Other,Neutral,2025-01-14,Method exactly.
35,253.48,Education,Neutral,2025-01-14,Actually purpose public.
35,1336.69,Leisure,Stressed,2025-01-16,Test they there.
35,737.64,Food,Neutral,2025-01-16,View know develop after.
35,1970.54,Other,Excited,2025-01-17,Network outside parent.
35,722.26,Other,Neutral,2025-01-19,Identify material.
35,1142.24,Leisure,Excited,2025-01-20,Call door.
35,614.04,Travel,Neutral,2025-01-20,Floor there career.
35,883.25,Food,Stressed,2025-01-20,Myself so growth time.
35,414.22,Education,Stressed,2025-01-20,Ahead from quickly identify.
35,689.98,Food,Excited,2025-01-20,Hundred step according.
35,1414.81,Travel,Neutral,2025-01-21,Newspaper indicate other.
35,467.43,Other,Happy,2025-01-21,Management produce bed stage.
35,828.77,Leisure,Happy,2025-01-21,Result sound.
35,1480.93,Leisure,Neutral,2025-01-22,Central contain pattern education boy.
35,1586.5,Education,Stressed,2025-01-22,Budget remain reduce.
35,1571.37,Food,Excited,2025-01-22,Activity decide really go.
35,1464.03,Leisure,Excited,2025-01-22,Or friend.
35,1248.24,Leisure,Happy,2025-01-22,General agency bit.
35,69.32,Leisure,Happy,2025-01-24,Never condition.
35,447.82,Food,Happy,2025-01-25,Together whether about.
35,166.69,Other,Neutral,2025-01-25,Democrat hundred.
35,817.03,Other,Sad,2025-01-25,Let stay or focus.
35,1154.93,Education,Neutral,2025-01-26,Soon including important.
35,21.15,Leisure,Sad,2025-01-26,Strong mind from.
35,252.78,Leisure,Happy,2025-01-28,Model police finally girl.
35,267.73,Travel,Happy,2025-01-28,Leave opportunity draw during city.
35,727.72,Travel,Neutral,2025-01-28,Car indeed nor next.
35,506.47,Other,Sad,2025-01-29,Gas contain interest industry sell.
35,703.1,Other,Stressed,2025-01-29,Task central dinner.
35,942.49,Leisure,Stressed,2025-01-30,Style real far.
35,1625.05,Other,Neutral,2025-01-31,Camera sit environmental though.
36,1888.66,Leisure,Neutral,2024-08-01,Hard knowledge enjoy let.
36,1360.72,Leisure,Neutral,2024-08-02,There institution actually.
36,79.76,Food,Stressed,2024-08-03,Growth appear project.
36,1558.85,Other,Happy,2024-08-03,Agreement someone.
36,55.32,Other,Stressed,2024-08-06,Finish without.
36,922.2,Leisure,Neutral,2024-08-06,Professor beat window.
36,395.17,Other,Happy,2024-08-08,Military onto blue activity.
36,426.19,Food,Stressed,2024-08-08,Democratic recent student specific political.
36,2321.91,Other,Neutral,2024-08-10,Thing physical might.
36,385.26,Education,Stressed,2024-08-11,Difference way type positive phone.
36,369.74,Other,Neutral,2024-08-11,Section national owner determine detail.
36,1789.49,Food,Neutral,2024-08-12,Above dog brother morning.
36,779.4,Other,Neutral,2024-08-12,Especially unit office almost.
36,1050.78,Leisure,Stressed,2024-08-12,Tv budget system book.
36,754.18,Other,Sad,2024-08-14,Increase consider.
36,1408.41,Leisure,Happy,2024-08-14,Same page ago director.
36,399.27,Leisure,Happy,2024-08-15,Fear fact.
36,2388.02,Education,Neutral,2024-08-16,Economic represent stock.
36,684.07,Other,Neutral,2024-08-17,Have decide environment.
36,1170.66,Education,Happy,2024-08-17,Play move each left establish.
36,790.72,Travel,Stressed,2024-08-18,Despite energy company.
36,1341.69,Education,Happy,2024-08-19,Agent say forward us.
36,1792.75,Other,Neutral,2024-08-21,Leg rest interest.
36,513.21,Food,Stressed,2024-08-22,Hundred step according.
36,871.02,Food,Stressed,2024-08-22,Draw change agree someone.
36,240.54,Other,Neutral,2024-08-26,Already argue.
36,1092.34,Leisure,Excited,2024-08-27,Sell only manage.
36,189.03,Leisure,Stressed,2024-08-29,How staff.
36,707.4,Food,Excited,2024-08-30,However style.
36,333.67,Food,Neutral,2024-08-31,Fish either boy between collection.
36,382.72,Other,Stressed,2024-09-02,Management produce bed stage.
36,569.95,Leisure,Happy,2024-09-02,Let back three.
36,1475.25,Other,Stressed,2024-09-03,End dog.
36,899.43,Leisure,Happy,2024-09-04,Right analysis mention.
36,2435.85,Leisure,Stressed,2024-09-05,Rate society floor long same.
36,1997.02,Education,Neutral,2024-09-05,Even beautiful.
36,30.65,Other,Neutral,2024-09-06,Write other wear through partner.
36,918.2,Other,Stressed,2024-09-06,Talk interest hand.
36,74.12,Travel,Neutral,2024-09-07,President girl condition.
36,547.84,Food,Happy,2024-09-07,Like clear.
36,1174.42,Travel,Stressed,2024-09-07,Line score whether.
36,1556.13,Other,Stressed,2024-09-08,Leg rest interest.
36,1364.7,Travel,Neutral,2024-09-10,Gas teacher national weight all.
36,1369.82,Other,Neutral,2024-09-11,Build view.
36,1047.9,Leisure,Neutral,2024-09-12,Option goal avoid.
36,1130.64,Leisure,Happy,2024-09-13,International effort.
36,770.4,Other,Neutral,2024-09-14,Question now key show.
36,1922.01,Travel,Neutral,2024-09-14,Because career course.
36,652.3,Education,Stressed,2024-09-15,Way cold.
36,1031.04,Travel,Neutral,2024-09-15,Church own stage.
36,1407.72,Food,Stressed,2024-09-15,Leg themselves away.
36,980.09,Other,Neutral,2024-09-17,Off southern suddenly.
36,2175.65,Leisure,Neutral,2024-09-17,Live seat.
36,2432.41,Food,Happy,2024-09-18,We especially five network.
36,324.71,Travel,Excited,2024-09-18,Say other never fact.
36,1699.4,Other,Sad,2024-09-18,President chance hotel through.
36,1653.82,Travel,Stressed,2024-09-19,Religious order.
36,521.87,Education,Stressed,2024-09-19,Difference way type positive phone.
36,122.34,Food,Stressed,2024-09-20,Security unit executive.
36,996.79,Leisure,Neutral,2024-09-20,Career surface these ahead.
36,448.66,Other,Stressed,2024-09-20,Moment red eight hand.
36,1039.02,Education,Neutral,2024-09-20,Value thing these.
36,716.66,Other,Neutral,2024-09-21,Water tonight pressure.
36,339.11,Other,Stressed,2024-09-21,Likely push.
36,629.69,Education,Neutral,2024-09-21,Development the inside thought.
36,220.11,Education,Stressed,2024-09-22,Technology pay tree.
36,682.25,Leisure,Neutral,2024-09-23,Right analysis mention.
36,278.84,Travel,Happy,2024-09-23,Dark camera realize.
36,1494.53,Other,Stressed,2024-09-23,Billion land detail exist cover.
36,1593.54,Other,Stressed,2024-09-24,Stuff next write.
36,1312.34,Travel,Excited,2024-09-25,Thought sit identify culture.
36,296.88,Food,Sad,2024-09-26,Consider here grow agreement.
36,576.67,Education,Neutral,2024-09-26,She they.
36,620.6,Education,Stressed,2024-09-26,Involve thousand including.
36,149.19,Other,Neutral,2024-09-27,Bill eight community.
36,1436.87,Other,Neutral,2024-09-28,Thing physical might.
36,85.56,Travel,Stressed,2024-09-28,Anyone here deep.
36,649.3,Leisure,Neutral,2024-09-30,Old wall report purpose.
36,371.42,Other,Happy,2024-09-30,Letter environment easy.
36,596.88,Leisure,Happy,2024-10-01,Language budget market president.
36,1652.35,Other,Neutral,2024-10-01,End dog.
36,519.94,Travel,Neutral,2024-10-02,Church community.
36,871.53,Travel,Neutral,2024-10-02,Able customer figure.
36,1343.63,Food,Stressed,2024-10-02,Ago race quite hour.
36,44.02,Leisure,Happy,2024-10-03,Knowledge fight car smile commercial.
36,2248.34,Education,Excited,2024-10-05,Table trade various risk art.
36,538.74,Food,Neutral,2024-10-07,Truth thing always possible.
36,294.96,Leisure,Neutral,2024-10-07,Single blood continue.
36,1019.36,Travel,Neutral,2024-10-08,Including let result spend.
36,1270.86,Food,Neutral,2024-10-11,Project can.
36,1494.24,Travel,Excited,2024-10-12,Item treat area.
36,1020.68,Leisure,Neutral,2024-10-14,There decision measure.
36,1219.35,Education,Sad,2024-10-14,Behavior here.
36,2151.57,Travel,Happy,2024-10-15,Space game truth special decision.
36,338.94,Other,Stressed,2024-10-15,Support possible.
36,1512.48,Food,Excited,2024-10-16,History drop point audience.
36,440.53,Leisure,Excited,2024-10-18,Language budget market president.
36,1419.12,Education,Happy,2024-10-18,Soon including important.
36,684.26,Leisure,Sad,2024-10-19,Thus several animal phone.
36,1380.96,Leisure,Happy,2024-10-19,Wrong difficult.
36,1029.43,Leisure,Happy,2024-10-19,Story case.
36,2229.0,Food,Happy,2024-10-21,Above others.
36,414.02,Leisure,Neutral,2024-10-22,Into notice necessary true message.
36,1817.01,Travel,Neutral,2024-10-23,Wall act special.
36,1503.0,Travel,Happy,2024-10-24,Join black.
36,1365.73,Leisure,Neutral,2024-10-24,Year him thank trade.
36,28.67,Leisure,Happy,2024-10-24,Positive participant fear blue as.
36,239.95,Education,Neutral,2024-10-25,Good anything manager think pressure.
36,1459.34,Other,Stressed,2024-10-26,State husband.
36,394.7,Leisure,Neutral,2024-10-26,To receive education.
36,1156.03,Other,Stressed,2024-10-27,Hear certainly most not.
36,892.18,Leisure,Excited,2024-10-27,Reflect star.
36,1063.57,Leisure,Neutral,2024-10-28,Day stock.
36,863.39,Food,Neutral,2024-10-30,State among rest national wrong.
36,553.88,Travel,Sad,2024-10-31,Begin deep police wife.
36,1313.87,Education,Neutral,2024-10-31,Table trade various risk art.
36,436.65,Other,Neutral,2024-11-01,Lead paper middle foreign party.
36,776.84,Other,Excited,2024-11-01,Long identify road speech.
36,1243.97,Other,Neutral,2024-11-03,Miss reduce animal clearly cell.
36,1371.98,Travel,Neutral,2024-11-03,Race return pretty young.
36,320.27,Leisure,Stressed,2024-11-04,Along hard need involve among.
36,1591.99,Leisure,Neutral,2024-11-04,Could gun.
36,450.68,Other,Excited,2024-11-04,Affect test.
36,624.32,Travel,Neutral,2024-11-04,Church own stage.
36,506.41,Leisure,Neutral,2024-11-04,She join house.
36,190.82,Education,Stressed,2024-11-05,Boy different chance enter.
36,1501.43,Leisure,Sad,2024-11-05,At decade really issue.
36,938.96,Other,Stressed,2024-11-05,Offer bed it skill challenge.
36,2204.66,Other,Neutral,2024-11-06,Choice prepare.
36,1328.54,Other,Neutral,2024-11-08,Price institution method inside.
36,347.03,Other,Neutral,2024-11-10,Peace wind guess.
36,1218.11,Leisure,Stressed,2024-11-11,Think live bad total research.
36,838.68,Leisure,Neutral,2024-11-11,Born same usually.
36,197.68,Education,Happy,2024-11-16,Gas human create also.
36,794.63,Travel,Stressed,2024-11-17,Finish summer rest feel finally.
36,1132.6,Travel,Neutral,2024-11-17,Gas teacher national weight all.
36,381.21,Travel,Neutral,2024-11-18,Me system church whether.
36,1287.53,Leisure,Neutral,2024-11-20,Together knowledge.
36,891.89,Education,Sad,2024-11-20,Beat light the window.
36,1433.08,Food,Neutral,2024-11-21,Ask window full.
36,1523.62,Other,Happy,2024-11-22,Police two.
36,1166.49,Other,Stressed,2024-11-22,Face build market.
36,1132.04,Leisure,Happy,2024-11-24,Decision where foreign trial.
36,1339.33,Other,Neutral,2024-11-25,Movie stop.
36,492.9,Other,Excited,2024-11-25,How any federal star.
36,25.77,Other,Excited,2024-11-27,Help painting always.
36,738.25,Education,Neutral,2024-11-28,Partner sing administration main according.
36,62.89,Other,Neutral,2024-11-28,People newspaper stay.
36,1639.58,Food,Excited,2024-11-28,Positive question especially.
36,1642.83,Leisure,Neutral,2024-11-29,Thank avoid man drive.
36,807.58,Travel,Stressed,2024-11-29,Cut yard knowledge.
36,1691.03,Other,Stressed,2024-11-30,Billion land detail exist cover.
36,1005.44,Education,Neutral,2024-11-30,With young think there assume.
36,1641.3,Leisure,Neutral,2024-12-02,Some quickly truth view response.
36,1934.66,Leisure,Excited,2024-12-02,Likely outside because.
36,735.52,Other,Excited,2024-12-04,Us perhaps lawyer interest star.
36,1240.59,Education,Neutral,2024-12-05,Behind front attack song little.
36,1810.86,Other,Sad,2024-12-05,Us decade.
36,898.41,Other,Neutral,2024-12-06,Environment character real middle prove.
36,954.23,Travel,Happy,2024-12-08,Finish summer rest feel finally.
36,479.34,Leisure,Neutral,2024-12-09,Up federal nor note.
36,1804.61,Food,Excited,2024-12-09,Law agree appear political.
36,1784.87,Travel,Happy,2024-12-09,Ball theory prepare much throughout.
36,230.42,Other,Happy,2024-12-10,Administration mother in admit.
36,1824.61,Leisure,Stressed,2024-12-10,Provide car throughout american.
36,1317.64,Education,Stressed,2024-12-11,Television argue mouth.
36,1036.57,Travel,Neutral,2024-12-11,Ask imagine my.
36,1140.22,Travel,Neutral,2024-12-11,Ahead picture son.
36,494.51,Leisure,Neutral,2024-12-13,Activity including single right.
36,1264.23,Leisure,Excited,2024-12-13,Arrive society.
36,1530.89,Other,Neutral,2024-12-15,Hear certainly most not.
36,1628.27,Travel,Neutral,2024-12-16,Current hear claim well two.
36,1413.99,Leisure,Happy,2024-12-17,Fish evening avoid dark.
36,229.3,Leisure,Happy,2024-12-19,Inside machine baby.
36,2166.27,Leisure,Stressed,2024-12-20,Age cover foreign.
36,433.36,Food,Stressed,2024-12-21,Lay color.
36,608.43,Other,Neutral,2024-12-22,Enter capital population.
36,2240.11,Food,Happy,2024-12-23,Order his oil west school.
36,677.89,Other,Happy,2024-12-25,Require bank child.
36,669.63,Other,Stressed,2024-12-27,Leave run goal cause.
36,532.62,Other,Neutral,2024-12-27,Nature performance yeah.
36,1574.69,Food,Neutral,2024-12-28,Memory challenge lawyer business.
36,364.69,Food,Neutral,2024-12-28,Minute question their rather.
36,1546.51,Travel,Excited,2024-12-28,Nor character recent.
36,846.94,Leisure,Neutral,2024-12-28,Occur live take media hot.
36,803.21,Other,Happy,2024-12-28,Risk develop movement size.
36,1477.15,Other,Stressed,2024-12-28,Police two.
36,919.61,Leisure,Neutral,2024-12-29,Big the cost for leader.
36,754.21,Other,Sad,2024-12-29,Stuff agreement professional team foot.
36,1480.34,Other,Neutral,2025-01-01,Conference trade population agreement.
36,69.88,Food,Sad,2025-01-01,Doctor population grow bar.
36,994.26,Leisure,Stressed,2025-01-02,Let back three.
36,1836.41,Food,Stressed,2025-01-05,Less into per big.
36,1587.12,Travel,Neutral,2025-01-05,Court movie cell.
36,181.68,Leisure,Excited,2025-01-05,Example decision garden.
36,914.97,Leisure,Neutral,2025-01-06,Decade trade field training.
36,331.52,Leisure,Excited,2025-01-07,Heavy staff hotel box.
36,855.4,Education,Sad,2025-01-07,Tree note responsibility.
36,1903.2,Other,Excited,2025-01-09,World enter.
36,767.04,Food,Stressed,2025-01-09,You ready way rule.
36,1856.08,Travel,Neutral,2025-01-10,Citizen kid generation onto police.
36,1357.54,Other,Excited,2025-01-11,Fall care.
36,547.03,Education,Neutral,2025-01-11,My some skin ball thing.
36,134.84,Travel,Neutral,2025-01-11,Not teach believe month.
36,2009.45,Leisure,Neutral,2025-01-13,Water fight security tough gas.
36,2184.22,Education,Stressed,2025-01-14,Pretty skin main program.
36,966.71,Other,Neutral,2025-01-14,Above company media next me.
36,146.29,Education,Excited,2025-01-15,Doctor mr.
36,1048.43,Leisure,Sad,2025-01-16,Expect writer myself management.
36,490.39,Leisure,Neutral,2025-01-17,Nearly want front shake.
36,658.0,Travel,Neutral,2025-01-17,Movement door kind.
36,1086.32,Other,Excited,2025-01-18,Name skill medical after them.
36,891.7,Food,Happy,2025-01-21,Threat church big day couple.
36,2000.45,Education,Excited,2025-01-21,Enter example down anyone occur.
36,2066.67,Leisure,Excited,2025-01-25,Hard knowledge enjoy let.
36,1513.04,Leisure,Stressed,2025-01-25,Site girl into have media.
36,1394.3,Travel,Neutral,2025-01-25,Feel color price next.
36,467.45,Leisure,Stressed,2025-01-25,Evening ahead smile.
36,1148.7,Other,Happy,2025-01-25,Us decade.
36,950.89,Other,Happy,2025-01-25,Strong student green.
36,600.95,Other,Stressed,2025-01-30,Real know our any.
36,555.11,Food,Neutral,2025-01-30,Couple general pretty show.
36,2101.75,Other,Stressed,2025-01-31,Quite everyone as generation.
37,573.61,Travel,Neutral,2024-08-02,Quickly new another general poor.
37,481.51,Travel,Neutral,2024-08-03,Personal often.
37,82.75,Other,Neutral,2024-08-03,Something fine apply gas sing.
37,1593.85,Food,Stressed,2024-08-03,Democratic station course full.
37,458.29,Food,Neutral,2024-08-04,Minute question their rather.
37,786.72,Other,Neutral,2024-08-06,Develop staff least figure.
37,1806.93,Food,Excited,2024-08-07,Down occur.
37,1094.13,Other,Happy,2024-08-07,Water tonight pressure.
37,1817.87,Food,Neutral,2024-08-08,Development provide dark daughter.
37,395.72,Travel,Neutral,2024-08-09,Receive to piece.
37,223.7,Travel,Neutral,2024-08-09,Machine son television.
37,526.28,Education,Happy,2024-08-10,Team republican very plan cut.
37,331.0,Leisure,Neutral,2024-08-11,Approach about because.
37,1749.0,Food,Excited,2024-08-12,Land day name small.
37,784.21,Food,Happy,2024-08-12,Myself so growth time.
37,753.71,Leisure,Neutral,2024-08-15,Nearly want front shake.
37,725.68,Leisure,Stressed,2024-08-17,Me brother lot candidate owner.
37,366.51,Leisure,Neutral,2024-08-17,Can mouth discover.
37,2220.57,Other,Happy,2024-08-18,Girl suddenly.
37,457.76,Leisure,Happy,2024-08-18,Method everything.
37,460.37,Travel,Excited,2024-08-18,Energy always.
37,940.37,Leisure,Neutral,2024-08-18,Decision where foreign trial.
37,1425.8,Travel,Neutral,2024-08-19,More road development about.
37,1152.79,Other,Stressed,2024-08-20,Raise several west side admit.
37,2156.32,Food,Stressed,2024-08-20,Eight bed fill.
37,1166.31,Education,Happy,2024-08-21,Face morning.
37,530.95,Leisure,Sad,2024-08-22,Member box.
37,1354.98,Leisure,Sad,2024-08-22,Call whole.
37,388.86,Food,Stressed,2024-08-24,Fish either boy between collection.
37,1499.84,Food,Neutral,2024-08-24,Career three according worker democrat.
37,1693.35,Other,Excited,2024-08-25,Walk now often.
37,841.95,Education,Excited,2024-08-26,Walk cup option store.
37,530.11,Other,Happy,2024-08-27,Turn put professional.
37,1005.48,Food,Happy,2024-08-27,Buy tax.
37,1053.06,Education,Sad,2024-08-28,Officer forward trouble.
37,926.28,Other,Neutral,2024-08-29,Race to television loss.
37,222.56,Food,Sad,2024-08-31,Also hard expert popular.
37,1890.82,Leisure,Stressed,2024-09-01,Door management guess.
37,2055.48,Food,Stressed,2024-09-02,Eye something.
37,1675.93,Leisure,Stressed,2024-09-03,Could gun.
37,955.5,Leisure,Happy,2024-09-03,Professional color group.
37,1071.75,Education,Neutral,2024-09-05,Field a spring.
37,106.61,Education,Happy,2024-09-05,Throughout would century television congress.
37,1383.2,Food,Neutral,2024-09-05,Choice father why often.
37,1597.43,Other,Happy,2024-09-06,Scientist necessary into.
37,393.93,Education,Stressed,2024-09-08,Within prove full.
37,859.8,Other,Neutral,2024-09-09,Million night your.
37,843.65,Travel,Neutral,2024-09-10,Might necessary former.
37,455.59,Leisure,Neutral,2024-09-10,Care run there leg.
37,1149.41,Other,Neutral,2024-09-10,Stage bad know of.
37,1001.2,Leisure,Neutral,2024-09-12,International effort.
37,1371.61,Leisure,Stressed,2024-09-13,Wrong difficult.
37,1406.77,Travel,Stressed,2024-09-13,Democratic thousand.
37,656.39,Other,Happy,2024-09-14,Gas contain interest industry sell.
37,594.9,Leisure,Excited,2024-09-15,Activity including single right.
37,790.49,Education,Happy,2024-09-15,Among black picture that treat.
37,711.67,Leisure,Happy,2024-09-15,Picture evidence.
37,1546.81,Education,Happy,2024-09-16,Career according.
37,925.28,Other,Neutral,2024-09-17,Executive beyond create dinner conference.
37,510.11,Travel,Neutral,2024-09-18,Floor there career.
37,759.49,Other,Happy,2024-09-18,Nice maintain present cultural.
37,251.1,Other,Stressed,2024-09-18,Story activity.
37,507.57,Leisure,Neutral,2024-09-20,Safe whole establish.
37,340.06,Education,Stressed,2024-09-20,Find job where.
37,408.76,Other,Neutral,2024-09-21,Peace wind guess.
37,528.94,Travel,Stressed,2024-09-21,City offer financial data.
37,385.3,Leisure,Stressed,2024-09-21,You without every.
37,1593.99,Leisure,Happy,2024-09-22,List already positive experience television.
37,1411.19,Other,Neutral,2024-09-22,And student give score agree.
37,1393.81,Other,Neutral,2024-09-22,Letter mind many.
37,1174.07,Food,Excited,2024-09-22,Difference world deep.
37,1346.81,Leisure,Neutral,2024-09-23,Rate society floor long same.
37,1358.47,Food,Neutral,2024-09-23,You ready way rule.
37,132.38,Other,Excited,2024-09-23,Idea seek.
37,2292.91,Travel,Excited,2024-09-25,Thought sit identify culture.
37,323.32,Other,Neutral,2024-09-27,Before relationship plant.
37,285.85,Leisure,Sad,2024-09-28,Conference matter wear physical site.
37,743.76,Travel,Stressed,2024-09-28,Compare system white magazine after.
37,445.36,Leisure,Neutral,2024-09-28,Old wall report purpose.
37,704.82,Other,Stressed,2024-09-29,Have decide environment.
37,698.85,Other,Excited,2024-09-29,Prove nor design record.
37,1495.8,Education,Neutral,2024-09-29,Reality fill ok list.
37,1126.8,Other,Happy,2024-10-01,Project spring of.
37,1387.37,Other,Stressed,2024-10-03,Well left.
37,687.53,Food,Happy,2024-10-03,Truth thing always possible.
37,224.8,Leisure,Sad,2024-10-04,He participant right.
37,646.58,Travel,Neutral,2024-10-04,Position make society behavior.
37,1254.26,Food,Neutral,2024-10-06,Or phone.
37,1220.17,Other,Neutral,2024-10-07,Control bill.
37,2357.73,Travel,Happy,2024-10-09,Wall act special.
37,518.53,Other,Neutral,2024-10-10,Fish late pattern.
37,774.88,Travel,Sad,2024-10-10,Foreign husband believe word local.
37,1177.84,Leisure,Neutral,2024-10-10,Professional color group.
37,949.3,Leisure,Happy,2024-10-10,Nearly want front shake.
37,1508.42,Leisure,Neutral,2024-10-12,Brother let.
37,68.82,Travel,Excited,2024-10-12,Call animal approach factor want.
37,533.11,Education,Sad,2024-10-13,Part management.
37,1130.65,Other,Happy,2024-10-14,Leave bar prevent require.
37,349.3,Food,Neutral,2024-10-14,Apply less.
37,1421.19,Food,Stressed,2024-10-15,Tree imagine machine.
37,685.61,Travel,Neutral,2024-10-16,Why outside.
37,1975.69,Leisure,Excited,2024-10-16,Country remember smile.
37,184.09,Other,Happy,2024-10-16,Exist professional.
37,937.82,Other,Happy,2024-10-17,Win central.
37,1202.29,Food,Sad,2024-10-17,Treatment relate positive.
37,375.01,Leisure,Neutral,2024-10-18,Window music evening know.
37,128.77,Food,Happy,2024-10-19,Mission put budget house.
37,213.21,Leisure,Happy,2024-10-19,Teach cause mrs.
37,253.18,Leisure,Happy,2024-10-20,Bed food possible represent.
37,1358.4,Leisure,Neutral,2024-10-21,Answer just.
37,1058.89,Leisure,Neutral,2024-10-23,Food affect upon these story.
37,389.19,Travel,Happy,2024-10-23,Mean common.
37,1508.18,Education,Neutral,2024-10-23,Against only.
37,1617.66,Leisure,Neutral,2024-10-24,Task improve fish.
37,711.62,Other,Neutral,2024-10-24,Have including none.
37,601.7,Education,Neutral,2024-10-24,Clear single expect.
37,2010.5,Education,Stressed,2024-10-24,Since him four.
37,980.58,Food,Neutral,2024-10-25,Choice father why often.
37,713.29,Leisure,Neutral,2024-10-26,Night various return explain.
37,1824.82,Leisure,Stressed,2024-10-26,Day stock.
37,1011.35,Travel,Happy,2024-10-27,Foreign husband believe word local.
37,556.82,Leisure,Stressed,2024-10-28,Determine feel article we they.
37,250.31,Education,Happy,2024-10-28,Organization visit finally.
37,1967.31,Other,Happy,2024-10-30,Why like impact fly.
37,377.44,Leisure,Neutral,2024-10-31,Fear fact.
37,385.08,Leisure,Excited,2024-11-01,Evening ahead smile.
37,958.12,Other,Stressed,2024-11-03,Key place tree.
37,625.0,Other,Neutral,2024-11-03,Almost outside middle.
37,776.3,Education,Stressed,2024-11-03,Partner sing administration main according.
37,1982.97,Other,Neutral,2024-11-04,World enter.
37,1365.73,Leisure,Neutral,2024-11-06,Sit enter perhaps however.
37,1135.49,Other,Excited,2024-11-06,Picture early send morning.
37,1315.91,Education,Neutral,2024-11-07,Behind front attack song little.
37,947.0,Leisure,Happy,2024-11-07,Decide similar office.
37,332.97,Education,Happy,2024-11-07,Home even.
37,1427.31,Other,Neutral,2024-11-08,As throughout individual list manager.
37,1000.99,Education,Stressed,2024-11-09,Walk cup option store.
37,693.71,Other,Happy,2024-11-09,Result many pattern.
37,243.17,Travel,Excited,2024-11-09,Mean common.
37,2365.15,Other,Neutral,2024-11-09,Marriage participant.
37,637.52,Other,Neutral,2024-11-09,Whatever late specific.
37,915.29,Other,Sad,2024-11-10,Question now key show.
37,941.18,Education,Excited,2024-11-11,Decide cultural start how thank.
37,706.27,Other,Stressed,2024-11-12,Above company media next me.
37,891.08,Leisure,Neutral,2024-11-12,Something population loss physical.
37,578.83,Leisure,Neutral,2024-11-12,Somebody prepare few sound.
37,1149.9,Leisure,Stressed,2024-11-13,Occur live take media hot.
37,2214.19,Food,Excited,2024-11-13,Above others.
37,648.69,Other,Happy,2024-11-14,Risk develop movement size.
37,763.92,Other,Neutral,2024-11-14,Near risk.
37,395.16,Travel,Excited,2024-11-15,Program decade home which view.
37,234.32,Other,Happy,2024-11-15,Create physical share out cold.
37,96.54,Other,Sad,2024-11-16,Strategy face make.
37,1174.07,Leisure,Sad,2024-11-16,Scene almost leave.
37,775.37,Food,Happy,2024-11-17,Adult range green.
37,1136.9,Food,Happy,2024-11-18,Board notice later thus.
37,533.05,Education,Excited,2024-11-18,Five indicate chance heavy senior.
37,1572.06,Food,Neutral,2024-11-19,Former able public trade.
37,604.99,Other,Neutral,2024-11-19,Main opportunity particularly question.
37,2373.84,Travel,Stressed,2024-11-19,Finish increase economy middle public.
37,999.3,Travel,Sad,2024-11-21,Statement position either.
37,1829.91,Other,Stressed,2024-11-22,Southern evening ask republican.
37,545.2,Leisure,Stressed,2024-11-23,Language budget market president.
37,548.85,Other,Stressed,2024-11-24,People tend weight machine.
37,1188.32,Travel,Stressed,2024-11-24,Might necessary former.
37,2107.95,Food,Happy,2024-11-24,Above dog brother morning.
37,1512.64,Leisure,Happy,2024-11-24,Sell only manage.
37,643.29,Leisure,Stressed,2024-11-25,Method everything.
37,1471.75,Travel,Excited,2024-11-25,Western order accept wide prevent.
37,252.15,Leisure,Neutral,2024-11-26,Inside machine baby.
37,491.86,Leisure,Happy,2024-11-26,Daughter war.
37,2218.6,Food,Happy,2024-11-26,Maybe painting republican.
37,162.83,Food,Stressed,2024-11-27,Employee become happy water bring.
37,187.67,Education,Neutral,2024-11-27,Boy different chance enter.
37,718.58,Travel,Neutral,2024-11-27,City offer financial data.
37,551.02,Leisure,Neutral,2024-11-28,Never effect fill general relationship.
37,526.29,Food,Sad,2024-11-28,Couple general pretty show.
37,970.03,Food,Excited,2024-11-29,Spend prove stock school.
37,393.1,Leisure,Sad,2024-11-30,Understand none.
37,677.68,Leisure,Happy,2024-11-30,Result sound.
37,620.99,Leisure,Excited,2024-11-30,General agency bit.
37,73.42,Food,Neutral,2024-12-01,Doctor population grow bar.
37,183.87,Food,Excited,2024-12-04,Heavy what least mouth national.
37,2580.75,Other,Stressed,2024-12-04,Box service develop game.
37,643.81,Leisure,Neutral,2024-12-05,None whose.
37,157.29,Other,Happy,2024-12-06,Later week democratic few.
37,2173.93,Travel,Happy,2024-12-06,Including let result spend.
37,15.73,Leisure,Neutral,2024-12-07,Strong mind from.
37,263.33,Other,Neutral,2024-12-07,Realize property show either.
37,1051.77,Leisure,Neutral,2024-12-08,Decide similar office.
37,338.69,Education,Happy,2024-12-08,As high you more wife.
37,1474.31,Other,Stressed,2024-12-10,People tend weight machine.
37,887.55,Travel,Stressed,2024-12-10,Might necessary former.
37,908.95,Other,Neutral,2024-12-11,Sell include himself produce.
37,1388.87,Leisure,Happy,2024-12-11,Discuss religious.
37,935.22,Food,Stressed,2024-12-13,History drop point audience.
37,192.05,Other,Neutral,2024-12-13,Wonder long consider care.
37,9.8,Leisure,Neutral,2024-12-15,Society dark product make.
37,472.44,Food,Happy,2024-12-16,Bring agent pay detail group.
37,1117.11,Other,Neutral,2024-12-16,Reach under.
37,135.09,Other,Stressed,2024-12-16,Idea seek.
37,709.48,Leisure,Sad,2024-12-18,Bar professor power.
37,401.19,Leisure,Neutral,2024-12-18,Institution whatever yet.
37,581.18,Food,Happy,2024-12-18,Together whether about.
37,1753.25,Travel,Neutral,2024-12-20,Including let result spend.
37,70.09,Travel,Stressed,2024-12-20,Dog late eat.
37,1267.55,Travel,Sad,2024-12-20,Hair attorney professional.
37,534.02,Education,Stressed,2024-12-21,Listen whose situation simply officer.
37,2836.26,Leisure,Stressed,2024-12-24,Family bill foreign fast knowledge.
37,1914.28,Leisure,Neutral,2024-12-24,Third letter sort reveal seven.
37,717.22,Travel,Sad,2024-12-24,Church own stage.
37,861.6,Other,Stressed,2024-12-24,Plant event score official now.
37,1222.76,Education,Excited,2024-12-24,Space beyond.
37,351.2,Leisure,Stressed,2024-12-25,Statement available win politics.
37,520.45,Other,Stressed,2024-12-26,Western tend candidate day.
37,859.7,Other,Happy,2024-12-26,Cause field education child.
37,990.35,Other,Stressed,2024-12-26,Win group important civil nature.
37,241.43,Other,Neutral,2024-12-27,Source onto provide.
37,38.5,Other,Happy,2024-12-29,Money modern receive partner.
37,186.93,Other,Happy,2024-12-29,Cell city not not the.
37,918.95,Education,Neutral,2024-12-29,Challenge large wish move.
37,992.32,Leisure,Neutral,2025-01-02,Food affect upon these story.
37,2097.37,Leisure,Neutral,2025-01-02,Close month parent who up.
37,1165.84,Leisure,Happy,2025-01-02,Develop office approach son.
37,1037.84,Education,Excited,2025-01-02,Agent say forward us.
37,915.1,Food,Neutral,2025-01-02,Past feeling nature.
37,938.55,Education,Neutral,2025-01-03,Wish current.
37,2663.99,Leisure,Neutral,2025-01-04,Water fight security tough gas.
37,59.78,Food,Stressed,2025-01-06,Your ever woman way avoid.
37,415.26,Leisure,Neutral,2025-01-08,Sort knowledge analysis together court.
37,1339.02,Leisure,Excited,2025-01-09,Never effect fill general relationship.
37,789.65,Other,Neutral,2025-01-11,Let stay or focus.
37,1668.4,Food,Stressed,2025-01-12,Leg sport until argue.
37,1071.28,Education,Happy,2025-01-13,Road product wait.
37,875.77,Leisure,Neutral,2025-01-13,Base player data whose.
37,739.78,Leisure,Stressed,2025-01-15,Call whole.
37,1030.13,Other,Neutral,2025-01-15,Somebody next ready.
37,771.25,Other,Happy,2025-01-16,Hear certainly most not.
37,1189.64,Leisure,Happy,2025-01-16,Sometimes while sense window.
37,1101.8,Leisure,Happy,2025-01-16,Stop later reveal both.
37,123.25,Leisure,Excited,2025-01-18,Evidence enough claim suffer.
37,1425.67,Food,Neutral,2025-01-18,Choice father why often.
37,1537.37,Travel,Sad,2025-01-20,Magazine degree husband around.
37,1122.53,Other,Happy,2025-01-20,Miss reduce animal clearly cell.
37,1760.93,Leisure,Neutral,2025-01-22,Fact huge fight.
37,128.69,Other,Stressed,2025-01-23,Remember carry.
37,773.55,Other,Sad,2025-01-23,Whatever late specific.
37,953.47,Leisure,Neutral,2025-01-24,Year him thank trade.
37,2093.67,Food,Neutral,2025-01-24,Feel season similar.
37,947.96,Education,Neutral,2025-01-26,Bit appear.
37,514.9,Other,Stressed,2025-01-26,Economic box save.
37,587.11,Leisure,Stressed,2025-01-26,Sign wall.
37,970.32,Other,Excited,2025-01-26,Box service develop game.
37,937.79,Travel,Stressed,2025-01-27,Republican reduce sort individual trouble.
37,1474.33,Education,Happy,2025-01-28,Price my.
37,1617.51,Leisure,Neutral,2025-01-29,Baby lawyer growth matter note.
37,470.37,Other,Neutral,2025-01-30,Car fast positive.
37,1553.12,Leisure,Neutral,2025-01-31,Oil per line create build.
37,734.33,Travel,Sad,2025-01-31,Might necessary former.
38,41.0,Other,Neutral,2024-08-02,Receive case past only drug.
38,1403.67,Travel,Happy,2024-08-03,Able customer figure.
38,891.04,Education,Sad,2024-08-03,High issue deal democratic.
38,120.71,Leisure,Neutral,2024-08-04,Technology tend.
38,751.49,Education,Stressed,2024-08-05,Range step painting concern.
38,1546.35,Other,Happy,2024-08-05,Car much will.
38,70.2,Food,Sad,2024-08-08,Doctor population grow bar.
38,536.99,Leisure,Neutral,2024-08-09,Thus several animal phone.
38,1485.55,Leisure,Stressed,2024-08-10,Course staff personal space.
38,1582.06,Education,Neutral,2024-08-12,Account assume prove similar ten.
38,80.63,Leisure,Stressed,2024-08-13,Somebody son suddenly perform.
38,2002.97,Travel,Neutral,2024-08-13,Case expert stop.
38,690.09,Food,Neutral,2024-08-14,Specific onto go.
38,756.72,Education,Neutral,2024-08-17,Difference way type positive phone.
38,272.82,Education,Stressed,2024-08-18,Anyone spend them system.
38,888.7,Leisure,Neutral,2024-08-19,Open million house enough.
38,97.52,Leisure,Stressed,2024-08-20,Help usually thank wonder draw.
38,591.55,Leisure,Neutral,2024-08-22,Heavy staff hotel box.
38,1620.35,Other,Neutral,2024-08-24,Security arm.
38,1435.75,Travel,Stressed,2024-08-25,Western order accept wide prevent.
38,714.7,Other,Neutral,2024-08-26,Much rich think.
38,767.81,Other,Neutral,2024-08-27,Us decade.
38,1157.36,Travel,Neutral,2024-08-28,Able customer figure.
38,1005.1,Leisure,Excited,2024-08-30,Third letter sort reveal seven.
38,669.49,Other,Neutral,2024-09-01,Result many pattern.
38,2052.17,Leisure,Stressed,2024-09-04,Sure authority increase picture create.
38,387.68,Other,Happy,2024-09-05,During call north attention.
38,93.05,Leisure,Neutral,2024-09-09,Example decision garden.
38,676.3,Other,Stressed,2024-09-11,Economic box save.
38,930.2,Leisure,Sad,2024-09-12,Or friend.
38,1103.79,Other,Neutral,2024-09-12,Scientist will begin.
38,1611.89,Other,Neutral,2024-09-13,Exist theory.
38,538.01,Leisure,Happy,2024-09-13,Night various return explain.
38,1512.4,Education,Sad,2024-09-15,Economic represent stock.
38,1292.5,Leisure,Neutral,2024-09-15,Draw police.
38,1931.3,Leisure,Happy,2024-09-18,Miss have analysis morning.
38,877.99,Other,Stressed,2024-09-19,Section child.
38,92.0,Other,Neutral,2024-09-19,Kid put memory soldier.
38,1091.65,Education,Neutral,2024-09-21,With young think there assume.
38,680.97,Other,Sad,2024-09-21,Executive beyond create dinner conference.
38,1511.56,Other,Neutral,2024-09-25,Life police.
38,559.26,Other,Stressed,2024-09-25,Result many pattern.
38,644.94,Other,Sad,2024-09-26,Difficult quite act receive stage.
38,1941.9,Other,Sad,2024-10-01,A when dark read.
38,1417.39,Leisure,Happy,2024-10-02,Box organization.
38,925.47,Other,Sad,2024-10-03,Whose other.
38,721.82,Education,Stressed,2024-10-04,Decide cultural start how thank.
38,1134.87,Travel,Neutral,2024-10-09,Case expert stop.
38,1912.88,Travel,Neutral,2024-10-11,Size republican political.
38,681.59,Travel,Stressed,2024-10-15,Participant above.
38,1197.3,Leisure,Sad,2024-10-18,Fact huge fight.
38,1551.43,Leisure,Neutral,2024-10-22,Miss have analysis morning.
38,969.4,Other,Stressed,2024-10-23,Raise several west side admit.
38,972.48,Travel,Neutral,2024-10-23,Participant above.
38,1254.3,Other,Happy,2024-10-26,Billion land detail exist cover.
38,21.22,Leisure,Neutral,2024-10-27,Positive participant fear blue as.
38,537.86,Other,Neutral,2024-10-31,Key place tree.
38,768.49,Leisure,Happy,2024-11-04,Food affect upon these story.
38,566.14,Other,Stressed,2024-11-05,Enter capital population.
38,1150.84,Food,Neutral,2024-11-06,Adult range green.
38,1070.25,Leisure,Neutral,2024-11-08,Different international sell several.
38,1284.15,Leisure,Neutral,2024-11-09,Guess service this different.
38,265.81,Leisure,Happy,2024-11-10,Single blood continue.
38,697.31,Food,Happy,2024-11-11,Investment pass drive.
38,805.99,Leisure,Neutral,2024-11-15,Despite off consumer second.
38,1501.63,Food,Stressed,2024-11-16,You ready way rule.
38,877.17,Travel,Excited,2024-11-21,Nor character recent.
38,2015.19,Leisure,Neutral,2024-11-21,Ahead certainly second everyone.
38,807.24,Education,Stressed,2024-11-22,Tree note responsibility.
38,265.42,Education,Happy,2024-11-22,Program sport her.
38,543.4,Food,Neutral,2024-11-27,Environmental run head garden box.
38,1049.76,Other,Neutral,2024-11-27,Heavy law church.
38,718.33,Travel,Sad,2024-11-27,Gas teacher national weight all.
38,1187.95,Travel,Neutral,2024-11-29,Space game truth special decision.
38,2893.53,Education,Happy,2024-12-03,Nothing behavior sort recognize.
38,740.13,Education,Neutral,2024-12-10,Leader operation mean white.
38,1319.63,Food,Excited,2024-12-12,Toward child future low.
38,1043.38,Other,Stressed,2024-12-15,Instead ahead despite measure ago.
38,219.29,Food,Neutral,2024-12-15,Fish either boy between collection.
38,769.01,Food,Neutral,2024-12-19,Wife talk beat tax majority.
38,1031.46,Education,Neutral,2024-12-22,East list when.
38,1904.26,Education,Happy,2025-01-01,Week real course school everybody.
38,2131.55,Education,Happy,2025-01-03,Consider time economic high.
38,1626.91,Other,Stressed,2025-01-07,Child ball store process.
38,1536.81,Travel,Stressed,2025-01-08,Item treat area.
38,1028.05,Leisure,Stressed,2025-01-10,Bed report item.
38,1913.5,Travel,Neutral,2025-01-11,Do interesting material.
38,165.42,Leisure,Neutral,2025-01-12,Turn surface listen.
38,646.03,Travel,Sad,2025-01-16,Movement door kind.
38,715.78,Other,Stressed,2025-01-16,Especially unit office almost.
38,2091.8,Leisure,Excited,2025-01-17,Box organization.
38,1792.13,Food,Stressed,2025-01-18,Buy tax.
38,915.45,Food,Happy,2025-01-19,Past feeling nature.
38,2094.28,Leisure,Neutral,2025-01-19,Close month parent who up.
38,1188.63,Other,Neutral,2025-01-19,National free.
38,249.14,Other,Neutral,2025-01-20,Focus indicate result.
38,216.55,Other,Stressed,2025-01-20,Cell city not not the.
38,1585.52,Other,Sad,2025-01-21,Car much will.
38,1705.95,Other,Neutral,2025-01-22,Car much will.
38,833.97,Other,Excited,2025-01-24,Number budget.
38,1242.24,Education,Stressed,2025-01-25,Even beautiful.
38,179.84,Food,Neutral,2025-01-26,Base investment.
38,136.77,Other,Stressed,2025-01-29,National back everybody direction budget.
38,948.99,Other,Neutral,2025-01-30,Stuff agreement professional team foot.
38,1620.31,Leisure,Neutral,2025-01-30,Point be shoulder price great.
38,831.51,Leisure,Neutral,2025-01-31,Born same usually.
39,983.89,Leisure,Excited,2024-08-02,Call door.
39,1671.82,Other,Stressed,2024-08-04,Art green child movie blue.
39,401.37,Other,Happy,2024-08-04,Long identify road speech.
39,1641.59,Leisure,Happy,2024-08-04,Available defense.
39,796.03,Other,Sad,2024-08-05,Fish late pattern.
39,781.88,Leisure,Happy,2024-08-06,Company option character land space.
39,1080.07,Other,Stressed,2024-08-07,Instead ahead despite measure ago.
39,806.24,Other,Happy,2024-08-10,Much rich think.
39,752.41,Food,Neutral,2024-08-11,History drop point audience.
39,691.3,Other,Neutral,2024-08-12,Executive beyond create dinner conference.
39,1222.53,Leisure,Happy,2024-08-14,Best physical always small almost.
39,213.11,Food,Excited,2024-08-14,Security unit executive.
39,514.8,Travel,Stressed,2024-08-16,Quickly new another general poor.
39,1294.36,Leisure,Sad,2024-08-17,Carry surface learn.
39,230.44,Travel,Excited,2024-08-17,Billion morning draw.
39,1601.85,Other,Stressed,2024-08-18,Yeah far within.
39,892.82,Other,Happy,2024-08-18,Floor music catch discuss.
39,1148.53,Leisure,Happy,2024-08-18,There institution actually.
39,372.16,Education,Excited,2024-08-21,Yeah term.
39,1213.53,Education,Stressed,2024-08-21,Particularly score order modern.
39,697.77,Leisure,Happy,2024-08-24,Determine feel article we they.
39,982.76,Travel,Excited,2024-08-25,Ability live.
39,2217.47,Travel,Neutral,2024-08-27,Rest or.
39,1879.13,Leisure,Neutral,2024-08-28,On must certainly.
39,133.16,Leisure,Happy,2024-08-31,Help usually thank wonder draw.
39,1679.32,Leisure,Stressed,2024-09-01,Which raise american truth.
39,2357.64,Travel,Neutral,2024-09-02,Rest or.
39,661.46,Other,Neutral,2024-09-04,Policy mrs.
39,1937.28,Travel,Neutral,2024-09-04,Edge surface who.
39,721.52,Other,Happy,2024-09-05,Expert movement reach man.
39,495.42,Other,Sad,2024-09-06,Fish late pattern.
39,1099.15,Education,Stressed,2024-09-08,White fire cause everybody.
39,296.65,Travel,Stressed,2024-09-12,Dark camera realize.
39,1296.74,Education,Sad,2024-09-13,About usually.
39,288.81,Other,Neutral,2024-09-14,Before relationship plant.
39,1212.82,Education,Happy,2024-09-14,Wish candidate have no.
39,67.29,Other,Stressed,2024-09-14,True help.
39,1897.05,Leisure,Neutral,2024-09-15,Point be shoulder price great.
39,1018.1,Food,Stressed,2024-09-16,By two bad fall pick.
39,1291.84,Leisure,Sad,2024-09-19,Option goal avoid.
39,434.54,Leisure,Neutral,2024-09-20,Into notice necessary true message.
39,300.67,Other,Neutral,2024-09-21,Space moment travel these least.
39,1282.22,Education,Neutral,2024-09-22,Budget remain reduce.
39,685.7,Food,Stressed,2024-09-22,You ready way rule.
39,978.04,Food,Neutral,2024-09-22,Boy generation.
39,313.77,Other,Happy,2024-09-22,Administration mother in admit.
39,324.13,Other,Stressed,2024-09-24,Administration mother in admit.
39,209.86,Leisure,Neutral,2024-09-24,Reduce hour fish him.
39,1268.07,Other,Happy,2024-09-25,Section child.
39,985.86,Food,Stressed,2024-09-26,Future choice whatever from.
39,160.25,Travel,Happy,2024-09-26,Else easy point she.
39,526.03,Other,Neutral,2024-09-28,Quite as when.
39,190.57,Travel,Sad,2024-09-29,First next popular.
39,1027.0,Other,Neutral,2024-09-29,Body lead there there early.
39,600.54,Leisure,Sad,2024-09-29,Professor beat window.
39,754.28,Education,Neutral,2024-09-30,Face morning.
39,194.92,Other,Happy,2024-09-30,Focus indicate result.
39,221.62,Food,Stressed,2024-09-30,Apply less.
39,1355.84,Leisure,Happy,2024-10-02,Central contain pattern education boy.
39,415.38,Food,Excited,2024-10-02,Fish either boy between collection.
39,844.0,Other,Stressed,2024-10-02,Those pressure street.
39,1110.25,Travel,Happy,2024-10-03,Space game truth special decision.
39,1731.5,Travel,Neutral,2024-10-03,Western order accept wide prevent.
39,851.07,Other,Neutral,2024-10-04,Identify material.
39,516.23,Leisure,Stressed,2024-10-11,Way main difficult case.
39,1163.51,Leisure,Neutral,2024-10-11,Turn both in animal.
39,357.23,Leisure,Neutral,2024-10-13,Single blood continue.
39,1394.21,Leisure,Neutral,2024-10-13,Some quickly truth view response.
39,324.0,Other,Neutral,2024-10-15,Pretty section degree still.
39,550.7,Other,Happy,2024-10-17,Already because education break significant.
39,236.95,Leisure,Neutral,2024-10-17,Institution whatever yet.
39,1039.98,Leisure,Excited,2024-10-19,Question or money.
39,1128.53,Other,Sad,2024-10-19,War push thousand book half.
39,1369.7,Food,Stressed,2024-10-20,Bad argue side girl.
39,1358.33,Other,Neutral,2024-10-21,Win group important civil nature.
39,533.25,Other,Neutral,2024-10-21,Moment red eight hand.
39,1022.4,Leisure,Neutral,2024-10-22,Song difference part wall require.
39,1093.46,Education,Happy,2024-10-22,News american foreign.
39,611.58,Education,Happy,2024-10-23,Ahead from quickly identify.
39,1182.94,Education,Stressed,2024-10-24,Future congress.
39,544.74,Education,Happy,2024-10-24,Clear single expect.
39,919.0,Travel,Neutral,2024-10-25,Democratic thousand.
39,1142.61,Other,Happy,2024-10-25,Talk thing rock ever summer.
39,977.53,Travel,Neutral,2024-10-27,Finish increase economy middle public.
39,710.58,Travel,Stressed,2024-10-31,Program decade home which view.
39,1372.63,Education,Neutral,2024-11-03,Opportunity lead see.
39,1557.29,Other,Happy,2024-11-04,Police two.
39,637.41,Other,Stressed,2024-11-05,Natural together.
39,132.87,Education,Sad,2024-11-06,Name machine tree maybe.
39,1957.1,Food,Neutral,2024-11-06,Threat church big day couple.
39,1043.18,Education,Happy,2024-11-08,Wish candidate have no.
39,845.65,Travel,Happy,2024-11-08,Audience throw four allow international.
39,2137.85,Leisure,Neutral,2024-11-10,Charge note space when collection.
39,1331.76,Travel,Neutral,2024-11-11,Laugh red man fly charge.
39,1073.05,Other,Sad,2024-11-14,Miss reduce animal clearly cell.
39,1347.94,Leisure,Happy,2024-11-15,General agency bit.
39,1409.14,Travel,Stressed,2024-11-17,Rest or.
39,1064.47,Leisure,Happy,2024-11-18,Never effect fill general relationship.
39,756.96,Other,Happy,2024-11-18,Amount bad raise.
39,24.59,Food,Stressed,2024-11-18,Pull blue strong wonder.
39,1436.62,Education,Neutral,2024-11-22,Course out second carry.
39,166.69,Food,Neutral,2024-11-22,Focus chance.
39,1252.95,Other,Neutral,2024-11-23,Much rich think.
39,1625.47,Travel,Stressed,2024-11-26,Ability live.
39,1559.36,Travel,Neutral,2024-11-28,Feel color price next.
39,1437.52,Education,Happy,2024-12-02,Nothing behavior sort recognize.
39,1511.61,Other,Happy,2024-12-04,President chance hotel through.
39,286.54,Other,Neutral,2024-12-06,Peace wind guess.
39,2433.0,Education,Neutral,2024-12-06,Account assume prove similar ten.
39,376.72,Travel,Stressed,2024-12-07,City offer financial data.
39,293.38,Education,Sad,2024-12-08,Technology pay tree.
39,1289.22,Education,Happy,2024-12-09,Goal talk sit party.
39,704.53,Other,Sad,2024-12-12,Throughout leader bag.
39,1202.44,Other,Neutral,2024-12-12,Stuff agreement professional team foot.
39,1203.66,Travel,Neutral,2024-12-16,Attack mouth rest contain.
39,112.89,Leisure,Neutral,2024-12-17,Example decision garden.
39,1126.79,Other,Sad,2024-12-17,Local director become.
39,303.06,Other,Neutral,2024-12-19,Respond into history.
39,421.59,Education,Happy,2024-12-24,Grow laugh.
39,133.57,Other,Excited,2024-12-26,Be move fly open.
39,1576.21,Leisure,Happy,2024-12-28,Tv budget system book.
39,318.54,Travel,Sad,2024-12-29,Church community.
39,120.64,Food,Excited,2024-12-30,Heavy what least mouth national.
39,153.98,Other,Happy,2025-01-01,Idea seek.
39,1747.47,Other,Stressed,2025-01-01,President chance hotel through.
39,735.41,Other,Neutral,2025-01-01,Moment red eight hand.
39,254.44,Food,Happy,2025-01-03,Special information.
39,618.4,Other,Neutral,2025-01-03,Attention standard shake more respond.
39,1082.45,Other,Neutral,2025-01-03,Tell brother defense list second.
39,722.73,Other,Excited,2025-01-05,Gas contain interest industry sell.
39,2393.25,Leisure,Sad,2025-01-06,Pattern size spend.
39,1681.47,Other,Neutral,2025-01-07,Machine whatever everything fear walk.
39,935.33,Other,Stressed,2025-01-09,Tell brother defense list second.
39,419.74,Other,Neutral,2025-01-09,Mention billion bed never others.
39,579.16,Education,Excited,2025-01-10,Give that individual of not.
39,1183.78,Other,Excited,2025-01-10,Race to television loss.
39,1237.39,Leisure,Stressed,2025-01-11,Training account evidence month.
39,2423.32,Travel,Excited,2025-01-12,Hair attorney professional.
39,294.23,Education,Neutral,2025-01-12,Should page camera.
39,1600.46,Food,Stressed,2025-01-13,Difference world deep.
39,1081.9,Education,Stressed,2025-01-14,Budget remain reduce.
39,2033.06,Education,Neutral,2025-01-15,Soon including important.
39,994.83,Other,Neutral,2025-01-16,Task central dinner.
39,1032.42,Leisure,Neutral,2025-01-18,Picture evidence.
39,1243.97,Travel,Neutral,2025-01-18,Them key.
39,1131.89,Food,Stressed,2025-01-21,Toward child future low.
39,1877.48,Food,Excited,2025-01-23,Former able public trade.
39,1071.65,Food,Sad,2025-01-24,Choice father why often.
39,2075.14,Other,Sad,2025-01-25,Forward sense cause write right.
39,1249.57,Leisure,Excited,2025-01-26,Thing industry participant realize.
39,255.3,Other,Excited,2025-01-26,Democrat hundred.
39,151.66,Other,Neutral,2025-01-28,Let member however.
39,1190.86,Other,Neutral,2025-01-30,Strong student green.
40,1860.27,Leisure,Stressed,2024-08-01,Tv budget system book.
40,1895.41,Leisure,Stressed,2024-08-02,Recent feeling.
40,1488.83,Travel,Sad,2024-08-02,Nearly care base.
40,201.55,Education,Excited,2024-08-02,Gas human create also.
40,2118.5,Other,Stressed,2024-08-02,Forward sense cause write right.
40,469.09,Leisure,Stressed,2024-08-03,Bar professor power.
40,558.82,Education,Neutral,2024-08-04,Give that individual of not.
40,1040.99,Education,Happy,2024-08-04,Agent say forward us.
40,604.22,Food,Stressed,2024-08-06,Go exactly much food region.
40,620.61,Leisure,Stressed,2024-08-08,Pressure those.
40,235.29,Leisure,Stressed,2024-08-08,He participant right.
40,351.46,Other,Stressed,2024-08-09,Try opportunity public.
40,1966.41,Other,Excited,2024-08-10,Box service develop game.
40,117.57,Leisure,Neutral,2024-08-11,Cold reason our.
40,231.42,Education,Happy,2024-08-15,Check clearly follow remember generation.
40,98.95,Leisure,Stressed,2024-08-16,That reflect send set fly.
40,375.78,Other,Neutral,2024-08-16,Result size feel no nothing.
40,1326.74,Leisure,Happy,2024-08-17,Decision where foreign trial.
40,629.43,Other,Neutral,2024-08-18,Tell brother defense list second.
40,1321.43,Other,Sad,2024-08-19,Strategy fight institution.
40,363.4,Leisure,Neutral,2024-08-19,Can mouth discover.
40,876.37,Other,Happy,2024-08-21,Popular available public economy.
40,1440.87,Leisure,Neutral,2024-08-21,City usually ever.
40,177.81,Other,Neutral,2024-08-21,Important source first him.
40,1292.45,Other,Neutral,2024-08-22,Authority number.
40,14.87,Leisure,Happy,2024-08-22,Society dark product make.
40,86.99,Other,Excited,2024-08-23,Remember carry.
40,1378.54,Other,Sad,2024-08-24,Firm financial.
40,290.0,Education,Happy,2024-08-25,Development middle animal.
40,143.3,Other,Stressed,2024-08-25,Happen a point here control.
40,845.4,Leisure,Neutral,2024-08-26,Arrive budget education at property.
40,1094.58,Education,Excited,2024-08-28,Four field area young.
40,1795.72,Food,Sad,2024-08-28,Career three according worker democrat.
40,1355.98,Other,Neutral,2024-08-29,Store bit responsibility brother.
40,303.54,Other,Stressed,2024-08-30,Fear song save.
40,355.06,Leisure,Neutral,2024-09-01,Big look tell prepare.
40,240.71,Food,Happy,2024-09-01,Security unit executive.
40,191.49,Other,Neutral,2024-09-04,Good house only military.
40,1037.6,Other,Stressed,2024-09-04,Store bit responsibility brother.
40,1000.14,Education,Neutral,2024-09-06,Value car team nothing.
40,1316.3,Travel,Stressed,2024-09-07,Second full boy.
40,181.81,Leisure,Sad,2024-09-07,Cold reason our.
40,965.12,Travel,Happy,2024-09-09,Art whether between several personal.
40,627.37,Other,Happy,2024-09-09,Authority interest red must art.
40,1264.35,Food,Neutral,2024-09-09,How trip learn enter.
40,703.03,Education,Neutral,2024-09-11,Clear single expect.
40,1071.47,Other,Sad,2024-09-11,Land region back nor article.
40,58.78,Leisure,Stressed,2024-09-12,Never condition.
40,490.75,Food,Neutral,2024-09-12,Go consider century price.
40,1491.43,Food,Sad,2024-09-12,Eight bed fill.
40,1524.17,Food,Stressed,2024-09-13,Less into per big.
40,1161.29,Food,Excited,2024-09-13,Career three according worker democrat.
40,939.52,Food,Happy,2024-09-14,Positive question especially.
40,463.19,Education,Stressed,2024-09-15,Team republican very plan cut.
40,745.61,Travel,Stressed,2024-09-16,Quite budget window hour some.
40,108.75,Other,Happy,2024-09-16,Strategy face make.
40,1374.53,Education,Stressed,2024-09-17,Officer forward trouble.
40,163.55,Education,Neutral,2024-09-17,Gas human create also.
40,380.07,Other,Happy,2024-09-18,Policy mrs.
40,1958.5,Food,Stressed,2024-09-18,Heart still building.
40,1768.73,Travel,Neutral,2024-09-19,Democratic thousand.
40,155.2,Other,Excited,2024-09-19,National back everybody direction budget.
40,1363.94,Travel,Neutral,2024-09-20,Finish increase economy middle public.
40,962.26,Education,Stressed,2024-09-20,Management game.
40,638.82,Other,Stressed,2024-09-21,Describe paper.
40,1311.19,Travel,Happy,2024-09-21,Try wonder move trade.
40,912.85,Food,Neutral,2024-09-23,Part crime.
40,508.07,Other,Neutral,2024-09-24,Effort drive side human.
40,2033.65,Education,Neutral,2024-09-24,Approach join stuff future.
40,482.19,Leisure,Neutral,2024-09-30,Water positive child usually.
40,2311.62,Food,Neutral,2024-10-02,Western enough key.
40,372.15,Other,Happy,2024-10-03,Describe paper.
40,805.59,Leisure,Stressed,2024-10-03,Field seat start pm.
40,1139.4,Travel,Excited,2024-10-04,Nearly need behavior.
40,1535.09,Education,Happy,2024-10-05,Walk cup option store.
40,9.29,Other,Neutral,2024-10-05,Office of remember individual.
40,979.78,Education,Neutral,2024-10-05,Four field area young.
40,2297.16,Food,Neutral,2024-10-06,Smile high open scientist.
40,1115.84,Other,Neutral,2024-10-06,Ready goal amount.
40,816.95,Leisure,Neutral,2024-10-08,Person one republican.
40,191.97,Other,Excited,2024-10-08,Live way two.
40,1336.74,Other,Sad,2024-10-08,Theory tend.
40,318.88,Education,Neutral,2024-10-09,Development middle animal.
40,811.48,Other,Excited,2024-10-10,Reach step son.
40,351.56,Leisure,Excited,2024-10-12,Water positive child usually.
40,740.08,Other,Happy,2024-10-13,People tend weight machine.
40,730.69,Other,Stressed,2024-10-15,Expert movement reach man.
40,674.49,Leisure,Happy,2024-10-16,Can mouth discover.
40,707.71,Leisure,Happy,2024-10-17,American audience fight war whether.
40,1039.08,Travel,Neutral,2024-10-18,Lead few yourself.
40,1066.56,Travel,Neutral,2024-10-18,Try wonder move trade.
40,1783.84,Other,Neutral,2024-10-18,Firm financial.
40,2053.56,Other,Happy,2024-10-18,Face build market.
40,877.82,Other,Happy,2024-10-25,Section child.
40,52.41,Food,Excited,2024-10-26,Your ever woman way avoid.
40,1469.46,Food,Happy,2024-10-27,Ask window full.
40,37.19,Travel,Happy,2024-10-28,Huge response long.
40,1194.79,Leisure,Sad,2024-10-29,Arrive society.
40,525.37,Education,Neutral,2024-11-01,Bed recognize store.
40,227.28,Other,Sad,2024-11-01,Tell soon executive.
40,551.14,Leisure,Happy,2024-11-03,Sit enter perhaps however.
40,1363.1,Other,Happy,2024-11-04,President chance hotel through.
40,1285.98,Education,Stressed,2024-11-04,Behind front attack song little.
40,1145.8,Other,Neutral,2024-11-04,Leave run goal cause.
40,579.78,Other,Excited,2024-11-05,Until truth feeling view.
40,2341.34,Food,Happy,2024-11-05,Eye something.
40,1511.06,Food,Neutral,2024-11-05,Eye something.
40,258.18,Leisure,Neutral,2024-11-05,Evidence enough claim suffer.
40,467.55,Travel,Stressed,2024-11-06,Science drug.
40,1628.0,Education,Sad,2024-11-06,Pretty skin main program.
40,2116.13,Education,Excited,2024-11-06,Price my.
40,793.29,Leisure,Stressed,2024-11-07,First blood accept final.
40,1827.32,Other,Neutral,2024-11-07,Walk now often.
40,1022.08,Travel,Stressed,2024-11-07,Including let result spend.
40,631.21,Other,Sad,2024-11-07,Economic box save.
40,2182.62,Other,Neutral,2024-11-10,Strategy fight institution.
40,875.21,Travel,Sad,2024-11-10,Change she tonight.
40,369.51,Leisure,Stressed,2024-11-10,Along hard need involve among.
40,521.3,Leisure,Sad,2024-11-10,Adult above safe.
40,284.2,Travel,Neutral,2024-11-12,Drive nation heart nearly season.
40,697.56,Other,Neutral,2024-11-13,Religious across.
40,975.13,Other,Neutral,2024-11-13,Current after charge.
40,1192.74,Other,Happy,2024-11-14,This manage her.
40,546.44,Travel,Neutral,2024-11-15,Art whether between several personal.
40,284.03,Food,Neutral,2024-11-15,Note discuss discussion reach grow.
40,251.26,Education,Neutral,2024-11-15,Home even.
40,640.13,Leisure,Neutral,2024-11-17,Discussion black follow.
40,2506.75,Food,Happy,2024-11-17,Account ten sing.
40,2314.53,Other,Happy,2024-11-17,Feeling manage as.
40,338.73,Travel,Neutral,2024-11-18,Indeed believe interview professor.
40,343.78,Education,Happy,2024-11-18,Team republican very plan cut.
40,458.95,Leisure,Stressed,2024-11-19,Sort knowledge analysis together court.
40,211.36,Other,Stressed,2024-11-19,Money a.
40,1665.96,Travel,Excited,2024-11-20,Well mission situation result.
40,1321.83,Food,Stressed,2024-11-21,How trip learn enter.
40,660.84,Food,Neutral,2024-11-21,By field move.
40,319.06,Education,Neutral,2024-11-24,Grow laugh.
40,974.56,Leisure,Neutral,2024-11-25,Test they there.
40,83.69,Other,Neutral,2024-11-25,Magazine join.
40,1083.82,Other,Neutral,2024-11-27,Either rich agency might.
40,664.48,Travel,Happy,2024-11-29,Month whom stage soon.
40,322.83,Education,Sad,2024-11-29,Home even.
40,1630.93,Other,Neutral,2024-11-30,Begin treat stage this.
40,898.6,Food,Happy,2024-12-01,Past feeling nature.
40,1612.94,Travel,Happy,2024-12-01,Well mission situation result.
40,98.01,Education,Stressed,2024-12-02,Able teach certain candidate economy.
40,1010.76,Education,Neutral,2024-12-02,Space beyond.
40,285.15,Other,Sad,2024-12-02,Nature country.
40,2632.08,Leisure,Neutral,2024-12-03,Hard knowledge enjoy let.
40,967.12,Education,Neutral,2024-12-03,Particularly score order modern.
40,590.29,Other,Neutral,2024-12-03,Human see.
40,931.66,Food,Stressed,2024-12-04,Smile peace apply.
40,2080.22,Leisure,Stressed,2024-12-04,At decade really issue.
40,1238.06,Leisure,Neutral,2024-12-04,Sometimes while sense window.
40,231.6,Other,Neutral,2024-12-04,Later week democratic few.
40,739.9,Other,Stressed,2024-12-07,Number budget.
40,1107.8,Travel,Excited,2024-12-07,Change she tonight.
40,211.59,Other,Neutral,2024-12-07,National back everybody direction budget.
40,1412.4,Travel,Neutral,2024-12-08,Rest or.
40,313.21,Other,Stressed,2024-12-09,Gas contain interest industry sell.
40,789.29,Education,Sad,2024-12-11,North question new.
40,362.96,Leisure,Stressed,2024-12-12,Window research his.
40,1692.22,Education,Neutral,2024-12-12,Shake hand hundred now.
40,1485.34,Food,Sad,2024-12-13,Past product make of group.
40,2162.45,Other,Stressed,2024-12-15,Best generation group goal.
40,1513.21,Other,Stressed,2024-12-16,Store bit responsibility brother.
40,565.31,Food,Neutral,2024-12-20,Remain seven marriage.
40,455.68,Leisure,Neutral,2024-12-22,Society common stay ready.
40,1018.74,Education,Sad,2024-12-23,Course out second carry.
40,262.95,Leisure,Neutral,2024-12-24,Common anyone.
40,1898.69,Other,Neutral,2024-12-25,Conference trade population agreement.
40,106.88,Other,Neutral,2024-12-27,Magazine join.
40,1544.64,Leisure,Excited,2024-12-28,Upon very act perform.
40,1521.52,Leisure,Sad,2024-12-28,Different international sell several.
40,544.32,Other,Excited,2024-12-29,Mention billion bed never others.
40,495.02,Other,Neutral,2024-12-29,Moment red eight hand.
40,261.92,Education,Neutral,2024-12-29,Meet seem population.
40,1195.42,Other,Stressed,2024-12-31,President chance hotel through.
40,543.02,Food,Stressed,2025-01-02,Effect cultural.
40,1826.13,Leisure,Stressed,2025-01-02,Age cover foreign.
40,474.37,Food,Happy,2025-01-02,Apply less.
40,1711.76,Other,Stressed,2025-01-03,Local director become.
40,856.68,Food,Happy,2025-01-04,Ago race quite hour.
40,711.85,Other,Stressed,2025-01-07,Require bank child.
40,164.77,Leisure,Neutral,2025-01-08,Sing message board mean.
40,1374.04,Other,Happy,2025-01-09,Many themselves minute.
40,1164.78,Leisure,Excited,2025-01-10,Arrive society.
40,963.4,Other,Happy,2025-01-10,Dinner no main year size.
40,1707.28,Other,Stressed,2025-01-10,All important shoulder she.
40,559.86,Travel,Stressed,2025-01-10,Program decade home which view.
40,62.99,Travel,Neutral,2025-01-12,Edge building court.
40,55.47,Travel,Stressed,2025-01-12,Huge response long.
40,955.78,Travel,Happy,2025-01-13,Laugh red man fly charge.
40,573.06,Leisure,Excited,2025-01-14,You without every.
40,1586.93,Other,Happy,2025-01-15,Focus executive letter possible final.
40,1646.88,Other,Excited,2025-01-16,Firm financial.
40,1232.19,Education,Neutral,2025-01-17,Particularly score order modern.
40,632.7,Leisure,Neutral,2025-01-18,Wide exactly.
40,1207.55,Travel,Neutral,2025-01-18,Race return pretty young.
40,821.93,Travel,Stressed,2025-01-20,Ability live.
40,590.27,Education,Stressed,2025-01-21,For age size.
40,1625.21,Leisure,Neutral,2025-01-22,Save network item one under.
40,2520.76,Travel,Happy,2025-01-24,Do interesting material.
40,1840.85,Leisure,Stressed,2025-01-25,Research month instead.
40,998.54,Food,Happy,2025-01-26,Part crime.
40,514.7,Leisure,Neutral,2025-01-26,Never effect fill general relationship.
40,1027.01,Leisure,Happy,2025-01-26,Book toward.
40,522.62,Travel,Neutral,2025-01-26,Receive to piece.
40,560.44,Education,Sad,2025-01-28,My some skin ball thing.
40,1563.72,Leisure,Neutral,2025-01-28,Picture evidence.
40,997.19,Travel,Excited,2025-01-28,Age war measure whom.
40,62.04,Other,Happy,2025-01-29,Finish without.
40,816.6,Food,Excited,2025-01-30,Probably conference sure administration debate.
40,1989.36,Travel,Stressed,2025-01-31,Because career course.
41,521.99,Education,Neutral,2024-08-01,Nature performance yeah.
41,1665.61,Leisure,Excited,2024-08-01,Pretty least if.
41,948.06,Other,Happy,2024-08-02,Central contain pattern education boy.
41,230.99,Other,Stressed,2024-08-03,Particular condition man.
41,730.65,Food,Neutral,2024-08-03,Might necessary former.
41,691.69,Education,Happy,2024-08-03,Lead paper middle foreign party.
41,1887.46,Leisure,Excited,2024-08-05,Television argue mouth.
41,630.73,Other,Neutral,2024-08-06,Occur college herself.
41,1497.86,Travel,Neutral,2024-08-09,Race to television loss.
41,1135.75,Leisure,Neutral,2024-08-12,Off southern suddenly.
41,415.22,Other,Excited,2024-08-12,Offer bed it skill challenge.
41,268.29,Leisure,Happy,2024-08-14,Actually purpose public.
41,123.01,Leisure,Sad,2024-08-15,Evidence enough claim suffer.
41,380.25,Food,Neutral,2024-08-15,Cup hundred rather.
41,1576.71,Leisure,Excited,2024-08-16,Girl suddenly.
41,1072.88,Leisure,Sad,2024-08-19,Fight nice less agree able.
41,904.84,Other,Happy,2024-08-20,Whose other.
41,791.01,Leisure,Stressed,2024-08-20,Paper beyond indeed.
41,192.11,Travel,Neutral,2024-08-20,While bring yourself.
41,1607.17,Food,Neutral,2024-08-22,Space game truth special decision.
41,1260.45,Food,Neutral,2024-08-22,Citizen kid generation onto police.
41,445.97,Leisure,Neutral,2024-08-22,Couple general pretty show.
41,646.7,Leisure,Stressed,2024-08-22,Finally relate model.
41,1507.54,Food,Happy,2024-08-23,A when dark read.
41,766.62,Leisure,Excited,2024-08-23,Half president structure might.
41,934.26,Other,Excited,2024-08-23,Cultural allow.
41,88.56,Leisure,Neutral,2024-08-24,Doctor news yourself.
41,895.46,Travel,Sad,2024-08-24,Question now key show.
41,1141.24,Other,Stressed,2024-08-25,Serious produce.
41,1369.32,Food,Excited,2024-08-26,About usually.
41,1311.2,Travel,Neutral,2024-08-27,President chance hotel through.
41,886.99,Education,Excited,2024-08-28,Its develop until watch.
41,59.95,Education,Happy,2024-08-28,Really society live camera.
41,619.95,Other,Sad,2024-08-29,Resource road do.
41,410.89,Leisure,Sad,2024-08-30,Pressure those.
41,352.54,Other,Sad,2024-08-30,Energy always.
41,909.48,Other,Excited,2024-08-31,State none production defense your.
41,808.45,Travel,Neutral,2024-08-31,Some quickly truth view response.
41,530.97,Food,Stressed,2024-08-31,Audience throw four allow international.
41,307.54,Food,Happy,2024-09-01,Yeah term.
41,1514.04,Other,Happy,2024-09-01,Eight bed fill.
41,651.12,Travel,Happy,2024-09-01,Build smile across among situation.
41,1241.7,Food,Stressed,2024-09-02,Such final however major.
41,721.62,Other,Sad,2024-09-02,Agreement red way nor none.
41,785.41,Leisure,Sad,2024-09-03,Let back three.
41,562.71,Other,Excited,2024-09-04,Management sense technology check civil.
41,388.87,Food,Excited,2024-09-05,Religious across.
41,1727.14,Education,Neutral,2024-09-06,Yard foot he share issue.
41,569.51,Leisure,Sad,2024-09-07,Bring animal also you.
41,974.94,Other,Stressed,2024-09-07,Miss have analysis morning.
41,1390.96,Education,Happy,2024-09-08,Think live bad total research.
41,681.81,Travel,Happy,2024-09-09,Me brother lot candidate owner.
41,228.37,Leisure,Neutral,2024-09-11,Cell city not not the.
41,658.1,Education,Happy,2024-09-13,Study fear turn any indicate.
41,1282.81,Leisure,Sad,2024-09-13,Condition again successful.
41,521.76,Education,Happy,2024-09-14,Identify material.
41,1879.92,Education,Stressed,2024-09-15,Analysis color friend the.
41,449.1,Food,Neutral,2024-09-15,Throughout leader bag.
41,1890.54,Other,Excited,2024-09-16,Of interview fine.
41,547.35,Education,Stressed,2024-09-16,Might necessary former.
41,542.43,Education,Neutral,2024-09-17,How any federal star.
41,1231.44,Education,Happy,2024-09-18,None pressure lay future stay.
41,1984.64,Travel,Sad,2024-09-18,Thousand live land hard.
41,1807.21,Food,Sad,2024-09-20,Water fight security tough gas.
41,951.47,Travel,Neutral,2024-09-22,Factor past language day theory.
41,348.02,Travel,Stressed,2024-09-23,Religious across.
41,1059.94,Food,Neutral,2024-09-23,Picture approach chance none fight.
41,1917.98,Travel,Neutral,2024-09-24,Forward sense cause write right.
41,618.24,Leisure,Stressed,2024-09-26,Name skill medical after them.
41,398.65,Education,Happy,2024-09-26,Effect cultural.
41,20.34,Other,Neutral,2024-09-27,Skill successful and.
41,1256.23,Leisure,Neutral,2024-09-27,Hear certainly most not.
41,1651.26,Food,Neutral,2024-09-27,Point be shoulder price great.
41,25.8,Food,Neutral,2024-09-27,Step rate feeling rate.
41,1131.26,Leisure,Neutral,2024-09-27,Score each.
41,795.28,Other,Sad,2024-09-29,Score each.
41,1204.28,Food,Stressed,2024-09-30,Huge garden family.
41,603.73,Travel,Happy,2024-10-01,Simply century the.
41,1841.6,Food,Happy,2024-10-02,Whether century quality.
41,765.08,Leisure,Neutral,2024-10-03,Risk develop movement size.
41,1995.56,Food,Stressed,2024-10-05,Of interview fine.
41,2299.38,Leisure,Sad,2024-10-05,Enter example down anyone occur.
41,662.48,Food,Happy,2024-10-06,Control piece behavior message wind.
41,642.82,Travel,Neutral,2024-10-09,Church community.
41,1185.95,Other,Stressed,2024-10-09,Life police.
41,545.01,Other,Sad,2024-10-10,Care run there leg.
41,1801.68,Education,Stressed,2024-10-10,Box service develop game.
41,1055.89,Food,Excited,2024-10-10,Especially unit office almost.
41,499.89,Education,Stressed,2024-10-10,Care run there leg.
41,872.94,Travel,Stressed,2024-10-11,Scientist able teach.
41,406.85,Travel,Happy,2024-10-12,Effort drive side human.
41,130.9,Travel,Happy,2024-10-12,Realize property show either.
41,767.11,Other,Happy,2024-10-12,Cause field education child.
41,1160.44,Travel,Happy,2024-10-14,Race mr.
41,238.88,Other,Excited,2024-10-15,Anyone spend them system.
41,2358.0,Other,Happy,2024-10-16,Too song quality per build.
41,466.93,Travel,Happy,2024-10-16,Contain threat wrong whatever.
41,1130.15,Other,Neutral,2024-10-17,Size sing tree kitchen.
41,1265.65,Other,Neutral,2024-10-17,Identify say on yes.
41,1472.3,Food,Stressed,2024-10-18,And national spend.
41,629.38,Education,Neutral,2024-10-18,Into notice necessary true message.
41,955.87,Food,Happy,2024-10-19,Able customer figure.
41,1322.43,Other,Stressed,2024-10-19,Something story attorney summer.
41,1191.31,Travel,Sad,2024-10-20,My compare also argue.
41,861.98,Education,Neutral,2024-10-20,Especially unit office almost.
41,306.16,Education,Excited,2024-10-20,Main board population.
41,224.63,Food,Sad,2024-10-20,Major bar air set.
41,314.37,Food,Happy,2024-10-23,Finally shoulder land.
41,950.71,Food,Sad,2024-10-24,Not friend federal forget bit.
41,1724.21,Food,Neutral,2024-10-24,Consider time economic high.
41,1209.71,Other,Neutral,2024-10-28,Yeah far within.
41,558.94,Education,Neutral,2024-10-29,Begin deep police wife.
41,1030.39,Education,Neutral,2024-10-29,Than physical live reason.
41,867.31,Other,Sad,2024-10-29,Likely scientist.
41,1623.4,Education,Happy,2024-10-30,Recent feeling.
41,571.35,Education,Neutral,2024-10-31,Discussion black follow.
41,472.84,Education,Stressed,2024-11-01,Person one republican.
41,551.39,Other,Happy,2024-11-01,Meet seem population.
41,1210.27,Leisure,Neutral,2024-11-01,Ask imagine my.
41,734.75,Travel,Neutral,2024-11-02,Old wall report purpose.
41,156.49,Other,Happy,2024-11-02,Cold reason our.
41,1727.53,Leisure,Neutral,2024-11-03,Task improve fish.
41,1574.58,Education,Happy,2024-11-03,Positive question especially.
41,1134.34,Travel,Neutral,2024-11-03,Career according.
41,1484.39,Food,Neutral,2024-11-03,Detail far church some.
41,1398.43,Other,Happy,2024-11-05,Road product wait.
41,1121.32,Education,Excited,2024-11-05,Consumer face.
41,73.89,Education,Neutral,2024-11-05,People newspaper stay.
41,2023.32,Travel,Happy,2024-11-05,Herself law.
41,789.51,Food,Neutral,2024-11-05,Health image.
41,438.28,Travel,Happy,2024-11-06,My some skin ball thing.
41,2221.19,Food,Excited,2024-11-06,Participant price.
41,2093.84,Leisure,Neutral,2024-11-07,Nearly care base.
41,1013.58,Leisure,Sad,2024-11-07,Beat light the window.
41,207.41,Education,Stressed,2024-11-07,Yeah term.
41,250.5,Travel,Neutral,2024-11-08,Good house only military.
41,1089.31,Leisure,Excited,2024-11-09,Door management guess.
41,1696.93,Leisure,Sad,2024-11-09,Enter example down anyone occur.
41,642.69,Food,Neutral,2024-11-09,Turn put professional.
41,999.72,Food,Sad,2024-11-09,Take family chance.
41,801.54,Other,Happy,2024-11-09,Let stay or focus.
41,1394.75,Education,Neutral,2024-11-10,End dog.
41,965.06,Education,Sad,2024-11-11,Sell only manage.
41,1535.41,Education,Happy,2024-11-12,Order his oil west school.
41,1584.52,Food,Neutral,2024-11-13,Buy tax.
41,1542.46,Travel,Stressed,2024-11-16,Attack mouth rest contain.
41,1261.99,Education,Sad,2024-11-16,Different international sell several.
41,814.87,Leisure,Sad,2024-11-17,Outside with each animal.
41,307.06,Education,Neutral,2024-11-17,Drug happy will young simply.
41,778.29,Leisure,Happy,2024-11-18,For age size.
41,2129.3,Travel,Excited,2024-11-20,Within woman.
41,224.96,Education,Stressed,2024-11-22,Try opportunity public.
41,1081.68,Travel,Excited,2024-11-22,Star executive fear.
41,70.2,Food,Stressed,2024-11-23,Something fine apply gas sing.
41,539.94,Leisure,Sad,2024-11-23,Identify material.
41,997.89,Leisure,Neutral,2024-11-26,Along attention piece tv young.
41,1475.89,Travel,Sad,2024-11-26,Or phone.
41,1785.73,Education,Neutral,2024-11-27,Do interesting material.
41,355.18,Travel,Excited,2024-11-28,Control piece behavior message wind.
41,824.39,Food,Neutral,2024-11-30,Decide cultural start how thank.
41,545.94,Travel,Sad,2024-12-01,Grow laugh.
41,1019.2,Other,Excited,2024-12-02,Expect writer myself management.
41,1206.37,Education,Happy,2024-12-03,Discuss wall ahead scene.
41,682.93,Other,Happy,2024-12-04,World site mr interest treatment.
41,503.05,Food,Happy,2024-12-04,Thus several animal phone.
41,1261.55,Leisure,Stressed,2024-12-05,Food affect upon these story.
41,255.07,Food,Stressed,2024-12-06,Bed food possible represent.
41,1023.37,Leisure,Excited,2024-12-07,Adult range green.
41,588.8,Leisure,Happy,2024-12-08,Remember ability.
41,558.63,Travel,Stressed,2024-12-09,So draw food company.
41,1108.79,Education,Happy,2024-12-10,Sense including six lot.
41,1798.16,Other,Stressed,2024-12-11,Career three according worker democrat.
41,1515.61,Other,Sad,2024-12-12,Feeling manage as.
41,870.89,Other,Neutral,2024-12-12,Body lead there there early.
41,721.14,Leisure,Neutral,2024-12-12,Health image.
41,1646.86,Travel,Sad,2024-12-12,Former able public trade.
41,1434.77,Leisure,Happy,2024-12-13,There institution actually.
41,1803.53,Leisure,Sad,2024-12-14,Lawyer writer health.
41,1155.08,Leisure,Happy,2024-12-14,Approach side model you billion.
41,813.05,Education,Excited,2024-12-15,Above company media next me.
41,787.43,Other,Neutral,2024-12-16,Instead ahead despite measure ago.
41,1094.14,Food,Stressed,2024-12-16,National free.
41,223.6,Travel,Excited,2024-12-16,Single blood continue.
41,1127.35,Travel,Neutral,2024-12-20,Seven here sell story.
41,1716.56,Other,Excited,2024-12-20,Network outside parent.
41,1323.38,Education,Neutral,2024-12-20,Table trade various risk art.
41,70.65,Other,Happy,2024-12-23,Offer work home.
41,165.9,Leisure,Neutral,2024-12-24,Not teach believe month.
41,1397.8,Education,Neutral,2024-12-25,Opportunity lead see.
41,391.28,Food,Neutral,2024-12-26,Country little reality level.
41,1531.39,Travel,Neutral,2024-12-26,My compare also argue.
41,922.99,Education,Neutral,2024-12-26,Attack mouth rest contain.
41,829.07,Food,Neutral,2024-12-26,Nation politics few each southern.
41,667.3,Food,Stressed,2024-12-27,Finish thing.
41,906.77,Other,Sad,2024-12-29,Life police.
41,1357.29,Education,Sad,2024-12-29,Order his oil west school.
41,1487.96,Travel,Happy,2024-12-30,Whether century quality.
41,523.29,Other,Neutral,2024-12-30,Fish late pattern.
41,882.68,Travel,Excited,2024-12-30,Choice prepare.
41,84.62,Education,Sad,2024-12-30,Something fine apply gas sing.
41,745.07,Travel,Neutral,2024-12-30,Base player data whose.
41,487.67,Leisure,Neutral,2024-12-30,How any federal star.
41,1061.67,Travel,Neutral,2024-12-30,Yard foot he share issue.
41,2227.37,Food,Stressed,2025-01-01,Paper memory history office.
41,736.36,Leisure,Excited,2025-01-01,Give that individual of not.
41,965.15,Food,Neutral,2025-01-02,First blood accept final.
41,727.24,Travel,Excited,2025-01-02,I fund.
41,1709.65,Travel,Happy,2025-01-02,Book toward.
41,752.91,Travel,Happy,2025-01-03,Participant above.
41,49.94,Other,Excited,2025-01-03,Carry fly water cut fire.
41,1486.44,Food,Stressed,2025-01-04,Account ten sing.
41,304.54,Education,Neutral,2025-01-06,Consider here grow agreement.
41,911.91,Education,Stressed,2025-01-07,Ready goal amount.
41,1053.3,Travel,Happy,2025-01-10,Magazine degree husband around.
41,153.14,Food,Neutral,2025-01-10,Wonder long consider care.
41,805.41,Leisure,Happy,2025-01-12,Concern ability reduce.
41,1344.05,Education,Happy,2025-01-13,Lose modern return simple herself.
41,905.69,Leisure,Neutral,2025-01-14,Affect machine.
41,452.32,Other,Happy,2025-01-15,Understand none.
41,406.53,Food,Happy,2025-01-16,Push east never size fight.
41,141.73,Travel,Stressed,2025-01-16,Doctor mr.
41,548.8,Food,Happy,2025-01-16,Method everything.
41,1669.08,Travel,Neutral,2025-01-16,Rate society floor long same.
41,153.51,Travel,Happy,2025-01-17,Good anything manager think pressure.
41,981.93,Food,Neutral,2025-01-17,Scientist able teach.
41,525.8,Education,Stressed,2025-01-18,What than political up instead.
41,577.44,Travel,Excited,2025-01-18,Statement available win politics.
41,787.66,Food,Happy,2025-01-18,Win central.
41,939.36,Food,Neutral,2025-01-19,Develop staff least figure.
41,959.33,Education,Sad,2025-01-21,As second animal summer group.
41,1192.72,Travel,Neutral,2025-01-21,Ask imagine my.
41,32.43,Education,Sad,2025-01-21,Knowledge fight car smile commercial.
41,1231.77,Other,Excited,2025-01-21,Year him thank trade.
41,1562.42,Education,Sad,2025-01-22,Strategy fight institution.
41,1262.65,Other,Happy,2025-01-23,Thought sit identify culture.
41,1032.65,Food,Neutral,2025-01-24,Real know our any.
41,1083.97,Food,Neutral,2025-01-24,And student give score agree.
41,836.82,Food,Neutral,2025-01-25,Never effect fill general relationship.
41,129.99,Travel,Sad,2025-01-25,Not teach believe month.
41,1312.18,Leisure,Neutral,2025-01-25,Book toward.
41,286.98,Travel,Neutral,2025-01-25,To receive education.
41,1563.3,Education,Neutral,2025-01-26,Maybe painting republican.
41,460.43,Travel,Neutral,2025-01-27,Likely push.
41,687.14,Other,Stressed,2025-01-27,General agency bit.
41,279.11,Food,Neutral,2025-01-27,Respond into history.
41,576.56,Education,Neutral,2025-01-28,Language budget market president.
41,236.31,Leisure,Happy,2025-01-29,Program sport her.
41,981.42,Travel,Neutral,2025-01-29,Decision where foreign trial.
41,39.77,Travel,Happy,2025-01-30,Money modern receive partner.
41,730.4,Other,Sad,2025-01-30,Have including none.
41,1026.6,Leisure,Stressed,2025-01-30,Sell only manage.
41,1794.2,Travel,Happy,2025-01-30,Smile high open scientist.
41,384.58,Other,Happy,2025-01-31,Thus several animal phone.
41,729.2,Food,Neutral,2025-01-31,Ago race quite hour.
42,985.35,Other,Neutral,2024-08-01,Mind door authority outside.
42,61.24,Travel,Stressed,2024-08-01,President girl condition.
42,1816.03,Travel,Stressed,2024-08-01,Television argue mouth.
42,1281.95,Education,Neutral,2024-08-02,Shake hand hundred now.
42,635.81,Other,Happy,2024-08-02,Despite energy company.
42,587.14,Travel,Neutral,2024-08-02,Likely scientist.
42,1730.12,Leisure,Neutral,2024-08-02,Wrong difficult range.
42,584.51,Food,Excited,2024-08-03,Car fast positive.
42,285.34,Education,Sad,2024-08-03,Billion morning draw.
42,53.8,Travel,Neutral,2024-08-04,Huge response long.
42,1580.56,Food,Neutral,2024-08-04,Forward would finish around.
42,1677.05,Food,Neutral,2024-08-04,Agent say forward us.
42,1225.09,Travel,Neutral,2024-08-06,State among rest national wrong.
42,496.27,Leisure,Excited,2024-08-06,Third coach congress husband.
42,710.24,Food,Excited,2024-08-06,Leader operation mean white.
42,1754.86,Travel,Stressed,2024-08-07,Do interesting material.
42,664.14,Travel,Neutral,2024-08-09,Floor music catch discuss.
42,551.97,Education,Happy,2024-08-10,Meet seem population.
42,1030.29,Leisure,Happy,2024-08-10,Couple city you level.
42,1727.11,Other,Neutral,2024-08-11,Site girl into have media.
42,492.84,Food,Happy,2024-08-11,Management sense technology check civil.
42,1211.87,Travel,Neutral,2024-08-11,Site girl into have media.
42,1198.89,Travel,Stressed,2024-08-12,Oil per line create build.
42,1104.22,Other,Happy,2024-08-12,Approach side model you billion.
42,1475.35,Food,Happy,2024-08-12,Player really act friend.
42,1620.81,Travel,Happy,2024-08-13,Face build market.
42,194.28,Leisure,Sad,2024-08-14,Technology tend.
42,389.87,Leisure,Excited,2024-08-14,Ahead from quickly identify.
42,1765.91,Leisure,Happy,2024-08-15,Current hear claim well two.
42,1341.83,Food,Excited,2024-08-15,Huge garden family.
42,1364.86,Other,Stressed,2024-08-16,Walk cup option store.
42,610.67,Leisure,Neutral,2024-08-20,Each author party full kitchen.
42,1166.69,Education,Neutral,2024-08-22,Expect writer myself management.
42,981.21,Other,Happy,2024-08-22,Million night your.
42,982.79,Leisure,Happy,2024-08-22,Arrive society.
42,1235.87,Food,Happy,2024-08-22,Above others.
42,604.62,Food,Stressed,2024-08-24,Authority interest red must art.
42,1118.63,Food,Neutral,2024-08-25,Ahead picture son.
42,1522.77,Food,Happy,2024-08-26,At decade really issue.
42,1731.77,Other,Happy,2024-08-26,Which raise american truth.
42,819.96,Other,Neutral,2024-08-27,Body lead there there early.
42,1160.78,Leisure,Excited,2024-08-27,Baby away affect medical all.
42,786.61,Food,Happy,2024-08-28,Result sound.
42,1262.02,Education,Happy,2024-08-28,Question or money.
42,375.92,Food,Sad,2024-08-28,Dark camera realize.
42,391.62,Travel,Neutral,2024-08-28,Human public health.
42,719.19,Education,Neutral,2024-08-28,International effort.
42,1565.61,Other,Neutral,2024-08-28,Wrong difficult.
42,968.41,Travel,Excited,2024-08-29,Affect machine.
42,1305.78,Travel,Neutral,2024-08-29,Democratic mention generation.
42,656.43,Food,Happy,2024-08-30,Ever day.
42,349.18,Education,Happy,2024-08-31,Quickly new another general poor.
42,599.18,Food,Neutral,2024-08-31,Mention billion bed never others.
42,346.77,Leisure,Stressed,2024-08-31,Owner fact wife.
42,1199.45,Education,Happy,2024-09-01,Player really act friend.
42,460.67,Food,Neutral,2024-09-01,Way main difficult case.
42,608.67,Travel,Happy,2024-09-02,Their off.
42,1087.15,Food,Happy,2024-09-03,Receive region however.
42,1896.4,Education,Excited,2024-09-03,Woman meet report.
42,1414.24,Leisure,Neutral,2024-09-03,National free.
42,807.82,Travel,Happy,2024-09-03,Old wall report purpose.
42,768.31,Other,Happy,2024-09-04,Turn put professional.
42,497.28,Education,Happy,2024-09-04,Energy always.
42,1704.63,Food,Neutral,2024-09-05,Enter threat economic.
42,1530.47,Food,Neutral,2024-09-06,Edge surface who.
42,927.83,Other,Happy,2024-09-06,Spend prove stock school.
42,1328.04,Leisure,Neutral,2024-09-07,Cell year.
42,1585.36,Leisure,Neutral,2024-09-08,Least ready activity decision ok.
42,807.89,Education,Happy,2024-09-09,Personal often.
42,1190.79,Other,Excited,2024-09-09,Face rate.
42,1112.83,Education,Neutral,2024-09-09,Citizen ahead method.
42,852.88,Other,Sad,2024-09-10,Reflect star.
42,1357.88,Travel,Sad,2024-09-11,End dog.
42,919.09,Travel,Neutral,2024-09-11,Decide similar office.
42,258.25,Education,Neutral,2024-09-12,Unit hold.
42,1484.66,Travel,Neutral,2024-09-13,Shake hand hundred now.
42,568.76,Travel,Happy,2024-09-15,Investment pass drive.
42,696.13,Education,Sad,2024-09-15,Simply century the.
42,895.1,Leisure,Stressed,2024-09-16,Best physical always small almost.
42,68.42,Travel,Happy,2024-09-17,Doctor population grow bar.
42,1508.8,Food,Excited,2024-09-17,Choice prepare.
42,881.1,Other,Neutral,2024-09-18,Believe product eat generation put.
42,431.23,Food,Neutral,2024-09-18,Surface expect several evening town.
42,225.65,Travel,Happy,2024-09-19,Letter environment easy.
42,252.12,Education,Neutral,2024-09-19,Employee become happy water bring.
42,1057.65,Education,Neutral,2024-09-19,Scientist able teach.
42,1036.45,Food,Neutral,2024-09-20,Finish increase economy middle public.
42,194.05,Education,Stressed,2024-09-20,Development middle animal.
42,1351.9,Travel,Sad,2024-09-21,Affect machine.
42,978.74,Other,Neutral,2024-09-22,Change she tonight.
42,1274.53,Other,Neutral,2024-09-23,Career three according worker democrat.
42,1296.73,Other,Happy,2024-09-23,Brother southern project learn.
42,2099.61,Leisure,Neutral,2024-09-24,Cultural right cover large work.
42,1917.84,Other,Happy,2024-09-25,Think live bad total research.
42,682.57,Leisure,Stressed,2024-09-26,Involve thousand including.
42,230.13,Leisure,Stressed,2024-09-26,Focus indicate result.
42,1124.02,Travel,Excited,2024-09-27,Plant event score official now.
42,582.89,Education,Neutral,2024-09-27,Bring agent pay detail group.
42,941.52,Education,Neutral,2024-09-27,Born same usually.
42,425.09,Food,Sad,2024-09-28,Wish current.
42,1020.38,Education,Happy,2024-09-29,Quality throughout.
42,125.03,Leisure,Excited,2024-09-30,Worker always hold share.
42,842.05,Leisure,Neutral,2024-09-30,Gas teacher national weight all.
42,1237.35,Food,Excited,2024-10-02,Particularly score order modern.
42,397.06,Other,Sad,2024-10-03,Fear yourself last.
42,1172.43,Leisure,Stressed,2024-10-03,Senior service large under.
42,1871.8,Education,Stressed,2024-10-04,Girl suddenly.
42,475.78,Food,Happy,2024-10-05,Despite sound receive let.
42,143.63,Leisure,Happy,2024-10-06,Gas human create also.
42,659.71,Travel,Neutral,2024-10-07,Their off.
42,419.76,Travel,Happy,2024-10-07,Result size feel no nothing.
42,704.69,Travel,Sad,2024-10-07,Nearly want front shake.
42,202.14,Food,Excited,2024-10-07,Happen a point here control.
42,1378.19,Leisure,Happy,2024-10-08,Price institution method inside.
42,148.32,Travel,Excited,2024-10-09,Wonder long consider care.
42,376.06,Food,Excited,2024-10-09,Board its.
42,138.41,Education,Excited,2024-10-09,True help.
42,1666.35,Food,Neutral,2024-10-11,Size republican political.
42,1242.7,Leisure,Neutral,2024-10-11,Strategy fight institution.
42,126.74,Travel,Sad,2024-10-11,President likely truth animal.
42,85.55,Travel,Neutral,2024-10-11,Position interest.
42,1200.24,Food,Excited,2024-10-12,Network available mean share.
42,758.64,Education,Excited,2024-10-12,Newspaper indicate other.
42,905.62,Leisure,Excited,2024-10-14,Company option character land space.
42,671.98,Food,Stressed,2024-10-14,Require bank child.
42,1660.42,Leisure,Happy,2024-10-15,White likely teacher one.
42,1656.37,Leisure,Happy,2024-10-16,Table trade various risk art.
42,1523.55,Leisure,Happy,2024-10-16,Discussion detail training fund.
42,591.08,Food,Sad,2024-10-17,Concern significant.
42,389.64,Food,Excited,2024-10-17,Why outside.
42,1710.26,Other,Neutral,2024-10-18,A when dark read.
42,859.23,Leisure,Excited,2024-10-18,Laugh red man fly charge.
42,676.48,Travel,Happy,2024-10-21,Gun seven music despite show.
42,1753.22,Education,Excited,2024-10-23,Security arm.
42,1237.62,Leisure,Happy,2024-10-23,Serious produce.
42,850.57,Travel,Neutral,2024-10-26,Name skill medical after them.
42,151.32,Food,Happy,2024-10-26,Maintain former campaign pretty beyond.
42,1299.78,Leisure,Neutral,2024-10-27,Agreement us stuff.
42,432.7,Travel,Neutral,2024-10-28,Enter capital population.
42,333.1,Other,Neutral,2024-10-28,Sort knowledge analysis together court.
42,697.11,Travel,Neutral,2024-10-29,Sign wall.
42,576.68,Food,Excited,2024-10-29,Throughout leader bag.
42,422.56,Food,Neutral,2024-10-30,During call north attention.
42,1826.75,Education,Happy,2024-10-30,Whether century quality.
42,1080.32,Travel,Excited,2024-10-31,Bill beautiful issue.
42,1519.35,Food,Neutral,2024-10-31,We especially five network.
42,1728.02,Leisure,Excited,2024-11-01,Three certain.
42,939.47,Leisure,Happy,2024-11-02,Affect machine.
42,398.4,Education,Happy,2024-11-02,College manage fund.
42,697.41,Leisure,Stressed,2024-11-03,Let stay or focus.
42,1318.47,Travel,Neutral,2024-11-03,Firm financial.
42,1170.55,Food,Stressed,2024-11-04,Success teach mrs beat.
42,493.67,Education,Excited,2024-11-05,Result size feel no nothing.
42,2141.14,Travel,Happy,2024-11-06,Participant price.
42,853.2,Education,Neutral,2024-11-06,Let stay or focus.
42,394.45,Food,Happy,2024-11-07,Minute question their rather.
42,607.07,Education,Excited,2024-11-08,Finally relate model.
42,456.96,Travel,Happy,2024-11-09,Way cold.
42,1304.73,Other,Happy,2024-11-09,Boy other foot best.
42,1129.55,Leisure,Neutral,2024-11-10,By two bad fall pick.
42,1321.61,Education,Excited,2024-11-10,Marriage participant.
42,1942.14,Leisure,Neutral,2024-11-11,Within set region beyond.
42,887.84,Other,Stressed,2024-11-11,Positive question especially.
42,1383.32,Food,Happy,2024-11-12,President chance hotel through.
42,721.12,Other,Sad,2024-11-13,Daughter war.
42,68.53,Travel,Happy,2024-11-15,Anyone here deep.
42,80.13,Leisure,Neutral,2024-11-16,Keep yes.
42,247.56,Education,Happy,2024-11-17,Space moment travel these least.
42,1493.42,Travel,Neutral,2024-11-18,Site girl into have media.
42,917.93,Other,Neutral,2024-11-18,People tend weight machine.
42,729.24,Food,Happy,2024-11-18,Range step painting concern.
42,407.95,Education,Neutral,2024-11-18,Understand none.
42,556.99,Food,Neutral,2024-11-18,Despite energy company.
42,239.01,Travel,Neutral,2024-11-18,Keep light fight.
42,891.74,Education,Neutral,2024-11-18,Company option character land space.
42,620.03,Education,Happy,2024-11-19,Time surface learn design.
42,1705.37,Travel,Sad,2024-11-19,Feeling manage as.
42,830.26,Food,Neutral,2024-11-20,Western tend candidate day.
42,755.45,Travel,Sad,2024-11-22,Value thing these.
42,930.61,Travel,Neutral,2024-11-22,Hand possible relate night.
42,551.13,Travel,Neutral,2024-11-23,Increase consider.
42,493.6,Education,Neutral,2024-11-25,Require bank child.
42,1137.46,Leisure,Neutral,2024-11-26,Professor important do house must.
42,285.54,Travel,Stressed,2024-11-26,Democrat cost evidence third.
42,354.11,Leisure,Neutral,2024-11-29,Window music evening know.
42,1218.71,Travel,Sad,2024-11-30,Fight nice less agree able.
42,953.43,Education,Neutral,2024-12-01,Talk interest hand.
42,900.3,Leisure,Excited,2024-12-01,Sure i pay.
42,897.59,Leisure,Excited,2024-12-01,Heart determine likely.
42,578.64,Food,Happy,2024-12-01,Building range national focus.
42,1302.0,Other,Happy,2024-12-01,Size sing tree kitchen.
42,1178.76,Travel,Stressed,2024-12-01,Kind appear environment capital explain.
42,717.92,Food,Happy,2024-12-01,Stage someone for power.
42,637.16,Leisure,Excited,2024-12-02,Together let.
42,114.98,Education,Excited,2024-12-02,Expert involve oil.
42,1538.47,Other,Neutral,2024-12-04,Bad argue side girl.
42,852.7,Travel,Happy,2024-12-04,Natural together.
42,433.57,Travel,Sad,2024-12-05,Me system church whether.
42,1889.47,Travel,Happy,2024-12-05,Development provide dark daughter.
42,733.59,Education,Happy,2024-12-07,These road.
42,1777.98,Other,Neutral,2024-12-07,Significant up still management.
42,248.07,Travel,Happy,2024-12-09,Model police finally girl.
42,1098.56,Education,Neutral,2024-12-09,Mind door authority outside.
42,1785.23,Other,Happy,2024-12-10,New type pm.
42,1562.42,Food,Happy,2024-12-10,Hold carry rest.
42,292.43,Education,Happy,2024-12-10,Happen a point here control.
42,1366.3,Leisure,Stressed,2024-12-13,Statement position either.
42,582.15,Other,Happy,2024-12-13,Way cold.
42,215.04,Other,Happy,2024-12-14,Pass range appear home player.
42,659.72,Leisure,Neutral,2024-12-14,Near risk.
42,968.93,Travel,Happy,2024-12-15,Three certain.
42,556.96,Leisure,Stressed,2024-12-16,Program decade home which view.
42,784.02,Other,Neutral,2024-12-16,Serious reveal left social fine.
42,205.44,Food,Sad,2024-12-17,Also available concern edge.
42,1103.67,Other,Excited,2024-12-18,Wrong school federal from.
42,837.38,Leisure,Happy,2024-12-18,Important focus benefit probably.
42,1839.14,Leisure,Excited,2024-12-18,Eye something.
42,379.41,Leisure,Neutral,2024-12-19,Find job where.
42,723.71,Food,Happy,2024-12-20,High issue deal democratic.
42,181.38,Travel,Happy,2024-12-20,Stage threat our.
42,1038.34,Leisure,Neutral,2024-12-22,On professional analysis color.
42,769.52,Education,Neutral,2024-12-22,White fire cause everybody.
42,1237.14,Food,Stressed,2024-12-23,Than physical live reason.
42,145.04,Education,Sad,2024-12-24,Example decision garden.
42,182.72,Other,Neutral,2024-12-29,Teach cause mrs.
42,205.57,Travel,Neutral,2024-12-29,National back everybody direction budget.
42,409.31,Leisure,Happy,2025-01-01,Check clearly follow remember generation.
42,2179.27,Travel,Happy,2025-01-01,About usually.
42,449.94,Leisure,Stressed,2025-01-02,Democrat cost evidence third.
42,53.02,Food,Stressed,2025-01-02,Never majority cell.
42,458.73,Travel,Sad,2025-01-02,Law read citizen.
42,913.45,Food,Stressed,2025-01-03,Cause field education child.
42,1011.05,Travel,Happy,2025-01-04,Stuff avoid.
42,884.4,Travel,Neutral,2025-01-05,Him fight american music change.
42,159.62,Travel,Stressed,2025-01-05,Base investment.
42,493.56,Leisure,Neutral,2025-01-05,Section national owner determine detail.
42,250.5,Education,Happy,2025-01-06,Nature country.
42,706.11,Leisure,Happy,2025-01-07,Impact full our smile.
42,598.46,Other,Excited,2025-01-08,Discussion black follow.
42,2376.28,Other,Happy,2025-01-08,Family bill foreign fast knowledge.
42,1379.22,Travel,Neutral,2025-01-09,Item treat area.
42,1500.44,Other,Stressed,2025-01-09,Mind easy foreign old.
42,1354.24,Food,Neutral,2025-01-09,Whether century quality.
42,270.19,Other,Excited,2025-01-09,Money a.
42,879.62,Education,Happy,2025-01-09,Material produce station visit environmental.
42,960.46,Travel,Stressed,2025-01-12,Plant event score official now.
42,1152.94,Leisure,Happy,2025-01-14,Oil per line create build.
42,128.95,Leisure,Happy,2025-01-15,Book economic.
42,146.84,Leisure,Happy,2025-01-15,That reflect send set fly.
42,938.56,Travel,Stressed,2025-01-15,Western tend candidate day.
42,611.13,Leisure,Happy,2025-01-16,Act way beat result major.
42,1361.54,Education,Excited,2025-01-16,Brother let.
42,1185.75,Other,Happy,2025-01-17,At decade really issue.
42,166.46,Leisure,Sad,2025-01-17,First next popular.
42,572.42,Travel,Happy,2025-01-18,Dinner article hit mission whole.
42,11.97,Education,Neutral,2025-01-18,What strong line.
42,267.39,Other,Happy,2025-01-20,Technology pay tree.
42,1803.17,Education,Happy,2025-01-21,Career three according worker democrat.
42,1762.81,Other,Neutral,2025-01-22,Condition again successful.
42,1637.67,Other,Happy,2025-01-23,Build view.
42,1843.63,Other,Neutral,2025-01-23,Eight bed fill.
42,344.76,Food,Happy,2025-01-23,Democrat cost evidence third.
42,356.55,Travel,Stressed,2025-01-25,Within prove full.
42,711.75,Food,Neutral,2025-01-26,Soldier meeting building.
42,1096.0,Travel,Excited,2025-01-26,Call door.
42,342.79,Food,Sad,2025-01-26,To receive education.
42,802.33,Other,Neutral,2025-01-27,Stuff avoid.
42,427.84,Other,Excited,2025-01-27,Language budget market president.
42,466.83,Travel,Sad,2025-01-27,Into notice necessary true message.
42,487.02,Food,Happy,2025-01-28,City offer financial data.
42,1203.26,Travel,Neutral,2025-01-29,Later son almost.
42,765.35,Leisure,Neutral,2025-01-29,Mr suggest issue.
42,2007.07,Education,Excited,2025-01-30,Marriage participant.
43,1251.57,Travel,Excited,2024-08-01,Them key.
43,266.73,Education,Stressed,2024-08-03,Common anyone.
43,1572.02,Leisure,Happy,2024-08-05,Field seat start pm.
43,1619.08,Other,Happy,2024-08-07,Door end fire.
43,220.81,Travel,Neutral,2024-08-08,White measure manager range.
43,518.45,Travel,Sad,2024-08-08,Team republican very plan cut.
43,96.87,Education,Neutral,2024-08-11,Not teach believe month.
43,127.66,Food,Neutral,2024-08-12,Inside big minute.
43,1675.99,Leisure,Neutral,2024-08-14,Machine whatever everything fear walk.
43,868.0,Travel,Excited,2024-08-15,View know develop after.
43,1991.76,Travel,Neutral,2024-08-15,Book toward.
43,948.88,Leisure,Neutral,2024-08-16,Bed report item.
43,1402.27,Travel,Happy,2024-08-17,Career according.
43,1709.57,Education,Stressed,2024-08-19,Age cover foreign.
43,1614.3,Food,Neutral,2024-08-20,Table trade various risk art.
43,1444.4,Education,Sad,2024-08-20,Condition again successful.
43,131.3,Leisure,Neutral,2024-08-20,Doctor mr.
43,444.02,Travel,Neutral,2024-08-20,Democrat cost evidence third.
43,1022.67,Travel,Excited,2024-08-21,Past feeling nature.
43,665.41,Food,Happy,2024-08-21,Scientist i doctor.
43,187.71,Other,Neutral,2024-08-22,Leave opportunity draw during city.
43,860.9,Leisure,Stressed,2024-08-24,Soldier meeting building.
43,116.44,Food,Excited,2024-08-25,Exist professional.
43,635.53,Food,Neutral,2024-08-28,Church community.
43,858.33,Travel,Neutral,2024-08-31,Try wonder move trade.
43,670.09,Travel,Happy,2024-09-02,Bar professor power.
43,42.43,Travel,Happy,2024-09-02,Dog late eat.
43,1474.64,Food,Excited,2024-09-03,Within woman.
43,1593.59,Leisure,Stressed,2024-09-03,Eye something.
43,446.91,Food,Stressed,2024-09-04,You without every.
43,1017.8,Travel,Neutral,2024-09-05,Something population loss physical.
43,1803.43,Other,Happy,2024-09-06,Order his oil west school.
43,653.06,Leisure,Stressed,2024-09-06,Remember ability.
43,480.24,Travel,Neutral,2024-09-08,Benefit suggest page southern.
43,455.48,Education,Excited,2024-09-08,Why outside.
43,769.72,Food,Sad,2024-09-09,Near risk.
43,767.31,Leisure,Excited,2024-09-13,Key place tree.
43,1656.73,Leisure,Sad,2024-09-19,Quite general there sister.
43,279.31,Leisure,Neutral,2024-09-19,Bed food possible represent.
43,950.2,Travel,Sad,2024-09-23,Race return pretty young.
43,1208.88,Travel,Stressed,2024-09-25,Attack mouth rest contain.
43,1043.2,Leisure,Happy,2024-09-30,Dark mr clearly take.
43,203.92,Leisure,Happy,2024-10-01,Worker range feel.
43,750.33,Travel,Stressed,2024-10-01,Yet wish certain usually.
43,175.78,Food,Stressed,2024-10-09,Idea seek.
43,2004.01,Travel,Excited,2024-10-11,Condition again successful.
43,654.45,Travel,Happy,2024-10-12,Range step painting concern.
43,1606.5,Food,Happy,2024-10-13,Above dog brother morning.
43,351.08,Travel,Happy,2024-10-14,Contain threat wrong whatever.
43,1149.43,Leisure,Happy,2024-10-14,Wish candidate have no.
43,149.61,Education,Neutral,2024-10-15,President likely truth animal.
43,1409.36,Travel,Stressed,2024-10-18,Feeling manage as.
43,216.27,Travel,Neutral,2024-10-19,Reduce hour fish him.
43,956.42,Food,Excited,2024-10-19,Maintain assume both long.
43,1146.02,Food,Neutral,2024-10-20,Determine feel article we they.
43,1078.21,Education,Stressed,2024-10-21,Especially unit office almost.
43,1189.23,Education,Neutral,2024-10-24,Pretty least if.
43,616.76,Education,Stressed,2024-10-26,Ever day.
43,364.32,Education,Stressed,2024-10-27,Few spring raise.
43,1529.81,Leisure,Stressed,2024-10-31,Claim move.
43,302.55,Travel,Excited,2024-11-01,Focus indicate result.
43,1907.41,Travel,Sad,2024-11-02,Face his.
43,30.88,Food,Stressed,2024-11-04,Step rate feeling rate.
43,1388.15,Food,Neutral,2024-11-05,Condition all blood.
43,1530.78,Travel,Stressed,2024-11-06,Provide car throughout american.
43,1964.39,Education,Stressed,2024-11-06,Course out second carry.
43,313.64,Leisure,Happy,2024-11-07,Him note painting quickly.
43,1436.36,Education,Stressed,2024-11-07,Provide car throughout american.
43,925.42,Food,Sad,2024-11-07,Management game.
43,938.31,Travel,Sad,2024-11-09,Across involve fall.
43,1250.81,Leisure,Neutral,2024-11-09,Yard foot he share issue.
43,249.42,Other,Neutral,2024-11-10,Stage threat our.
43,1229.36,Other,Excited,2024-11-11,Look fight.
43,803.8,Travel,Excited,2024-11-16,Fear approach take case customer.
43,80.06,Education,Neutral,2024-11-17,Kid industry.
43,1343.46,Education,Excited,2024-11-17,At decade really issue.
43,466.51,Travel,Happy,2024-11-17,Language budget market president.
43,1375.92,Leisure,Excited,2024-11-25,Current hear claim well two.
43,654.78,Travel,Sad,2024-11-29,Discussion black follow.
43,1066.93,Education,Stressed,2024-11-29,Picture approach chance none fight.
43,1284.9,Leisure,Neutral,2024-12-01,Yeah far within.
43,386.52,Other,Excited,2024-12-05,Enter capital population.
43,1151.69,Food,Neutral,2024-12-06,Radio product.
43,311.01,Travel,Happy,2024-12-07,Yeah term.
43,1323.68,Food,Neutral,2024-12-07,Real small.
43,53.94,Travel,Neutral,2024-12-07,Finish without.
43,602.43,Other,Excited,2024-12-07,Believe arrive.
43,74.75,Education,Happy,2024-12-12,Call animal approach factor want.
43,1495.95,Other,Stressed,2024-12-13,Occur live take media hot.
43,1375.89,Leisure,Neutral,2024-12-14,Bill beautiful issue.
43,525.86,Other,Neutral,2024-12-16,Dinner article hit mission whole.
43,1153.36,Travel,Happy,2024-12-16,Arrive society.
43,1086.49,Food,Excited,2024-12-17,Reach under.
43,1146.46,Education,Excited,2024-12-19,Brother let.
43,637.92,Food,Excited,2024-12-19,Moment red eight hand.
43,386.22,Leisure,Neutral,2024-12-20,Check clearly follow remember generation.
43,1543.26,Travel,Neutral,2024-12-20,News need task mind.
43,544.93,Education,Excited,2024-12-21,Each author party full kitchen.
43,2185.16,Other,Neutral,2024-12-22,Difference world deep.
43,919.58,Food,Happy,2024-12-23,Sense including six lot.
43,347.63,Education,Happy,2024-12-23,Something future they red.
43,453.87,Education,Stressed,2024-12-24,Listen whose situation simply officer.
43,302.45,Education,Stressed,2024-12-24,Billion morning draw.
43,515.75,Other,Happy,2024-12-25,Nice maintain present cultural.
43,913.56,Education,Neutral,2024-12-26,Much rich think.
43,1186.38,Education,Stressed,2024-12-27,Quite general there sister.
43,709.35,Food,Sad,2024-12-29,Well left.
43,1219.5,Travel,Sad,2024-12-31,Strategy fight institution.
43,312.44,Food,Happy,2024-12-31,Understand none.
43,18.93,Leisure,Happy,2025-01-02,What strong line.
43,160.08,Travel,Neutral,2025-01-02,While total spend.
43,1851.38,Leisure,Sad,2025-01-02,Nothing behavior sort recognize.
43,1968.8,Other,Sad,2025-01-03,Turn both in animal.
43,1469.43,Other,Happy,2025-01-04,Likely outside because.
43,766.49,Education,Happy,2025-01-07,Nearly want front shake.
43,379.8,Food,Happy,2025-01-11,Water positive child usually.
43,670.07,Food,Stressed,2025-01-12,Require bank child.
43,1532.37,Food,Happy,2025-01-13,Woman whose already.
43,1287.77,Education,Sad,2025-01-13,Race return pretty young.
43,1797.08,Education,Happy,2025-01-15,Enjoy instead dream.
43,1305.95,Other,Happy,2025-01-17,Carry surface learn.
43,622.28,Education,Neutral,2025-01-25,While same budget.
43,948.62,Travel,Neutral,2025-01-25,Material less focus hear.
43,996.43,Education,Excited,2025-01-26,Picture evidence.
43,42.02,Food,Sad,2025-01-27,Be fire.
43,357.55,Food,Neutral,2025-01-27,College manage fund.
43,288.73,Travel,Stressed,2025-01-31,Finally shoulder land.
43,253.99,Travel,Neutral,2025-01-31,Drug happy will young simply.
44,524.95,Education,Excited,2024-08-01,Difference way type positive phone.
44,1769.48,Leisure,Happy,2024-08-02,Child group describe.
44,1757.12,Education,Excited,2024-08-02,Quite general there sister.
44,282.84,Travel,Happy,2024-08-03,Day fact modern.
44,1160.84,Travel,Neutral,2024-08-04,Quite budget window hour some.
44,1132.94,Leisure,Sad,2024-08-04,Local director become.
44,1787.94,Education,Excited,2024-08-06,Law agree appear political.
44,362.35,Travel,Stressed,2024-08-07,Skin name door production back.
44,560.98,Other,Neutral,2024-08-09,Near risk.
44,416.71,Leisure,Neutral,2024-08-09,Election hit yourself wrong want.
44,1887.63,Food,Happy,2024-08-09,At decade really issue.
44,1476.28,Travel,Sad,2024-08-14,Instead ahead despite measure ago.
44,1837.84,Other,Stressed,2024-08-14,Hard knowledge enjoy let.
44,1078.83,Leisure,Neutral,2024-08-17,Ask imagine my.
44,976.59,Leisure,Neutral,2024-08-18,Success here television key.
44,1031.4,Leisure,Excited,2024-08-18,On must certainly.
44,140.87,Travel,Sad,2024-08-19,Cell city not not the.
44,1389.33,Travel,Neutral,2024-08-19,Child group describe.
44,1614.03,Education,Happy,2024-08-22,Conference trade population agreement.
44,467.98,Travel,Sad,2024-08-22,Benefit suggest page southern.
44,1274.72,Travel,Sad,2024-08-22,Nor character recent.
44,733.88,Education,Neutral,2024-08-24,Company option character land space.
44,143.62,Food,Neutral,2024-08-25,Voice american seven discussion.
44,505.47,Food,Happy,2024-08-26,Mention billion bed never others.
44,438.89,Education,Excited,2024-08-26,Fish late pattern.
44,935.52,Leisure,Happy,2024-08-27,Popular available public economy.
44,730.34,Food,Happy,2024-08-27,Sometimes while sense window.
44,32.17,Education,Happy,2024-08-27,In seven building hard.
44,717.38,Education,Stressed,2024-08-28,Small control see the.
44,100.47,Leisure,Happy,2024-08-30,Pressure hospital significant.
44,1394.75,Education,Stressed,2024-08-30,Shake hand hundred now.
44,1386.22,Travel,Neutral,2024-08-30,Gas with policy cut.
44,1309.41,Travel,Neutral,2024-08-30,Dark mr clearly take.
44,489.68,Other,Happy,2024-09-01,Check clearly follow remember generation.
44,1607.35,Education,Neutral,2024-09-02,Reality fill ok list.
44,924.62,Other,Neutral,2024-09-11,Field a spring.
44,1058.03,Travel,Happy,2024-09-12,Discuss wall ahead scene.
44,590.95,Other,Happy,2024-09-12,Ever day.
44,873.71,Food,Excited,2024-09-17,Boy generation.
44,1576.46,Other,Happy,2024-09-18,Art green child movie blue.
44,801.7,Food,Happy,2024-09-20,Able late order.
44,568.45,Leisure,Neutral,2024-09-24,Safe whole establish.
44,608.22,Travel,Excited,2024-09-25,Prove nor design record.
44,118.8,Education,Neutral,2024-09-27,Cell city not not the.
44,1160.52,Other,Happy,2024-09-27,Eye something.
44,151.64,Other,Happy,2024-10-01,Gas human create also.
44,1403.33,Other,Stressed,2024-10-02,Door end fire.
44,547.34,Education,Excited,2024-10-05,Energy always.
44,930.95,Education,Happy,2024-10-06,Field a spring.
44,1375.36,Food,Happy,2024-10-07,Maintain assume both long.
44,437.73,Other,Sad,2024-10-07,Nice maintain present cultural.
44,1071.64,Leisure,Stressed,2024-10-09,Able customer figure.
44,1208.63,Education,Sad,2024-10-12,Ball theory prepare much throughout.
44,1786.01,Leisure,Excited,2024-10-12,Scientist do author.
44,726.69,Education,Happy,2024-10-16,Turn put professional.
44,1758.35,Leisure,Neutral,2024-10-17,Explain research.
44,745.41,Education,Happy,2024-10-18,Month whom stage soon.
44,121.77,Leisure,Stressed,2024-10-20,Worker always hold share.
44,733.58,Other,Happy,2024-10-21,Despite off consumer second.
44,569.36,Leisure,Stressed,2024-10-22,Amount bad raise.
44,504.36,Travel,Stressed,2024-10-25,Identify material.
44,1094.47,Other,Sad,2024-10-27,Manager bar send really.
44,32.93,Leisure,Neutral,2024-10-27,End bit game thousand.
44,1867.32,Education,Sad,2024-10-29,Explain research.
44,1242.58,Education,Happy,2024-10-29,Eye south wife interest.
44,227.38,Travel,Stressed,2024-10-29,Since nothing be apply.
44,1358.84,Education,Happy,2024-10-29,Door end fire.
44,648.17,Food,Happy,2024-10-30,Language budget market president.
44,1696.11,Other,Sad,2024-10-30,Begin treat stage this.
44,1549.77,Leisure,Excited,2024-10-30,Republican reduce sort individual trouble.
44,161.01,Education,Happy,2024-11-01,Wonder long consider care.
44,1153.57,Leisure,Neutral,2024-11-02,Identify say on yes.
44,218.76,Food,Stressed,2024-11-02,Organization visit finally.
44,1782.3,Travel,Happy,2024-11-04,Oil per line create build.
44,746.96,Other,Neutral,2024-11-04,Let stay or focus.
44,635.06,Travel,Stressed,2024-11-05,Way main difficult case.
44,1617.32,Travel,Happy,2024-11-05,Price institution method inside.
44,654.05,Food,Excited,2024-11-06,Go consider century price.
44,874.67,Education,Excited,2024-11-08,Property let.
44,116.47,Food,Neutral,2024-11-08,Organization ten seem.
44,883.95,Travel,Neutral,2024-11-09,Company option character land space.
44,1224.75,Education,Sad,2024-11-11,Start house ahead raise.
44,176.43,Leisure,Neutral,2024-11-11,Technology tend.
44,948.74,Food,Neutral,2024-11-12,Executive beyond create dinner conference.
44,854.81,Education,Sad,2024-11-14,Keep cut prevent sound.
44,1288.35,Education,Excited,2024-11-14,Brother southern project learn.
44,1386.62,Other,Sad,2024-11-16,Opportunity lead see.
44,1897.62,Other,Neutral,2024-11-16,Space game truth special decision.
44,877.47,Travel,Happy,2024-11-16,Couple city you level.
44,1023.91,Travel,Neutral,2024-11-19,Goal talk sit party.
44,614.49,Education,Stressed,2024-11-20,Program decade home which view.
44,603.22,Leisure,Happy,2024-11-21,Section national owner determine detail.
44,1444.16,Food,Happy,2024-11-25,Lose modern return simple herself.
44,798.75,Travel,Neutral,2024-11-26,Material produce station visit environmental.
44,775.77,Education,Neutral,2024-11-26,Able customer figure.
44,179.11,Other,Excited,2024-11-28,Yeah term.
44,946.16,Food,Sad,2024-11-28,Owner memory argue project.
44,537.59,Travel,Stressed,2024-11-29,Professor beat window.
44,1318.01,Food,Happy,2024-11-29,Billion land detail exist cover.
44,308.3,Travel,Neutral,2024-11-30,She join house.
44,112.6,Education,Neutral,2024-12-02,Example decision garden.
44,722.71,Food,Happy,2024-12-03,Simply century the.
44,1333.12,Travel,Happy,2024-12-03,People tend weight machine.
44,771.29,Leisure,Stressed,2024-12-06,Finally relate model.
44,316.65,Food,Neutral,2024-12-07,Sort knowledge analysis together court.
44,1394.65,Other,Stressed,2024-12-07,Child group describe.
44,649.29,Education,Happy,2024-12-08,Begin deep police wife.
44,829.02,Other,Happy,2024-12-10,Difficult quite act receive stage.
44,932.25,Leisure,Excited,2024-12-12,Past product make of group.
44,1192.69,Travel,Stressed,2024-12-16,Red head window be.
44,839.99,Education,Sad,2024-12-17,Able customer figure.
44,273.42,Travel,Neutral,2024-12-18,Money a.
44,1372.69,Other,Stressed,2024-12-20,Control bill.
44,1351.3,Education,Happy,2024-12-20,Tree imagine machine.
44,112.74,Other,Neutral,2024-12-22,Teach cause mrs.
44,805.04,Education,Excited,2024-12-24,Like clear.
44,2149.59,Education,Happy,2024-12-25,Hair attorney professional.
44,1418.78,Leisure,Stressed,2024-12-26,Brother southern project learn.
44,1022.51,Leisure,Neutral,2025-01-01,North question new.
44,1901.16,Travel,Happy,2025-01-05,Opportunity lead see.
44,942.99,Education,Happy,2025-01-05,Score moment second.
44,56.95,Education,Excited,2025-01-05,People newspaper stay.
44,1389.15,Travel,Excited,2025-01-06,Nearly care base.
44,977.26,Food,Happy,2025-01-06,Tough animal someone.
44,1614.22,Other,Neutral,2025-01-07,Price institution method inside.
44,1764.23,Travel,Neutral,2025-01-10,Paper memory history office.
44,766.12,Leisure,Excited,2025-01-10,These road.
44,1456.63,Travel,Excited,2025-01-11,Provide car throughout american.
44,819.54,Other,Neutral,2025-01-11,Never effect fill general relationship.
44,980.83,Travel,Neutral,2025-01-14,Sell only manage.
44,1339.98,Education,Happy,2025-01-14,Win group important civil nature.
44,209.1,Food,Stressed,2025-01-14,Focus indicate result.
44,897.53,Leisure,Neutral,2025-01-16,Nation politics few each southern.
44,918.81,Other,Happy,2025-01-18,General agency bit.
44,1142.01,Food,Neutral,2025-01-19,Citizen kid generation onto police.
44,210.84,Travel,Happy,2025-01-20,Apply less.
44,203.6,Education,Neutral,2025-01-26,Since nothing be apply.
44,1406.11,Education,Happy,2025-01-27,Forward sense cause write right.
44,881.59,Education,Stressed,2025-01-27,State none production defense your.
44,1126.23,Other,Happy,2025-01-27,Yeah far within.
44,462.17,Education,Happy,2025-01-29,Indeed believe interview professor.
45,835.38,Travel,Stressed,2024-08-02,Western tend candidate day.
45,1707.05,Education,Neutral,2024-08-02,Leg sport until argue.
45,441.36,Food,Happy,2024-08-02,Hope floor include.
45,254.31,Other,Neutral,2024-08-03,Worker range feel.
45,1092.68,Leisure,Happy,2024-08-03,Leg themselves away.
45,226.02,Travel,Neutral,2024-08-03,Say other never fact.
45,392.86,Travel,Happy,2024-08-04,Minute question their rather.
45,507.69,Other,Excited,2024-08-05,Statement available win politics.
45,1589.74,Education,Happy,2024-08-06,Plant event score official now.
45,758.21,Leisure,Sad,2024-08-06,Bar professor power.
45,1742.02,Education,Neutral,2024-08-07,Even beautiful.
45,1564.58,Food,Neutral,2024-08-08,Bill beautiful issue.
45,155.46,Food,Sad,2024-08-09,Sing message board mean.
45,1257.34,Other,Sad,2024-08-09,Picture early send morning.
45,165.33,Leisure,Happy,2024-08-11,Later week democratic few.
45,375.31,Education,Happy,2024-08-13,After sister should across treatment.
45,718.28,Education,Happy,2024-08-13,Future treat bill choice.
45,118.16,Travel,Happy,2024-08-16,Organization ten seem.
45,1725.66,Education,Neutral,2024-08-17,Task improve fish.
45,88.02,Education,Sad,2024-08-18,Position interest.
45,1412.76,Leisure,Sad,2024-08-18,Likely outside because.
45,1045.57,Education,Happy,2024-08-19,Seven here sell story.
45,1038.9,Travel,Neutral,2024-08-19,Feel color price next.
45,758.0,Education,Sad,2024-08-20,Soldier meeting building.
45,1503.22,Other,Excited,2024-08-21,Law agree appear political.
45,1812.84,Travel,Happy,2024-08-23,Turn both in animal.
45,103.35,Food,Stressed,2024-08-24,Card star avoid nothing.
45,636.62,Food,Happy,2024-08-24,Recent couple cost girl run.
45,1305.08,Leisure,Neutral,2024-08-24,Past product make of group.
45,1142.85,Leisure,Stressed,2024-08-24,Authority number.
45,1266.66,Education,Neutral,2024-08-25,Report agreement sport.
45,34.25,Education,Stressed,2024-08-26,Receive case past only drug.
45,1830.7,Food,Neutral,2024-08-27,Network outside parent.
45,1289.76,Food,Happy,2024-08-27,Quite response.
45,1239.55,Leisure,Neutral,2024-08-27,Expect writer myself management.
45,1535.34,Leisure,Happy,2024-08-27,Voice boy wife condition.
45,993.09,Food,Happy,2024-08-28,Stuff avoid.
45,1087.75,Food,Neutral,2024-08-29,Scientist do author.
45,481.56,Food,Neutral,2024-08-31,Election hit yourself wrong want.
45,942.41,Food,Neutral,2024-09-01,Try wonder move trade.
45,1497.31,Travel,Happy,2024-09-01,Different international sell several.
45,1097.24,Education,Stressed,2024-09-02,With young think there assume.
45,15.5,Leisure,Neutral,2024-09-02,Strong mind from.
45,1620.14,Education,Happy,2024-09-03,Trip determine as statement.
45,848.21,Travel,Neutral,2024-09-03,Check purpose young.
45,191.77,Other,Happy,2024-09-05,Stage threat our.
45,129.27,Food,Happy,2024-09-06,Relate day.
45,1685.06,Leisure,Happy,2024-09-06,Court movie cell.
45,222.06,Other,Stressed,2024-09-07,Employee become happy water bring.
45,1740.59,Education,Excited,2024-09-07,As throughout individual list manager.
45,328.3,Food,Neutral,2024-09-09,Evidence conference capital office.
45,1171.06,Travel,Sad,2024-09-09,American audience fight war whether.
45,378.44,Education,Sad,2024-09-10,As high you more wife.
45,584.03,Travel,Excited,2024-09-11,Bed recognize store.
45,606.94,Education,Happy,2024-09-14,Moment red eight hand.
45,295.93,Other,Happy,2024-09-15,Care drug data position two.
45,493.42,Leisure,Happy,2024-09-16,Section national owner determine detail.
45,1319.38,Travel,Excited,2024-09-17,Quality throughout.
45,490.38,Education,Neutral,2024-09-18,Water positive child usually.
45,1078.73,Leisure,Neutral,2024-09-20,Truth during always those high.
45,932.82,Travel,Stressed,2024-09-20,Soldier meeting building.
45,552.29,Education,Happy,2024-09-22,City offer financial data.
45,1268.62,Education,Stressed,2024-09-23,Wrong difficult.
45,517.74,Education,Neutral,2024-09-23,Personal often.
45,171.06,Other,Neutral,2024-09-23,Teach cause mrs.
45,928.07,Education,Stressed,2024-09-24,White fire cause everybody.
45,1155.4,Other,Stressed,2024-09-24,Arrive society.
45,748.52,Travel,Happy,2024-09-24,Not friend federal forget bit.
45,666.92,Food,Stressed,2024-09-25,Agreement red way nor none.
45,1183.27,Food,Happy,2024-09-25,Three certain.
45,1196.86,Food,Stressed,2024-09-26,Participant price.
45,289.32,Food,Stressed,2024-09-27,Note discuss discussion reach grow.
45,893.14,Travel,Sad,2024-09-27,Sit enter perhaps however.
45,43.0,Food,Stressed,2024-09-29,Huge response long.
45,235.92,Other,Happy,2024-09-29,Billion morning draw.
45,751.33,Other,Neutral,2024-09-30,Believe product eat generation put.
45,1139.77,Other,Happy,2024-10-01,Field seat start pm.
45,1407.68,Food,Neutral,2024-10-01,Item treat area.
45,1827.46,Travel,Neutral,2024-10-02,Born itself law west.
45,203.6,Travel,Happy,2024-10-04,Maintain former campaign pretty beyond.
45,2071.71,Other,Neutral,2024-10-04,Rate society floor long same.
45,1431.71,Food,Stressed,2024-10-06,Because career course.
45,1611.9,Travel,Excited,2024-10-07,Yes at seat ok.
45,1169.35,Leisure,Sad,2024-10-07,Activity decide really go.
45,591.52,Food,Neutral,2024-10-07,Amount bad raise.
45,1421.33,Leisure,Sad,2024-10-08,Sell only manage.
45,601.59,Food,Neutral,2024-10-08,Almost outside middle.
45,529.5,Leisure,Neutral,2024-10-09,Management sense technology check civil.
45,1346.5,Food,Excited,2024-10-10,Hard knowledge enjoy let.
45,1552.5,Education,Neutral,2024-10-10,Turn both in animal.
45,1286.13,Leisure,Stressed,2024-10-11,Story case.
45,193.92,Other,Happy,2024-10-12,Pressure hospital significant.
45,469.55,Travel,Happy,2024-10-12,Indicate herself.
45,1099.55,Food,Stressed,2024-10-15,This manage her.
45,1816.42,Travel,Sad,2024-10-16,Police two.
45,1306.32,Food,Happy,2024-10-16,Price institution method inside.
45,2053.51,Education,Excited,2024-10-16,Case expert stop.
45,788.98,Leisure,Happy,2024-10-17,None whose.
45,1237.79,Food,Stressed,2024-10-17,Food affect upon these story.
45,712.14,Travel,Stressed,2024-10-19,Amount bad raise.
45,201.54,Food,Excited,2024-10-20,Say other never fact.
45,1342.44,Leisure,Stressed,2024-10-20,As throughout individual list manager.
45,1321.13,Other,Neutral,2024-10-21,Feeling manage as.
45,298.18,Leisure,Stressed,2024-10-21,True culture.
45,139.93,Leisure,Neutral,2024-10-21,Maintain former campaign pretty beyond.
45,227.47,Travel,Excited,2024-10-22,Democrat hundred.
45,1883.58,Travel,Neutral,2024-10-23,Think live bad total research.
45,1160.93,Leisure,Sad,2024-10-27,Something story attorney summer.
45,617.88,Education,Neutral,2024-10-30,Stage someone for power.
45,1257.43,Other,Happy,2024-10-30,Remember nearly face feel.
45,1047.78,Education,Excited,2024-10-30,Sure i pay.
45,199.01,Travel,Excited,2024-10-31,Democrat hundred.
45,262.8,Food,Neutral,2024-11-02,Onto site both change note.
45,796.03,Education,Neutral,2024-11-02,Fact reason make office.
45,232.56,Other,Excited,2024-11-03,Voice american seven discussion.
45,343.8,Food,Stressed,2024-11-04,Mean common.
45,1217.07,Travel,Neutral,2024-11-04,With young think there assume.
45,553.89,Other,Happy,2024-11-04,Image movie who debate.
45,208.59,Leisure,Happy,2024-11-05,Good anything manager think pressure.
45,1081.54,Leisure,Happy,2024-11-05,Test they there.
45,1360.78,Food,Neutral,2024-11-06,Current after charge.
45,145.49,Leisure,Happy,2024-11-06,Kid put memory soldier.
45,1464.72,Leisure,Happy,2024-11-09,Be plan same cause.
45,164.08,Food,Neutral,2024-11-09,Organization visit finally.
45,510.24,Other,Sad,2024-11-10,Indeed believe interview professor.
45,988.08,Travel,Stressed,2024-11-11,Miss reduce animal clearly cell.
45,856.68,Food,Happy,2024-11-11,Above company media next me.
45,1081.16,Travel,Stressed,2024-11-11,My serious whatever miss seek.
45,172.37,Food,Sad,2024-11-12,Specific whose.
45,1639.58,Leisure,Neutral,2024-11-13,Research visit program suddenly doctor.
45,1242.9,Education,Excited,2024-11-14,Nor character recent.
45,1856.78,Other,Stressed,2024-11-17,Price my.
45,1813.11,Travel,Neutral,2024-11-17,Nothing behavior sort recognize.
45,771.22,Travel,Happy,2024-11-18,Fall care.
45,1028.53,Travel,Sad,2024-11-18,Citizen kid generation onto police.
45,1677.65,Education,Neutral,2024-11-19,Improve simple turn.
45,66.24,Other,Sad,2024-11-20,Really society live camera.
45,1426.18,Travel,Stressed,2024-11-24,Walk cup option store.
45,528.42,Travel,Neutral,2024-11-24,Company left nothing trip.
45,1300.29,Other,Happy,2024-11-24,Option goal avoid.
45,1031.02,Leisure,Excited,2024-11-24,Mr suggest issue.
45,1243.86,Other,Happy,2024-11-26,Investment local above move.
45,246.53,Food,Neutral,2024-11-26,Else easy point she.
45,778.26,Travel,Neutral,2024-11-26,Sell include himself produce.
45,1376.86,Education,Happy,2024-11-28,Magazine degree husband around.
45,1232.38,Education,Happy,2024-11-28,On someone rise read.
45,989.42,Other,Stressed,2024-11-30,Forget once hope security.
45,1439.62,Education,Sad,2024-12-01,Picture approach chance none fight.
45,681.25,Other,Happy,2024-12-02,Tell brother defense list second.
45,242.72,Travel,Happy,2024-12-02,Anyone spend them system.
45,350.46,Travel,Neutral,2024-12-02,Capital program story mention majority.
45,311.24,Leisure,Stressed,2024-12-05,Common anyone.
45,1361.41,Other,Sad,2024-12-05,Art green child movie blue.
45,1327.41,Food,Neutral,2024-12-05,Five store ask data.
45,591.07,Food,Neutral,2024-12-06,Receive to piece.
45,281.06,Food,Neutral,2024-12-08,Main board population.
45,453.55,Food,Excited,2024-12-08,Policy mrs.
45,766.85,Travel,Excited,2024-12-10,Past feeling nature.
45,465.19,Other,Sad,2024-12-11,What than political up instead.
45,679.87,Leisure,Neutral,2024-12-12,Like clear.
45,551.02,Other,Sad,2024-12-12,By field move.
45,644.03,Other,Neutral,2024-12-14,Require bank child.
45,1092.2,Other,Stressed,2024-12-15,Hand so add mr lawyer.
45,204.16,Travel,Stressed,2024-12-16,Else easy point she.
45,578.73,Food,Happy,2024-12-16,Indicate herself.
45,1591.4,Food,Neutral,2024-12-19,Down occur.
45,1180.55,Travel,Excited,2024-12-20,Language however risk work.
45,1478.11,Leisure,Happy,2024-12-21,Democratic station course full.
45,410.83,Leisure,Neutral,2024-12-22,City offer financial data.
45,1233.99,Leisure,Neutral,2024-12-24,Price institution method inside.
45,503.9,Leisure,Stressed,2024-12-24,Quickly new another general poor.
45,95.11,Education,Excited,2024-12-25,Anyone here deep.
45,1646.22,Food,Excited,2024-12-26,Firm financial.
45,513.75,Other,Excited,2024-12-28,Gas contain interest industry sell.
45,1313.05,Education,Happy,2024-12-30,Thousand live land hard.
45,84.5,Other,Stressed,2025-01-01,Recognize media goal.
45,1250.65,Leisure,Neutral,2025-01-01,Three certain.
45,137.97,Other,Happy,2025-01-02,Beautiful beyond sell.
45,864.86,Food,Stressed,2025-01-03,Stuff avoid.
45,1616.7,Education,Sad,2025-01-03,Car much will.
45,2096.25,Other,Sad,2025-01-06,Order his oil west school.
45,1838.95,Food,Neutral,2025-01-07,Provide car throughout american.
45,321.36,Food,Neutral,2025-01-08,Instead writer.
45,470.55,Other,Neutral,2025-01-09,Way cold.
45,207.44,Other,Neutral,2025-01-09,Reduce hour fish him.
45,546.68,Leisure,Happy,2025-01-10,Management sense technology check civil.
45,612.41,Education,Neutral,2025-01-10,Include record security.
45,1974.95,Other,Neutral,2025-01-11,Development provide dark daughter.
45,1817.05,Food,Happy,2025-01-13,Hair attorney professional.
45,1883.92,Leisure,Neutral,2025-01-14,Course out second carry.
45,114.84,Travel,Happy,2025-01-15,Evidence enough claim suffer.
45,940.35,Travel,Excited,2025-01-15,Able late order.
45,2379.1,Food,Happy,2025-01-16,Likely outside because.
45,1482.22,Leisure,Happy,2025-01-16,Them key.
45,923.27,Food,Happy,2025-01-19,Never effect fill general relationship.
45,789.04,Food,Happy,2025-01-19,Heart determine likely.
45,992.83,Education,Sad,2025-01-22,Stage someone for power.
45,1023.09,Leisure,Sad,2025-01-23,Guess service this different.
45,712.29,Food,Neutral,2025-01-24,Draw police.
45,95.43,Education,Happy,2025-01-24,We cold deep.
45,348.1,Other,Neutral,2025-01-24,Peace wind guess.
45,990.91,Travel,Happy,2025-01-25,Against only.
45,1069.66,Food,Happy,2025-01-25,Exist theory.
45,561.14,Travel,Happy,2025-01-26,Determine not view cell seat.
45,948.86,Travel,Neutral,2025-01-29,Tree note responsibility.
45,1516.47,Other,Neutral,2025-01-29,Walk cup option store.
45,400.72,Education,Happy,2025-01-29,Window music evening know.
45,616.32,Leisure,Neutral,2025-01-31,Leave run goal cause.
45,477.86,Other,Sad,2025-01-31,Section national owner determine detail.
46,1248.66,Education,Neutral,2024-08-01,Real small.
46,2180.02,Travel,Neutral,2024-08-01,Reality fill ok list.
46,403.13,Education,Neutral,2024-08-02,Understand none.
46,1195.36,Education,Neutral,2024-08-03,Car indeed nor next.
46,639.93,Other,Happy,2024-08-03,Gas contain interest industry sell.
46,548.33,Other,Happy,2024-08-05,Likely push.
46,1041.31,Travel,Neutral,2024-08-06,Why station manager.
46,624.03,Other,Stressed,2024-08-07,Despite energy company.
46,1598.83,Travel,Excited,2024-08-08,Need finally when.
46,1109.1,Leisure,Stressed,2024-08-08,Option goal avoid.
46,870.35,Other,Happy,2024-08-10,Especially unit office almost.
46,944.96,Leisure,Neutral,2024-08-13,Road product wait.
46,280.79,Education,Sad,2024-08-14,Major bar air set.
46,1515.39,Education,Neutral,2024-08-14,Soon including important.
46,195.72,Education,Stressed,2024-08-14,Wonder long consider care.
46,1015.19,Food,Neutral,2024-08-15,Beat light the window.
46,1479.76,Food,Stressed,2024-08-16,Do interesting material.
46,608.1,Other,Stressed,2024-08-17,So draw food company.
46,1214.12,Leisure,Neutral,2024-08-21,Talk interest hand.
46,647.68,Food,Neutral,2024-08-22,Dinner article hit mission whole.
46,2050.97,Travel,Happy,2024-08-23,Participant price.
46,445.78,Travel,Sad,2024-08-25,Throughout leader bag.
46,233.96,Travel,Happy,2024-08-25,Fear song save.
46,450.32,Leisure,Happy,2024-08-25,Leader operation mean white.
46,1290.06,Food,Stressed,2024-08-26,Third letter sort reveal seven.
46,936.0,Leisure,Happy,2024-08-26,Feel color price next.
46,1311.91,Travel,Neutral,2024-08-26,Career surface these ahead.
46,963.34,Leisure,Neutral,2024-08-26,Finish increase economy middle public.
46,355.92,Leisure,Neutral,2024-08-26,Economic box save.
46,434.27,Education,Stressed,2024-08-27,Energy always.
46,936.04,Travel,Neutral,2024-08-29,Talk interest hand.
46,471.36,Food,Neutral,2024-08-29,Image movie who debate.
46,939.63,Food,Stressed,2024-08-30,Real know our any.
46,559.34,Food,Happy,2024-08-30,Together let.
46,296.21,Education,Excited,2024-09-01,Instead writer.
46,326.86,Education,Happy,2024-09-02,Day already hold.
46,1493.24,Travel,Happy,2024-09-04,Brother let.
46,724.82,Leisure,Sad,2024-09-05,Investment pass drive.
46,630.7,Other,Sad,2024-09-05,Message seek civil all.
46,1245.54,Food,Sad,2024-09-06,Party employee nature down.
46,1018.75,Travel,Stressed,2024-09-06,Miss have analysis morning.
46,1254.9,Food,Excited,2024-09-07,Something population loss physical.
46,391.4,Education,Neutral,2024-09-07,Pass range appear home player.
46,1030.61,Food,Stressed,2024-09-07,Challenge large wish move.
46,1768.98,Food,Stressed,2024-09-09,Above others.
46,661.69,Travel,Sad,2024-09-12,Near risk.
46,298.8,Travel,Happy,2024-09-13,Fear yourself last.
46,1452.22,Leisure,Neutral,2024-09-13,Positive question especially.
46,1161.72,Food,Sad,2024-09-13,Picture approach chance none fight.
46,1399.69,Other,Neutral,2024-09-13,Listen against coach.
46,364.4,Leisure,Stressed,2024-09-14,Long identify road speech.
46,1228.24,Travel,Happy,2024-09-17,Perhaps order answer blue structure.
46,561.63,Food,Happy,2024-09-18,Describe paper.
46,314.01,Leisure,Excited,2024-09-21,Group never.
46,441.97,Education,Neutral,2024-09-21,Few spring raise.
46,1329.06,Leisure,Sad,2024-09-25,Course out second carry.
46,742.89,Travel,Stressed,2024-09-26,Left available.
46,618.86,Food,Happy,2024-09-26,Resource road do.
46,1138.08,Other,Excited,2024-09-27,Three certain.
46,36.36,Other,Neutral,2024-09-28,Money modern receive partner.
46,1093.81,Other,Happy,2024-09-30,Something story attorney summer.
46,1023.89,Education,Excited,2024-10-03,Choice father why often.
46,19.78,Education,Happy,2024-10-03,Strong mind from.
46,1913.89,Travel,Happy,2024-10-03,Authority number.
46,753.48,Leisure,Neutral,2024-10-04,Moment red eight hand.
46,153.68,Travel,Stressed,2024-10-04,While total spend.
46,411.48,Other,Neutral,2024-10-06,Country little reality level.
46,178.57,Food,Sad,2024-10-07,Boy different chance enter.
46,662.41,Travel,Neutral,2024-10-08,Old wall report purpose.
46,1509.74,Leisure,Neutral,2024-10-09,Available defense.
46,1502.06,Other,Stressed,2024-10-09,Billion land detail exist cover.
46,2317.9,Food,Happy,2024-10-09,List leg address into their.
46,678.45,Other,Stressed,2024-10-10,Management game.
46,173.79,Leisure,Sad,2024-10-10,Mission put budget house.
46,1579.53,Other,Happy,2024-10-12,Wrong difficult.
46,33.86,Food,Happy,2024-10-13,In seven building hard.
46,579.87,Food,Happy,2024-10-13,Big the cost for leader.
46,1347.95,Food,Neutral,2024-10-13,Girl suddenly.
46,521.53,Food,Neutral,2024-10-14,Scientist i doctor.
46,1071.31,Travel,Happy,2024-10-15,Material produce station visit environmental.
46,696.71,Food,Stressed,2024-10-15,Daughter war.
46,788.65,Other,Happy,2024-10-16,Finish thing.
46,1314.27,Education,Neutral,2024-10-16,Occur live take media hot.
46,1051.89,Education,Neutral,2024-10-17,Heavy law church.
46,1317.86,Other,Excited,2024-10-17,Significant up still management.
46,334.09,Travel,Happy,2024-10-17,Network never.
46,1521.4,Leisure,Happy,2024-10-17,Begin treat stage this.
46,703.0,Food,Happy,2024-10-17,Military onto blue activity.
46,1398.56,Food,Happy,2024-10-18,Within set region beyond.
46,1114.74,Food,Sad,2024-10-18,Machine whatever everything fear walk.
46,1409.77,Travel,Stressed,2024-10-19,Thousand live land hard.
46,424.68,Education,Neutral,2024-10-24,Window research his.
46,255.13,Education,Excited,2024-10-25,Letter environment easy.
46,632.38,Education,Excited,2024-10-25,Industry impact certainly.
46,1621.69,Other,Stressed,2024-10-25,Much section investment on gun.
46,946.27,Leisure,Stressed,2024-10-28,Change she tonight.
46,741.53,Leisure,Sad,2024-10-30,First blood accept final.
46,967.19,Travel,Happy,2024-10-30,Reflect star.
46,869.13,Education,Stressed,2024-10-31,Its develop until watch.
46,564.94,Travel,Happy,2024-11-01,Finish thing.
46,1230.48,Leisure,Happy,2024-11-03,Behind front attack song little.
46,1406.1,Travel,Neutral,2024-11-04,Choice father why often.
46,1262.73,Food,Neutral,2024-11-05,Four field area young.
46,1506.01,Education,Happy,2024-11-05,Eye south wife interest.
46,1619.8,Education,Stressed,2024-11-09,People education great.
46,1693.16,Education,Happy,2024-11-09,Within woman.
46,371.63,Travel,Happy,2024-11-12,Along hard need involve among.
46,323.54,Other,Stressed,2024-11-15,Place offer.
46,1023.93,Education,Happy,2024-11-16,Size sing tree kitchen.
46,1444.18,Food,Happy,2024-11-16,Buy tax.
46,1272.51,Travel,Stressed,2024-11-17,Either rich agency might.
46,1115.58,Education,Neutral,2024-11-17,Quite budget window hour some.
46,589.07,Travel,Neutral,2024-11-17,Beat light the window.
46,1431.0,Leisure,Neutral,2024-11-18,Forward sense cause write right.
46,829.23,Education,Neutral,2024-11-18,Pattern ahead compare form full.
46,981.13,Food,Happy,2024-11-19,Draw police.
46,503.4,Education,Sad,2024-11-19,Window research his.
46,814.64,Leisure,Happy,2024-11-19,Training occur could painting.
46,799.3,Other,Neutral,2024-11-19,Soldier meeting building.
46,1016.16,Education,Excited,2024-11-22,Road product wait.
46,1484.77,Food,Neutral,2024-11-22,Door management guess.
46,465.62,Other,Stressed,2024-11-24,Daughter war.
46,1452.4,Food,Happy,2024-11-25,Ahead certainly second everyone.
46,1685.28,Food,Happy,2024-11-26,Down occur.
46,537.62,Food,Excited,2024-11-26,How any federal star.
46,885.18,Food,Neutral,2024-11-26,Real know our any.
46,1371.61,Food,Stressed,2024-11-27,Condition again successful.
46,962.31,Other,Stressed,2024-11-27,Agreement someone.
46,115.54,Education,Neutral,2024-11-27,Heavy what least mouth national.
46,1577.71,Travel,Neutral,2024-11-28,Well mission situation result.
46,1332.56,Leisure,Happy,2024-11-28,Plant event score official now.
46,142.41,Education,Happy,2024-11-28,Somebody son suddenly perform.
46,246.59,Other,Stressed,2024-11-30,Along hard need involve among.
46,393.7,Leisure,Excited,2024-11-30,Act way beat result major.
46,496.24,Leisure,Sad,2024-12-01,Support possible.
46,285.19,Leisure,Happy,2024-12-01,Leave opportunity draw during city.
46,1125.05,Food,Happy,2024-12-02,Call whole.
46,257.9,Travel,Sad,2024-12-02,Science drug.
46,106.73,Leisure,Excited,2024-12-04,That reflect send set fly.
46,1109.54,Other,Sad,2024-12-05,Mind door authority outside.
46,938.15,Travel,Happy,2024-12-05,None pressure lay future stay.
46,1025.77,Other,Excited,2024-12-07,Wide cut player wind.
46,1254.95,Travel,Happy,2024-12-07,You ready way rule.
46,96.59,Leisure,Sad,2024-12-07,Strategy face make.
46,859.97,Leisure,Stressed,2024-12-09,Sometimes while sense window.
46,1165.17,Other,Stressed,2024-12-11,Fact huge fight.
46,1152.43,Travel,Stressed,2024-12-11,Wear use edge this draw.
46,203.65,Leisure,Happy,2024-12-12,Pretty section degree still.
46,1817.21,Food,Neutral,2024-12-12,Save network item one under.
46,924.62,Education,Stressed,2024-12-13,Scene almost leave.
46,872.68,Other,Happy,2024-12-14,Network available mean share.
46,1296.29,Leisure,Stressed,2024-12-18,Approach side model you billion.
46,654.92,Travel,Happy,2024-12-18,As music film move.
46,1740.7,Food,Neutral,2024-12-22,Exist theory.
46,377.06,Education,Stressed,2024-12-22,Effect cultural.
46,1136.5,Education,Stressed,2024-12-23,Attack mouth rest contain.
46,1194.65,Leisure,Happy,2024-12-23,Billion land detail exist cover.
46,971.1,Education,Happy,2024-12-23,Hear officer.
46,113.63,Education,Happy,2024-12-23,Doctor mr.
46,753.36,Leisure,Happy,2024-12-24,Guess service this different.
46,11.24,Education,Happy,2024-12-26,Office of remember individual.
46,1900.08,Other,Happy,2024-12-27,Moment eat personal.
46,1318.8,Travel,Neutral,2024-12-27,Million kind everything young.
46,464.26,Other,Neutral,2024-12-27,Support possible.
46,78.08,Other,Happy,2024-12-28,Anyone here deep.
46,212.76,Education,Neutral,2024-12-29,Unit again easy morning four.
46,625.68,Education,Neutral,2024-12-29,Never effect fill general relationship.
46,1407.28,Food,Stressed,2024-12-30,Face build market.
46,223.11,Leisure,Neutral,2024-12-31,Organization visit finally.
46,790.86,Leisure,Neutral,2024-12-31,Their off.
46,563.6,Food,Happy,2025-01-02,Fear fact.
46,178.56,Food,Excited,2025-01-04,Herself police he push likely.
46,389.21,Other,Excited,2025-01-06,Human public health.
46,1452.55,Other,Stressed,2025-01-07,By two bad fall pick.
46,1230.34,Travel,Stressed,2025-01-07,Boy generation.
46,1006.46,Education,Excited,2025-01-08,Their off.
46,779.01,Food,Neutral,2025-01-11,White fire cause everybody.
46,423.41,Travel,Stressed,2025-01-13,Law read citizen.
46,1551.24,Other,Stressed,2025-01-13,Too song quality per build.
46,1180.68,Education,Excited,2025-01-14,Compare system white magazine after.
46,792.83,Other,Happy,2025-01-16,Likely scientist.
46,1276.83,Travel,Neutral,2025-01-16,Forget once hope security.
46,1428.23,Education,Happy,2025-01-17,Research visit program suddenly doctor.
46,356.67,Food,Neutral,2025-01-17,Until truth feeling view.
46,745.09,Education,Neutral,2025-01-18,Give white everybody paper create.
46,1201.88,Travel,Excited,2025-01-18,Bed report item.
46,2127.55,Other,Happy,2025-01-18,Which raise american truth.
46,1218.0,Food,Stressed,2025-01-19,Car much will.
46,1039.28,Travel,Sad,2025-01-20,Particularly score order modern.
46,325.39,Leisure,Neutral,2025-01-21,Instead writer.
46,1160.1,Leisure,Neutral,2025-01-21,Heavy law church.
46,1161.9,Food,Happy,2025-01-22,Kind appear environment capital explain.
46,609.23,Food,Neutral,2025-01-22,Week yourself public especially american.
46,2034.18,Leisure,Stressed,2025-01-22,Enter threat economic.
46,753.07,Travel,Excited,2025-01-22,Five indicate chance heavy senior.
46,955.95,Education,Excited,2025-01-22,Development the inside thought.
46,509.4,Travel,Happy,2025-01-23,Floor there career.
46,789.14,Travel,Happy,2025-01-24,Begin hundred truth.
46,802.1,Leisure,Neutral,2025-01-24,Central contain pattern education boy.
46,610.83,Leisure,Stressed,2025-01-25,Near risk.
46,79.37,Leisure,Happy,2025-01-25,Heavy what least mouth national.
46,526.73,Food,Sad,2025-01-26,Allow girl team simply lead.
46,539.79,Education,Stressed,2025-01-27,Couple general pretty show.
46,423.3,Leisure,Stressed,2025-01-27,Fall analysis.
46,628.22,Travel,Stressed,2025-01-27,Future treat bill choice.
46,1316.54,Other,Happy,2025-01-27,Economic represent stock.
46,2023.54,Other,Neutral,2025-01-28,Within set region beyond.
46,1015.79,Leisure,Sad,2025-01-29,Analysis hair rest wide.
46,1633.1,Leisure,Stressed,2025-01-30,Southern front.
46,644.64,Food,Happy,2025-01-31,Go exactly much food region.
47,684.56,Travel,Excited,2024-08-03,Military onto blue activity.
47,2508.43,Travel,Excited,2024-08-03,Account ten sing.
47,195.15,Travel,Happy,2024-08-04,Beautiful beyond sell.
47,1620.84,Travel,Stressed,2024-08-06,Report agreement sport.
47,553.81,Food,Excited,2024-08-06,Leader operation mean white.
47,1815.29,Food,Neutral,2024-08-07,There decision measure.
47,1239.41,Travel,Happy,2024-08-07,Activity decide really go.
47,1343.93,Travel,Excited,2024-08-08,Republican reduce sort individual trouble.
47,776.84,Leisure,Neutral,2024-08-09,Cut yard knowledge.
47,331.12,Other,Neutral,2024-08-09,Board its.
47,216.88,Food,Excited,2024-08-10,Major bar air set.
47,762.14,Education,Excited,2024-08-10,Let stay or focus.
47,323.03,Food,Neutral,2024-08-11,Bed far section.
47,23.65,Other,Stressed,2024-08-14,Skill successful and.
47,33.79,Education,Neutral,2024-08-14,In seven building hard.
47,1661.29,Leisure,Neutral,2024-08-14,Forward would finish around.
47,906.32,Food,Stressed,2024-08-15,Nation politics few each southern.
47,2110.18,Travel,Stressed,2024-08-15,Analysis color friend the.
47,950.62,Other,Happy,2024-08-16,Project spring of.
47,256.26,Travel,Happy,2024-08-16,Good anything manager think pressure.
47,919.99,Leisure,Neutral,2024-08-16,Hear officer.
47,385.06,Travel,Happy,2024-08-17,College manage fund.
47,117.74,Food,Excited,2024-08-18,Evidence enough claim suffer.
47,602.85,Travel,Neutral,2024-08-18,Woman daughter hospital move.
47,1747.78,Leisure,Neutral,2024-08-19,Research month instead.
47,1280.38,Other,Excited,2024-08-19,Third letter sort reveal seven.
47,1355.25,Other,Happy,2024-08-19,Until choose wife national.
47,455.21,Leisure,Stressed,2024-08-20,Listen whose situation simply officer.
47,550.08,Travel,Happy,2024-08-21,Despite sound receive let.
47,1812.63,Travel,Happy,2024-08-21,Current hear claim well two.
47,500.04,Other,Stressed,2024-08-23,Way main difficult case.
47,746.22,Other,Sad,2024-08-24,She they.
47,707.85,Food,Happy,2024-08-26,Member box.
47,218.26,Education,Happy,2024-08-28,Instead writer.
47,1177.52,Education,Excited,2024-08-30,Heart still building.
47,1284.63,Food,Neutral,2024-08-30,Or phone.
47,208.58,Other,Excited,2024-08-31,Big look tell prepare.
47,131.46,Leisure,Stressed,2024-09-01,Important source first him.
47,176.88,Leisure,Sad,2024-09-03,Help usually thank wonder draw.
47,1600.93,Food,Happy,2024-09-05,Real art.
47,660.06,Food,Neutral,2024-09-05,A value lot.
47,1467.57,Other,Excited,2024-09-05,Police two.
47,2313.91,Food,Excited,2024-09-06,Enter example down anyone occur.
47,735.73,Education,Neutral,2024-09-11,Western tend candidate day.
47,595.15,Education,Neutral,2024-09-14,Raise several west side admit.
47,1238.64,Leisure,Neutral,2024-09-14,Base player data whose.
47,255.83,Other,Happy,2024-09-17,Tell soon executive.
47,806.93,Leisure,Sad,2024-09-19,Miss have analysis morning.
47,571.19,Leisure,Happy,2024-09-20,As music film move.
47,726.18,Leisure,Neutral,2024-09-21,Check purpose young.
47,94.42,Food,Excited,2024-09-22,Heavy what least mouth national.
47,682.05,Other,Stressed,2024-09-22,Lead paper middle foreign party.
47,1738.77,Other,Neutral,2024-09-23,Million kind everything young.
47,1388.99,Education,Excited,2024-09-26,Hard knowledge enjoy let.
47,583.56,Travel,Neutral,2024-09-27,Agreement red way nor none.
47,788.57,Travel,Happy,2024-09-27,Bit appear.
47,933.79,Food,Happy,2024-09-29,Scientist necessary into.
47,252.11,Leisure,Neutral,2024-09-29,Before relationship plant.
47,1489.31,Food,Happy,2024-09-30,Charge note space when collection.
47,404.79,Education,Happy,2024-09-30,Believe arrive.
47,247.65,Travel,Excited,2024-09-30,Skin name door production back.
47,1688.21,Education,Excited,2024-09-30,Nearly care base.
47,151.52,Other,Happy,2024-10-01,Live way two.
47,822.78,Food,Neutral,2024-10-04,Let back three.
47,1479.69,Travel,Stressed,2024-10-06,Forward would finish around.
47,694.81,Food,Neutral,2024-10-07,Challenge large wish move.
47,1392.25,Leisure,Sad,2024-10-09,Gas with policy cut.
47,1414.85,Leisure,Happy,2024-10-11,Board notice later thus.
47,1233.87,Food,Stressed,2024-10-12,Walk cup option store.
47,1061.42,Food,Neutral,2024-10-13,Line score whether.
47,453.92,Leisure,Neutral,2024-10-14,City offer financial data.
47,683.14,Travel,Neutral,2024-10-14,Win central.
47,2035.67,Travel,Stressed,2024-10-14,Enter threat economic.
47,104.83,Food,Happy,2024-10-16,Your ever woman way avoid.
47,1180.7,Travel,Happy,2024-10-17,Agent say forward us.
47,415.38,Education,Stressed,2024-10-19,After sister should across treatment.
47,298.96,Leisure,Stressed,2024-10-20,Result size feel no nothing.
47,1085.95,Other,Happy,2024-10-21,Bit appear.
47,1742.26,Travel,Excited,2024-10-22,Begin treat stage this.
47,1093.34,Food,Neutral,2024-10-24,Choice prepare.
47,756.92,Education,Neutral,2024-10-26,Challenge large wish move.
47,398.83,Food,Excited,2024-10-28,Fear fact.
47,154.52,Other,Sad,2024-10-29,While bring yourself.
47,1716.62,Other,Stressed,2024-10-29,Western enough key.
47,833.73,Other,Neutral,2024-10-30,Tell brother defense list second.
47,464.13,Leisure,Neutral,2024-10-30,Enter capital population.
47,1629.91,Other,Stressed,2024-10-31,Within set region beyond.
47,1133.11,Education,Excited,2024-11-01,Central contain pattern education boy.
47,554.36,Other,Happy,2024-11-02,Difference way type positive phone.
47,1250.2,Leisure,Happy,2024-11-03,Analysis hair rest wide.
47,270.6,Education,Excited,2024-11-05,Democrat hundred.
47,659.74,Travel,Neutral,2024-11-05,Go exactly much food region.
47,2217.16,Travel,Neutral,2024-11-05,Down occur.
47,1616.36,Food,Happy,2024-11-06,Old particularly.
47,559.75,Education,Stressed,2024-11-06,Respond into history.
47,244.34,Travel,Neutral,2024-11-06,Source husband.
47,344.1,Other,Neutral,2024-11-08,Skin name door production back.
47,1448.15,Leisure,Neutral,2024-11-08,Which raise american truth.
47,118.75,Food,Neutral,2024-11-09,That reflect send set fly.
47,1494.5,Other,Happy,2024-11-14,New type pm.
47,660.47,Other,Happy,2024-11-14,Authority interest red must art.
47,1615.58,Other,Neutral,2024-11-15,Task improve fish.
47,1839.45,Food,Excited,2024-11-16,Couple raise she child.
47,164.96,Leisure,Neutral,2024-11-16,Beautiful beyond sell.
47,887.86,Education,Happy,2024-11-19,Bit appear.
47,1276.41,Education,Happy,2024-11-19,Enjoy instead dream.
47,1419.48,Food,Happy,2024-11-20,Million night your.
47,1794.21,Education,Neutral,2024-11-21,Likely outside because.
47,1143.35,Travel,Happy,2024-11-21,Race return pretty young.
47,1507.77,Leisure,Stressed,2024-11-22,Future congress.
47,268.9,Food,Stressed,2024-11-22,Institution whatever yet.
47,522.02,Other,Happy,2024-11-30,Position make society behavior.
47,764.75,Food,Neutral,2024-12-01,Whatever late specific.
47,853.37,Leisure,Sad,2024-12-03,For age size.
47,1612.96,Education,Sad,2024-12-04,Condition all blood.
47,613.25,Leisure,Excited,2024-12-05,Car risk.
47,926.42,Food,Stressed,2024-12-05,Especially unit office almost.
47,1642.06,Education,Happy,2024-12-06,Police two.
47,1507.17,Travel,Sad,2024-12-06,Development provide dark daughter.
47,1171.04,Travel,Excited,2024-12-06,Size republican political.
47,708.68,Food,Happy,2024-12-06,Likely push.
47,1845.92,Travel,Sad,2024-12-07,Truth during always those high.
47,904.4,Food,Neutral,2024-12-07,Able late order.
47,1315.0,Travel,Neutral,2024-12-08,Tough animal someone.
47,879.29,Leisure,Stressed,2024-12-11,Receive region however.
47,366.39,Leisure,Happy,2024-12-13,Bed far section.
47,610.33,Travel,Happy,2024-12-14,Leave run goal cause.
47,1608.25,Other,Neutral,2024-12-15,List leg address into their.
47,1010.24,Other,Neutral,2024-12-15,Agreement someone.
47,33.77,Food,Sad,2024-12-15,Money modern receive partner.
47,14.53,Leisure,Sad,2024-12-17,Skill successful and.
47,1160.9,Food,Stressed,2024-12-18,Since him four.
47,1039.37,Travel,Excited,2024-12-18,Activity decide really go.
47,579.09,Travel,Stressed,2024-12-19,Happy action.
47,2283.24,Education,Neutral,2024-12-20,Raise hope enjoy most.
47,1325.74,Education,Sad,2024-12-20,Why like impact fly.
47,660.72,Travel,Happy,2024-12-20,Stuff agreement professional team foot.
47,182.6,Travel,Neutral,2024-12-21,Difference attention whatever american.
47,1092.41,Other,Neutral,2024-12-24,Much rich think.
47,342.35,Food,Neutral,2024-12-24,Peace wind guess.
47,87.78,Other,Neutral,2024-12-26,Relate day.
47,1533.2,Education,Neutral,2024-12-28,Do interesting material.
47,503.04,Other,Excited,2024-12-29,Policy mrs.
47,137.61,Education,Happy,2024-12-29,Low happy oil which bag.
47,599.32,Travel,Neutral,2025-01-02,Couple general pretty show.
47,160.31,Travel,Neutral,2025-01-03,Better republican stock bank.
47,1386.28,Food,Happy,2025-01-03,Agreement us stuff.
47,526.97,Education,Happy,2025-01-03,Son rock two.
47,101.68,Other,Neutral,2025-01-04,Magazine join.
47,690.48,Food,Neutral,2025-01-04,Each author party full kitchen.
47,67.93,Food,Stressed,2025-01-04,Really society live camera.
47,1321.0,Education,Happy,2025-01-04,On someone rise read.
47,651.21,Education,Happy,2025-01-06,Amount bad raise.
47,357.77,Other,Neutral,2025-01-06,Son rock two.
47,63.06,Food,Stressed,2025-01-06,Strategy face make.
47,917.17,Education,Neutral,2025-01-08,Despite off consumer second.
47,966.6,Other,Neutral,2025-01-11,Majority none little admit former.
47,986.95,Education,Neutral,2025-01-13,Picture evidence.
47,875.04,Leisure,Sad,2025-01-14,Wrong school federal from.
47,737.5,Education,Stressed,2025-01-14,Bar professor power.
47,2333.47,Travel,Excited,2025-01-15,Pretty skin main program.
47,1085.79,Other,Happy,2025-01-16,Enjoy instead dream.
47,666.87,Food,Happy,2025-01-16,Medical nearly.
47,42.42,Education,Stressed,2025-01-16,End bit game thousand.
47,787.05,Leisure,Happy,2025-01-17,Call whole.
47,204.57,Food,Neutral,2025-01-18,Leave opportunity draw during city.
47,1227.95,Leisure,Stressed,2025-01-21,Heart still building.
47,567.49,Leisure,Happy,2025-01-26,Effort drive side human.
47,1668.39,Leisure,Neutral,2025-01-30,Town glass road.
47,143.76,Travel,Sad,2025-01-31,Keep yes.
48,1205.36,Education,Sad,2024-08-01,Past product make of group.
48,1152.36,Education,Happy,2024-08-02,Newspaper indicate other.
48,818.35,Education,Sad,2024-08-03,True building card.
48,222.18,Leisure,Happy,2024-08-04,Technology tend.
48,195.36,Food,Happy,2024-08-04,Difference attention whatever american.
48,791.82,Travel,Sad,2024-08-04,Three certain.
48,785.67,Food,Stressed,2024-08-04,Nation politics few each southern.
48,520.93,Education,Stressed,2024-08-05,Dinner article hit mission whole.
48,1726.5,Food,Excited,2024-08-06,Discussion detail training fund.
48,267.12,Other,Excited,2024-08-06,Difference attention whatever american.
48,2192.61,Food,Happy,2024-08-06,Focus executive letter possible final.
48,1074.55,Leisure,Neutral,2024-08-07,Remember nearly face feel.
48,2032.11,Food,Neutral,2024-08-07,Either rich agency might.
48,2157.77,Travel,Happy,2024-08-07,Approach join stuff future.
48,895.56,Leisure,Excited,2024-08-07,Cut yard knowledge.
48,508.97,Travel,Neutral,2024-08-07,Few spring raise.
48,599.07,Other,Stressed,2024-08-08,Expert movement reach man.
48,573.68,Leisure,Sad,2024-08-08,Sell include himself produce.
48,594.44,Education,Stressed,2024-08-09,Truth thing always possible.
48,1030.41,Leisure,Happy,2024-08-09,Might necessary former.
48,152.59,Leisure,Happy,2024-08-10,Sing message board mean.
48,1134.7,Education,Stressed,2024-08-10,Miss have analysis morning.
48,982.7,Education,Excited,2024-08-10,Ground city still.
48,1302.49,Other,Excited,2024-08-11,Child group describe.
48,1380.58,Travel,Excited,2024-08-11,As throughout individual list manager.
48,69.09,Leisure,Stressed,2024-08-12,Name machine tree maybe.
48,1209.02,Other,Happy,2024-08-13,Movie stop.
48,2278.05,Other,Neutral,2024-08-14,Town glass road.
48,1698.0,Leisure,Neutral,2024-08-14,Above others.
48,1862.18,Food,Excited,2024-08-15,Well mission situation result.
48,442.58,Other,Happy,2024-08-15,Building range national focus.
48,860.09,Leisure,Stressed,2024-08-16,Current after charge.
48,345.89,Other,Excited,2024-08-16,Effect cultural.
48,1601.82,Food,Happy,2024-08-17,Born same usually.
48,1166.03,Education,Happy,2024-08-18,Network outside parent.
48,1112.57,Education,Sad,2024-08-19,Scientist necessary into.
48,728.66,Travel,Neutral,2024-08-19,Western tend candidate day.
48,882.69,Leisure,Sad,2024-08-19,Give white everybody paper create.
48,1367.04,Other,Excited,2024-08-19,Forget once hope security.
48,1316.21,Other,Neutral,2024-08-20,Opportunity lead see.
48,297.26,Travel,Happy,2024-08-20,Skin name door production back.
48,2225.8,Leisure,Happy,2024-08-21,On someone rise read.
48,1546.1,Education,Neutral,2024-08-21,Security arm.
48,251.91,Travel,Happy,2024-08-22,Money a.
48,972.11,Food,Neutral,2024-08-22,Deal beyond almost.
48,1562.13,Travel,Happy,2024-08-23,Same page ago director.
48,114.7,Travel,Neutral,2024-08-26,Focus chance.
48,1426.51,Other,Happy,2024-08-26,Pattern size spend.
48,319.21,Other,Happy,2024-08-27,Reduce hour fish him.
48,782.09,Food,Neutral,2024-08-28,Draw police.
48,362.53,Travel,Neutral,2024-08-30,By field move.
48,218.0,Travel,Happy,2024-08-30,Letter environment easy.
48,168.17,Education,Stressed,2024-08-31,While total spend.
48,1577.56,Leisure,Stressed,2024-08-31,Economic represent stock.
48,144.99,Other,Excited,2024-09-01,Somebody son suddenly perform.
48,896.32,Education,Excited,2024-09-01,Bed report item.
48,1541.58,Travel,Happy,2024-09-02,Until choose wife national.
48,965.86,Other,Excited,2024-09-02,Consumer face.
48,420.05,Education,Neutral,2024-09-02,Goal once let perform international.
48,175.82,Leisure,Neutral,2024-09-03,Inside big minute.
48,1514.16,Food,Happy,2024-09-06,Eight bed fill.
48,1005.89,Food,Happy,2024-09-06,Talk interest hand.
48,1432.62,Other,Happy,2024-09-07,Future choice whatever from.
48,477.75,Other,Neutral,2024-09-07,Management produce bed stage.
48,659.04,Other,Excited,2024-09-08,Resource road do.
48,752.81,Food,Sad,2024-09-08,Important focus benefit probably.
48,782.36,Education,Neutral,2024-09-08,Involve thousand including.
48,1951.85,Food,Stressed,2024-09-08,Feel season similar.
48,642.61,Leisure,Happy,2024-09-11,Itself free source.
48,1136.0,Food,Excited,2024-09-12,You ready way rule.
48,584.79,Education,Happy,2024-09-16,Identify material.
48,113.04,Other,Excited,2024-09-16,Heavy what least mouth national.
48,1099.53,Other,Happy,2024-09-17,Choice father why often.
48,592.31,Education,Excited,2024-09-17,Age decade mrs data.
48,822.83,Other,Happy,2024-09-19,Result sound.
48,856.97,Other,Sad,2024-09-19,Left available.
48,909.53,Food,Neutral,2024-09-20,Current after charge.
48,1555.73,Travel,Happy,2024-09-20,Agent say forward us.
48,463.82,Other,Neutral,2024-09-22,Together let.
48,1333.19,Leisure,Excited,2024-09-22,Wrong difficult.
48,1103.4,Education,Stressed,2024-09-23,Yard foot he share issue.
48,190.58,Travel,Happy,2024-09-23,Discussion if continue policy.
48,788.36,Food,Happy,2024-09-25,Keep cut prevent sound.
48,1528.05,Education,Neutral,2024-09-25,Research month instead.
48,1041.56,Education,Happy,2024-09-25,Say dog drug enter.
48,823.98,Education,Excited,2024-09-25,Tell brother defense list second.
48,144.86,Food,Neutral,2024-09-26,Actually purpose public.
48,544.29,Travel,Neutral,2024-09-26,Mention billion bed never others.
48,837.81,Food,Happy,2024-09-26,Key place tree.
48,416.08,Travel,Neutral,2024-09-27,Floor there career.
48,87.4,Other,Neutral,2024-09-28,Position interest.
48,1280.58,Food,Stressed,2024-09-29,Face morning.
48,1084.37,Leisure,Sad,2024-09-29,Picture approach chance none fight.
48,145.66,Leisure,Happy,2024-09-29,Anyone bank kitchen interest parent.
48,1783.08,Travel,Stressed,2024-09-30,Either rich agency might.
48,1012.67,Travel,Neutral,2024-09-30,By two bad fall pick.
48,78.42,Leisure,Sad,2024-09-30,Himself fire heavy.
48,421.4,Leisure,Excited,2024-10-01,Grow laugh.
48,1421.79,Education,Neutral,2024-10-02,Control bill.
48,1452.51,Travel,Neutral,2024-10-02,Past product make of group.
48,95.9,Education,Excited,2024-10-03,We cold deep.
48,209.96,Food,Neutral,2024-10-05,While total spend.
48,1389.61,Travel,Stressed,2024-10-06,List leg address into their.
48,1275.94,Leisure,Neutral,2024-10-06,Statement position either.
48,1300.53,Education,Happy,2024-10-06,By two bad fall pick.
48,106.0,Other,Happy,2024-10-07,Doctor mr.
48,1397.81,Travel,Happy,2024-10-07,Picture evidence.
48,1321.72,Other,Neutral,2024-10-07,Deal information.
48,754.57,Education,Excited,2024-10-07,Difficult quite act receive stage.
48,407.0,Other,Happy,2024-10-08,After sister should across treatment.
48,319.56,Education,Stressed,2024-10-10,Benefit suggest page southern.
48,1033.89,Food,Neutral,2024-10-11,Affect machine.
48,93.24,Food,Excited,2024-10-11,Your ever woman way avoid.
48,941.18,Travel,Stressed,2024-10-12,Change she tonight.
48,623.44,Travel,Happy,2024-10-12,Big the cost for leader.
48,354.9,Leisure,Neutral,2024-10-12,Offer bed it skill challenge.
48,1165.52,Leisure,Excited,2024-10-13,Join black.
48,970.76,Leisure,Sad,2024-10-13,Well left.
48,1630.98,Leisure,Stressed,2024-10-13,Explain research.
48,1063.89,Education,Excited,2024-10-13,Ability live.
48,421.18,Education,Neutral,2024-10-14,World site mr interest treatment.
48,128.17,Travel,Sad,2024-10-14,Realize property show either.
48,99.41,Travel,Happy,2024-10-15,Expert involve oil.
48,253.31,Food,Neutral,2024-10-15,Billion morning draw.
48,717.37,Food,Sad,2024-10-15,Investment pass drive.
48,1242.55,Travel,Happy,2024-10-16,Picture approach chance none fight.
48,1014.66,Other,Happy,2024-10-18,Company option character land space.
48,482.99,Education,Happy,2024-10-18,Understand none.
48,366.44,Leisure,Happy,2024-10-19,Dark camera realize.
48,697.8,Food,Stressed,2024-10-20,Wide cut player wind.
48,1517.95,Other,Stressed,2024-10-20,Point be shoulder price great.
48,83.1,Food,Excited,2024-10-20,Magazine join.
48,1665.62,Food,Neutral,2024-10-20,Truth during always those high.
48,1249.95,Food,Excited,2024-10-21,Born same usually.
48,257.64,Leisure,Neutral,2024-10-21,Focus indicate result.
48,1260.77,Travel,Excited,2024-10-21,Site girl into have media.
48,695.83,Travel,Happy,2024-10-21,Agreement red way nor none.
48,288.3,Education,Neutral,2024-10-22,Tell soon executive.
48,1332.28,Leisure,Sad,2024-10-22,Second full boy.
48,2012.61,Other,Happy,2024-10-23,Agreement us stuff.
48,1146.32,Travel,Stressed,2024-10-23,Style real far.
48,1798.84,Travel,Neutral,2024-10-24,Approach join stuff future.
48,800.43,Travel,Excited,2024-10-24,However style.
48,787.24,Education,Neutral,2024-10-25,Adult above safe.
48,273.57,Other,Excited,2024-10-26,Day already hold.
48,311.29,Other,Excited,2024-10-26,College manage fund.
48,1067.99,Food,Stressed,2024-10-26,State among rest national wrong.
48,253.68,Other,Neutral,2024-10-27,Institution whatever yet.
48,1167.58,Leisure,Sad,2024-10-28,Option goal avoid.
48,1226.24,Education,Neutral,2024-10-28,Condition all blood.
48,1029.83,Food,Happy,2024-10-29,Popular available public economy.
48,1891.25,Food,Stressed,2024-10-29,Feeling manage as.
48,1777.67,Other,Neutral,2024-10-30,Wrong difficult.
48,368.28,Travel,Neutral,2024-10-30,Pass range appear home player.
48,1585.85,Food,Excited,2024-10-30,Trip determine as statement.
48,571.9,Other,Excited,2024-10-30,Big the cost for leader.
48,1689.18,Leisure,Happy,2024-11-01,Finish right serious.
48,970.9,Travel,Happy,2024-11-01,Deep test thought.
48,33.59,Food,Excited,2024-11-01,Receive case past only drug.
48,1101.93,Education,Neutral,2024-11-01,Bill beautiful issue.
48,153.4,Other,Stressed,2024-11-01,Security unit executive.
48,1112.33,Education,Happy,2024-11-03,She they.
48,1429.72,Education,Neutral,2024-11-04,Above others.
48,333.01,Leisure,Neutral,2024-11-04,Administration mother in admit.
48,2182.44,Education,Excited,2024-11-06,Course out second carry.
48,877.26,Food,Happy,2024-11-06,Cultural allow.
48,770.3,Leisure,Neutral,2024-11-06,Support possible.
48,708.44,Food,Neutral,2024-11-06,Night various return explain.
48,98.78,Education,Happy,2024-11-08,Offer work home.
48,334.3,Food,Excited,2024-11-10,Check clearly follow remember generation.
48,697.68,Education,Neutral,2024-11-10,Me brother lot candidate owner.
48,1059.0,Other,Happy,2024-11-11,Born same usually.
48,289.51,Leisure,Neutral,2024-11-11,Single blood continue.
48,695.17,Travel,Neutral,2024-11-13,Describe paper.
48,569.3,Education,Stressed,2024-11-14,Can mouth discover.
48,1757.02,Travel,Happy,2024-11-14,Affect marriage present a.
48,1334.71,Other,Excited,2024-11-16,Gas with policy cut.
48,87.82,Other,Neutral,2024-11-16,Third rich hospital.
48,555.39,Other,Stressed,2024-11-17,Despite off consumer second.
48,443.91,Leisure,Stressed,2024-11-18,Military onto blue activity.
48,274.98,Education,Stressed,2024-11-20,Keep light fight.
48,1115.97,Leisure,Stressed,2024-11-20,Adult range green.
48,1209.68,Travel,Neutral,2024-11-21,Analysis hair rest wide.
48,1111.73,Other,Sad,2024-11-21,Size sing tree kitchen.
48,468.87,Travel,Happy,2024-11-21,Fall analysis.
48,328.92,Education,Happy,2024-11-22,Institution whatever yet.
48,560.07,Food,Happy,2024-11-22,Go consider century price.
48,388.86,Education,Happy,2024-11-22,Window research his.
48,88.05,Other,Sad,2024-11-22,Kid put memory soldier.
48,323.68,Education,Neutral,2024-11-22,Bed far section.
48,1791.05,Education,Happy,2024-11-22,Against only.
48,1024.33,Education,Stressed,2024-11-23,Much rich think.
48,389.63,Education,Excited,2024-11-23,Minute question their rather.
48,319.47,Leisure,Excited,2024-11-23,Drive nation heart nearly season.
48,872.14,Leisure,Neutral,2024-11-25,Senior service large under.
48,594.78,Leisure,Happy,2024-11-27,Leader operation mean white.
48,718.82,Leisure,Happy,2024-11-29,Resource road do.
48,724.7,Other,Stressed,2024-11-29,Bad argue side girl.
48,1376.3,Other,Neutral,2024-12-01,Security land record.
48,1882.95,Travel,Neutral,2024-12-01,Nearly care base.
48,1168.01,Other,Neutral,2024-12-02,Camera sit environmental though.
48,524.23,Education,Stressed,2024-12-02,Can mouth discover.
48,1165.68,Education,Excited,2024-12-03,Remember nearly face feel.
48,1556.4,Travel,Neutral,2024-12-03,Leader both rest challenge.
48,1485.05,Education,Stressed,2024-12-04,Religious order.
48,894.76,Travel,Neutral,2024-12-05,Environment character real middle prove.
48,535.24,Leisure,Neutral,2024-12-05,Nature performance yeah.
48,1105.62,Leisure,Neutral,2024-12-05,Hand so add mr lawyer.
48,876.24,Food,Neutral,2024-12-08,Somebody next ready.
48,536.27,Leisure,Happy,2024-12-08,Bar professor power.
48,445.7,Food,Excited,2024-12-09,Indeed believe interview professor.
48,487.42,Food,Happy,2024-12-09,Contain threat wrong whatever.
48,773.0,Other,Happy,2024-12-09,First blood accept final.
48,567.47,Travel,Happy,2024-12-09,General final knowledge.
48,776.82,Other,Stressed,2024-12-10,Risk develop movement size.
48,396.28,Other,Sad,2024-12-11,Institution whatever yet.
48,1960.13,Leisure,Happy,2024-12-11,Support state.
48,678.7,Travel,Neutral,2024-12-11,During call north attention.
48,283.79,Travel,Happy,2024-12-11,Say other never fact.
48,556.57,Education,Stressed,2024-12-12,Dinner article hit mission whole.
48,887.62,Education,Happy,2024-12-15,With young think there assume.
48,498.19,Travel,Happy,2024-12-16,Support possible.
48,1385.53,Travel,Neutral,2024-12-16,Smile high open scientist.
48,217.05,Education,Stressed,2024-12-16,Story activity.
48,736.49,Leisure,Sad,2024-12-17,Despite off consumer second.
48,1784.3,Food,Neutral,2024-12-17,Agreement us stuff.
48,1491.9,Other,Neutral,2024-12-17,Marriage participant.
48,587.66,Education,Excited,2024-12-18,Together let.
48,1028.83,Education,Happy,2024-12-20,Table trade various risk art.
48,1426.04,Travel,Excited,2024-12-20,Raise hope enjoy most.
48,472.6,Travel,Happy,2024-12-20,Despite sound receive let.
48,1447.51,Food,Stressed,2024-12-21,Close month parent who up.
48,658.11,Other,Neutral,2024-12-21,Part management.
48,342.0,Other,Excited,2024-12-23,Science drug.
48,1697.66,Other,Happy,2024-12-24,Break wait.
48,167.53,Education,Happy,2024-12-25,Base investment.
48,237.58,Travel,Happy,2024-12-25,Later week democratic few.
48,1028.99,Other,Neutral,2024-12-26,Consumer face.
48,1719.08,Other,Neutral,2024-12-26,Woman meet report.
48,327.57,Leisure,Neutral,2024-12-27,Lay color.
48,1297.04,Other,Happy,2024-12-27,Question or money.
48,1226.82,Food,Happy,2024-12-28,Five store ask data.
48,867.1,Education,Stressed,2024-12-29,Smile peace apply.
48,36.66,Education,Stressed,2024-12-29,Huge response long.
48,126.49,Other,Happy,2024-12-30,Maintain former campaign pretty beyond.
48,300.7,Travel,Excited,2025-01-01,Leave opportunity draw during city.
48,436.52,Leisure,Stressed,2025-01-01,Heavy staff hotel box.
48,2070.3,Education,Neutral,2025-01-01,Heavy class story side speak.
48,1680.47,Travel,Neutral,2025-01-02,Fact huge fight.
48,1357.66,Other,Sad,2025-01-02,Research visit program suddenly doctor.
48,1581.47,Leisure,Neutral,2025-01-03,Success teach mrs beat.
48,1856.76,Leisure,Happy,2025-01-03,Paper memory history office.
48,1066.0,Travel,Stressed,2025-01-03,She they.
48,1532.73,Leisure,Neutral,2025-01-03,Begin treat stage this.
48,570.18,Other,Happy,2025-01-03,Evening ahead smile.
48,1885.07,Food,Happy,2025-01-03,Tree imagine machine.
48,298.04,Other,Neutral,2025-01-04,Item yet ever quite.
48,1178.11,Leisure,Excited,2025-01-05,Machine whatever everything fear walk.
48,935.58,Education,Neutral,2025-01-05,Us decade.
48,131.27,Other,Stressed,2025-01-05,Exist professional.
48,313.05,Food,Stressed,2025-01-07,Unit hold.
48,1272.8,Food,Stressed,2025-01-08,There decision measure.
48,1318.74,Travel,Sad,2025-01-09,Shake hand hundred now.
48,1514.48,Education,Happy,2025-01-09,Arrive society.
48,500.42,Other,Excited,2025-01-09,Policy mrs.
48,212.24,Other,Happy,2025-01-09,Since nothing be apply.
48,915.41,Travel,Sad,2025-01-09,For age size.
48,835.92,Food,Neutral,2025-01-10,Resource road do.
48,131.99,Leisure,Excited,2025-01-14,Book economic.
48,276.6,Other,Stressed,2025-01-15,National back everybody direction budget.
48,994.5,Food,Stressed,2025-01-15,Treatment relate positive.
48,1022.15,Food,Happy,2025-01-15,Include record security.
48,506.11,Education,Sad,2025-01-15,Support possible.
48,284.04,Leisure,Happy,2025-01-16,Science drug.
48,2233.03,Travel,Stressed,2025-01-16,Rate society floor long same.
48,680.47,Travel,Happy,2025-01-16,Identify material.
48,668.33,Leisure,Sad,2025-01-17,Yet wish certain usually.
48,668.57,Food,Stressed,2025-01-17,Method everything.
48,167.35,Travel,Sad,2025-01-18,Not teach believe month.
48,1578.68,Other,Sad,2025-01-20,Condition all blood.
48,856.01,Food,Neutral,2025-01-20,Never effect fill general relationship.
48,147.06,Leisure,Happy,2025-01-20,President likely truth animal.
48,1264.99,Leisure,Happy,2025-01-21,Door end fire.
48,815.14,Leisure,Stressed,2025-01-21,Leader operation mean white.
48,1056.41,Leisure,Neutral,2025-01-22,Prove nor design record.
48,1131.72,Travel,Excited,2025-01-23,Newspaper indicate other.
48,1248.84,Leisure,Sad,2025-01-24,Citizen kid generation onto police.
48,305.12,Leisure,Neutral,2025-01-28,Fish either boy between collection.
48,1363.4,Travel,Neutral,2025-01-28,Less into per big.
48,82.92,Leisure,Stressed,2025-01-28,Position interest.
48,1440.91,Education,Sad,2025-01-28,Forward would finish around.
48,100.78,Education,Sad,2025-01-30,True help.
48,1475.11,Other,Stressed,2025-01-31,Wall act special.
48,864.04,Food,Excited,2025-01-31,Whatever late specific.
48,49.15,Travel,Happy,2025-01-31,Huge response long.
49,1992.05,Travel,Neutral,2024-08-01,Maybe painting republican.
49,566.9,Leisure,Neutral,2024-08-02,You without every.
49,1665.92,Other,Neutral,2024-08-02,Off southern suddenly.
49,719.23,Leisure,Neutral,2024-08-03,Build smile across among situation.
49,1159.7,Travel,Happy,2024-08-03,Oil per line create build.
49,943.87,Travel,Happy,2024-08-04,Floor music catch discuss.
49,243.45,Other,Neutral,2024-08-04,Common anyone.
49,1468.18,Leisure,Happy,2024-08-05,Picture approach chance none fight.
49,1653.2,Leisure,Excited,2024-08-10,Face his.
49,280.65,Education,Excited,2024-08-10,Since nothing be apply.
49,242.23,Leisure,Happy,2024-08-12,Method exactly.
49,353.76,Travel,Happy,2024-08-14,Model police finally girl.
49,1317.07,Education,Stressed,2024-08-14,Current after charge.
49,125.88,Education,Happy,2024-08-15,Help usually thank wonder draw.
49,1805.1,Other,Happy,2024-08-16,Huge garden family.
49,439.02,Travel,Stressed,2024-08-17,During call north attention.
49,247.52,Food,Happy,2024-08-18,Tell soon executive.
49,1192.25,Other,Happy,2024-08-20,Tree note responsibility.
49,1666.02,Food,Neutral,2024-08-21,Together knowledge.
49,1824.62,Food,Stressed,2024-08-23,Cell year.
49,1355.93,Travel,Neutral,2024-08-23,Southern front.
49,1127.15,Travel,Sad,2024-08-24,Stuff avoid.
49,887.65,Travel,Excited,2024-08-24,Citizen ahead method.
49,94.54,Other,Excited,2024-08-25,Heavy what least mouth national.
49,898.26,Leisure,Sad,2024-08-25,People tend weight machine.
49,186.42,Leisure,Neutral,2024-08-26,Say other never fact.
49,175.83,Food,Neutral,2024-08-27,Single blood continue.
49,1456.0,Leisure,Happy,2024-08-28,Race mr.
49,628.17,Leisure,Neutral,2024-08-31,Result sound.
49,126.03,Other,Stressed,2024-09-02,Easy get every.
49,776.17,Food,Happy,2024-09-03,Gun seven music despite show.
49,1909.75,Leisure,Happy,2024-09-03,Report agreement sport.
49,99.23,Other,Excited,2024-09-05,Expert involve oil.
49,829.86,Education,Happy,2024-09-06,Art whether between several personal.
49,923.17,Leisure,Excited,2024-09-06,Serious reveal left social fine.
49,1313.88,Travel,Sad,2024-09-06,Why like impact fly.
49,170.2,Education,Stressed,2024-09-08,Voice american seven discussion.
49,1337.98,Food,Happy,2024-09-09,News american foreign.
49,235.73,Food,Neutral,2024-09-10,Development middle animal.
49,1298.48,Travel,Stressed,2024-09-12,On must certainly.
49,636.03,Other,Happy,2024-09-12,Yet wish certain usually.
49,1557.99,Leisure,Stressed,2024-09-12,Start house ahead raise.
49,1291.2,Travel,Happy,2024-09-13,State among rest national wrong.
49,204.76,Food,Neutral,2024-09-13,Keep light fight.
49,712.37,Education,Excited,2024-09-14,Remain seven marriage.
49,1522.06,Leisure,Neutral,2024-09-15,Within set region beyond.
49,735.84,Food,Happy,2024-09-15,Mention billion bed never others.
49,534.04,Leisure,Neutral,2024-09-15,Fact reason make office.
49,2230.59,Education,Excited,2024-09-18,Cultural right cover large work.
49,229.51,Leisure,Neutral,2024-09-19,Program sport her.
49,1764.64,Other,Neutral,2024-09-19,Pretty skin main program.
49,1204.98,Food,Happy,2024-09-21,Win group important civil nature.
49,161.74,Travel,Excited,2024-09-23,Later week democratic few.
49,1625.56,Leisure,Stressed,2024-09-25,On someone rise read.
49,1510.37,Food,Happy,2024-09-25,Look fight.
49,805.55,Leisure,Sad,2024-09-25,Mind door authority outside.
49,1778.76,Leisure,Neutral,2024-09-27,Claim move.
49,180.49,Food,Neutral,2024-09-29,Worker range feel.
49,719.55,Other,Neutral,2024-10-01,Those pressure street.
49,1260.75,Food,Sad,2024-10-03,Including let result spend.
49,174.06,Leisure,Stressed,2024-10-03,Create physical share out cold.
49,837.91,Education,Stressed,2024-10-04,Project spring of.
49,1296.67,Other,Neutral,2024-10-04,Blue agent find.
49,134.42,Food,Happy,2024-10-08,Source husband.
49,1795.45,Food,Stressed,2024-10-09,Child ball store process.
49,1033.06,Other,Neutral,2024-10-10,Senior service large under.
49,474.21,Food,Stressed,2024-10-10,Military onto blue activity.
49,1624.57,Education,Stressed,2024-10-11,Think live bad total research.
49,36.45,Other,Stressed,2024-10-12,Knowledge fight car smile commercial.
49,1935.12,Education,Neutral,2024-10-12,Western order accept wide prevent.
49,2200.81,Education,Neutral,2024-10-14,Forward sense cause write right.
49,1451.22,Food,Neutral,2024-10-15,Assume campaign assume.
49,467.51,Leisure,Happy,2024-10-17,Long identify road speech.
49,705.76,Travel,Neutral,2024-10-19,Election conference when.
49,60.1,Leisure,Sad,2024-10-19,Really society live camera.
49,451.72,Leisure,Neutral,2024-10-19,You without every.
49,74.25,Travel,Sad,2024-10-20,Help usually thank wonder draw.
49,1058.25,Food,Neutral,2024-10-20,She they.
49,760.54,Education,Happy,2024-10-20,Ago race quite hour.
49,1619.59,Other,Happy,2024-10-21,Best generation group goal.
49,1531.79,Education,Stressed,2024-10-22,Child group describe.
49,1056.55,Food,Sad,2024-10-22,Why station manager.
49,384.27,Leisure,Happy,2024-10-23,Democratic recent student specific political.
49,1277.31,Travel,Neutral,2024-10-24,Significant up still management.
49,1105.53,Food,Neutral,2024-10-24,Deal information.
49,311.52,Other,Happy,2024-10-24,Unit again easy morning four.
49,610.16,Travel,Sad,2024-10-25,Turn put professional.
49,115.86,Travel,Happy,2024-10-26,Gas human create also.
49,588.02,Other,Neutral,2024-10-29,Might necessary former.
49,1028.64,Leisure,Sad,2024-10-30,Gas teacher national weight all.
49,1375.94,Education,Neutral,2024-11-02,Picture early send morning.
49,481.01,Other,Happy,2024-11-03,Place offer.
49,143.46,Food,Happy,2024-11-03,Source husband.
49,1584.2,Other,Happy,2024-11-04,Less into per big.
49,250.73,Travel,Happy,2024-11-04,Inside machine baby.
49,1982.12,Travel,Neutral,2024-11-05,Officer fine.
49,2497.21,Food,Neutral,2024-11-06,Upon very act perform.
49,705.74,Education,Excited,2024-11-07,Probably conference sure administration debate.
49,563.73,Education,Stressed,2024-11-09,Support possible.
49,1053.91,Travel,Excited,2024-11-10,Material less focus hear.
49,414.62,Food,Happy,2024-11-10,Democratic recent student specific political.
49,1428.33,Food,Happy,2024-11-11,Soon including important.
49,1542.86,Leisure,Neutral,2024-11-12,Including let result spend.
49,1122.27,Other,Stressed,2024-11-13,Discuss religious.
49,925.06,Travel,Sad,2024-11-13,Present discussion.
49,1292.64,Leisure,Happy,2024-11-14,Four field area young.
49,707.18,Travel,Happy,2024-11-15,Me brother lot candidate owner.
49,1807.24,Food,Happy,2024-11-15,Your less social form.
49,871.51,Food,Happy,2024-11-16,Behavior here.
49,237.24,Food,Happy,2024-11-17,National back everybody direction budget.
49,1722.48,Education,Neutral,2024-11-17,Do interesting material.
49,730.49,Travel,Stressed,2024-11-17,Indicate herself.
49,1501.09,Leisure,Sad,2024-11-20,Store bit responsibility brother.
49,1019.01,Other,Stressed,2024-11-20,Training occur could painting.
49,171.89,Food,Excited,2024-11-21,Special information.
49,1250.89,Education,Stressed,2024-11-22,Against only.
49,1267.05,Leisure,Sad,2024-11-22,At decade really issue.
49,1268.21,Leisure,Happy,2024-11-23,Wish candidate have no.
49,929.19,Travel,Stressed,2024-11-24,Cost attorney.
49,1476.51,Travel,Happy,2024-11-26,Stage bad know of.
49,695.2,Food,Excited,2024-11-26,Five indicate chance heavy senior.
49,1187.44,Travel,Happy,2024-11-27,Letter mind many.
49,1585.36,Other,Happy,2024-11-28,Million kind everything young.
49,1459.66,Other,Neutral,2024-11-28,Theory tend.
49,156.17,Education,Happy,2024-11-29,Cold reason our.
49,1128.78,Food,Happy,2024-11-30,Machine whatever everything fear walk.
49,1723.79,Other,Stressed,2024-11-30,Box organization.
49,1288.48,Other,Sad,2024-12-01,General agency bit.
49,586.47,Travel,Happy,2024-12-03,Authority interest red must art.
49,1212.15,Other,Sad,2024-12-04,Risk develop movement size.
49,92.99,Travel,Neutral,2024-12-04,Third rich hospital.
49,869.48,Leisure,Excited,2024-12-05,First blood accept final.
49,537.31,Travel,Neutral,2024-12-05,Describe paper.
49,1013.25,Education,Excited,2024-12-06,Many themselves minute.
49,281.75,Food,Happy,2024-12-07,Current health serious.
49,2115.73,Travel,Happy,2024-12-07,Weight take.
49,133.05,Travel,Neutral,2024-12-08,Live way two.
49,1817.39,Education,Happy,2024-12-09,Feel season similar.
49,1372.89,Food,Happy,2024-12-10,Child ball store process.
49,594.98,Other,Excited,2024-12-10,Environmental run head garden box.
49,313.32,Other,Stressed,2024-12-11,Peace wind guess.
49,1002.28,Food,Sad,2024-12-11,Color store over some.
49,624.05,Other,Stressed,2024-12-12,Determine feel article we they.
49,202.33,Food,Sad,2024-12-12,Machine son television.
49,1025.21,Leisure,Happy,2024-12-12,Choice father why often.
49,303.93,Travel,Sad,2024-12-12,Development middle animal.
49,917.71,Leisure,Happy,2024-12-12,Assume campaign assume.
49,671.02,Travel,Happy,2024-12-13,Have decide environment.
49,1486.65,Food,Neutral,2024-12-14,Theory tend.
49,162.56,Education,Stressed,2024-12-16,Stage threat our.
49,1791.83,Education,Neutral,2024-12-18,Explain research.
49,1741.36,Leisure,Neutral,2024-12-18,Analysis four capital.
49,23.28,Education,Stressed,2024-12-19,Positive participant fear blue as.
49,1002.29,Education,Excited,2024-12-21,Adult above safe.
49,145.02,Education,Excited,2024-12-22,Mission put budget house.
49,940.24,Other,Excited,2024-12-22,Activity decide really go.
49,1545.88,Leisure,Stressed,2024-12-22,Career surface these ahead.
49,114.74,Travel,Neutral,2024-12-23,Wonder long consider care.
49,539.84,Food,Happy,2024-12-23,Art whether between several personal.
49,446.72,Education,Happy,2024-12-23,Discussion black follow.
49,638.28,Food,Excited,2024-12-25,Particularly score order modern.
49,310.03,Food,Happy,2024-12-26,Within prove full.
49,1280.72,Leisure,Neutral,2024-12-28,Why like impact fly.
49,582.01,Education,Happy,2024-12-29,Society common stay ready.
49,1697.61,Leisure,Sad,2024-12-29,Day stock.
49,34.31,Other,Excited,2024-12-30,Money modern receive partner.
49,1425.7,Education,Happy,2025-01-01,Identify say on yes.
49,779.25,Travel,Neutral,2025-01-02,Society common stay ready.
49,371.29,Education,Neutral,2025-01-03,Dinner article hit mission whole.
49,581.65,Travel,Neutral,2025-01-03,Describe paper.
49,198.52,Travel,Excited,2025-01-04,Focus chance.
49,413.13,Education,Stressed,2025-01-05,To receive education.
49,1568.94,Leisure,Excited,2025-01-05,Peace race i.
49,940.41,Leisure,Neutral,2025-01-05,Success here television key.
49,562.15,Travel,Sad,2025-01-05,Heavy staff hotel box.
49,331.13,Other,Stressed,2025-01-05,Respond into history.
49,104.24,Other,Neutral,2025-01-08,Relate day.
49,1045.43,Food,Sad,2025-01-08,Return or for.
49,1799.12,Food,Excited,2025-01-08,Million kind everything young.
49,105.19,Food,Stressed,2025-01-09,Doctor news yourself.
49,898.73,Food,Excited,2025-01-10,Personal often.
49,243.06,Food,Happy,2025-01-11,Bed far section.
49,804.62,Travel,Neutral,2025-01-12,First blood accept final.
49,1851.52,Education,Neutral,2025-01-12,Western order accept wide prevent.
49,608.66,Leisure,Excited,2025-01-13,Reach step son.
49,2292.64,Leisure,Sad,2025-01-14,Quite everyone as generation.
49,1014.68,Other,Excited,2025-01-15,Cut yard knowledge.
49,1358.2,Education,Excited,2025-01-18,Play move each left establish.
49,662.8,Education,Sad,2025-01-19,Might necessary former.
49,947.13,Leisure,Happy,2025-01-19,Behavior here.
49,400.61,Leisure,Neutral,2025-01-20,Law read citizen.
49,1707.28,Leisure,Stressed,2025-01-21,Year him thank trade.
49,2120.69,Travel,Happy,2025-01-22,Eight bed fill.
49,1546.2,Food,Sad,2025-01-23,Training occur could painting.
49,1315.71,Other,Stressed,2025-01-24,Different international sell several.
49,646.04,Travel,Neutral,2025-01-24,Ready goal amount.
49,1485.07,Other,Neutral,2025-01-24,Five store ask data.
49,262.06,Leisure,Neutral,2025-01-25,Skin name door production back.
49,776.95,Leisure,Happy,2025-01-26,Owner memory argue project.
49,1294.55,Food,Stressed,2025-01-26,Child ball store process.
49,1207.2,Travel,Excited,2025-01-28,And student give score agree.
49,1202.7,Leisure,Stressed,2025-01-28,Some quickly truth view response.
49,1397.72,Education,Neutral,2025-01-29,Such final however major.
49,599.35,Travel,Excited,2025-01-29,Indicate herself.
49,605.78,Food,Happy,2025-01-30,So draw food company.
49,457.97,Travel,Happy,2025-01-30,Enter capital population.
49,475.89,Education,Excited,2025-01-31,As music film move.
49,1052.57,Education,Sad,2025-01-31,National free.
50,967.4,Travel,Happy,2024-08-03,Sure authority increase picture create.
50,1485.46,Education,Neutral,2024-08-03,Democratic thousand.
50,806.24,Travel,Sad,2024-08-04,Behavior here.
50,1372.72,Travel,Sad,2024-08-07,Movie stop.
50,317.24,Other,Happy,2024-08-07,Before relationship plant.
50,320.64,Leisure,Stressed,2024-08-09,Unit hold.
50,332.59,Leisure,Happy,2024-08-09,Program sport her.
50,1668.49,Other,Excited,2024-08-10,Ask window full.
50,1176.04,Education,Happy,2024-08-13,Available defense.
50,801.57,Other,Happy,2024-08-13,Rather type thousand show.
50,654.28,Food,Happy,2024-08-14,Care run there leg.
50,1455.42,Travel,Excited,2024-08-21,Song risk bad.
50,945.18,Leisure,Neutral,2024-08-22,Able customer figure.
50,824.02,Other,Stressed,2024-08-22,Guess service this different.
50,94.37,Other,Neutral,2024-08-24,Strategy face make.
50,828.26,Education,Neutral,2024-08-25,War push thousand book half.
50,777.15,Travel,Happy,2024-08-25,Deal beyond almost.
50,878.09,Education,Happy,2024-08-28,Able customer figure.
50,1067.36,Education,Stressed,2024-08-28,Stuff next write.
50,120.99,Travel,Sad,2024-08-29,Exist professional.
50,331.38,Other,Excited,2024-08-30,As music film move.
50,360.32,Education,Excited,2024-09-01,Around there water.
50,647.06,Leisure,Sad,2024-09-02,Long identify road speech.
50,1730.0,Education,Stressed,2024-09-04,Very figure drive special.
50,267.35,Travel,Happy,2024-09-05,Source onto provide.
50,1360.11,Education,Sad,2024-09-05,Above others.
50,1107.04,Education,Happy,2024-09-07,Score moment second.
50,905.7,Food,Excited,2024-09-08,Couple city you level.
50,1712.83,Other,Sad,2024-09-11,Site girl into have media.
50,435.05,Education,Neutral,2024-09-11,Safe whole establish.
50,334.0,Leisure,Neutral,2024-09-12,Technology pay tree.
50,1503.28,Leisure,Neutral,2024-09-17,Baby lawyer growth matter note.
50,117.24,Food,Happy,2024-09-17,President likely truth animal.
50,869.79,Leisure,Excited,2024-09-18,Part crime.
50,1125.01,Food,Neutral,2024-09-18,Price institution method inside.
50,741.92,Other,Happy,2024-09-20,Paper beyond indeed.
50,1096.35,Travel,Happy,2024-09-21,Enjoy instead dream.
50,1125.58,Travel,Neutral,2024-09-21,Blue agent find.
50,93.5,Education,Stressed,2024-09-23,Magazine join.
50,1325.68,Leisure,Neutral,2024-09-23,Identify say on yes.
50,1342.3,Leisure,Excited,2024-09-23,Language however risk work.
50,854.17,Leisure,Neutral,2024-09-24,Company option character land space.
50,966.81,Education,Neutral,2024-09-25,None pressure lay future stay.
50,578.25,Other,Neutral,2024-09-29,Sometimes while sense window.
50,1243.09,Travel,Happy,2024-09-30,Compare system white magazine after.
50,1351.43,Leisure,Stressed,2024-09-30,Party employee nature down.
50,1044.21,Leisure,Neutral,2024-10-02,Management game.
50,1578.31,Travel,Neutral,2024-10-02,Them key.
50,1436.02,Travel,Happy,2024-10-03,Word collection those become.
50,556.27,Education,Neutral,2024-10-04,Lead paper middle foreign party.
50,215.93,Food,Happy,2024-10-06,Space moment travel these least.
50,1706.77,Food,Excited,2024-10-06,Moment eat personal.
50,1647.11,Travel,Stressed,2024-10-06,News american foreign.
50,1303.35,Food,Neutral,2024-10-07,Brother let.
50,203.01,Travel,Happy,2024-10-08,Money a.
50,318.23,Leisure,Excited,2024-10-12,Single blood continue.
50,1703.5,Food,Sad,2024-10-12,Marriage participant.
50,1023.44,Leisure,Happy,2024-10-15,Maintain assume both long.
50,597.99,Leisure,Happy,2024-10-15,Team republican very plan cut.
50,1656.32,Food,Excited,2024-10-16,Security land record.
50,1639.6,Food,Happy,2024-10-16,Thank avoid man drive.
50,292.84,Leisure,Sad,2024-10-17,Result size feel no nothing.
50,614.62,Education,Excited,2024-10-17,Include record security.
50,493.44,Travel,Neutral,2024-10-18,Expert movement reach man.
50,80.59,Travel,Happy,2024-10-19,Edge building court.
50,257.99,Travel,Happy,2024-10-21,Finally shoulder land.
50,353.17,Leisure,Excited,2024-10-22,World site mr interest treatment.
50,1258.83,Leisure,Stressed,2024-10-23,Brother let.
50,808.81,Leisure,Neutral,2024-10-25,Why station manager.
50,304.22,Education,Happy,2024-10-26,What than political up instead.
50,1214.79,Education,Neutral,2024-10-26,Democratic mention generation.
50,1729.38,Other,Stressed,2024-10-26,Book toward.
50,638.46,Leisure,Excited,2024-10-26,Name skill medical after them.
50,904.55,Leisure,Neutral,2024-10-28,Deal information.
50,562.13,Education,Sad,2024-10-28,Couple general pretty show.
50,103.25,Food,Excited,2024-10-28,Important source first him.
50,512.62,Education,Neutral,2024-10-28,Hope floor include.
50,1278.64,Other,Stressed,2024-10-29,Family bill foreign fast knowledge.
50,852.95,Food,Happy,2024-10-31,Change she tonight.
50,1111.19,Leisure,Stressed,2024-11-01,Well left.
50,734.55,Other,Neutral,2024-11-04,Turn put professional.
50,1013.06,Food,Neutral,2024-11-04,Not friend federal forget bit.
50,819.44,Travel,Neutral,2024-11-07,While same budget.
50,291.7,Education,Happy,2024-11-07,Science drug.
50,292.96,Food,Happy,2024-11-07,Respond into history.
50,1882.78,Education,Excited,2024-11-08,Well mission situation result.
50,820.37,Travel,Neutral,2024-11-10,Resource road do.
50,1554.4,Food,Neutral,2024-11-10,We especially five network.
50,459.28,Education,Happy,2024-11-11,Fish late pattern.
50,807.18,Food,Sad,2024-11-15,Society common stay ready.
50,770.21,Education,Sad,2024-11-16,Us perhaps lawyer interest star.
50,476.24,Travel,Happy,2024-11-16,Despite sound receive let.
50,1363.51,Travel,Neutral,2024-11-17,Look fight.
50,313.53,Food,Neutral,2024-11-17,Should page camera.
50,356.22,Other,Excited,2024-11-17,Long identify road speech.
50,1249.4,Leisure,Happy,2024-11-18,Affect marriage present a.
50,541.3,Leisure,Neutral,2024-11-19,Support possible.
50,1567.21,Food,Stressed,2024-11-20,Eye something.
50,561.35,Food,Happy,2024-11-20,Professor beat window.
50,1883.78,Other,Stressed,2024-11-21,On someone rise read.
50,1663.87,Leisure,Happy,2024-11-23,Best generation group goal.
50,831.39,Travel,Happy,2024-11-24,Water tonight pressure.
50,697.61,Other,Happy,2024-11-25,Like clear.
50,415.16,Education,Stressed,2024-11-25,Begin hundred truth.
50,1576.82,Food,Stressed,2024-11-26,Task she.
50,81.67,Leisure,Happy,2024-11-26,Your ever woman way avoid.
50,1444.41,Travel,Happy,2024-11-27,End dog.
50,389.77,Other,Neutral,2024-11-28,Describe paper.
50,1368.77,Other,Happy,2024-11-28,Million kind everything young.
50,1622.04,Other,Happy,2024-11-29,Future congress.
50,1320.63,Education,Neutral,2024-11-29,Town glass road.
50,987.48,Travel,Happy,2024-11-30,Actually than modern season.
50,1239.92,Leisure,Stressed,2024-11-30,Box service develop game.
50,939.3,Travel,Neutral,2024-12-01,Keep cut prevent sound.
50,583.35,Leisure,Neutral,2024-12-04,Floor there career.
50,924.65,Food,Neutral,2024-12-07,Win central.
50,1946.16,Leisure,Happy,2024-12-07,Nearly care base.
50,466.49,Other,Neutral,2024-12-10,Pressure those.
50,1725.3,Food,Stressed,2024-12-15,Size republican political.
50,665.77,Leisure,Neutral,2024-12-15,Current after charge.
50,72.47,Education,Sad,2024-12-15,Something fine apply gas sing.
50,1286.08,Other,Stressed,2024-12-16,Moment eat personal.
50,285.02,Leisure,Happy,2024-12-20,Him note painting quickly.
50,414.8,Education,Happy,2024-12-23,Within prove full.
50,560.86,Education,Stressed,2024-12-26,Receive to piece.
50,968.24,Education,Sad,2024-12-26,Success teach mrs beat.
50,1509.46,Other,Sad,2024-12-26,Paper memory history office.
50,1580.59,Leisure,Sad,2024-12-27,Million kind everything young.
50,110.18,Food,Sad,2024-12-30,Drug entire involve.
50,1619.67,Other,Neutral,2024-12-31,And student give score agree.
50,82.71,Education,Happy,2024-12-31,Growth appear project.
50,690.57,Food,Excited,2024-12-31,Determine feel article we they.
50,46.75,Education,Excited,2025-01-02,Able teach certain candidate economy.
50,1662.31,Travel,Neutral,2025-01-03,Box service develop game.
50,1690.97,Other,Happy,2025-01-04,More road development about.
50,1081.34,Leisure,Excited,2025-01-09,Color store over some.
50,1398.48,Food,Happy,2025-01-13,Court movie cell.
50,150.22,Travel,Happy,2025-01-13,Wonder long consider care.
50,908.98,Travel,Stressed,2025-01-15,Fish late pattern.
50,1854.99,Education,Sad,2025-01-15,Store bit responsibility brother.
50,1477.65,Education,Sad,2025-01-15,Course out second carry.
50,187.37,Travel,Happy,2025-01-16,Particular condition man.
50,107.14,Other,Neutral,2025-01-16,Expert involve oil.
50,296.68,Travel,Stressed,2025-01-16,Minute question their rather.
50,716.75,Leisure,Happy,2025-01-17,Never effect fill general relationship.
50,730.53,Other,Happy,2025-01-19,Risk develop movement size.
50,1461.27,Education,Excited,2025-01-20,Child ball store process.
50,1559.39,Education,Happy,2025-01-21,Price my.
50,1117.74,Other,Neutral,2025-01-22,Mind door authority outside.
50,774.48,Other,Neutral,2025-01-23,Month whom stage soon.
50,823.1,Education,Neutral,2025-01-23,Stage someone for power.
50,1211.88,Food,Neutral,2025-01-23,Sure authority increase picture create.
50,1069.03,Leisure,Happy,2025-01-23,Water tonight pressure.
50,315.12,Education,Neutral,2025-01-26,Together whether about.
50,937.39,Travel,Neutral,2025-01-26,Southern front.
50,867.7,Other,Happy,2025-01-27,State husband.
50,1141.72,Food,Neutral,2025-01-27,Reach under.
