cc_num,mean_spend,std_spend,spend_cv,txn_frequency,weekend_ratio,late_night_ratio,pct_food,pct_travel,pct_leisure,pct_health,merchant_diversity,large_txn_ratio,monthly_spend_cv,txn_regularity,spend_trend
60416207185,58.633,141.66,2.416045,91.125,0.321321,0.298473,0.214128,0.156248,0.255265,0.045999,0.293553,0.676569,0.438807,0.726974,132.0687
60422928733,62.4144,77.193,1.236782,91.1667,0.319467,0.326902,0.27469,0.122871,0.184048,0.044161,0.286563,0.59253,0.362703,0.723012,60.7138
60423098130,91.3839,1004.9975,10.997535,30.3333,0.598551,0.174522,0.164441,0.488407,0.099618,0.035444,0.582418,0.787068,2.012567,0.476207,133.7908
60427851591,96.3202,91.2476,0.947336,30.375,0.317974,0.261056,0.193076,0.262503,0.252419,0.057742,0.59808,0.480383,0.356739,0.482789,36.386
60487002085,57.0845,132.0183,2.312682,30.2917,0.322019,0.276777,0.20486,0.197859,0.13478,0.072435,0.6011,0.67317,0.577061,0.487101,60.2669
60490596305,66.3331,110.1784,1.660986,60.625,0.337731,0.301797,0.262107,0.144254,0.224003,0.047329,0.390378,0.667734,0.439374,0.637746,42.8452
60495593109,56.6095,62.7743,1.108901,30.4167,0.376465,0.307076,0.273416,0.125461,0.169391,0.039473,0.591781,0.598492,0.2595,0.469239,21.0324
501802953619,62.8518,168.4498,2.680109,91.125,0.376871,0.372116,0.250627,0.214028,0.194676,0.057578,0.283951,0.668852,0.574665,0.72801,62.5205
501828204849,62.0615,111.8835,1.802784,30.2083,0.34203,0.275144,0.223711,0.173039,0.233474,0.054418,0.594483,0.67181,0.385569,0.484291,26.5078
501831082224,55.6211,70.2644,1.263268,60.7083,0.370431,0.352019,0.25133,0.15759,0.161054,0.063595,0.396019,0.634025,0.32879,0.633854,22.3754
501882822387,65.2425,156.693,2.401702,30.4167,0.296354,0.363169,0.225206,0.119846,0.256603,0.030982,0.59589,0.656359,0.539012,0.474319,23.1853
501899453424,65.4379,163.4108,2.497189,91.0417,0.311066,0.326394,0.236498,0.206326,0.169896,0.040266,0.291076,0.63874,0.495158,0.722424,143.6133
502012776709,60.4117,95.199,1.575837,121.25,0.305011,0.325851,0.252676,0.168782,0.210465,0.058661,0.222337,0.658647,0.394977,0.768932,174.6142
502038091380,92.4692,82.5001,0.892191,91.0833,0.286215,0.285198,0.202863,0.215715,0.274746,0.060235,0.291857,0.45909,0.308261,0.733515,129.1383
502049568400,64.2088,217.0741,3.380752,60.75,0.292855,0.299318,0.241257,0.234581,0.178563,0.067394,0.386831,0.673451,0.626125,0.634244,-5.7852
503848303379,58.1136,119.9899,2.064749,91.25,0.315265,0.255085,0.216443,0.128665,0.221733,0.083937,0.296804,0.663817,0.263466,0.730759,39.0867
503874407318,58.5703,121.9167,2.081546,151.9167,0.332195,0.24946,0.190073,0.141272,0.262821,0.073163,0.185957,0.666583,0.425524,0.810918,98.1082
560881134780,59.5559,83.4111,1.400552,30.375,0.334305,0.308055,0.282354,0.164916,0.174146,0.077607,0.595336,0.644577,0.393006,0.474592,39.2681
561942763351,86.351,117.0477,1.355487,91.2083,0.311952,0.280803,0.317008,0.031577,0.302687,0.045506,0.291914,0.644718,0.316252,0.721516,55.3511
565399283797,90.8638,79.605,0.876091,30.25,0.32186,0.24071,0.205822,0.212609,0.247404,0.061307,0.590909,0.450884,0.409867,0.485404,41.7486
567868110212,83.1073,116.27,1.399035,151.7083,0.334808,0.269812,0.324124,0.029624,0.308176,0.048303,0.186213,0.64647,0.330014,0.809153,180.7121
568279015842,89.3533,76.7522,0.858975,60.75,0.306418,0.269106,0.221752,0.199612,0.252428,0.069875,0.391632,0.446195,0.332245,0.649659,33.3641
570273151375,57.5557,70.274,1.220974,30.375,0.306182,0.272406,0.23916,0.17499,0.145368,0.097549,0.602195,0.627828,0.43738,0.482156,23.6607
571314334723,54.6677,113.6578,2.079068,30.3333,0.285378,0.260035,0.200145,0.182724,0.195849,0.068405,0.597527,0.676832,0.583876,0.481176,49.8249
571365235126,58.5698,131.862,2.251364,181.8333,0.330725,0.271945,0.226403,0.164584,0.220764,0.053463,0.157424,0.676878,0.406418,0.827573,38.4866
571465035400,90.427,78.9096,0.872633,121.1667,0.309305,0.279504,0.212522,0.210806,0.268512,0.057971,0.227992,0.455432,0.352419,0.777091,209.3038
571844099986,64.5388,106.215,1.645754,90.8333,0.320805,0.339166,0.264755,0.155782,0.173808,0.033114,0.287156,0.615745,0.317954,0.726727,87.5992
573283817795,63.2502,107.4551,1.698889,30.2917,0.35044,0.40975,0.272612,0.11655,0.281305,0.032536,0.588721,0.640912,0.438124,0.485256,44.5068
573860193545,57.1881,134.7899,2.356956,121.5,0.293543,0.233366,0.205065,0.131448,0.277332,0.063129,0.228738,0.665955,0.302406,0.77911,107.2703
577588686219,70.0642,67.8682,0.968657,91.0417,0.385746,0.202688,0.096249,0.098244,0.361522,0.052771,0.28833,0.581212,0.339535,0.70583,147.251
580954173374,64.0636,130.3943,2.035389,60.75,0.320814,0.316792,0.2592,0.165193,0.166189,0.034347,0.390261,0.621684,0.359782,0.63085,88.9925
581293083266,93.6011,84.2798,0.900415,91.0833,0.32121,0.275413,0.196284,0.224555,0.274077,0.056148,0.290485,0.462562,0.304235,0.735131,111.6644
581508178315,97.1086,90.5284,0.932239,30.1667,0.323513,0.314216,0.187372,0.24263,0.277375,0.051057,0.592541,0.473475,0.376163,0.475577,18.5991
581686439828,57.2926,146.5361,2.557679,151.7917,0.345006,0.229548,0.219644,0.126858,0.225057,0.082084,0.18611,0.65581,0.398697,0.80959,134.3999
583699482621,70.6777,192.0319,2.717009,91.0833,0.297446,0.315321,0.241521,0.194502,0.185422,0.033692,0.289113,0.644294,0.532713,0.709556,151.6993
584673555952,61.4857,113.2585,1.842031,121.0,0.297269,0.369717,0.238467,0.163216,0.224493,0.064713,0.220386,0.661478,0.415865,0.772228,122.7847
630412733309,52.0216,68.6339,1.319335,30.3333,0.323097,0.310918,0.250568,0.163017,0.190962,0.084523,0.576923,0.634319,0.469567,0.475074,25.0704
630423337322,55.6029,158.2993,2.846964,181.4583,0.309524,0.229838,0.208157,0.158699,0.229389,0.050121,0.156372,0.681855,0.429161,0.834319,121.1118
630424987505,57.2744,146.3204,2.554729,181.75,0.329963,0.239852,0.226988,0.177437,0.225747,0.046074,0.154287,0.66775,0.388887,0.838024,169.5804
630425673344,66.8493,274.741,4.109853,91.0,0.37147,0.294905,0.238876,0.252187,0.198562,0.061011,0.286172,0.691943,0.576292,0.72226,39.3067
630441765090,64.6355,252.1078,3.900454,121.375,0.40961,0.275788,0.232713,0.216583,0.180319,0.07272,0.223481,0.673427,0.424245,0.777036,135.982
630451534402,60.0252,258.2685,4.302665,181.8333,0.272182,0.24457,0.211362,0.214098,0.227984,0.044535,0.157195,0.695253,0.397663,0.834151,20.55
630469040731,60.0231,87.4355,1.456696,121.2083,0.327232,0.30299,0.242771,0.157313,0.187936,0.062552,0.220694,0.651281,0.298873,0.773552,35.0194
630471368021,91.1014,78.9475,0.86659,30.3333,0.270467,0.282538,0.234358,0.216335,0.233771,0.060359,0.572802,0.445288,0.27881,0.470337,15.2719
630484879808,93.9381,85.5999,0.911238,121.4583,0.312254,0.266592,0.191847,0.224386,0.284009,0.055613,0.224014,0.466976,0.372738,0.776863,227.1097
639023984367,60.4881,226.5455,3.745289,151.5,0.322681,0.242274,0.217285,0.211018,0.215853,0.045601,0.185094,0.692457,0.42332,0.807426,270.3824
639030014711,88.8394,74.2044,0.835265,60.7917,0.332957,0.278266,0.220049,0.183227,0.25669,0.063031,0.392049,0.4433,0.37693,0.642181,58.057
639046421587,92.8255,83.929,0.904159,60.75,0.335602,0.265158,0.191022,0.224769,0.272995,0.06146,0.397119,0.464063,0.333803,0.639916,112.8968
639077309909,56.525,63.8803,1.130125,30.25,0.303743,0.30481,0.317365,0.133616,0.132901,0.040416,0.584022,0.573602,0.458152,0.492204,23.324
639095706599,59.5219,83.5782,1.404158,30.2917,0.32408,0.286757,0.242768,0.129467,0.192651,0.087042,0.583219,0.650614,0.468111,0.471982,11.8227
675909898057,81.8246,729.8015,8.919102,60.7917,0.282934,0.246734,0.195264,0.353439,0.133166,0.022803,0.391364,0.724909,1.30785,0.644315,59.7038
675945690716,55.3478,220.8547,3.990303,91.1667,0.291025,0.207479,0.13172,0.151856,0.401455,0.055475,0.293419,0.739077,0.498715,0.694996,76.4781
675961917837,76.7025,536.8914,6.999663,30.4167,0.507834,0.201695,0.192681,0.363122,0.143557,0.04364,0.589041,0.744664,1.315203,0.468316,-88.3038
675990301623,52.3453,88.3296,1.68744,121.4583,0.305539,0.265054,0.26297,0.162723,0.154127,0.057389,0.22916,0.654707,0.359556,0.769959,100.6959
676102124465,94.4711,182.4797,1.931593,121.25,0.286701,0.2604,0.275447,0.072654,0.332998,0.045656,0.227491,0.675506,0.395605,0.7705,180.9298
676118385837,61.4232,79.3369,1.291644,60.5,0.338916,0.325554,0.262637,0.157889,0.19248,0.06815,0.387052,0.635125,0.391635,0.628261,41.9117
676148621961,57.4355,75.2545,1.310243,60.6667,0.356444,0.329125,0.258702,0.17357,0.17774,0.069218,0.387363,0.636231,0.41808,0.641517,64.2465
676173792455,65.6816,127.4196,1.939958,90.9167,0.300268,0.294148,0.251422,0.16921,0.195424,0.033276,0.290559,0.621156,0.510349,0.718126,37.2996
676195318214,57.1419,131.4659,2.300692,121.1667,0.335302,0.261006,0.220033,0.143626,0.243042,0.068256,0.230399,0.675102,0.333836,0.77539,112.164
676234256292,91.0396,78.3529,0.860646,30.25,0.30467,0.264531,0.209482,0.203594,0.271961,0.058955,0.590909,0.450271,0.335894,0.480171,71.2379
676245600876,67.4087,133.6869,1.98323,60.7917,0.334742,0.318927,0.245369,0.175544,0.199911,0.038556,0.385195,0.622489,0.37879,0.639274,65.2309
676248282243,61.7671,91.0884,1.474708,60.75,0.303771,0.320664,0.242209,0.132352,0.221045,0.030204,0.390947,0.628556,0.417365,0.647884,71.9083
676275912597,97.0343,90.7323,0.935054,30.4167,0.306594,0.292341,0.191762,0.247828,0.284358,0.052847,0.584932,0.481874,0.423426,0.473794,40.4892
676281772837,71.1598,285.5591,4.012926,91.0833,0.320538,0.310997,0.261184,0.203282,0.204672,0.03529,0.288198,0.651344,0.540113,0.723154,20.7768
676292294938,57.3669,73.4345,1.280085,30.125,0.346666,0.287021,0.259936,0.170272,0.207937,0.055794,0.594744,0.633109,0.336463,0.478154,0.9981
676298633337,55.9665,107.3638,1.918358,90.875,0.275998,0.24599,0.242159,0.162623,0.214893,0.050978,0.289317,0.668011,0.330221,0.732037,105.4297
676308307625,60.7203,141.8258,2.335723,30.375,0.254559,0.230071,0.204019,0.102924,0.296305,0.05852,0.609053,0.665579,0.432265,0.478574,36.0927
676309913934,52.7127,93.1145,1.766451,60.5833,0.328266,0.245203,0.220535,0.143934,0.208219,0.072524,0.400963,0.648435,0.351446,0.648077,56.6806
676314217768,90.7257,107.8614,1.188874,30.3333,0.357609,0.253402,0.317002,0.023953,0.305383,0.043323,0.587912,0.630265,0.416327,0.473768,8.7051
676326610042,84.9701,101.1161,1.19002,30.25,0.320898,0.301424,0.326791,0.026808,0.255148,0.056787,0.593664,0.644103,0.439609,0.461107,57.3563
676369110710,56.5233,135.7758,2.402119,121.375,0.30581,0.249262,0.200085,0.158954,0.237917,0.06115,0.229317,0.672711,0.383523,0.772812,33.9558
676372984911,58.4476,178.3353,3.051201,151.5,0.301263,0.24267,0.212397,0.208423,0.201408,0.043702,0.183993,0.686105,0.438148,0.806152,152.1133
4006047418382,59.1827,87.1212,1.472074,60.6667,0.317906,0.287303,0.230298,0.151979,0.222837,0.074521,0.384615,0.650746,0.390212,0.648358,99.1632
4026222041577,84.787,121.4806,1.432774,30.3333,0.338204,0.291912,0.315819,0.040159,0.317876,0.04122,0.586538,0.655447,0.354968,0.469856,-33.3604
4066595222529,61.3774,120.9925,1.971287,91.0417,0.33969,0.277677,0.244956,0.166833,0.203113,0.06926,0.291991,0.666517,0.358109,0.725092,87.4993
4079773899158,58.8596,79.808,1.355905,121.25,0.32693,0.319188,0.261713,0.153253,0.199738,0.064673,0.220619,0.648995,0.286147,0.782348,126.6112
4103158249977,93.5092,85.2659,0.911845,30.3333,0.303852,0.257531,0.191217,0.224546,0.269552,0.057356,0.585165,0.46613,0.370839,0.492802,56.0372
4149635823017,58.6013,143.2075,2.443759,121.25,0.324772,0.225298,0.199586,0.150571,0.2474,0.066216,0.230241,0.668431,0.253333,0.782168,50.7551
4158008602445,48.5378,118.2038,2.435294,30.375,0.302465,0.325846,0.242024,0.156365,0.215781,0.040677,0.593964,0.666641,0.489159,0.478157,45.3682
4169388510116,61.4422,147.6571,2.403187,90.9167,0.357125,0.367679,0.250767,0.221693,0.185347,0.051792,0.280477,0.663146,0.32152,0.723703,66.1259
4186530744674,66.0946,113.7879,1.721592,90.9583,0.297318,0.323391,0.240754,0.112215,0.21037,0.036574,0.283555,0.62241,0.384197,0.724666,64.7283
4189814094741,49.4679,117.0009,2.365187,30.1667,0.331453,0.210077,0.188094,0.200311,0.237306,0.057428,0.61326,0.706937,0.587225,0.471128,36.8496
4195740185974,61.8779,79.7908,1.289488,60.75,0.31987,0.327246,0.272716,0.134478,0.193991,0.032362,0.399863,0.603213,0.322486,0.642548,49.969
4198470814557,57.2358,167.6643,2.929359,121.5,0.368101,0.23173,0.212666,0.165231,0.225655,0.064491,0.223937,0.678964,0.460493,0.768422,168.7138
4220345354880,65.6709,144.6406,2.202508,91.1667,0.317846,0.318716,0.274613,0.153028,0.159669,0.027672,0.290676,0.626998,0.414421,0.71753,67.9185
4239436242473,56.8551,131.7072,2.31654,60.5833,0.327041,0.223748,0.210435,0.14374,0.251447,0.061062,0.400963,0.656636,0.356863,0.651092,12.3482
4247921790666,66.8619,108.2993,1.619747,90.875,0.297074,0.328751,0.244375,0.140083,0.233806,0.029894,0.290234,0.640158,0.383517,0.720599,47.5918
4259996134423,63.8357,141.4931,2.21652,60.5833,0.341516,0.360677,0.222567,0.200055,0.183282,0.068776,0.390646,0.677081,0.332743,0.640456,71.0799
4260128500325,70.2194,65.5197,0.933071,90.875,0.377992,0.195279,0.091572,0.106302,0.381785,0.045496,0.291151,0.570564,0.355649,0.697517,213.5403
4279161831637,55.8318,156.3076,2.799618,60.5,0.340134,0.335231,0.242117,0.160694,0.261444,0.033593,0.408402,0.679103,0.48046,0.651563,125.8429
4294930380592,55.9148,71.3987,1.276919,121.375,0.36631,0.308456,0.287582,0.144775,0.19172,0.063024,0.223824,0.643133,0.295692,0.776063,67.1315
4306630852918,71.0344,145.6408,2.050285,60.7083,0.328742,0.29108,0.245636,0.142104,0.241071,0.026608,0.384351,0.635129,0.372511,0.637566,89.8182
4383521454815,59.9787,241.5255,4.026855,60.6667,0.284289,0.317342,0.180453,0.128394,0.303831,0.076935,0.404533,0.688622,0.635456,0.638568,9.7297
4393520897625,99.5407,97.7256,0.981766,60.7083,0.30474,0.2747,0.194981,0.277599,0.251046,0.052081,0.400824,0.491272,0.377333,0.639936,126.7152
4396682467723,61.6385,102.3938,1.661198,30.375,0.320181,0.350131,0.263003,0.105955,0.198476,0.046806,0.610425,0.62713,0.422858,0.476277,17.8216
4427805710168,44.0181,105.2111,2.390179,91.1667,0.377111,0.258761,0.190687,0.207186,0.233774,0.067798,0.296618,0.673337,0.440073,0.698745,48.4997
4440581794652,68.2465,199.8647,2.928572,30.375,0.318759,0.287697,0.238595,0.103065,0.24606,0.028587,0.576132,0.677888,0.621534,0.483812,20.2115
4464457352619,58.8317,198.1466,3.368027,151.5833,0.307243,0.311749,0.227386,0.194815,0.181501,0.050872,0.185542,0.683327,0.479131,0.808091,63.6942
4471568287204,64.448,112.8242,1.750625,60.5,0.354111,0.356473,0.244654,0.128036,0.221279,0.02719,0.38843,0.634795,0.376761,0.632648,-6.8369
4476840372112,51.8937,88.9738,1.71454,121.3333,0.323056,0.23079,0.207957,0.15485,0.2214,0.071817,0.231456,0.650246,0.376803,0.775838,80.1306
4481131401752,54.6482,110.2314,2.017108,60.7917,0.288744,0.256527,0.234548,0.147845,0.209533,0.071388,0.404387,0.653593,0.404321,0.643404,51.0987
4500002361389,58.5785,82.6954,1.411703,121.4167,0.307957,0.33668,0.26087,0.158201,0.208777,0.063528,0.222032,0.648779,0.354533,0.769751,131.5166
4505383113689,67.9349,185.6716,2.73308,60.75,0.326698,0.392557,0.238572,0.217063,0.164872,0.025612,0.394376,0.632867,0.48554,0.625776,28.0262
4538566639857,63.7339,134.8897,2.116451,91.0833,0.312817,0.287636,0.242764,0.156921,0.19076,0.038884,0.288655,0.637504,0.347904,0.720528,76.0586
4561546772499,58.6569,157.1118,2.678488,151.75,0.294366,0.237999,0.206051,0.157614,0.229884,0.067953,0.187534,0.678128,0.402032,0.807013,13.3429
4561892980175,61.8708,120.4185,1.946288,60.8333,0.360479,0.306302,0.259114,0.160182,0.176109,0.046028,0.388356,0.627237,0.466519,0.628516,48.57
4562827002127,61.0522,141.3351,2.314989,60.8333,0.332897,0.231637,0.185177,0.118579,0.254325,0.078538,0.40411,0.675097,0.417583,0.644682,48.9795
4585132874641,55.9923,141.5662,2.528315,91.2083,0.323366,0.29792,0.253896,0.14872,0.211006,0.051807,0.285975,0.688589,0.440873,0.709176,28.3292
4586260469584,61.76,113.987,1.845644,121.25,0.310167,0.315042,0.243577,0.197769,0.175089,0.055835,0.223024,0.652743,0.342561,0.776409,57.9734
4600155880464,67.7629,111.2098,1.641161,30.375,0.320268,0.294571,0.261292,0.13079,0.203324,0.031212,0.589849,0.607345,0.515704,0.477996,4.3655
4601636330889,63.3753,165.2332,2.607217,60.5833,0.252241,0.282042,0.208763,0.157353,0.234589,0.057994,0.40784,0.684644,0.398177,0.640771,69.9108
4605902936394,74.8235,179.4199,2.39791,30.4167,0.240272,0.363952,0.220383,0.081239,0.327058,0.019832,0.569863,0.676735,0.748578,0.480303,115.5369
4613314721966,94.4875,87.8037,0.929262,91.0833,0.323201,0.25734,0.205468,0.237082,0.262178,0.058359,0.288198,0.471773,0.3266,0.730491,118.5397
4623560839669,64.1899,159.751,2.488726,121.2083,0.323376,0.315632,0.25012,0.183788,0.234786,0.058732,0.222413,0.663183,0.367507,0.779062,-8.5132
4640395708703,59.4536,88.2774,1.48481,121.3333,0.316232,0.319702,0.247245,0.159352,0.183778,0.061359,0.221497,0.638054,0.326132,0.779891,123.8852
4642894980163,57.2509,145.0885,2.534257,121.3333,0.271944,0.229876,0.202618,0.155033,0.217214,0.071653,0.23283,0.67125,0.414188,0.777782,38.9937
4658117080136,65.4094,215.3851,3.292876,60.5833,0.378452,0.242819,0.191793,0.175829,0.235827,0.063753,0.402338,0.694512,0.509625,0.647916,78.7299
4681699462969,58.1189,156.6643,2.695581,151.875,0.310013,0.225309,0.192646,0.121245,0.271786,0.068599,0.187106,0.683163,0.372443,0.808422,61.266
4683638447911,94.0827,87.2473,0.927347,121.5,0.313258,0.281925,0.207322,0.239917,0.260012,0.058401,0.225652,0.469664,0.295775,0.778976,112.2986
4687263141103,57.2009,148.6797,2.599254,30.3333,0.400451,0.246686,0.246739,0.174071,0.24223,0.059233,0.601648,0.664662,0.714169,0.464282,22.9631
4745996322265,74.4954,166.0892,2.229524,182.25,0.372679,0.187654,0.095765,0.127697,0.385015,0.044312,0.15615,0.599236,0.32991,0.815051,212.4158
4755696071492,62.46,197.8378,3.167431,151.8333,0.288066,0.256217,0.171894,0.156801,0.269368,0.075469,0.185785,0.693456,0.361807,0.807529,142.0093
4760122961662,57.3264,69.3416,1.209592,30.2917,0.321301,0.326996,0.312381,0.176184,0.184815,0.033026,0.58597,0.626837,0.391931,0.493663,32.5867
4783226709001,57.5939,89.8245,1.559619,91.1667,0.344185,0.370033,0.269328,0.189228,0.162012,0.074247,0.28245,0.634638,0.387723,0.724445,75.3971
4788103653396,69.8378,115.3516,1.651707,60.7083,0.299743,0.285485,0.241233,0.106746,0.213413,0.036141,0.38641,0.632071,0.447906,0.631966,122.9489
4806443445305,55.5623,197.5659,3.555756,30.4167,0.444785,0.200141,0.13989,0.268249,0.272368,0.054473,0.60411,0.775017,0.860782,0.453525,53.0873
4807552641361,62.3051,130.7834,2.09908,30.4167,0.434631,0.372276,0.228969,0.187516,0.178548,0.065191,0.586301,0.666969,0.526534,0.483569,25.2683
4809701904914,86.1512,113.4819,1.317241,121.5833,0.350438,0.254282,0.305242,0.035535,0.323709,0.04319,0.226868,0.652132,0.332591,0.770078,245.9126
4862293128558,60.848,211.7264,3.479596,121.3333,0.310995,0.285522,0.243987,0.208484,0.170395,0.056107,0.222871,0.665609,0.461184,0.779685,141.629
4900628639996,60.2757,153.0023,2.538374,151.7917,0.342233,0.253249,0.201543,0.149409,0.269645,0.077872,0.186934,0.671645,0.378971,0.808507,122.9312
4917226033950,56.1456,84.5189,1.505352,30.375,0.306994,0.257341,0.279256,0.158209,0.197672,0.077966,0.595336,0.65304,0.425435,0.485419,42.0086
4957924165498,63.8362,164.973,2.584316,60.7917,0.340443,0.293846,0.227827,0.186198,0.200252,0.06395,0.381083,0.686002,0.446478,0.640376,74.2847
4981132848794,62.4172,125.0615,2.003639,91.0833,0.34963,0.32472,0.241682,0.195212,0.211254,0.050758,0.284995,0.674815,0.317797,0.723383,52.9218
4988304376504,61.5397,106.9646,1.738139,121.4583,0.349516,0.339436,0.249806,0.160255,0.223038,0.070158,0.224014,0.656825,0.355202,0.770838,98.4376
4990494243023,59.9841,116.3108,1.939025,121.2917,0.336626,0.352181,0.255957,0.166564,0.171406,0.070525,0.220543,0.650543,0.388246,0.776069,32.2265
30011465039817,84.424,110.5074,1.308957,30.2917,0.323817,0.290673,0.284683,0.026072,0.28167,0.054485,0.598349,0.656415,0.351898,0.485115,23.4828
30026790933302,92.5497,80.1129,0.86562,121.6667,0.341222,0.258756,0.211281,0.210846,0.268553,0.063683,0.227055,0.453599,0.300092,0.778267,180.2277
30029052116970,54.8827,108.8567,1.983445,121.4583,0.339719,0.241483,0.209999,0.144124,0.209955,0.08471,0.231218,0.650275,0.36166,0.768579,33.982
30030380240193,91.616,79.0381,0.862711,121.4583,0.289406,0.263377,0.215155,0.205418,0.283196,0.053528,0.225386,0.453251,0.324887,0.772854,205.4972
30033162392091,93.8774,84.6714,0.901936,60.7917,0.314286,0.268122,0.202613,0.240669,0.262284,0.058566,0.395476,0.464306,0.32745,0.64246,67.0344
30042378430132,52.4007,104.1405,1.987388,30.375,0.299081,0.194236,0.212461,0.123881,0.206494,0.05846,0.609053,0.659771,0.528887,0.471155,44.4998
30044330818990,84.8204,104.6837,1.234181,151.5833,0.351605,0.275826,0.321817,0.02898,0.298625,0.046103,0.185267,0.645458,0.318183,0.805106,177.017
30074693890476,87.9168,121.2349,1.378973,121.5417,0.318956,0.264265,0.316402,0.03327,0.301828,0.040376,0.228317,0.659684,0.348977,0.776593,104.7495
30082025922891,67.3702,156.052,2.316334,91.0833,0.330616,0.306366,0.228468,0.171949,0.192301,0.032399,0.283623,0.649903,0.387244,0.728613,96.9041
30092964733035,83.2363,112.7056,1.354043,60.625,0.295879,0.257659,0.327465,0.026973,0.297905,0.043262,0.398625,0.655635,0.305001,0.626887,75.1127
30103132002433,84.0928,105.1767,1.250721,60.75,0.336606,0.299888,0.324914,0.03845,0.300359,0.036897,0.407407,0.658914,0.424053,0.638368,120.6859
30118423745458,58.5209,120.3572,2.056655,121.4167,0.336681,0.248711,0.200084,0.154885,0.237115,0.07702,0.229581,0.65977,0.348602,0.779128,51.8901
30131826429364,85.5454,125.8653,1.471327,151.7083,0.367116,0.272152,0.314422,0.026901,0.31176,0.049378,0.184015,0.662169,0.354872,0.803655,163.422
30135235368675,86.623,109.9504,1.269297,91.0417,0.342985,0.259729,0.319555,0.027752,0.31588,0.053767,0.288787,0.652664,0.370451,0.724513,75.083
30143535920989,63.8104,501.3342,7.856629,90.9167,0.39168,0.204759,0.201567,0.348982,0.127077,0.042495,0.292851,0.704306,1.028879,0.722801,313.707
30143713661454,64.4381,215.5389,3.344898,60.75,0.26457,0.280649,0.220571,0.20604,0.179342,0.051405,0.388203,0.694378,0.773391,0.647562,54.7304
30150717898388,59.3315,96.6265,1.628586,91.2083,0.312377,0.320472,0.240001,0.156836,0.19396,0.06271,0.285975,0.64559,0.278525,0.732207,77.1329
30153452207526,61.5732,81.5675,1.324726,91.0833,0.319435,0.323343,0.269558,0.130734,0.17599,0.037618,0.286825,0.606562,0.32473,0.723791,42.8007
30175986190993,60.3644,83.2212,1.378648,121.2083,0.318585,0.319727,0.270162,0.144862,0.220343,0.061271,0.22482,0.644451,0.305898,0.780871,119.3856
30181367542315,55.5111,88.5456,1.595099,30.3333,0.316267,0.368049,0.246652,0.177166,0.188575,0.058035,0.611264,0.664269,0.501959,0.491067,22.8379
30197398657930,87.0446,125.3861,1.440481,121.125,0.301795,0.282209,0.327925,0.032227,0.30687,0.042916,0.228414,0.66112,0.307885,0.772365,94.2402
30199621383748,84.7197,125.4696,1.480996,151.7917,0.337937,0.272484,0.318255,0.038827,0.302822,0.042979,0.18611,0.657012,0.352021,0.806333,177.9046
30230540139182,92.6862,83.9942,0.906222,90.9167,0.330908,0.273385,0.198474,0.224682,0.266767,0.058288,0.288726,0.465565,0.287546,0.727727,98.4504
30234966027947,56.876,125.7365,2.210713,151.75,0.317747,0.229065,0.208655,0.122888,0.233956,0.068105,0.186985,0.674079,0.358382,0.813363,188.9612
30235268718158,70.6927,344.4669,4.872737,91.0833,0.248783,0.268487,0.169787,0.202558,0.254734,0.062156,0.296889,0.713388,0.478887,0.731152,64.1064
30235438713303,57.4945,131.3869,2.285208,151.625,0.303112,0.237493,0.194498,0.152391,0.231047,0.067174,0.188513,0.6636,0.33478,0.808237,82.4867
30238755902988,53.8054,121.84,2.264458,181.5417,0.324784,0.275837,0.234256,0.165505,0.202771,0.05001,0.155612,0.673435,0.327288,0.831488,46.3522
30242921189660,62.7041,159.5372,2.544289,60.7083,0.272129,0.348624,0.240983,0.13765,0.19761,0.054417,0.390528,0.679301,0.464464,0.642402,54.7831
30248898834493,57.5609,74.4456,1.293336,60.6667,0.311804,0.304582,0.271157,0.17029,0.165325,0.065809,0.388736,0.638084,0.37124,0.635545,52.6207
30263540414123,59.4917,85.9536,1.444801,91.125,0.31165,0.364713,0.248666,0.158198,0.193122,0.069976,0.283951,0.651815,0.382584,0.717676,77.1969
30266994494236,58.0288,171.9094,2.962486,90.9167,0.341854,0.299493,0.230646,0.166556,0.233868,0.048043,0.289643,0.666922,0.501472,0.726233,148.6512
30270432095985,55.6301,141.1009,2.536412,182.375,0.307536,0.256792,0.231703,0.152085,0.214723,0.035993,0.155358,0.679771,0.363024,0.833184,220.7739
30273037698427,71.2548,70.7949,0.993546,181.9583,0.3858,0.195405,0.101783,0.096834,0.388932,0.049649,0.156171,0.587283,0.340447,0.809877,365.9674
30290551782700,64.6218,128.9256,1.995078,90.75,0.317623,0.308109,0.255416,0.148913,0.210459,0.038476,0.293388,0.622943,0.310126,0.714432,77.5418
30328384440870,62.5685,119.041,1.902572,91.125,0.348838,0.303911,0.277048,0.161689,0.197205,0.075162,0.283036,0.654458,0.365598,0.721706,89.3664
30343344410970,66.7639,266.7013,3.994691,91.125,0.384682,0.304739,0.261992,0.203008,0.188162,0.02765,0.287609,0.644173,0.479665,0.730619,139.0753
30344654314976,59.3919,96.2528,1.620639,60.625,0.343404,0.33248,0.273845,0.133261,0.217229,0.074977,0.405498,0.656118,0.377224,0.636298,23.3159
30357372465631,56.2036,73.3786,1.305586,30.375,0.362505,0.337545,0.236923,0.164954,0.162892,0.070412,0.596708,0.63878,0.497875,0.472757,31.8403
30360260465747,65.2719,111.6354,1.710314,30.4167,0.32585,0.365709,0.274984,0.141591,0.227042,0.058503,0.579452,0.667333,0.349634,0.469772,-3.5817
30364087349027,54.4842,111.4304,2.045187,91.0,0.305336,0.253197,0.213979,0.137361,0.218231,0.0639,0.293956,0.643356,0.337853,0.722325,113.6262
30371006069917,58.7254,71.4467,1.216624,60.6667,0.345106,0.289084,0.263179,0.158574,0.19806,0.057032,0.389423,0.620072,0.418183,0.639022,97.2194
30373802285317,64.6694,99.4257,1.537445,30.2083,0.238545,0.327943,0.293865,0.124853,0.206469,0.0335,0.6,0.607328,0.442956,0.462307,22.1297
30376238035123,61.0969,108.5754,1.777102,60.6667,0.343432,0.348961,0.261788,0.127094,0.165445,0.076124,0.399038,0.662963,0.376718,0.631666,9.3255
30404291151692,90.0293,136.5187,1.51638,60.7917,0.301615,0.240502,0.290504,0.030991,0.355874,0.041076,0.399589,0.676486,0.319904,0.631311,-0.9421
30407675418785,61.7933,245.8469,3.978534,121.4167,0.339446,0.237315,0.21748,0.231453,0.200947,0.045469,0.224434,0.69166,0.56751,0.780341,12.2786
30408301059761,83.4725,983.6725,11.784396,30.375,0.582334,0.580039,0.146458,0.504233,0.117268,0.058316,0.599451,0.788358,2.164247,0.490906,-84.2365
30427035050508,67.4619,118.4437,1.755714,60.75,0.292698,0.318704,0.269943,0.106508,0.242403,0.027593,0.400549,0.640203,0.449542,0.634581,-27.791
30428204673351,93.5929,84.7838,0.905878,121.2917,0.314417,0.253426,0.197237,0.226702,0.266893,0.069697,0.229818,0.466099,0.330276,0.777305,181.2818
30434173205605,65.4726,229.8468,3.51058,30.375,0.324396,0.268329,0.164807,0.197156,0.327383,0.03364,0.600823,0.74097,0.653292,0.481045,-17.7233
30442439074871,90.426,145.2939,1.606771,91.0,0.310226,0.23619,0.304649,0.043782,0.347339,0.039176,0.288462,0.668878,0.359886,0.725207,133.6316
30446018552504,50.4014,90.8532,1.802592,30.2917,0.383868,0.243013,0.257696,0.217463,0.132853,0.05429,0.577717,0.635602,0.513113,0.467073,15.5002
30487648872433,57.2915,85.4272,1.491098,60.75,0.308508,0.308138,0.273559,0.152712,0.161365,0.059926,0.389575,0.651444,0.345968,0.638564,55.575
30491348102802,62.9411,186.0272,2.955574,30.4167,0.268794,0.266122,0.257732,0.223534,0.145693,0.066499,0.59726,0.680148,0.672043,0.47851,87.0099
30501624614310,56.4115,164.3841,2.914016,121.3333,0.275097,0.28308,0.234225,0.156816,0.212617,0.053998,0.228022,0.664535,0.367003,0.77648,65.4133
30510856607165,57.6474,80.7523,1.400796,30.2917,0.294241,0.317571,0.274544,0.095482,0.181926,0.045918,0.58597,0.628973,0.415749,0.471483,13.7527
30518196150127,64.108,249.464,3.891309,30.2917,0.235652,0.21123,0.234796,0.257849,0.221435,0.038595,0.577717,0.701998,0.767852,0.472466,23.6157
30518206766474,56.3933,164.2032,2.91175,91.125,0.352174,0.245163,0.241591,0.161088,0.205142,0.057764,0.295382,0.66576,0.370044,0.722103,84.1649
30541100351706,55.8949,127.8911,2.288065,30.375,0.292588,0.242168,0.203647,0.216381,0.19674,0.09437,0.610425,0.655182,0.519394,0.474939,35.0339
30546453310167,70.3122,226.4743,3.22098,60.75,0.348172,0.379286,0.23543,0.159345,0.216951,0.024857,0.399863,0.671149,0.488762,0.645319,57.0841
30551643947183,88.0654,126.4664,1.43605,151.3333,0.336197,0.295671,0.305168,0.028733,0.329727,0.039669,0.186123,0.658718,0.326336,0.805815,186.0417
30560609640617,59.2716,100.5856,1.697027,91.0,0.298378,0.311948,0.270714,0.157455,0.180004,0.068835,0.285714,0.646503,0.389181,0.720863,80.9982
30561214688470,46.2077,138.3252,2.993552,121.125,0.418908,0.284174,0.160017,0.192947,0.293734,0.062926,0.230134,0.704509,0.44392,0.742076,66.4566
30570197515105,67.718,131.3432,1.939562,30.2917,0.305319,0.347397,0.259599,0.096194,0.266806,0.03053,0.590096,0.641613,0.444423,0.482144,38.3077
30596478689301,51.8909,111.3176,2.145225,30.3333,0.277622,0.199549,0.214786,0.157489,0.191936,0.091911,0.619505,0.655003,0.541564,0.489325,29.2541
36078114201167,59.4211,136.627,2.299301,121.5417,0.328313,0.314097,0.273446,0.200927,0.171186,0.060442,0.221803,0.65058,0.33592,0.77637,147.1487
36153880429415,77.9924,413.0128,5.295553,60.6667,0.261458,0.294428,0.236699,0.248214,0.135143,0.028172,0.394231,0.662288,0.673378,0.635187,82.4112
36192615525683,83.994,125.6278,1.495676,30.2917,0.291649,0.309634,0.293503,0.019076,0.282863,0.051599,0.594223,0.669846,0.549635,0.485417,58.2765
36360452125889,61.2988,92.2247,1.50451,30.4167,0.311727,0.374172,0.303588,0.106814,0.172005,0.034188,0.593151,0.617936,0.474091,0.481692,33.027
36485887555770,70.3433,69.0773,0.982003,121.4583,0.393892,0.19827,0.085528,0.101545,0.391626,0.049014,0.225729,0.57533,0.395869,0.753887,226.8058
36581538659449,55.6808,80.188,1.440138,30.375,0.373365,0.300998,0.247308,0.169106,0.191928,0.051554,0.607682,0.6374,0.486436,0.454899,25.5579
36721445180895,60.604,99.0107,1.633731,90.9583,0.306382,0.290897,0.261642,0.162313,0.174296,0.069753,0.287678,0.653089,0.283146,0.726713,54.8585
36722699017270,86.6907,111.6446,1.28785,182.3333,0.323089,0.253053,0.336175,0.023971,0.303752,0.038192,0.155393,0.655216,0.314127,0.835267,124.5552
36890292963032,61.6819,107.0357,1.735285,30.3333,0.363601,0.345548,0.258715,0.123533,0.230667,0.078992,0.586538,0.659707,0.37511,0.467351,44.117
36913587729122,87.9326,132.1588,1.502956,151.5,0.319133,0.257056,0.32079,0.038334,0.328864,0.040609,0.185644,0.664544,0.296966,0.80568,225.6925
38014427445058,59.6559,83.0809,1.392669,30.2917,0.305168,0.394928,0.296208,0.125703,0.16313,0.042607,0.57359,0.598369,0.437244,0.475715,43.0655
38052002992326,45.5933,101.9686,2.236483,151.8333,0.380616,0.216214,0.161317,0.184786,0.256412,0.073171,0.188804,0.693571,0.316708,0.784596,60.0017
38057513087029,48.9849,144.9485,2.959044,91.0,0.39244,0.198416,0.160042,0.215658,0.271734,0.068453,0.298993,0.707786,0.41431,0.689989,-1.5894
38199021865320,93.9525,83.2584,0.886175,121.3333,0.325959,0.26803,0.20315,0.224074,0.271944,0.059602,0.226992,0.459577,0.30526,0.775348,133.5221
38295635583927,53.323,105.5783,1.979976,121.5,0.326267,0.258964,0.236373,0.16942,0.229088,0.055323,0.225652,0.660003,0.35188,0.782345,100.0776
38530489946071,60.9941,140.6126,2.305347,121.125,0.342832,0.297986,0.22053,0.15569,0.226483,0.044873,0.227726,0.694159,0.420175,0.770669,69.2142
38544312728630,80.0666,93.9741,1.1737,30.375,0.341908,0.257198,0.302198,0.021819,0.261959,0.06063,0.587106,0.629553,0.319839,0.481427,13.7148
38580485618059,59.6542,80.0295,1.341556,121.0,0.306776,0.313677,0.271397,0.15153,0.196659,0.070043,0.222452,0.644853,0.366186,0.770611,118.4657
38588538868506,58.5459,140.6499,2.402386,121.2917,0.293442,0.237972,0.249292,0.174094,0.216147,0.046055,0.224322,0.680081,0.379964,0.769767,141.2864
38797410705641,94.9386,86.9403,0.915752,91.1667,0.314325,0.259006,0.218781,0.233563,0.248274,0.056588,0.288391,0.469449,0.301128,0.733227,112.6616
38859492057661,65.6206,102.1053,1.555993,30.2917,0.383801,0.331269,0.271455,0.133164,0.241229,0.048466,0.590096,0.635602,0.411081,0.493975,42.8448
38947654498698,53.2951,103.8036,1.947715,91.0,0.289099,0.303959,0.259768,0.152926,0.174686,0.054819,0.285256,0.662137,0.306799,0.721518,62.2993
180011453250192,95.5077,87.8669,0.919998,121.4167,0.321454,0.260286,0.199182,0.245019,0.268958,0.051651,0.22615,0.474041,0.321723,0.781736,93.5406
180014262259255,64.1612,98.5655,1.536218,60.6667,0.283684,0.347777,0.269803,0.113269,0.226413,0.029482,0.389423,0.614553,0.374862,0.625604,56.6777
180017442990269,62.3824,97.1192,1.556836,60.7917,0.329734,0.326951,0.267202,0.126406,0.225713,0.02662,0.40233,0.612816,0.288246,0.63689,11.8223
180018375329178,85.6377,114.8774,1.341434,90.9583,0.31971,0.273696,0.301833,0.036286,0.322498,0.047987,0.293175,0.648737,0.290334,0.723636,144.5368
180031190491743,89.3062,133.7444,1.497593,151.7083,0.348581,0.258549,0.304803,0.044744,0.311766,0.045498,0.182642,0.660308,0.317149,0.804379,145.3781
180036456789979,55.8567,111.0018,1.987259,151.875,0.356568,0.259241,0.233316,0.166084,0.179282,0.055671,0.186008,0.66138,0.310443,0.809051,67.3405
180040027502291,59.0045,87.2224,1.478233,30.2917,0.335904,0.25676,0.242576,0.143112,0.209961,0.056966,0.583219,0.614394,0.481051,0.460696,43.1301
180042946491150,56.0339,111.6327,1.992235,121.375,0.294849,0.270291,0.201487,0.149124,0.23856,0.071696,0.230003,0.649669,0.28575,0.774868,115.9482
180046165512893,62.0477,78.0274,1.257539,60.8333,0.316938,0.342123,0.280604,0.137259,0.168573,0.031603,0.392466,0.588299,0.316353,0.631901,21.5833
180046617132290,67.9543,106.1891,1.562654,60.6667,0.352245,0.342476,0.257522,0.095587,0.233374,0.031292,0.393544,0.620538,0.382017,0.650299,74.4151
180046765320457,70.3913,210.5383,2.990971,60.75,0.308864,0.284808,0.243689,0.199643,0.177107,0.023213,0.383402,0.631044,0.469578,0.63361,102.6774
180047222886866,56.5318,103.8905,1.837736,30.3333,0.331873,0.272461,0.217445,0.172346,0.234866,0.057474,0.57967,0.656609,0.469903,0.476502,6.0883
180048185037117,86.545,111.4246,1.287475,182.0,0.328353,0.265495,0.340966,0.03597,0.28372,0.045704,0.155449,0.649837,0.300991,0.830418,169.0309
180049032966888,91.6122,80.6299,0.880122,121.625,0.312035,0.272447,0.224243,0.210424,0.265576,0.063297,0.221309,0.454993,0.320443,0.776966,151.9077
180056173248083,56.1902,128.1411,2.28049,60.7917,0.294549,0.235173,0.206835,0.188888,0.180374,0.090964,0.40233,0.646349,0.473449,0.643624,92.4686
180058696935600,66.3609,61.5776,0.927921,30.2917,0.377948,0.175874,0.091743,0.107459,0.404806,0.063079,0.6011,0.576652,0.505618,0.443594,82.2052
180064817343047,63.0565,186.7529,2.961675,91.0417,0.326815,0.294744,0.25285,0.196383,0.190107,0.060748,0.286957,0.677481,0.42324,0.7257,140.6509
180065479077096,63.6466,97.1763,1.526811,90.9167,0.341547,0.298718,0.253021,0.139011,0.168193,0.039326,0.285976,0.610507,0.389328,0.718577,52.108
180067151859700,86.9822,132.3007,1.521008,90.9167,0.341962,0.261526,0.282857,0.029122,0.345406,0.047413,0.294684,0.667171,0.376538,0.710993,122.3519
180067784565096,60.7479,92.7611,1.526983,120.7083,0.301652,0.297187,0.256442,0.1618,0.193454,0.059933,0.226096,0.653361,0.367223,0.77211,96.8343
180068353086472,89.0649,146.4688,1.644518,30.3333,0.365406,0.252581,0.307757,0.027545,0.37161,0.043861,0.593407,0.6617,0.424273,0.481483,27.2343
180069253480336,68.0737,144.9385,2.129142,60.6667,0.31115,0.355857,0.259046,0.122131,0.213304,0.033576,0.393544,0.623968,0.424073,0.632983,90.0849
180072527505094,60.9485,98.4873,1.615909,90.8333,0.314701,0.373971,0.278867,0.120345,0.175688,0.03671,0.291284,0.614982,0.366739,0.731488,44.756
180081032825079,57.521,89.3712,1.553715,60.7083,0.306805,0.335491,0.23745,0.163727,0.194629,0.06055,0.385724,0.65863,0.321974,0.63525,21.6151
180084576295055,58.8559,84.8848,1.442247,90.7083,0.360443,0.295523,0.242318,0.177193,0.185601,0.075352,0.282958,0.645995,0.392394,0.717954,103.3399
180084695172649,90.065,158.2776,1.757371,30.375,0.361794,0.231328,0.273268,0.060682,0.294862,0.044774,0.587106,0.649538,0.517126,0.464812,50.0285
180094419304907,89.1467,134.5629,1.509454,182.25,0.31904,0.247315,0.294897,0.03269,0.33951,0.036752,0.155464,0.668621,0.338944,0.825571,273.9337
180094608895855,63.0543,95.8722,1.52047,30.375,0.37164,0.36285,0.262174,0.137808,0.144723,0.073493,0.592593,0.644507,0.435492,0.464402,12.7794
213102873001603,60.4663,124.8464,2.064727,91.0,0.293845,0.315349,0.21955,0.172675,0.228282,0.06137,0.282509,0.665772,0.384706,0.719293,63.8635
213107169859697,94.4376,134.9766,1.429268,30.4167,0.340224,0.244797,0.257646,0.045563,0.375828,0.038452,0.60274,0.671827,0.483234,0.439895,20.8006
213112402583773,56.8289,186.1759,3.276077,181.8333,0.314826,0.300863,0.227325,0.191685,0.21482,0.049347,0.156279,0.674498,0.521321,0.828948,77.4062
213113028819344,65.5329,131.2108,2.002212,60.7917,0.37736,0.382697,0.27973,0.138519,0.202843,0.030555,0.39342,0.637601,0.414396,0.620661,90.1062
213113338379864,65.3519,82.6277,1.264351,30.375,0.364613,0.362343,0.276551,0.09352,0.189174,0.033346,0.573388,0.600472,0.338849,0.487982,15.1554
213114122496591,60.9117,82.9317,1.361506,60.75,0.315191,0.276106,0.262568,0.164796,0.206505,0.065708,0.389575,0.629563,0.366663,0.638216,70.179
213120463918358,59.9668,79.5738,1.326965,60.7917,0.348055,0.301453,0.250455,0.164891,0.209418,0.0809,0.383825,0.637619,0.400183,0.641453,50.7037
213124978348176,58.7322,90.3563,1.538446,90.875,0.337443,0.314626,0.272974,0.168334,0.171834,0.064819,0.287024,0.657147,0.31111,0.721334,72.3549
213125815021702,58.125,90.0453,1.549166,91.0417,0.345839,0.316335,0.266038,0.166781,0.163619,0.06656,0.286499,0.650213,0.353849,0.724483,83.3984
213126662687660,61.8087,162.1472,2.623373,90.9167,0.324198,0.234145,0.178028,0.122121,0.283417,0.063076,0.293767,0.68674,0.423085,0.715399,89.5539
213136802746375,60.5081,123.8902,2.047498,30.3333,0.333872,0.310724,0.264432,0.138318,0.226924,0.068589,0.587912,0.680583,0.603219,0.472957,61.2584
213141712584544,87.5953,121.8446,1.390994,182.0,0.336289,0.265427,0.32188,0.032133,0.315223,0.04561,0.155449,0.658851,0.320262,0.829172,189.4599
213148039875802,89.4085,215.9258,2.415046,91.2083,0.326339,0.264422,0.309223,0.082614,0.307468,0.039925,0.294198,0.667263,0.394753,0.719547,90.7734
213153151785052,46.3628,95.38,2.057252,91.25,0.365888,0.204878,0.156381,0.183258,0.244657,0.071656,0.294521,0.677017,0.328384,0.696223,21.9443
213154573301411,95.2929,84.7949,0.889835,60.75,0.316145,0.28578,0.208606,0.229966,0.262454,0.062994,0.381344,0.462618,0.334482,0.645048,38.8274
213155997615567,93.7807,80.8516,0.862134,60.6667,0.324883,0.288512,0.213914,0.209767,0.271602,0.059306,0.39217,0.452397,0.326813,0.640949,74.1006
213156747557083,64.8974,260.0993,4.007852,151.625,0.312896,0.243023,0.173283,0.212464,0.232084,0.052724,0.187139,0.702367,0.424057,0.809925,108.9307
213157767990030,91.7517,139.2497,1.517679,151.2083,0.316157,0.266266,0.317209,0.036076,0.343379,0.039619,0.184624,0.664386,0.347464,0.806948,242.1096
213161231269724,63.047,119.6496,1.897784,91.0,0.324418,0.296497,0.273735,0.139636,0.2165,0.042319,0.287546,0.60435,0.307013,0.718406,-14.8972
213161293389774,65.4638,123.0327,1.879402,90.9583,0.332238,0.274387,0.268879,0.155756,0.182247,0.034881,0.289968,0.62562,0.45052,0.721598,145.2418
213161869125933,57.8489,86.6951,1.498649,91.25,0.321592,0.303196,0.269618,0.161002,0.186635,0.054789,0.289954,0.650651,0.340094,0.717808,81.6224
213163860545705,91.3629,81.6293,0.893462,60.625,0.321369,0.248737,0.217809,0.213673,0.25967,0.054797,0.393814,0.458839,0.29982,0.641648,91.8355
213173753804333,63.263,103.0392,1.628744,90.8333,0.335195,0.329628,0.24063,0.118955,0.221115,0.030089,0.28578,0.628068,0.30702,0.717245,39.6116
213174467670432,59.4738,87.3118,1.468071,91.0417,0.361693,0.309348,0.26173,0.156466,0.185633,0.062481,0.284211,0.654637,0.374146,0.723827,121.1178
213175487106448,59.7508,82.0155,1.372626,91.0,0.323575,0.330171,0.256934,0.156564,0.22535,0.057687,0.284341,0.647466,0.407235,0.718965,101.4349
213178765398315,59.4257,166.4362,2.800744,121.4583,0.329209,0.243836,0.187626,0.163886,0.251542,0.066906,0.230189,0.67988,0.323377,0.767506,145.294
213178850083780,92.0618,80.8705,0.878437,91.125,0.309583,0.266274,0.205625,0.213891,0.271714,0.064403,0.290352,0.457977,0.314953,0.717438,101.8712
213180742685905,58.646,99.446,1.695699,121.125,0.304958,0.342041,0.268074,0.15844,0.191043,0.074481,0.221878,0.653029,0.34663,0.77721,82.1843
213186334552049,52.0328,81.554,1.56736,60.5417,0.331878,0.231082,0.270362,0.183137,0.135762,0.064274,0.401927,0.64066,0.341776,0.647939,41.2255
213186551511454,56.3106,65.8747,1.169844,30.3333,0.347278,0.309281,0.294082,0.169193,0.126003,0.076965,0.583791,0.629997,0.367311,0.469285,37.8221
213186880359195,97.1845,95.8338,0.986102,30.3333,0.269981,0.240629,0.191621,0.274114,0.236603,0.053856,0.592033,0.487146,0.33038,0.484882,35.8595
213191402330021,46.991,101.4967,2.159917,91.25,0.361441,0.229846,0.162814,0.1925,0.237999,0.070142,0.296347,0.700528,0.381919,0.695069,27.228
213193596103206,93.2504,83.2662,0.892931,121.1667,0.309451,0.258962,0.212183,0.223057,0.262914,0.057568,0.226272,0.461092,0.332772,0.782266,130.6955
213195754007681,59.6647,88.152,1.477457,91.1667,0.313275,0.322947,0.252423,0.151275,0.216699,0.066704,0.286106,0.655361,0.368179,0.728868,109.2788
213198837352314,94.4208,83.8614,0.888166,30.2083,0.298317,0.261119,0.214103,0.216127,0.286499,0.053881,0.58069,0.457323,0.416876,0.469047,35.761
213199865312311,59.5096,87.1714,1.46483,91.0417,0.312525,0.329169,0.262333,0.146933,0.20501,0.072686,0.284211,0.651676,0.358263,0.723531,61.995
340103199302564,63.5394,87.3566,1.374841,60.6667,0.329919,0.307721,0.250655,0.153926,0.188649,0.033042,0.390797,0.612487,0.398619,0.638921,45.9451
340951438290556,92.7052,136.6291,1.473802,91.1667,0.320371,0.278944,0.317547,0.026719,0.33504,0.043141,0.292505,0.659136,0.338174,0.721724,107.1507
340953839692349,54.3061,98.0254,1.805052,151.5,0.318457,0.26725,0.221415,0.157301,0.199978,0.065988,0.188394,0.644264,0.31471,0.81007,71.2368
341283058448499,61.2408,152.7417,2.494117,60.625,0.321966,0.292959,0.261731,0.206476,0.165376,0.063667,0.388316,0.687607,0.513079,0.637884,78.0781
341542810616333,55.2353,68.8799,1.247026,60.75,0.322428,0.302544,0.259718,0.152028,0.187424,0.068319,0.387517,0.637374,0.368955,0.631202,43.6107
341546199006537,62.424,121.5203,1.946691,91.1667,0.312943,0.266244,0.255869,0.165785,0.197647,0.05515,0.288391,0.661484,0.285378,0.728583,55.8733
342035762534413,70.1467,65.4343,0.932822,30.375,0.389716,0.182267,0.104643,0.107475,0.391585,0.044931,0.58299,0.56551,0.369697,0.463577,49.1992
342319985983023,91.2482,79.941,0.876082,91.0833,0.299904,0.258485,0.208752,0.208385,0.261395,0.057179,0.286368,0.454497,0.308225,0.732214,57.4944
342351256941125,87.8744,129.2984,1.4714,90.9167,0.337376,0.265879,0.296259,0.041628,0.325497,0.044268,0.289184,0.656931,0.3175,0.721497,135.5643
342360239917375,54.7461,68.3354,1.248224,30.3333,0.344694,0.292919,0.24028,0.169911,0.189636,0.046246,0.592033,0.632443,0.441381,0.479217,44.626
342952484382519,56.7759,199.516,3.514095,182.125,0.301305,0.296054,0.229049,0.197808,0.204844,0.055862,0.154656,0.66378,0.355109,0.834919,-42.9608
343464013864032,65.9206,135.1675,2.050461,91.125,0.324433,0.311224,0.250854,0.145009,0.184919,0.028484,0.281207,0.616337,0.407401,0.725179,123.5421
343472729187663,62.9548,332.7412,5.285396,60.7083,0.302484,0.238297,0.205445,0.260982,0.210373,0.03916,0.393274,0.713542,0.669236,0.642964,-44.0562
343668971234893,62.1561,90.5632,1.45703,91.0833,0.349326,0.333551,0.273872,0.145125,0.175876,0.028292,0.290485,0.610318,0.400855,0.71677,60.6854
343746486082492,58.6012,163.0601,2.782537,91.1667,0.284884,0.212968,0.198965,0.156295,0.229542,0.053426,0.295704,0.667314,0.379252,0.727709,30.5383
343819048608995,61.2506,93.4882,1.526323,60.625,0.323214,0.32138,0.29207,0.120532,0.168857,0.030541,0.396564,0.592224,0.295532,0.643954,47.7578
344342339068828,62.7067,98.9802,1.578463,91.0,0.343576,0.307466,0.257908,0.133671,0.18583,0.032869,0.285256,0.609746,0.380645,0.704451,112.5804
344709867813900,88.1886,118.9707,1.349049,182.125,0.336888,0.267113,0.320692,0.029992,0.313889,0.040587,0.156715,0.660517,0.299837,0.831003,215.8294
345060451158891,55.5514,68.4356,1.231933,60.7083,0.367027,0.358839,0.285862,0.158938,0.199308,0.051413,0.384351,0.631831,0.331329,0.645292,10.4439
345389171551808,53.8168,94.1946,1.750282,121.3333,0.294079,0.24016,0.218515,0.160482,0.198216,0.084399,0.230769,0.641198,0.295356,0.778559,59.0001
345832460465610,66.9892,143.5253,2.142514,91.125,0.381527,0.313533,0.250133,0.101801,0.276316,0.036179,0.286694,0.642167,0.429007,0.723313,96.4702
345933964507467,55.5539,121.8914,2.19411,181.9583,0.305291,0.24333,0.23525,0.16174,0.210705,0.053424,0.1564,0.668895,0.389925,0.834943,147.8766
346208242862904,70.8701,179.7273,2.536009,30.4167,0.30078,0.366882,0.250147,0.113181,0.304246,0.021298,0.593151,0.668436,0.461426,0.472885,44.7189
346243940647414,60.3288,196.4346,3.256068,30.375,0.356878,0.239793,0.198759,0.198176,0.260907,0.067477,0.609053,0.686425,0.593477,0.474028,58.7689
346273234529002,85.2925,124.5666,1.460464,151.75,0.320121,0.262133,0.321842,0.042247,0.297152,0.043763,0.185338,0.656675,0.350093,0.812941,155.5016
347073228412010,90.2239,75.9212,0.841475,60.7083,0.315619,0.261067,0.215173,0.201796,0.269323,0.059774,0.398078,0.449567,0.323787,0.644383,45.1739
347612609554823,46.9971,114.7906,2.442501,30.4167,0.399257,0.239091,0.135282,0.200067,0.223678,0.058633,0.590411,0.709332,0.478339,0.443787,16.6868
348253506557335,64.0397,136.0573,2.124578,30.4167,0.305596,0.402282,0.278712,0.157296,0.165394,0.023573,0.59589,0.648818,0.41297,0.488996,54.4807
348379466427142,66.1241,111.3829,1.684452,60.5833,0.325534,0.348365,0.265454,0.118376,0.193031,0.030906,0.385144,0.617151,0.43615,0.63442,44.1984
348789608637806,57.4438,82.0508,1.428367,121.375,0.319853,0.308726,0.269814,0.163374,0.169877,0.065177,0.221078,0.639272,0.360828,0.775882,18.7903
349612764943496,94.7324,89.1431,0.940999,91.0,0.297981,0.268193,0.191867,0.247019,0.269708,0.059983,0.284799,0.47199,0.292454,0.733117,113.8508
370348764075623,65.5245,145.6153,2.222304,60.75,0.310374,0.380488,0.234722,0.144634,0.216782,0.023461,0.390261,0.624576,0.435512,0.636034,72.1441
370612217861404,87.1352,128.9938,1.480387,91.0417,0.331188,0.273627,0.301906,0.041812,0.316655,0.041361,0.295652,0.667749,0.334032,0.717543,132.8145
370818583810103,62.1201,167.2265,2.691985,60.6667,0.306264,0.221642,0.18076,0.14794,0.24158,0.080939,0.401786,0.675529,0.356764,0.64662,-8.4555
370877495212014,84.6164,114.6446,1.354873,151.5417,0.320778,0.264853,0.311586,0.034237,0.309554,0.043277,0.187792,0.655602,0.330247,0.805804,248.4476
371009169330125,52.7834,251.6256,4.767139,90.7917,0.30129,0.213283,0.155155,0.165169,0.343712,0.054134,0.301056,0.730816,0.546141,0.696184,-18.7285
371034293500716,61.684,160.7121,2.605411,60.7083,0.354648,0.300151,0.224099,0.205067,0.180365,0.07606,0.395333,0.668984,0.448569,0.63739,14.6958
371226440126102,56.9723,123.4241,2.166387,151.2917,0.316677,0.257141,0.224683,0.153585,0.231695,0.052973,0.185624,0.664337,0.416025,0.810488,194.1481
371284100299909,54.2904,117.4286,2.16297,60.6667,0.308256,0.250859,0.243479,0.155028,0.206275,0.049716,0.394918,0.664958,0.392871,0.640409,71.3027
371284424780634,66.381,127.2249,1.916587,60.8333,0.31777,0.319837,0.276903,0.130382,0.227321,0.033046,0.396575,0.634856,0.472004,0.640179,96.2293
371683116218417,56.4002,73.3398,1.300348,30.4167,0.322056,0.337482,0.26521,0.116858,0.196759,0.042092,0.589041,0.593633,0.492657,0.465224,39.4661
371985236239474,61.9404,103.4159,1.669604,60.5417,0.324837,0.304445,0.215576,0.13843,0.215442,0.080922,0.390915,0.671558,0.43166,0.636957,61.1473
372246459334925,62.2838,114.5448,1.839077,91.1667,0.342096,0.305692,0.232896,0.143747,0.190691,0.064634,0.285649,0.666109,0.439743,0.724883,127.3941
372382441451095,64.5328,178.4353,2.765031,91.0417,0.36207,0.363254,0.229016,0.194097,0.202036,0.076299,0.281007,0.662108,0.42744,0.731956,77.9403
372509258176510,90.6016,229.6229,2.534425,182.125,0.31265,0.244535,0.300503,0.079162,0.298903,0.043565,0.155113,0.67355,0.323305,0.832316,243.1533
372520049757633,70.949,74.7247,1.053217,182.0833,0.3998,0.198111,0.088713,0.104323,0.374457,0.050623,0.156751,0.592542,0.341329,0.81006,354.6589
373043435942726,88.7772,71.0209,0.799989,60.7917,0.325468,0.26103,0.217062,0.176809,0.291333,0.054358,0.391364,0.436572,0.295948,0.647077,73.9224
373213026644490,57.3234,171.1602,2.98587,30.2917,0.284811,0.245733,0.221776,0.237873,0.165382,0.060535,0.595598,0.648348,0.583044,0.489748,48.7039
373905417449658,86.658,118.6127,1.368746,151.4583,0.325883,0.257822,0.310602,0.027868,0.318262,0.04847,0.18542,0.651558,0.375159,0.804671,188.8509
374125201044065,64.75,137.5277,2.123979,90.9167,0.327929,0.340585,0.280304,0.169821,0.153738,0.029576,0.281852,0.625103,0.279091,0.719832,30.9091
374238209524200,55.6944,73.2069,1.314439,60.7917,0.329688,0.330838,0.262909,0.161911,0.175596,0.082203,0.391364,0.636491,0.350718,0.637844,46.4121
374497717543058,59.8054,121.1663,2.02601,121.3333,0.341436,0.290091,0.263386,0.171382,0.178333,0.065289,0.223901,0.662156,0.332061,0.77894,15.98
374656033243756,58.4872,184.5425,3.155265,90.875,0.308648,0.243578,0.191579,0.13324,0.302623,0.064907,0.298487,0.687493,0.417921,0.723706,21.8676
374821819075109,67.7238,121.4815,1.793779,30.3333,0.314433,0.344184,0.296312,0.093723,0.210406,0.035688,0.593407,0.626511,0.48167,0.468443,47.8418
374930071163758,62.9427,171.5089,2.724844,151.5417,0.319454,0.235163,0.188013,0.144809,0.262292,0.070622,0.187517,0.692046,0.301265,0.805967,135.7156
375082648741747,54.5856,141.7365,2.596593,121.3333,0.320943,0.299502,0.222225,0.179184,0.213013,0.048776,0.228709,0.665011,0.402187,0.779021,133.1042
375237305371366,67.5854,103.9399,1.537905,30.2917,0.318628,0.33545,0.264717,0.101842,0.211003,0.032737,0.605227,0.629333,0.607623,0.459312,37.2904
375248307838179,60.6545,143.579,2.367161,121.6667,0.317863,0.265479,0.272128,0.172073,0.152963,0.075748,0.222603,0.644933,0.41044,0.776922,61.7914
375534208663984,93.2706,85.5525,0.91725,121.2083,0.305248,0.283813,0.217529,0.23389,0.263114,0.06103,0.224132,0.46527,0.302168,0.780442,128.8442
375767678113375,72.7088,246.7084,3.393105,91.0417,0.315294,0.282204,0.243443,0.225746,0.153066,0.026082,0.289245,0.659462,0.431443,0.727424,115.0058
375848982312810,58.4564,96.513,1.651026,91.0833,0.325715,0.3001,0.279508,0.162405,0.19332,0.058993,0.2914,0.65643,0.370932,0.727337,80.6282
375904527651269,62.0362,126.9674,2.046666,60.625,0.338546,0.312258,0.245191,0.185168,0.185445,0.065522,0.390378,0.672546,0.38866,0.635896,80.5976
375974680629816,58.5219,141.9549,2.42567,121.3333,0.336777,0.246383,0.231546,0.159819,0.218917,0.054689,0.226648,0.673232,0.399488,0.773242,135.3354
376012912828093,64.0221,103.436,1.615628,60.7083,0.31017,0.307722,0.24003,0.108535,0.217912,0.042351,0.389842,0.608695,0.344623,0.641672,51.5085
376028110684021,97.5277,92.8418,0.951953,121.3333,0.306887,0.253897,0.193852,0.264406,0.259099,0.051413,0.229052,0.484214,0.305403,0.782696,116.5516
376262134119629,62.8756,87.0449,1.384399,60.625,0.296523,0.334719,0.26384,0.139578,0.169934,0.032584,0.395189,0.607261,0.338135,0.652036,-24.5112
376445266762684,55.0631,116.4794,2.115379,181.7917,0.340454,0.284281,0.241664,0.166511,0.207232,0.053247,0.155856,0.672906,0.339073,0.832992,103.3655
376656886990758,68.2328,238.6676,3.497844,91.0833,0.341596,0.195416,0.158404,0.191356,0.249661,0.066262,0.299177,0.703526,0.402455,0.720838,103.3728
376944481517097,59.198,76.6996,1.295644,30.3333,0.30286,0.282127,0.294278,0.10326,0.175594,0.018617,0.57967,0.610256,0.411957,0.471236,19.4112
377026671291680,58.478,162.4799,2.77848,151.8333,0.31221,0.285437,0.222544,0.162522,0.236349,0.050888,0.184962,0.683701,0.381435,0.804817,165.6995
377113842678100,56.0224,74.7748,1.334731,121.5,0.356152,0.305494,0.276167,0.163293,0.184425,0.069415,0.220508,0.642793,0.33433,0.779661,95.4038
377234009633447,58.1372,94.8343,1.631217,121.5,0.321014,0.28798,0.2428,0.154964,0.200001,0.066676,0.221879,0.659355,0.300513,0.771164,96.2439
377264520876399,65.0656,101.6614,1.562445,30.375,0.33275,0.376628,0.254437,0.139162,0.257514,0.04715,0.599451,0.606981,0.438329,0.488666,33.8856
377550167323848,74.5854,246.3156,3.302466,60.3333,0.27911,0.303267,0.242643,0.211223,0.153863,0.027518,0.393646,0.650495,0.675373,0.637606,119.8753
377654590313960,59.6938,81.41,1.363794,90.6667,0.317796,0.31927,0.26067,0.121042,0.192658,0.036648,0.290441,0.602919,0.325408,0.721139,89.4026
377834944388609,68.1735,164.2024,2.408596,30.2917,0.30415,0.271009,0.241203,0.097512,0.2763,0.019523,0.568088,0.649344,0.653072,0.488788,52.3571
377895991033232,69.3332,127.5175,1.839199,60.5833,0.31986,0.359577,0.253926,0.129139,0.216719,0.03377,0.398212,0.64141,0.391273,0.645462,71.9022
377993105397617,56.3396,169.4805,3.008196,121.0833,0.294415,0.262965,0.214386,0.175937,0.196852,0.076365,0.231246,0.65993,0.488077,0.77887,43.9644
378006354724784,90.7668,82.2823,0.906524,30.3333,0.277618,0.244323,0.204153,0.207967,0.259418,0.047773,0.608516,0.457844,0.47464,0.472573,51.1495
378278619832195,65.3182,155.818,2.385522,90.7083,0.294519,0.29999,0.230292,0.181088,0.199914,0.028251,0.292145,0.649129,0.398015,0.716131,75.7434
378858024506425,60.1294,76.6146,1.274161,60.7083,0.313849,0.33313,0.280456,0.112903,0.183722,0.0373,0.387097,0.596,0.377896,0.643123,33.0202
378904938837132,54.0533,153.2457,2.835085,91.0833,0.328919,0.313502,0.247831,0.182889,0.216202,0.045964,0.29323,0.648303,0.468925,0.730216,108.6005
379141394109214,64.4083,160.8374,2.497153,30.2917,0.294222,0.307767,0.258912,0.247501,0.155626,0.059497,0.607978,0.657169,0.667498,0.465648,72.7326
379897244598068,66.1319,154.0178,2.328949,60.8333,0.299589,0.328678,0.249299,0.155085,0.179251,0.04324,0.40137,0.627782,0.47446,0.644889,14.2986
2222001896600109,54.8771,108.0306,1.96859,90.9167,0.308447,0.282888,0.235109,0.138456,0.225256,0.053103,0.288268,0.668678,0.516125,0.725403,92.9588
2222157926772399,53.8956,107.1759,1.988584,30.25,0.271026,0.320132,0.221468,0.153769,0.224745,0.064839,0.577135,0.650563,0.664983,0.468724,26.0819
2224100459250597,62.0758,88.2698,1.421969,30.3333,0.351768,0.40539,0.225597,0.149147,0.191457,0.062332,0.597527,0.66472,0.425571,0.465061,26.4528
2227671554547514,86.5868,119.8383,1.384026,30.375,0.274452,0.247592,0.325341,0.030492,0.331688,0.046658,0.600823,0.6492,0.492013,0.479551,36.2459
2229378226512508,91.8357,78.9501,0.859688,91.0417,0.295147,0.285846,0.219921,0.195342,0.292337,0.05715,0.286041,0.45248,0.384649,0.72435,122.3823
2229824890647120,59.5644,98.256,1.649575,30.375,0.342982,0.287887,0.24389,0.145078,0.248493,0.073232,0.589849,0.666511,0.439985,0.472516,28.5035
2231186809828225,65.8421,155.2472,2.35787,30.375,0.314928,0.311313,0.252789,0.214888,0.206281,0.042312,0.592593,0.613927,0.421963,0.484869,38.9706
2233882705243596,61.95,160.0823,2.584056,91.2083,0.348377,0.302245,0.279656,0.203301,0.187018,0.055536,0.285062,0.673935,0.404177,0.722123,-0.2519
2235335206132667,61.5781,106.9049,1.736085,30.4167,0.318552,0.286636,0.276545,0.137996,0.168466,0.061197,0.594521,0.684379,0.385221,0.477115,7.3847
2235613922823698,58.7152,168.7269,2.873648,121.5417,0.332374,0.278853,0.203143,0.180218,0.226318,0.056659,0.227631,0.686289,0.402254,0.77442,103.7409
2242542703101233,69.2312,68.5377,0.989983,181.75,0.372045,0.207594,0.092577,0.107934,0.381731,0.050043,0.156809,0.586989,0.335674,0.811831,280.317
2248348993063230,61.4781,241.9428,3.935433,60.625,0.285479,0.349999,0.22705,0.268613,0.123279,0.066563,0.386942,0.67826,0.582397,0.632102,-31.7569
2248735346244816,56.2796,71.4016,1.268694,121.25,0.335862,0.313003,0.275516,0.1625,0.180947,0.067176,0.221649,0.636856,0.287147,0.777886,92.7685
2252055259910912,91.4432,80.8989,0.884689,121.4583,0.310192,0.256823,0.202113,0.208255,0.275106,0.067403,0.227787,0.456473,0.321738,0.777611,218.2866
2254799658404120,84.6291,112.6503,1.331105,91.1667,0.31813,0.261253,0.320875,0.027895,0.320473,0.049502,0.285192,0.658487,0.351622,0.728384,177.3789
2254917871818484,58.1891,129.8212,2.231022,151.75,0.313976,0.29989,0.23683,0.172418,0.215352,0.048885,0.183965,0.665957,0.359374,0.808595,68.7238
2256234701263057,67.0682,166.1234,2.476934,60.6667,0.319108,0.318545,0.238338,0.131164,0.250324,0.026097,0.396978,0.64375,0.424337,0.642075,140.4437
2260801330657968,69.9332,132.4845,1.894445,30.375,0.350926,0.360197,0.249293,0.104564,0.250841,0.024607,0.602195,0.645003,0.45197,0.479288,9.1113
2264937662466770,55.8261,344.7878,6.176105,151.7083,0.405326,0.194936,0.140961,0.271008,0.260782,0.056657,0.187586,0.752608,0.451803,0.779164,-121.9585
2266735643685262,58.0601,157.3834,2.710696,120.9167,0.275567,0.236433,0.19442,0.133083,0.259396,0.06816,0.231564,0.676142,0.416687,0.77204,97.8159
2268221587779419,85.8724,120.3242,1.401197,30.2917,0.299715,0.290326,0.270439,0.039077,0.332144,0.044153,0.595598,0.67181,0.441275,0.453283,27.1648
2269768987945882,65.0408,104.8659,1.61231,91.1667,0.344704,0.31539,0.26348,0.131811,0.197516,0.031092,0.289762,0.626623,0.339455,0.714348,76.4736
2274911989136158,63.2379,110.7507,1.751335,30.375,0.334775,0.349463,0.233778,0.097121,0.250841,0.028439,0.599451,0.63096,0.434584,0.478176,39.6421
2280870154157385,63.5141,140.8807,2.218102,30.3333,0.339751,0.261753,0.243718,0.19413,0.192831,0.06648,0.585165,0.669451,0.452466,0.49538,16.1494
2283743876903625,49.0385,172.5257,3.51817,151.375,0.339109,0.232932,0.154528,0.232255,0.233013,0.071642,0.187448,0.714214,0.34429,0.778258,151.932
2284059275940012,66.7891,102.4351,1.53371,30.4167,0.273949,0.268886,0.273613,0.112645,0.236023,0.0216,0.589041,0.62707,0.566077,0.460065,8.6351
2285066385084291,60.9679,194.1864,3.185061,60.7083,0.271396,0.299606,0.184134,0.234387,0.178389,0.08669,0.402883,0.677017,0.494055,0.639913,95.8382
2286236465059468,67.3165,237.5249,3.528482,91.25,0.29441,0.28647,0.230989,0.258876,0.179989,0.054783,0.284475,0.681889,0.409277,0.730655,-3.3727
2288748891690227,62.0452,133.0257,2.144011,30.3333,0.248465,0.347846,0.265722,0.135437,0.210755,0.035837,0.590659,0.62931,0.682084,0.462423,57.7983
2288813824604479,82.046,108.4851,1.322248,91.1667,0.315627,0.30953,0.335029,0.024979,0.279413,0.042619,0.29159,0.648618,0.38563,0.706608,101.0687
2291163933867244,64.3367,120.2289,1.868747,91.2083,0.329579,0.333309,0.253796,0.1246,0.217866,0.03144,0.285062,0.615639,0.3332,0.739105,9.4308
2296006538441789,46.8284,96.9001,2.069257,121.625,0.383093,0.21507,0.166937,0.198281,0.186176,0.067208,0.22816,0.684651,0.276913,0.742938,69.6874
2297447006766555,60.0373,110.3878,1.838654,121.4167,0.325288,0.303252,0.249103,0.175781,0.176455,0.065474,0.222375,0.655887,0.311004,0.778557,75.9104
2305336922781618,62.032,183.5793,2.95943,91.2083,0.365629,0.275712,0.237626,0.195694,0.201112,0.061544,0.284148,0.666854,0.45444,0.723117,49.8562
2318062975163331,61.5884,105.4804,1.712667,30.3333,0.298981,0.326151,0.287905,0.162956,0.167682,0.034227,0.585165,0.611499,0.470355,0.47178,28.5685
2348245054386329,65.2466,106.3055,1.629287,91.125,0.297642,0.315002,0.266175,0.115581,0.197683,0.027185,0.284408,0.610804,0.363882,0.718078,68.4922
2356276337669917,57.8782,148.7448,2.569963,60.75,0.312023,0.24126,0.20236,0.123008,0.253605,0.065385,0.403292,0.667627,0.455128,0.638816,49.2056
2358122155477959,74.2568,157.7663,2.124606,30.3333,0.363221,0.250843,0.231076,0.190685,0.201188,0.023301,0.59478,0.658765,0.471223,0.479537,-17.0924
2383461948823908,56.3507,76.4571,1.356808,121.5,0.3334,0.305983,0.277254,0.148766,0.205926,0.061094,0.222908,0.643425,0.341186,0.778271,99.7095
2450829271795901,53.7382,104.1604,1.938293,60.7083,0.329264,0.271832,0.21711,0.140344,0.230662,0.077889,0.409746,0.655039,0.345084,0.643632,67.6483
2454076758463217,94.9842,82.4804,0.868359,30.3333,0.327886,0.241173,0.193361,0.230869,0.264638,0.068541,0.571429,0.4554,0.40704,0.453527,20.689
2475085306462014,92.8969,81.398,0.876219,91.0833,0.33082,0.273574,0.20977,0.215492,0.273443,0.059867,0.286825,0.456197,0.279291,0.731599,-4.7772
2512312531485080,61.8808,90.9095,1.469107,60.6667,0.360454,0.289413,0.249652,0.145245,0.216937,0.0375,0.389423,0.618033,0.331164,0.632757,30.9648
2576709887791552,74.092,285.942,3.859283,91.25,0.300321,0.33953,0.227259,0.210732,0.210255,0.030433,0.288128,0.663374,0.475838,0.729601,102.453
2610529083834453,92.2141,130.4911,1.415089,30.3333,0.329093,0.245018,0.279232,0.028137,0.365903,0.044763,0.601648,0.642277,0.27845,0.491061,20.3007
2657850734909997,66.5438,100.7724,1.514378,60.5,0.325984,0.341553,0.258424,0.10498,0.246961,0.031237,0.393251,0.621107,0.36575,0.638746,72.5439
2703186189652095,88.2031,123.6131,1.401459,121.5,0.319292,0.267708,0.319955,0.030139,0.32895,0.035474,0.226337,0.653864,0.326506,0.776324,177.2707
2706977570537524,93.2055,84.0324,0.901582,90.9583,0.326401,0.274308,0.210807,0.218125,0.275143,0.056806,0.284471,0.460971,0.256539,0.735206,95.3058
2712209726293386,90.6575,165.4013,1.824462,181.9583,0.343505,0.250703,0.30859,0.05353,0.324593,0.038971,0.155255,0.665775,0.326362,0.828538,181.7378
2713913904780408,62.9336,100.3313,1.594241,91.125,0.360851,0.311652,0.264868,0.134501,0.205727,0.029729,0.287151,0.612976,0.337854,0.722107,57.7218
2714019737356678,70.6169,66.8009,0.945961,30.375,0.369005,0.213171,0.079453,0.113641,0.32615,0.047376,0.603567,0.569951,0.321965,0.430175,69.1365
2719496466799416,61.8678,144.8483,2.341256,60.75,0.391244,0.342686,0.262945,0.167788,0.173152,0.028359,0.397805,0.643071,0.440486,0.640864,-16.3469
2720012583106919,92.0953,79.9823,0.868473,121.1667,0.322825,0.280124,0.197079,0.21135,0.289018,0.054351,0.231087,0.454599,0.281491,0.781497,136.5531
2720433095629877,48.8091,132.527,2.715213,181.5833,0.374201,0.27343,0.159726,0.173155,0.271188,0.074556,0.158559,0.705739,0.368921,0.810379,66.1584
2720830304681674,91.6892,123.9509,1.351859,60.7083,0.307866,0.230347,0.330872,0.023326,0.320636,0.043392,0.400824,0.650948,0.334151,0.642126,114.6117
2720894374956739,65.9531,105.1801,1.594771,60.7083,0.286143,0.364658,0.26418,0.149921,0.201107,0.028811,0.384351,0.625041,0.40542,0.634776,64.5753
3500165543009955,60.8221,116.404,1.913845,30.3333,0.253057,0.245671,0.200108,0.151024,0.231763,0.069439,0.600275,0.666746,0.380794,0.482663,19.7965
3500969075198072,72.3484,73.1667,1.01131,151.2917,0.399297,0.205427,0.085279,0.101972,0.38375,0.044459,0.185899,0.579214,0.292172,0.786367,232.8127
3501365119557234,71.5791,217.596,3.03994,30.25,0.367669,0.270599,0.245244,0.283232,0.150691,0.043538,0.595041,0.69851,0.682452,0.475414,51.1316
3501509250702469,60.8849,267.126,4.387396,121.0,0.374958,0.202148,0.203569,0.207276,0.195107,0.067286,0.230372,0.680885,0.539639,0.770905,180.5276
3501942333500073,51.5629,178.5617,3.462986,121.5,0.386175,0.206127,0.141014,0.151467,0.317561,0.079299,0.228738,0.717993,0.34308,0.750286,127.9179
3502088871723054,57.9959,149.3934,2.575931,151.8333,0.292274,0.25712,0.19817,0.167387,0.216305,0.069285,0.18798,0.670714,0.33327,0.803476,153.2534
3502377050801561,62.3274,100.4471,1.611603,90.8333,0.357506,0.316757,0.286717,0.120549,0.191624,0.031206,0.28578,0.614818,0.335918,0.723784,75.4011
3504178999463051,59.2976,145.9796,2.461815,91.0,0.348794,0.248031,0.202019,0.126067,0.281653,0.077518,0.296703,0.666814,0.486241,0.724783,93.9105
3506040590383211,95.6222,89.9386,0.940562,60.4583,0.336326,0.27532,0.189172,0.246456,0.277325,0.058364,0.391454,0.476106,0.298767,0.64628,78.0668
3506042666828517,58.8993,81.2935,1.380212,90.875,0.319905,0.303422,0.252292,0.160173,0.17969,0.07612,0.284273,0.64057,0.341876,0.713232,59.8355
3506592072985012,53.2166,258.28,4.853376,91.25,0.306891,0.316039,0.146281,0.148517,0.365605,0.067076,0.294064,0.7289,0.459038,0.697492,61.9676
3508104404056005,54.5062,97.7456,1.793293,60.7083,0.324613,0.225686,0.229973,0.144965,0.220323,0.061109,0.407001,0.643729,0.414335,0.646816,69.78
3511058278399773,60.0991,87.8212,1.461273,30.375,0.316592,0.340803,0.277982,0.137183,0.192066,0.058055,0.584362,0.626296,0.462126,0.455998,17.4253
3511378610369890,58.882,164.1327,2.787483,150.7083,0.304507,0.275814,0.206635,0.176396,0.244886,0.071037,0.188831,0.671713,0.308097,0.81052,121.5653
3512365128314616,53.098,97.1041,1.828771,121.25,0.305153,0.258902,0.222663,0.167777,0.215084,0.070201,0.230584,0.633839,0.425168,0.77736,126.4843
3513285035244624,65.8882,119.6372,1.815761,30.25,0.277173,0.334753,0.271702,0.147256,0.178429,0.018127,0.592287,0.617105,0.472938,0.472761,0.659
3513506355699497,60.95,95.9596,1.574397,60.6667,0.32881,0.297005,0.253208,0.116665,0.188995,0.039554,0.401099,0.626515,0.384923,0.640243,71.6107
3513618443244549,56.9445,79.5469,1.39692,121.4583,0.306047,0.311367,0.260134,0.162199,0.157694,0.064808,0.219554,0.647758,0.288572,0.778468,134.3807
3514865930894695,61.8145,117.2663,1.897069,121.2917,0.329911,0.322786,0.249708,0.160798,0.210304,0.055883,0.223634,0.669683,0.429069,0.774411,93.0021
3514897282719543,68.6198,134.3632,1.958082,90.875,0.333675,0.35053,0.255654,0.125952,0.226532,0.03095,0.290234,0.629146,0.36399,0.729552,69.2039
3517527805128735,56.1492,158.8943,2.829856,90.875,0.323097,0.24638,0.237052,0.154747,0.212371,0.060717,0.289775,0.679484,0.376003,0.727253,59.879
3517814635263522,59.8354,82.92,1.385801,60.4583,0.314832,0.307171,0.24338,0.188845,0.18014,0.061806,0.384562,0.635084,0.35077,0.626636,76.4227
3518234918950662,88.4467,125.7925,1.422241,151.75,0.326465,0.259334,0.323316,0.024143,0.323981,0.041507,0.183416,0.66119,0.329491,0.807506,123.9668
3518669219150142,48.1228,119.0423,2.473721,151.5833,0.438663,0.234465,0.149212,0.181886,0.272858,0.064139,0.187191,0.709644,0.393496,0.784429,127.6503
3518758680062249,55.7518,114.5153,2.054018,91.0,0.310229,0.279624,0.192971,0.158661,0.210289,0.07395,0.302198,0.664095,0.431853,0.722157,161.9479
3519232971341141,61.5128,90.4617,1.470615,60.5,0.307328,0.308016,0.237292,0.15063,0.221584,0.056719,0.389118,0.648279,0.397817,0.635019,30.4283
3519607465576254,59.9985,121.8136,2.030278,90.9583,0.320301,0.301274,0.263816,0.1982,0.184564,0.060831,0.283555,0.641326,0.366645,0.71271,58.9066
3520550088202337,69.6322,68.6238,0.985518,60.75,0.372903,0.200523,0.097146,0.10318,0.386366,0.052153,0.397805,0.576307,0.344632,0.610981,113.1683
3521417320836166,87.37,116.4208,1.332504,181.875,0.332294,0.262376,0.314003,0.031624,0.317786,0.043354,0.156014,0.655369,0.329341,0.830015,235.5095
3521815216091574,95.9675,89.8518,0.936273,91.125,0.301348,0.24475,0.184762,0.255413,0.269034,0.055413,0.290352,0.474513,0.367191,0.726217,183.0634
3523843138706408,52.3811,94.69,1.807714,121.5417,0.327817,0.269225,0.248898,0.165906,0.168278,0.056553,0.227974,0.650412,0.399518,0.778814,57.4657
3523898249167098,60.8853,146.1603,2.400585,121.0417,0.294115,0.222762,0.185262,0.108546,0.307993,0.078884,0.232358,0.686535,0.311625,0.773607,62.925
3524574586339330,85.1869,122.2491,1.435069,90.875,0.321297,0.286382,0.297577,0.030102,0.302579,0.045783,0.29436,0.655244,0.337772,0.718914,117.5231
3525590521269779,58.5183,175.0701,2.991715,151.7917,0.328573,0.225738,0.197029,0.167524,0.247521,0.07466,0.187483,0.680969,0.461422,0.81028,96.5791
3525668150756629,94.6042,86.4631,0.913946,60.7083,0.299251,0.26622,0.194768,0.237579,0.262062,0.057791,0.396706,0.467107,0.340599,0.650216,69.3042
3526826139003047,58.9395,86.6756,1.470584,121.4167,0.328403,0.331739,0.263652,0.14969,0.201336,0.061415,0.219629,0.649856,0.346234,0.776473,106.0574
3527063666782582,64.4913,91.5475,1.419531,30.2917,0.324657,0.320851,0.258589,0.148106,0.232655,0.058204,0.569464,0.636438,0.412249,0.48628,39.9328
3527536963490470,55.6619,132.756,2.385043,151.625,0.307156,0.28499,0.232042,0.160044,0.241531,0.052309,0.184666,0.674593,0.335175,0.811373,232.3304
3528231451607350,64.3734,157.2184,2.442287,60.5,0.307676,0.314093,0.24609,0.209622,0.227132,0.057661,0.391185,0.652853,0.475965,0.638464,68.5672
3528407217576457,83.3719,114.2778,1.3707,60.5833,0.347051,0.241431,0.307562,0.028819,0.32967,0.035429,0.394085,0.652768,0.317018,0.641242,60.6348
3529597810116815,53.853,99.9733,1.856413,90.9583,0.286796,0.259015,0.222251,0.161216,0.235799,0.055043,0.289052,0.663164,0.439266,0.713347,80.3276
3529597930342630,51.621,95.6302,1.852544,60.75,0.31782,0.271046,0.257095,0.172061,0.188016,0.04933,0.397119,0.642532,0.3693,0.641242,26.7878
3530503964418806,63.488,113.209,1.783158,30.375,0.322715,0.315666,0.240455,0.100286,0.256585,0.041311,0.591221,0.644914,0.496448,0.472706,7.6846
3531129874770000,88.1087,137.7844,1.5638,151.4167,0.307898,0.271232,0.304007,0.032834,0.314853,0.041974,0.186846,0.662334,0.314274,0.801148,75.8311
3531606252458308,64.6068,96.6776,1.496401,30.2917,0.311856,0.346935,0.297809,0.107145,0.185452,0.023947,0.587345,0.602915,0.584688,0.473831,45.19
3533012926413100,56.0139,164.2244,2.93185,121.4583,0.344285,0.30923,0.224079,0.216079,0.148544,0.047889,0.226758,0.66339,0.404951,0.769764,102.6396
3533177016567295,58.5509,86.0037,1.468871,60.75,0.334164,0.315697,0.241669,0.152464,0.195771,0.072617,0.395748,0.650096,0.392013,0.6444,49.4417
3533742182628021,46.8638,110.5779,2.359556,151.4167,0.376303,0.215015,0.140506,0.209064,0.218996,0.07185,0.186296,0.689289,0.339241,0.779915,131.235
3533800906065217,61.0842,102.8717,1.684095,91.25,0.342846,0.308054,0.247122,0.164351,0.204555,0.052042,0.284932,0.656407,0.351972,0.720239,81.5905
3534093764340240,70.6134,267.1687,3.783543,30.3333,0.285704,0.282422,0.234576,0.272113,0.133941,0.063381,0.572802,0.696535,0.943785,0.453205,99.9141
3534330126107879,95.9387,89.7714,0.935716,121.25,0.29939,0.268394,0.198717,0.255917,0.264416,0.055432,0.226804,0.476048,0.29633,0.776371,168.7949
3534718226968689,57.3107,180.423,3.148157,60.7083,0.26592,0.238228,0.205934,0.152182,0.248789,0.057685,0.399451,0.687401,0.543491,0.637568,59.0255
3535808924394848,93.6833,87.0913,0.929635,91.0833,0.283562,0.251095,0.199961,0.237449,0.268177,0.057544,0.294145,0.472318,0.315096,0.71937,138.7999
3536818734263520,52.9757,96.1708,1.815374,30.375,0.261388,0.242041,0.200489,0.139149,0.220455,0.072195,0.604938,0.658376,0.56759,0.485424,37.977
3536918668124647,66.1053,113.5407,1.717574,30.4167,0.309434,0.292041,0.25005,0.161259,0.263259,0.035183,0.567123,0.636135,0.589889,0.489648,26.7401
3537797820923602,58.7156,92.9249,1.582627,30.25,0.376699,0.359188,0.27462,0.116783,0.215101,0.051542,0.589532,0.673111,0.387587,0.492064,-1.093
3538520143479972,60.5434,105.0492,1.735105,91.25,0.333734,0.310483,0.277087,0.183129,0.168621,0.057447,0.285845,0.652605,0.368803,0.729518,94.5793
3540017235499519,90.6179,77.1553,0.851436,30.2917,0.348924,0.284002,0.220597,0.199422,0.250813,0.068274,0.596974,0.448628,0.396216,0.461404,55.6632
3540075240003197,53.6676,113.2295,2.10983,121.4167,0.332865,0.246765,0.208765,0.139015,0.234557,0.074067,0.228209,0.644542,0.449922,0.772878,194.9134
3540210836308425,94.4033,88.5956,0.93848,90.9583,0.294886,0.254039,0.20737,0.248046,0.264531,0.052079,0.293633,0.476954,0.330033,0.739019,148.2021
3540862542587229,58.3507,96.5792,1.655149,30.4167,0.297687,0.298376,0.266983,0.146112,0.220421,0.081148,0.582192,0.647462,0.469035,0.469525,73.106
3541160328600277,72.2818,159.0784,2.200809,151.375,0.37104,0.197562,0.086369,0.136155,0.377487,0.043542,0.184971,0.60084,0.379094,0.786457,358.7133
3541554378551366,71.2725,129.7824,1.820931,30.4167,0.231077,0.295063,0.246082,0.161226,0.217244,0.022931,0.573973,0.648781,0.504888,0.478789,-1.0826
3541687240161491,53.569,65.3016,1.219017,30.2917,0.338405,0.343914,0.264631,0.181614,0.169039,0.063911,0.566713,0.622908,0.382856,0.460819,22.4312
3542162746848552,57.3479,82.5892,1.440145,30.4167,0.357515,0.306598,0.244059,0.155239,0.142629,0.05993,0.575342,0.655292,0.492903,0.46105,9.1941
3543299015720986,90.2952,147.0359,1.628391,60.7083,0.325814,0.273589,0.294582,0.065788,0.316389,0.035485,0.389842,0.671554,0.350502,0.641085,75.36
3543591270174051,54.287,122.8546,2.263056,151.5833,0.305725,0.261387,0.225714,0.171111,0.193911,0.045835,0.186091,0.671482,0.341097,0.812683,60.1181
3544606805704278,58.3819,104.9475,1.797603,30.4167,0.383165,0.281943,0.263594,0.20383,0.147958,0.054498,0.578082,0.656104,0.426715,0.492215,23.0141
3545109339866548,50.9024,155.2653,3.050255,181.2917,0.435615,0.230335,0.162629,0.196344,0.273754,0.066233,0.158354,0.721494,0.383879,0.807548,164.5331
3546674063249004,56.0504,110.7044,1.975087,60.75,0.284551,0.208614,0.220217,0.133835,0.226852,0.074447,0.406036,0.650026,0.436067,0.644703,82.3138
3546897637165774,62.7408,188.4657,3.003879,121.3333,0.298862,0.353051,0.249889,0.20304,0.186006,0.059751,0.222871,0.66835,0.41979,0.770818,57.4349
3547560454237873,59.3333,94.736,1.596675,91.0833,0.279272,0.338882,0.259807,0.162225,0.212855,0.063816,0.280878,0.652849,0.388996,0.725296,70.7079
3547574373318979,60.303,93.8886,1.556947,91.0833,0.326073,0.292539,0.265694,0.170863,0.183903,0.0659,0.284081,0.650052,0.344285,0.727453,80.7541
3549202406645667,63.6233,104.2352,1.638317,91.0417,0.340633,0.348152,0.275693,0.144946,0.185627,0.03297,0.289703,0.60982,0.362519,0.726755,72.1892
3550554389581384,89.2974,71.0946,0.796155,30.4167,0.324127,0.296105,0.207998,0.154756,0.310231,0.073602,0.578082,0.436473,0.444387,0.466993,4.6817
3551217896304745,84.8382,122.0758,1.438925,182.125,0.330379,0.274968,0.31037,0.042489,0.301804,0.046023,0.156943,0.650295,0.301297,0.826155,263.5566
3551512895305309,51.0826,61.288,1.199784,30.375,0.35728,0.29292,0.228586,0.202546,0.207779,0.064525,0.573388,0.623182,0.371443,0.466924,48.5126
3552581383553463,65.7112,192.068,2.922912,90.875,0.310233,0.33915,0.245676,0.145522,0.203743,0.028763,0.290692,0.640646,0.404772,0.721554,107.1878
3553629419254918,51.8454,100.111,1.930952,182.1667,0.28754,0.252455,0.232668,0.170659,0.19514,0.057347,0.155535,0.661117,0.322801,0.832085,26.6495
3554818239968984,90.9166,77.8275,0.856032,30.375,0.330183,0.254958,0.186348,0.192693,0.283083,0.063136,0.589849,0.453202,0.392074,0.470185,20.3385
3554849923339851,74.5923,261.5364,3.506213,60.6667,0.38551,0.264466,0.21844,0.249436,0.162838,0.028786,0.385989,0.652676,0.657303,0.635593,79.1149
3556613125071656,48.1005,163.3538,3.396097,151.875,0.403807,0.194772,0.148663,0.232899,0.216619,0.06959,0.187929,0.71598,0.396588,0.7817,46.2313
3557442674264531,72.2353,73.3582,1.015545,30.375,0.387202,0.226265,0.10657,0.074866,0.390958,0.043732,0.595336,0.589306,0.376436,0.462241,67.632
3558652751678952,65.9208,116.8835,1.77309,90.875,0.343488,0.323302,0.24767,0.129122,0.223791,0.035888,0.281981,0.622747,0.35267,0.734389,80.6391
3558881852140592,62.7163,145.4171,2.318648,60.7083,0.297491,0.321231,0.248733,0.192613,0.19523,0.060681,0.390528,0.657052,0.328578,0.622654,52.3707
3559160581764413,95.1361,89.6199,0.942018,121.1667,0.301462,0.262703,0.203548,0.256707,0.245289,0.057027,0.226616,0.475518,0.346979,0.779414,145.5876
3559679414981506,87.9949,168.7325,1.917527,90.75,0.318133,0.263013,0.315052,0.059868,0.305592,0.045955,0.294766,0.660234,0.335656,0.712288,195.351
3559723917628303,91.2811,79.7633,0.87382,60.6667,0.303945,0.260509,0.195457,0.218193,0.27196,0.06512,0.398352,0.453462,0.350612,0.653961,50.5525
3560246577314524,59.8892,72.0251,1.202638,30.2917,0.34387,0.295853,0.290478,0.119556,0.183238,0.027598,0.579092,0.602205,0.392477,0.492482,18.0698
3560318482131952,60.2587,106.9232,1.774402,121.4167,0.318257,0.322121,0.247715,0.173292,0.18847,0.069591,0.219973,0.643381,0.369797,0.773404,97.4305
3560336828629935,52.9423,71.368,1.348034,30.375,0.347518,0.343646,0.250696,0.171963,0.174937,0.055607,0.576132,0.637666,0.371048,0.476177,9.9482
3560697798177746,62.6418,130.8738,2.089239,90.9583,0.308245,0.333437,0.255888,0.152801,0.212653,0.041876,0.287219,0.626574,0.34309,0.720813,38.23
3560725013359375,60.7937,93.5483,1.538783,121.125,0.350769,0.306758,0.264634,0.143444,0.198585,0.066345,0.22119,0.643726,0.389789,0.767965,82.0432
3560797065840735,52.1328,103.1567,1.978727,182.0833,0.317589,0.284754,0.253511,0.16872,0.179503,0.049758,0.155606,0.65188,0.31235,0.834335,113.4431
3561212938177173,68.1072,227.1824,3.335659,30.3333,0.272066,0.260985,0.181401,0.181204,0.328725,0.056701,0.611264,0.713379,0.671606,0.485373,8.3359
3561963695236764,91.9397,83.4632,0.907803,90.75,0.306552,0.290032,0.19536,0.224151,0.276081,0.058882,0.290634,0.463351,0.328325,0.737984,91.5791
3562264947797243,60.1241,96.5026,1.605057,30.3333,0.419217,0.27801,0.228333,0.138924,0.166806,0.07161,0.60989,0.66368,0.384922,0.475582,-2.1663
3562679455732797,66.0995,234.3957,3.546102,60.6667,0.407034,0.308184,0.280577,0.189714,0.151708,0.037237,0.400412,0.637816,0.605298,0.625523,107.6868
3563837241599446,54.9021,153.0585,2.787846,60.75,0.273933,0.232888,0.235003,0.130758,0.252517,0.058272,0.409465,0.653434,0.509643,0.639929,32.1517
3564182536169293,60.8743,95.4828,1.568525,60.5,0.340948,0.307422,0.270347,0.184262,0.143603,0.079027,0.391185,0.634768,0.385613,0.64407,46.1149
3564839259330465,60.7727,137.7651,2.266893,121.4167,0.326688,0.29052,0.247237,0.185714,0.183373,0.06715,0.222032,0.658266,0.42603,0.77238,181.3273
3565196229855512,67.1041,207.9339,3.098674,60.5833,0.345227,0.355738,0.247158,0.223102,0.189008,0.03172,0.394773,0.651315,0.439331,0.643141,-19.1808
3565414434959494,59.7516,99.5888,1.666712,30.2917,0.290121,0.308271,0.275221,0.131795,0.184676,0.075536,0.56121,0.674424,0.368748,0.468126,27.217
3565423334076143,65.7197,145.309,2.211041,60.5,0.281287,0.352973,0.257219,0.160171,0.194229,0.036308,0.391185,0.627968,0.446872,0.63412,116.1409
3565943051129759,64.3698,99.5586,1.546668,30.2917,0.303707,0.371454,0.276431,0.099226,0.205032,0.039227,0.595598,0.610476,0.504297,0.474928,43.3612
3565996340207976,54.2948,106.6349,1.963999,30.375,0.294605,0.248701,0.228959,0.13742,0.220411,0.056325,0.600823,0.653374,0.409625,0.486624,-0.4122
3566094707272327,93.8926,284.6931,3.032115,182.125,0.311095,0.251639,0.30337,0.076387,0.315325,0.040916,0.156715,0.673023,0.419862,0.831138,464.7185
3566373869538620,57.7871,87.9476,1.521924,30.3333,0.337863,0.329288,0.212648,0.164562,0.184403,0.062762,0.571429,0.656254,0.396971,0.48585,10.4678
3566875419572867,94.8181,87.7825,0.925799,60.5833,0.293636,0.269342,0.208006,0.237306,0.274048,0.060097,0.396836,0.472728,0.341105,0.650896,57.9483
3567527758368741,66.383,157.438,2.371662,60.625,0.320718,0.365643,0.261013,0.171955,0.190659,0.060931,0.397938,0.671234,0.451832,0.636868,20.9659
3567697931646329,48.9389,136.9687,2.798772,152.0,0.395046,0.300496,0.151475,0.181435,0.275284,0.07549,0.186129,0.712161,0.315048,0.776786,68.0535
3567879740649740,61.4757,121.4733,1.975956,121.3333,0.340126,0.295428,0.235046,0.20751,0.164082,0.073962,0.223214,0.663596,0.358091,0.779233,160.118
3568255211412877,58.2721,257.9732,4.427043,121.375,0.273898,0.236187,0.196111,0.213321,0.176886,0.08204,0.233093,0.686219,0.47006,0.778985,122.6479
3568736585751727,96.457,88.2959,0.915391,91.125,0.303843,0.265222,0.199918,0.24531,0.251239,0.059907,0.288523,0.469486,0.335302,0.727779,163.4876
3572976568630035,62.8413,91.9135,1.46263,30.375,0.342795,0.256686,0.278263,0.171279,0.159442,0.058429,0.578875,0.644647,0.429784,0.487784,12.2226
3573030041201292,57.4364,147.4834,2.567771,121.3333,0.362446,0.286905,0.236207,0.151511,0.241001,0.04857,0.226305,0.671213,0.335565,0.776354,32.8128
3573386445588324,58.1496,90.471,1.555833,60.7083,0.341817,0.378143,0.264631,0.15408,0.201079,0.052365,0.385724,0.648634,0.345168,0.642094,65.037
3575540972310993,53.6583,233.9965,4.360864,91.0833,0.352793,0.299571,0.144951,0.242583,0.281835,0.050924,0.291857,0.73959,0.550784,0.69818,71.5624
3575789281659026,55.7591,132.8931,2.383343,182.0417,0.336739,0.231972,0.222297,0.156473,0.20692,0.059585,0.155871,0.668401,0.362821,0.836225,139.9958
3576021480694169,48.3626,122.0343,2.523318,152.0,0.39371,0.237089,0.149534,0.170556,0.247302,0.074226,0.1875,0.699661,0.373653,0.781982,160.8995
3576144910346950,60.5398,97.9339,1.617678,30.2083,0.370481,0.307853,0.263762,0.184694,0.160882,0.056149,0.57931,0.645293,0.542176,0.462234,2.3526
3576281490078437,94.6064,84.2414,0.890441,30.3333,0.310317,0.277286,0.214608,0.230932,0.262176,0.050007,0.567308,0.463525,0.450594,0.487553,53.5026
3576431665303017,85.0187,110.4701,1.299362,181.8333,0.332284,0.300419,0.324075,0.031025,0.306192,0.040465,0.156049,0.648579,0.303916,0.830684,187.6504
3576511691045060,50.2649,72.9423,1.451156,30.1667,0.33057,0.238024,0.255159,0.196807,0.186885,0.062791,0.562155,0.624873,0.37279,0.467425,36.7302
3577578023716568,91.2365,222.6713,2.440596,121.5,0.359922,0.267482,0.299821,0.072974,0.302333,0.04178,0.225995,0.666434,0.346444,0.768444,192.9758
3577596616955856,61.6848,82.6141,1.339294,30.3333,0.337698,0.359258,0.275283,0.09664,0.163232,0.026113,0.600275,0.604292,0.426402,0.470501,59.9101
3577663406369449,59.0319,95.9129,1.624763,30.2083,0.325167,0.267192,0.273657,0.206344,0.176796,0.052359,0.586207,0.645951,0.381502,0.492753,5.6179
3577794103155425,56.0544,118.2937,2.110336,60.5833,0.324994,0.284539,0.215026,0.172104,0.181516,0.048532,0.392022,0.672408,0.470773,0.638304,70.5504
3579200383632826,88.7643,74.8081,0.842772,30.375,0.36158,0.246149,0.203583,0.193874,0.275815,0.057926,0.578875,0.446977,0.37256,0.47423,26.6382
3581130339108561,70.6191,312.8831,4.430572,30.1667,0.43939,0.227829,0.266777,0.255462,0.143945,0.033171,0.596685,0.644766,0.859502,0.460735,-47.0044
3582402971899057,64.0657,113.3562,1.769375,30.375,0.315667,0.22006,0.275639,0.174993,0.117972,0.028555,0.580247,0.618947,0.489121,0.484569,65.7599
3582754887089201,66.6791,215.4429,3.231039,121.4167,0.291608,0.298218,0.218829,0.251189,0.168603,0.057235,0.222032,0.687109,0.558659,0.777715,182.581
3583093681934489,69.9588,116.5116,1.665431,30.4167,0.273264,0.335827,0.250125,0.11143,0.14948,0.038267,0.583562,0.636876,0.459856,0.478902,15.8521
3583293909206278,57.216,115.545,2.019451,60.8333,0.330645,0.268403,0.247445,0.164126,0.231581,0.055618,0.391781,0.658251,0.352377,0.6402,73.3575
3583635130604947,89.3564,128.1025,1.433612,182.5,0.320256,0.269758,0.304853,0.044856,0.324869,0.041854,0.155251,0.658532,0.304987,0.831193,178.5362
3583793405872580,56.9203,125.8029,2.210158,121.25,0.319373,0.251129,0.234767,0.160065,0.209486,0.047386,0.225773,0.660201,0.362929,0.774325,136.1751
3585052663373890,75.4283,404.6916,5.365251,60.5,0.40984,0.374043,0.212127,0.298332,0.188581,0.055715,0.380165,0.701725,0.722311,0.645969,4.4361
3585740823295298,52.9136,167.5905,3.167246,91.0833,0.359286,0.205545,0.143128,0.199352,0.271296,0.07604,0.292772,0.713126,0.455915,0.698781,28.3669
3586008444788268,90.0535,175.3309,1.946963,151.6667,0.304352,0.264823,0.306635,0.074124,0.283525,0.03947,0.186813,0.667035,0.339961,0.803956,181.9564
3586955669388457,95.7203,88.5592,0.925187,60.7917,0.312658,0.265081,0.200212,0.249119,0.266458,0.053273,0.405757,0.475023,0.409837,0.654853,40.7125
3587044315915002,94.9887,86.2427,0.907926,91.0,0.30683,0.269181,0.185371,0.237569,0.273114,0.063314,0.288919,0.46415,0.345673,0.722804,120.9344
3587960728692500,71.1365,70.9643,0.99758,121.3333,0.393672,0.196062,0.091152,0.094741,0.379948,0.048124,0.229396,0.585572,0.331478,0.749084,243.2458
3589255887819806,63.097,170.3983,2.700577,151.7083,0.315241,0.226092,0.19112,0.126776,0.309889,0.072873,0.186487,0.686689,0.413329,0.811513,-7.1242
3589289942931264,59.5917,139.1996,2.335888,151.8333,0.340974,0.270261,0.231369,0.189179,0.20035,0.045637,0.185236,0.669682,0.329417,0.813759,211.8229
3590736522064285,90.2116,130.5182,1.4468,181.8333,0.367779,0.253092,0.304759,0.038859,0.323732,0.041702,0.156508,0.65364,0.31169,0.830737,283.0707
3591919803438423,55.6523,146.9125,2.639828,90.7917,0.321289,0.294116,0.222841,0.189755,0.208486,0.061989,0.300597,0.643181,0.41877,0.725938,0.7347
3592325941359225,65.2723,163.5647,2.505884,30.3333,0.279246,0.288251,0.219616,0.109409,0.23964,0.031838,0.607143,0.655807,0.541521,0.458842,37.4901
3592931352252641,72.4957,395.8483,5.460297,60.7917,0.28362,0.28092,0.221775,0.249296,0.18875,0.027313,0.395476,0.670317,0.776865,0.634309,101.0041
3593118134380341,60.6768,97.7591,1.611144,121.4167,0.333069,0.298125,0.255681,0.151851,0.226575,0.065912,0.221688,0.656323,0.281372,0.784061,87.7554
3593399694467427,56.6803,81.477,1.437484,30.3333,0.352466,0.292627,0.261377,0.179867,0.217889,0.076717,0.596154,0.64831,0.408226,0.478387,27.8598
3595111028444131,61.9314,99.6097,1.608387,30.1667,0.315775,0.261973,0.247429,0.195022,0.224665,0.055117,0.582873,0.650418,0.515338,0.48649,44.7042
3595192916105588,59.2575,171.5919,2.8957,151.75,0.31357,0.219933,0.205028,0.122297,0.244927,0.067561,0.186436,0.668093,0.403266,0.809744,167.1502
3596217206093829,58.0803,123.851,2.13241,181.7083,0.29942,0.292088,0.225866,0.169678,0.226185,0.044143,0.155698,0.674891,0.318912,0.836883,100.6949
3596357274378601,60.4998,230.1111,3.8035,120.9167,0.309668,0.241281,0.186951,0.199982,0.201655,0.077977,0.234666,0.690148,0.443242,0.78028,169.4376
3597337756918966,59.2449,81.0277,1.367675,60.6667,0.315725,0.299582,0.286027,0.13837,0.139023,0.031526,0.391484,0.601504,0.30952,0.640299,39.7266
3597926034019603,59.7957,129.3909,2.163883,60.625,0.373892,0.260634,0.181564,0.147069,0.168776,0.080484,0.406186,0.666893,0.377899,0.641676,-0.9329
3597980945245815,58.4415,72.2362,1.236043,30.375,0.359952,0.320032,0.302353,0.123612,0.159717,0.028322,0.59808,0.588411,0.365327,0.472003,26.8788
3598014571045296,98.9971,161.69,1.633281,60.7083,0.287584,0.252108,0.263922,0.035785,0.357961,0.037916,0.404255,0.676981,0.41729,0.626185,142.6057
3598215285024754,87.0286,116.2254,1.335486,151.7917,0.333562,0.2545,0.319289,0.036783,0.307842,0.049797,0.186659,0.655148,0.342783,0.807708,158.0161
3598304579370089,60.9793,145.2569,2.382067,121.2917,0.305112,0.272615,0.198079,0.156939,0.242903,0.066592,0.231192,0.668921,0.378257,0.779736,174.8099
3598634130286287,59.4938,236.7138,3.978798,30.3333,0.333605,0.211988,0.11784,0.130051,0.417048,0.052272,0.586538,0.749233,0.694329,0.451684,-14.9128
3598895972308782,82.4523,503.6093,6.107883,30.25,0.186959,0.295954,0.220194,0.374306,0.147293,0.018957,0.603306,0.700791,1.156378,0.470922,102.3722
3599237318576484,57.5373,127.5989,2.217675,60.7917,0.340252,0.29826,0.270103,0.198148,0.137875,0.063659,0.39342,0.664659,0.495836,0.653201,103.82
4003771737807706,64.5395,118.3695,1.834064,60.8333,0.360733,0.314057,0.239586,0.177792,0.197981,0.064085,0.391781,0.66488,0.457596,0.65575,56.7404
4003989662068504,63.9614,245.3105,3.835287,151.75,0.35557,0.214461,0.181153,0.223426,0.239122,0.069982,0.187809,0.697129,0.443592,0.808319,-85.3381
4005676619255478,55.4652,107.2822,1.934225,151.1667,0.3571,0.273139,0.217528,0.149517,0.201004,0.072324,0.188258,0.656204,0.344904,0.815413,164.0471
4010002218955876,88.7454,126.0042,1.419838,91.0417,0.312353,0.260332,0.344143,0.030239,0.318836,0.044264,0.296568,0.653983,0.311582,0.721285,28.3138
4025612008285111,60.2761,144.4799,2.396967,90.875,0.337396,0.336333,0.21668,0.195892,0.215939,0.060973,0.285649,0.677884,0.453823,0.729197,134.4932
4048508450704760,57.5214,159.7041,2.776431,90.7083,0.303714,0.28905,0.233334,0.163261,0.261204,0.053185,0.28847,0.675036,0.350084,0.726996,110.3015
4060579726528237,66.0471,115.1014,1.742716,91.0,0.317932,0.29162,0.263355,0.152337,0.197047,0.029734,0.287088,0.633635,0.378168,0.719281,67.9648
4067137330196900,60.1266,169.5486,2.819861,91.1667,0.306215,0.254617,0.192289,0.143448,0.251758,0.069481,0.291133,0.694929,0.454996,0.7258,80.2407
4069975342931683,88.1323,144.5303,1.639926,121.25,0.314683,0.280677,0.289409,0.056887,0.32938,0.048386,0.230584,0.67156,0.308504,0.767675,141.6171
4070511711385545,66.088,378.0281,5.720074,60.375,0.261874,0.271082,0.231498,0.277301,0.192187,0.051121,0.383713,0.691258,0.875388,0.625412,16.2447
4099707841315751,62.7455,249.5084,3.976515,151.7917,0.284768,0.237721,0.181682,0.174373,0.256832,0.055214,0.187483,0.694389,0.351254,0.811039,40.1528
4104312520615374,59.604,131.6285,2.208385,60.75,0.311211,0.273341,0.19113,0.160845,0.244546,0.040159,0.399177,0.685905,0.406443,0.634663,51.0088
4116554952971686,68.1409,116.0982,1.703796,30.3333,0.326128,0.329813,0.271932,0.18981,0.146714,0.02491,0.590659,0.636365,0.363344,0.485913,15.9476
4119762878330989,63.0466,105.152,1.667844,91.0417,0.317508,0.341759,0.263827,0.114764,0.215774,0.031272,0.282838,0.623699,0.392667,0.722096,120.1298
4124536010991657,68.3754,146.6028,2.144087,30.3333,0.28392,0.297231,0.203567,0.108044,0.285654,0.032204,0.592033,0.673301,0.602243,0.474106,42.8709
4128027264554082,59.2017,99.3944,1.67891,91.0,0.340787,0.321302,0.255986,0.165838,0.17017,0.060938,0.281593,0.654476,0.430378,0.71517,63.3516
4129767952109660,59.9673,198.0379,3.302432,60.7083,0.34605,0.275206,0.232402,0.140879,0.270233,0.038182,0.38641,0.69177,0.510266,0.645382,101.0683
4134456652433447,63.4339,99.7536,1.57256,30.4167,0.330012,0.348463,0.267378,0.126246,0.215502,0.017339,0.593151,0.636263,0.461257,0.477681,9.0452
4147608975828480,64.2826,115.6353,1.798858,121.2917,0.290397,0.297975,0.246956,0.172833,0.215292,0.058173,0.225352,0.669359,0.300794,0.780562,87.1648
4149238353975790,94.4736,84.3853,0.893216,121.375,0.311309,0.261367,0.203574,0.227142,0.281962,0.052635,0.223824,0.462533,0.306207,0.782339,114.2746
4155021259183870,56.5046,166.7607,2.951279,121.4583,0.342309,0.283286,0.228327,0.176673,0.215609,0.044836,0.226072,0.679359,0.412863,0.775123,164.5587
4158758517677931,55.973,149.1166,2.664081,30.4167,0.268716,0.256765,0.249179,0.157901,0.239132,0.043226,0.571233,0.680512,0.539918,0.475326,23.1216
4158945090781624,53.1111,107.2306,2.018986,121.6667,0.309423,0.264705,0.212568,0.159982,0.217252,0.078185,0.231164,0.644912,0.31262,0.775817,4.9769
4169759661243568,54.641,122.0877,2.234362,121.25,0.314905,0.235362,0.23435,0.166445,0.200509,0.057647,0.226117,0.667333,0.383889,0.778394,85.0351
4170689372027579,60.5248,152.0831,2.512741,151.7083,0.351649,0.216909,0.19208,0.143226,0.267558,0.07141,0.188135,0.668653,0.274476,0.810336,78.6043
4171397999167005,64.2746,92.1599,1.433845,30.3333,0.318725,0.377564,0.278783,0.126969,0.233224,0.040374,0.592033,0.62264,0.370791,0.465832,23.7294
4173950183554608,65.0841,221.9452,3.410132,121.4583,0.34788,0.246418,0.184499,0.172333,0.255138,0.068476,0.229503,0.702502,0.445507,0.781166,77.0813
4178097073221156,90.5516,159.9957,1.766901,91.25,0.353024,0.252916,0.293023,0.049581,0.334089,0.036481,0.289954,0.674858,0.339433,0.721875,156.7649
4179719215697782,60.4412,113.6898,1.880997,30.375,0.301853,0.302435,0.212412,0.163059,0.211967,0.038173,0.585734,0.692773,0.481565,0.481139,28.7655
4191109180926792,81.9482,107.9102,1.31681,91.1667,0.34002,0.275821,0.333536,0.031793,0.299817,0.048231,0.29159,0.650275,0.356066,0.719146,95.5969
4195832462863385,57.4467,72.8614,1.26833,30.4167,0.313938,0.321312,0.293464,0.160935,0.154172,0.075927,0.557534,0.637426,0.327216,0.484552,35.3186
4228411452607671,52.8249,124.2583,2.35227,30.375,0.421665,0.265054,0.197817,0.125881,0.272859,0.062406,0.610425,0.667543,0.595799,0.484631,48.6929
4229733778084049,54.5287,120.0866,2.202264,90.9583,0.355676,0.228098,0.218886,0.133031,0.229941,0.075436,0.297755,0.647651,0.357681,0.727575,26.4938
4239552724014407,68.151,123.4548,1.811489,90.9583,0.328833,0.31873,0.24376,0.124922,0.252217,0.030072,0.291342,0.634082,0.360275,0.726325,-21.7451
4254074738931278,63.7814,129.2966,2.027183,60.375,0.344653,0.291178,0.249044,0.188721,0.197641,0.065847,0.390614,0.67139,0.410572,0.635981,2.6551
4260059589824237,68.9879,201.1965,2.916401,30.375,0.286386,0.273633,0.240404,0.219082,0.148236,0.02147,0.584362,0.640672,0.619386,0.461573,83.8982
4265776278887457,62.6613,98.1548,1.566435,121.1667,0.314763,0.322451,0.255863,0.144879,0.234743,0.071214,0.22249,0.658262,0.32138,0.77713,79.475
4266200684857219,64.2129,158.734,2.471996,60.6667,0.382588,0.335485,0.223776,0.218126,0.181749,0.05754,0.396291,0.680692,0.482703,0.638414,71.6896
4277232699798846,59.1506,84.2683,1.42464,91.125,0.348176,0.290468,0.255013,0.166834,0.186938,0.077723,0.283951,0.648807,0.345778,0.724182,124.9596
4294040533480516,52.9366,87.6944,1.656594,90.875,0.323634,0.24614,0.237441,0.154736,0.170227,0.063301,0.291151,0.656679,0.35854,0.722176,25.1672
4302475216404898,66.0037,186.4293,2.824528,91.125,0.321915,0.278117,0.239986,0.191977,0.169853,0.031741,0.284408,0.644741,0.448981,0.727212,42.1297
4302480582202074,55.9922,159.932,2.856325,151.6667,0.36984,0.229982,0.200114,0.128708,0.249686,0.068809,0.188462,0.667796,0.35201,0.811895,31.2384
4306586894261180,69.88,190.6938,2.728877,60.5833,0.350515,0.262616,0.226635,0.193558,0.192495,0.034929,0.395461,0.646319,0.448616,0.626449,40.465
4308156300921054,94.8946,84.3766,0.889161,30.2917,0.319937,0.267649,0.201681,0.233045,0.263728,0.06138,0.591472,0.464807,0.319117,0.478519,37.3014
4328928491302401,85.3802,114.1021,1.3364,91.1667,0.339755,0.290013,0.310077,0.026846,0.316115,0.041206,0.290676,0.655657,0.283067,0.711204,53.8684
4334230547694630,67.442,199.7121,2.961243,121.3333,0.29063,0.328788,0.244919,0.170594,0.21376,0.059193,0.221841,0.679571,0.466108,0.7778,177.36
4335531783520911,50.5729,159.2145,3.148215,30.3333,0.42588,0.188615,0.140898,0.179023,0.281482,0.064452,0.593407,0.740483,0.681599,0.46337,43.1589
4342532437704183,60.8649,162.1145,2.663513,90.9583,0.281151,0.237052,0.186347,0.183111,0.228871,0.059364,0.296839,0.683891,0.359691,0.729813,110.0559
4344955088481397,91.2307,80.0368,0.877302,91.2083,0.319534,0.246342,0.219858,0.214915,0.258908,0.059135,0.291914,0.454594,0.275055,0.732251,118.0783
4348786085525522,90.4478,78.8293,0.871545,30.375,0.282688,0.289944,0.231563,0.211615,0.2433,0.078328,0.581619,0.458514,0.418637,0.477775,35.8704
4364010865167176,46.4904,121.4378,2.612103,182.125,0.379692,0.209561,0.160771,0.174443,0.271717,0.059667,0.156715,0.702627,0.3427,0.809401,162.0775
4365382885912355,94.5232,83.4397,0.882743,60.6667,0.312419,0.252365,0.201694,0.219938,0.2832,0.062423,0.39011,0.459337,0.28271,0.650404,75.2225
4377338765909719,55.4017,114.0025,2.057745,121.5417,0.361496,0.27374,0.211621,0.132309,0.247627,0.069402,0.22866,0.663707,0.348892,0.773345,100.3354
4378993458389626,63.3822,437.57,6.903677,91.0417,0.292884,0.160673,0.132813,0.3752,0.199502,0.05054,0.295652,0.766228,0.890986,0.687992,220.96
4384910379661778,69.4972,287.1341,4.131593,90.7917,0.360687,0.368476,0.243554,0.214055,0.183682,0.028973,0.291877,0.657601,0.500483,0.724811,99.7373
4412720572684931,69.7685,223.8313,3.208201,30.1667,0.241138,0.289189,0.220206,0.230646,0.155918,0.052601,0.587017,0.714456,0.702519,0.474276,9.0711
4423489490781412,57.2111,81.6781,1.427661,90.5417,0.359468,0.331786,0.271772,0.146619,0.181951,0.07825,0.289001,0.654428,0.417935,0.722476,85.9609
4424338559877976,61.8967,99.5799,1.60881,120.625,0.338725,0.334029,0.269453,0.163138,0.206776,0.066257,0.221762,0.651773,0.322505,0.775154,88.6399
4425161475596168,69.5545,123.96,1.782198,30.4167,0.308513,0.329498,0.259725,0.112091,0.250444,0.031532,0.591781,0.640796,0.425132,0.465718,8.3027
4428154703770710,58.4276,100.2455,1.715722,60.7083,0.322905,0.291683,0.27356,0.157721,0.203729,0.061848,0.391215,0.663163,0.430701,0.641154,77.5579
4430881574719618,60.5134,116.4534,1.924423,120.875,0.324348,0.312118,0.243751,0.190765,0.199933,0.059247,0.223027,0.662791,0.326484,0.772052,108.759
4433091568498503,79.8656,379.3582,4.749956,30.3333,0.242863,0.321981,0.22444,0.356412,0.089862,0.022734,0.574176,0.68222,0.917811,0.480123,22.6845
4446368897795790,91.6285,79.5951,0.868672,121.3333,0.298937,0.25231,0.201586,0.211497,0.271606,0.059541,0.228022,0.455319,0.326998,0.781956,142.8512
4449530933957323,59.7492,80.8013,1.352342,121.375,0.329704,0.322323,0.26035,0.154371,0.193572,0.063883,0.222108,0.633889,0.373327,0.773909,156.1416
4450831335606294,65.0403,338.8814,5.210331,121.375,0.23645,0.213988,0.203004,0.250191,0.211272,0.040197,0.230003,0.710847,0.531771,0.783001,-26.3672
4451438912406400,70.7476,66.5613,0.940827,60.4167,0.41514,0.183205,0.078455,0.09889,0.375627,0.067788,0.39931,0.57329,0.386408,0.611949,107.7392
4451952084362894,92.6827,81.6717,0.881196,121.2083,0.320143,0.265885,0.204516,0.21425,0.27393,0.063473,0.229632,0.457105,0.364821,0.780093,153.353
4452366298769043,54.723,110.6747,2.022452,151.7083,0.300211,0.255347,0.238169,0.198777,0.181466,0.055613,0.185389,0.665142,0.359216,0.811188,145.2133
4474324669797121,61.5611,114.4996,1.859933,91.125,0.346334,0.295278,0.263033,0.178265,0.184417,0.07101,0.289438,0.649561,0.30329,0.730229,78.0816
4482427013979020,59.0778,88.7685,1.502571,90.9167,0.302766,0.292316,0.273237,0.160245,0.177386,0.064821,0.284601,0.640297,0.356357,0.719813,77.2933
4488941175228467,88.0111,115.9971,1.317983,60.625,0.305383,0.269693,0.303182,0.028338,0.339,0.035397,0.402062,0.65601,0.352826,0.633766,-3.7389
4492491748959010,93.4985,86.0456,0.920289,30.3333,0.349087,0.262447,0.224778,0.229923,0.239791,0.062503,0.575549,0.465503,0.381929,0.484181,20.3631
4501449508569485,96.763,89.3871,0.923773,30.3333,0.285671,0.252258,0.214808,0.231726,0.270054,0.059555,0.572802,0.46977,0.453861,0.472366,62.859
4509142395811241,60.5117,128.0819,2.116647,121.4583,0.3268,0.298645,0.24991,0.187038,0.1616,0.058102,0.220583,0.652156,0.392164,0.777274,48.2387
4509922033272157,56.5995,204.9565,3.621173,60.75,0.366401,0.234114,0.232075,0.157835,0.259209,0.037784,0.38203,0.688054,0.590884,0.650161,25.3493
4514242065619750,87.4236,121.2824,1.387296,121.125,0.341782,0.29091,0.321262,0.026239,0.319709,0.044016,0.227382,0.663692,0.355414,0.772117,81.7879
4518350514020532,57.0543,115.7977,2.029604,60.625,0.301382,0.242252,0.216437,0.148759,0.225463,0.055937,0.4,0.652654,0.571224,0.649341,122.7537
4550599031376731,68.556,138.9146,2.026294,91.0833,0.370948,0.303371,0.253438,0.163145,0.188766,0.037831,0.28591,0.626724,0.357687,0.722328,108.8176
4555104582813474,97.9773,95.2545,0.972209,30.3333,0.29231,0.243336,0.19466,0.261407,0.251863,0.071865,0.600275,0.480964,0.328368,0.501645,23.3427
4561368699336875,51.1033,105.8305,2.070915,60.75,0.269229,0.254033,0.256987,0.177829,0.181033,0.045096,0.39369,0.674104,0.429019,0.637152,75.1661
4570636521433188,85.9037,107.4159,1.250423,60.6667,0.332687,0.273079,0.304917,0.028571,0.295081,0.043135,0.387363,0.657952,0.352611,0.633229,20.0813
4586810168620942,71.7684,71.0086,0.989414,182.25,0.382039,0.193238,0.092475,0.097722,0.380711,0.046398,0.157522,0.587562,0.315714,0.805758,330.4036
4587577161160601,56.6149,155.8802,2.753343,121.5417,0.368545,0.23749,0.233537,0.154807,0.253304,0.048941,0.224203,0.675162,0.43287,0.774589,47.8398
4599285557366057,69.8579,65.5686,0.9386,60.6667,0.400339,0.174434,0.087702,0.092674,0.369064,0.053277,0.40728,0.578071,0.427484,0.600318,131.4267
4607072969078276,54.1432,174.2932,3.219116,90.8333,0.291359,0.235157,0.243648,0.147511,0.239232,0.05113,0.291743,0.682595,0.464544,0.721046,104.8484
4610050989831291,91.946,82.2204,0.894224,91.0417,0.316397,0.25659,0.201799,0.212658,0.268169,0.0616,0.291991,0.456611,0.377597,0.728825,164.8587
4610064888664703,69.4833,66.6939,0.959856,30.3333,0.363024,0.210742,0.102411,0.097439,0.376145,0.041375,0.593407,0.573537,0.333545,0.462014,53.6281
4629451965224809,44.551,80.8354,1.814449,91.0417,0.386136,0.213674,0.165081,0.201109,0.255813,0.084919,0.292449,0.682733,0.439378,0.690981,21.9201
4633065159406313,56.7162,435.3762,7.676399,30.4167,0.535728,0.184987,0.114406,0.404314,0.160979,0.052972,0.60411,0.781523,1.44982,0.452386,-96.1301
4634955908138648,58.6313,259.9377,4.433429,121.2917,0.283612,0.228029,0.223046,0.233815,0.167841,0.040008,0.22707,0.685237,0.533338,0.777311,41.2787
4635330563105903,84.9968,106.9865,1.258712,60.8333,0.311972,0.294061,0.34016,0.032058,0.271954,0.040946,0.410959,0.637939,0.2789,0.639395,42.5493
4642255475285942,58.0728,142.7302,2.45778,182.25,0.317039,0.252337,0.235792,0.163911,0.205027,0.048987,0.156379,0.679834,0.373557,0.834435,157.1296
4651007077623147,57.9229,80.5048,1.389861,60.5833,0.354196,0.316817,0.274864,0.155537,0.206563,0.063683,0.383769,0.642543,0.280905,0.641925,35.0311
4653879239169997,48.768,117.5636,2.41067,151.375,0.421378,0.216469,0.171554,0.174484,0.266162,0.072981,0.188549,0.699423,0.437921,0.777841,149.266
4657269323674365,60.4418,79.223,1.310731,60.8333,0.328559,0.328065,0.281213,0.12356,0.184174,0.043512,0.399315,0.608524,0.280406,0.644722,77.4137
4658490815480264,61.8012,112.6888,1.823409,121.0417,0.350669,0.307403,0.253093,0.163475,0.200105,0.069213,0.223752,0.652781,0.292083,0.775511,18.673
4670613943676271,60.8394,89.7423,1.475069,60.7917,0.278993,0.323917,0.26007,0.116159,0.211025,0.040554,0.392735,0.628999,0.405876,0.648109,39.8516
4671727014157745,59.8816,79.4791,1.327271,121.2917,0.314975,0.331074,0.290863,0.15278,0.16386,0.059116,0.223978,0.638865,0.34016,0.782252,137.9802
4681601008538160,89.449,147.6104,1.650219,151.3333,0.356543,0.265612,0.308168,0.050797,0.313948,0.042863,0.184747,0.662281,0.350435,0.803084,238.2182
4682744518117239,60.7198,91.3793,1.504935,30.375,0.334749,0.334267,0.230626,0.138684,0.25394,0.052832,0.588477,0.65531,0.426427,0.487713,12.5651
4683520018489354,65.7602,223.7447,3.402434,90.7917,0.34499,0.213825,0.195972,0.112473,0.341159,0.064499,0.295089,0.70318,0.480868,0.734893,73.9222
4698163635895795,55.4045,98.2107,1.772613,30.2917,0.307216,0.269123,0.214384,0.173106,0.20289,0.046099,0.587345,0.687347,0.377676,0.477098,15.9377
4707867759656333,56.1297,80.8424,1.440277,91.1667,0.347608,0.310833,0.259172,0.164249,0.16701,0.069144,0.282907,0.650718,0.382292,0.725991,57.4957
4708992452821239,59.2373,117.282,1.979867,121.6667,0.339768,0.316827,0.245951,0.194694,0.17293,0.067046,0.222945,0.664219,0.361221,0.783101,148.1243
4710792708725663,57.8271,128.8747,2.228621,60.75,0.30449,0.227163,0.186575,0.135581,0.220392,0.063815,0.404664,0.659088,0.385637,0.635056,43.7007
4713464490314802,94.8513,88.288,0.930804,30.25,0.295244,0.308047,0.212407,0.246686,0.240377,0.055416,0.575758,0.472488,0.336759,0.478885,5.4052
4716561796955522,51.8584,104.4456,2.014055,181.4167,0.313624,0.2819,0.256283,0.169716,0.184094,0.051992,0.15526,0.656971,0.302712,0.835872,73.0528
4725673654161314,65.6668,103.1359,1.570593,30.2917,0.324386,0.377246,0.208093,0.157289,0.237244,0.069902,0.583219,0.633419,0.373105,0.465822,3.6159
4727244663135968,64.9517,132.9276,2.046561,91.125,0.338126,0.350981,0.250907,0.142238,0.22705,0.035351,0.287151,0.623473,0.384044,0.723913,60.0936
4740713119940984,66.5651,124.5523,1.871136,60.6667,0.307121,0.356886,0.258989,0.108238,0.240583,0.033201,0.398352,0.638168,0.350397,0.64726,54.9902
4764202053279782,52.2597,78.9806,1.51131,30.375,0.3192,0.242959,0.224025,0.126122,0.213499,0.09143,0.617284,0.636987,0.550549,0.452156,28.2345
4767265376804500,65.8131,199.8049,3.035942,30.375,0.282075,0.3063,0.217105,0.260257,0.226416,0.057527,0.588477,0.673425,0.565822,0.478769,38.3825
4777065439639721,95.0423,87.566,0.921337,90.875,0.300831,0.267199,0.208318,0.235992,0.261884,0.054712,0.291151,0.469963,0.310913,0.732639,64.7561
4789911625179723,83.4914,100.3127,1.201473,30.2917,0.287343,0.308796,0.333462,0.031048,0.278231,0.046213,0.580468,0.63892,0.481529,0.478955,58.5307
4800395067176717,62.3098,182.1304,2.922984,90.5833,0.285133,0.301225,0.252054,0.22835,0.159325,0.064949,0.285189,0.664162,0.462463,0.729583,82.8104
4822367783500458,58.5387,174.4097,2.97939,60.5417,0.388301,0.20542,0.193729,0.183404,0.264719,0.064446,0.402615,0.670495,0.455328,0.637971,12.1476
4824023901222438,59.1941,99.596,1.682534,30.4167,0.287538,0.302836,0.241187,0.154034,0.245465,0.069788,0.578082,0.642653,0.525418,0.472795,58.463
4826655832045236,61.1976,109.9608,1.796817,121.4167,0.339062,0.319378,0.270448,0.157586,0.200414,0.060943,0.223061,0.669244,0.37244,0.774194,89.4846
4836998673805450,92.3046,165.8298,1.79655,182.2083,0.341238,0.25248,0.308291,0.055568,0.302094,0.040955,0.156414,0.665988,0.385779,0.833022,388.0166
4839043708100390,67.379,65.7746,0.976189,60.8333,0.371325,0.218412,0.082269,0.111523,0.359722,0.046459,0.391781,0.591119,0.338228,0.611939,81.3024
4839615922685395,58.8986,99.3414,1.686651,121.5833,0.338534,0.299481,0.266195,0.154402,0.18638,0.059072,0.224812,0.656779,0.342949,0.780273,61.3086
4841313716651064,93.2714,84.6497,0.907563,121.3333,0.306437,0.281549,0.205629,0.237291,0.258567,0.059847,0.224931,0.46575,0.313071,0.779071,125.1045
4859525594182537,56.998,121.4492,2.130764,60.625,0.288811,0.236812,0.218649,0.158578,0.2141,0.053536,0.400687,0.66889,0.370579,0.653452,35.8848
4873783502705038,91.9074,146.6265,1.595373,121.1667,0.324022,0.276126,0.31866,0.04318,0.312111,0.041831,0.227992,0.666534,0.327084,0.77124,136.018
4874006077381178,49.9359,60.3547,1.208644,30.375,0.280622,0.288264,0.284795,0.190758,0.104545,0.047939,0.576132,0.597088,0.373234,0.478242,23.3698
4874017206859125,88.8192,134.3832,1.512997,91.0417,0.371775,0.259543,0.308513,0.044285,0.313526,0.042945,0.292906,0.654651,0.405557,0.721224,86.2729
4878364946692291,60.6315,77.994,1.286361,30.3333,0.341477,0.287793,0.310496,0.142008,0.169444,0.067385,0.587912,0.625924,0.493005,0.470214,60.2312
4879265611163287,93.1129,83.3299,0.894933,30.3333,0.331546,0.299594,0.227943,0.218553,0.26023,0.055162,0.572802,0.464473,0.395401,0.492716,34.5029
4904681492230012,59.5276,150.7043,2.53167,182.0417,0.299372,0.27232,0.210831,0.147457,0.254526,0.049613,0.154726,0.684824,0.362336,0.831245,168.5665
4908846471916297,93.5318,262.1893,2.803209,182.1667,0.32265,0.274792,0.288828,0.096994,0.297152,0.042163,0.155535,0.6824,0.462657,0.834222,317.4494
4914700582394237,62.6451,84.0083,1.34102,30.375,0.294419,0.31554,0.279038,0.147833,0.178074,0.039352,0.593964,0.591845,0.485976,0.455057,70.8496
4917187576956394,57.0774,90.5877,1.587103,60.5417,0.309347,0.358985,0.293681,0.161322,0.192704,0.070225,0.394357,0.646218,0.326658,0.643396,49.2175
4922710831011201,61.598,88.4265,1.435542,60.75,0.303668,0.305206,0.248021,0.145009,0.192245,0.062212,0.38546,0.649535,0.35192,0.636221,76.2422
4926376199189801,89.5828,135.0157,1.507161,91.125,0.33997,0.267755,0.299785,0.037797,0.299142,0.047327,0.291724,0.655686,0.384683,0.716454,121.3345
4933461930348832,58.3521,131.8826,2.260118,60.625,0.360239,0.231437,0.21047,0.134754,0.257959,0.082095,0.398625,0.665922,0.484354,0.6433,114.7811
4935858973307492,93.6701,84.0312,0.897098,91.0417,0.285416,0.264446,0.208544,0.220521,0.269318,0.059877,0.287872,0.461115,0.298047,0.725949,125.99
4939976756738216,82.6778,104.0872,1.258949,181.25,0.315317,0.271308,0.318399,0.029748,0.302717,0.047722,0.155172,0.647296,0.342011,0.830169,138.4504
4951647200979051,56.5968,128.3471,2.267744,121.0417,0.321397,0.242289,0.219955,0.176436,0.232892,0.038694,0.226162,0.677167,0.358408,0.778644,71.8931
4952583804639909,63.1263,93.2882,1.477804,60.7917,0.298182,0.328723,0.256199,0.127571,0.216977,0.030059,0.381083,0.606029,0.355241,0.629623,98.7572
4961003488432306,58.095,113.4377,1.952625,60.7083,0.320083,0.30149,0.243587,0.194159,0.172052,0.059585,0.385724,0.659047,0.395075,0.629166,15.8956
4969856774088583,73.8182,282.5974,3.828287,60.75,0.284856,0.28677,0.227553,0.23677,0.175466,0.037418,0.399177,0.665768,0.530722,0.634477,79.261
4972228199573984,61.4385,110.5215,1.798897,30.3333,0.302625,0.32387,0.228973,0.147456,0.149001,0.080106,0.583791,0.654466,0.593121,0.472608,18.8545
4979422371139333,70.412,543.3548,7.716794,121.375,0.427902,0.2794,0.223776,0.268505,0.163455,0.059143,0.223481,0.692736,0.89411,0.772401,163.0276
4986925034905735,65.9039,104.4286,1.584559,30.2917,0.296262,0.325212,0.239988,0.151559,0.19365,0.036768,0.580468,0.616037,0.62569,0.479186,35.0529
4996263498048679,55.2392,102.1669,1.849536,60.75,0.298521,0.252287,0.267177,0.154625,0.201719,0.04887,0.394376,0.66576,0.368962,0.650535,38.2752
4997733566924489,88.491,131.9354,1.490947,121.5417,0.321059,0.263006,0.305483,0.030352,0.33416,0.048457,0.229002,0.660097,0.373658,0.775698,119.0661
4998109455173950,89.7083,130.3447,1.452984,121.4583,0.322475,0.245256,0.307337,0.038051,0.315997,0.038769,0.225043,0.657234,0.339536,0.76932,173.2991
5104807169438134,91.1353,136.6253,1.499148,60.7917,0.299882,0.255108,0.295221,0.032865,0.333731,0.040734,0.399589,0.667147,0.341478,0.642329,102.9162
5127412150261034,53.997,92.4305,1.711771,30.3333,0.316141,0.221254,0.209675,0.150471,0.198933,0.077953,0.581044,0.644169,0.437558,0.486094,22.5224
5130484058948421,96.9858,88.8465,0.916077,60.6667,0.313437,0.265432,0.195525,0.243325,0.287292,0.049889,0.388736,0.473393,0.350232,0.645854,30.7376
5152054598359927,57.9017,156.3566,2.700378,90.875,0.33371,0.203085,0.209227,0.132306,0.28501,0.075252,0.293443,0.679207,0.356945,0.724782,129.9772
5154903938030655,86.7191,133.9027,1.544096,30.375,0.263348,0.263172,0.289097,0.02296,0.351257,0.044491,0.595336,0.644029,0.472039,0.464115,36.7757
5289285402893489,55.0528,112.7035,2.047191,30.375,0.348849,0.354821,0.243031,0.201245,0.187337,0.060812,0.592593,0.655217,0.611374,0.46699,52.558
5359543825610251,66.9185,344.7406,5.151649,121.6667,0.275964,0.199443,0.165573,0.271806,0.21879,0.060003,0.229795,0.706793,0.652317,0.782736,304.8247
5388659976630693,57.6825,82.114,1.423551,90.875,0.346873,0.332614,0.260342,0.149784,0.1903,0.069209,0.286566,0.638276,0.30257,0.720784,37.2964
5410056176712193,52.7547,96.4347,1.827982,30.3333,0.299397,0.238795,0.242778,0.134056,0.237781,0.070179,0.590659,0.643401,0.437601,0.473236,45.1696
5456712664803820,58.2913,91.6041,1.571489,60.75,0.315997,0.318128,0.256665,0.148786,0.191347,0.081392,0.393004,0.659823,0.398197,0.646152,57.1891
5456776410929288,60.156,97.8229,1.626153,121.4167,0.306531,0.305599,0.258328,0.161366,0.197752,0.062687,0.224434,0.66136,0.304205,0.776856,113.1927
5501083170975659,62.5058,107.6634,1.722453,90.9167,0.353496,0.311017,0.273488,0.13511,0.16809,0.028882,0.288726,0.618685,0.340575,0.723497,58.3668
5540636818935089,68.1308,455.0714,6.679375,151.6667,0.293967,0.232762,0.178493,0.24895,0.202183,0.058988,0.185989,0.706197,0.716144,0.81018,83.2972
5559857416065248,64.9458,257.9603,3.971935,91.0417,0.312954,0.288101,0.231241,0.240336,0.169496,0.067617,0.286499,0.669288,0.654766,0.726468,68.9958
5580563567307107,94.3709,87.8337,0.930728,60.7083,0.313527,0.25826,0.198524,0.24089,0.275159,0.056227,0.40151,0.472412,0.368916,0.647125,146.5798
5596347693144598,65.1874,160.2103,2.457687,90.9583,0.302624,0.318483,0.24746,0.18546,0.193331,0.033873,0.287678,0.628288,0.46953,0.722058,89.9054
6011104316292105,54.1137,114.4447,2.114892,151.4583,0.294575,0.263272,0.248315,0.159079,0.211844,0.056746,0.18652,0.670327,0.287869,0.808289,53.8197
6011109736646996,87.4187,129.9354,1.486358,181.9583,0.342102,0.2798,0.305158,0.037699,0.327823,0.043721,0.1564,0.660987,0.311973,0.830333,87.8979
6011148190095209,89.8231,127.4785,1.419217,90.875,0.316663,0.253649,0.298334,0.032682,0.328722,0.05067,0.290234,0.659495,0.324373,0.718044,109.1321
6011149206456997,92.069,81.6726,0.887081,30.4167,0.299382,0.261672,0.202195,0.212709,0.269042,0.059184,0.586301,0.458804,0.289281,0.490852,17.6461
6011197122270059,55.6761,90.6593,1.628333,30.2083,0.347949,0.232093,0.212458,0.13179,0.201703,0.068205,0.606897,0.643612,0.534102,0.482403,29.7475
6011231546538393,62.9565,227.3779,3.611666,60.75,0.289182,0.248776,0.182852,0.175424,0.322507,0.071431,0.403978,0.71222,0.613485,0.645903,122.3405
6011252220172077,72.6154,74.4571,1.025362,60.8333,0.383876,0.226719,0.095705,0.097451,0.378729,0.043937,0.402055,0.591027,0.341466,0.620404,114.4287
6011305591981276,63.0344,118.3242,1.877137,60.7083,0.406853,0.345059,0.297749,0.16005,0.181564,0.021848,0.399451,0.602252,0.428716,0.627206,52.3354
6011329966782895,83.5865,113.3442,1.35601,91.125,0.344958,0.242866,0.322732,0.032021,0.324211,0.052307,0.293096,0.651181,0.356346,0.717181,92.8798
6011348830550197,58.0132,134.1214,2.311914,151.7917,0.342266,0.231536,0.212215,0.148985,0.241157,0.072083,0.186659,0.655982,0.362709,0.807463,98.9257
6011360759745864,63.125,93.7894,1.485771,60.7083,0.287485,0.29971,0.229945,0.128746,0.230664,0.037333,0.399451,0.616906,0.312784,0.644298,33.2662
6011366578560244,49.2308,130.433,2.649418,121.5833,0.425017,0.203458,0.154632,0.172768,0.261065,0.05653,0.233036,0.703845,0.394326,0.744923,81.2702
6011367958204270,92.7841,191.7686,2.066826,182.5,0.316721,0.261046,0.290637,0.072161,0.327781,0.044463,0.155936,0.671405,0.345337,0.832487,79.1024
6011381817520024,53.5634,112.9451,2.108625,60.5,0.301834,0.249917,0.262556,0.171686,0.176805,0.062335,0.387741,0.650506,0.471131,0.636289,106.3467
6011382886333463,65.4537,135.3849,2.068408,60.6667,0.296892,0.267917,0.257002,0.181899,0.19947,0.064786,0.385989,0.66553,0.412864,0.630576,64.6569
6011388901471808,61.1834,203.7076,3.329458,121.4583,0.363155,0.28344,0.258814,0.221498,0.163734,0.060877,0.218525,0.667351,0.447031,0.778142,6.7429
6011393492413821,68.1161,150.798,2.213839,30.3333,0.432444,0.393021,0.247696,0.109196,0.241676,0.022556,0.611264,0.631648,0.525056,0.465626,-0.0959
6011399591920186,53.4923,100.5388,1.879501,121.4167,0.337893,0.288312,0.23038,0.188875,0.159344,0.042593,0.225463,0.656861,0.370079,0.782031,115.0925
6011438889172900,90.3948,129.5639,1.433312,182.125,0.332058,0.276877,0.318716,0.033656,0.334455,0.037214,0.156715,0.658726,0.347405,0.831624,252.9566
6011477612335392,65.0242,143.8825,2.212753,30.4167,0.319819,0.314037,0.251385,0.124422,0.269957,0.065004,0.593151,0.685444,0.724274,0.468311,-6.5083
6011492816282597,56.4504,128.7469,2.28071,90.7083,0.277938,0.255081,0.192618,0.157599,0.232991,0.082644,0.303629,0.660535,0.454924,0.718958,99.1997
6011504998544485,54.1987,111.1602,2.050974,182.2083,0.322798,0.264076,0.24117,0.154316,0.209314,0.044889,0.157329,0.66302,0.326996,0.835671,191.7055
6011542681743618,54.0538,103.3118,1.911278,121.125,0.32419,0.259176,0.225162,0.152111,0.208239,0.041854,0.22635,0.664198,0.36549,0.769864,68.121
6011552879910390,97.3337,91.9807,0.945003,60.75,0.296429,0.269691,0.179947,0.266241,0.276772,0.050389,0.391632,0.483886,0.33871,0.657098,123.4639
6011581063717667,64.4041,119.5696,1.856553,30.3333,0.327394,0.362733,0.238656,0.174592,0.236873,0.056722,0.586538,0.666072,0.510633,0.490821,19.3805
6011603272871604,65.7425,115.2382,1.752872,60.7917,0.321107,0.295667,0.257789,0.134,0.182776,0.03215,0.394791,0.627038,0.410667,0.63186,102.7174
6011626928491360,61.0707,93.2643,1.527154,60.5833,0.335331,0.29612,0.277731,0.128164,0.177315,0.025003,0.3989,0.602937,0.403438,0.643095,40.5554
6011652924285713,55.2346,158.6033,2.871447,182.125,0.296872,0.23562,0.229638,0.196819,0.204718,0.067357,0.154884,0.67253,0.468765,0.835803,169.3502
6011679934075347,58.5163,322.9064,5.518227,91.0417,0.265564,0.223048,0.208521,0.255391,0.163078,0.055068,0.29016,0.699248,0.793485,0.720282,140.7194
6011681934117244,62.4532,89.1564,1.427571,60.6667,0.343211,0.319498,0.272072,0.130733,0.205434,0.060073,0.393544,0.649053,0.411653,0.640063,56.9955
6011693194885790,50.0551,194.9378,3.894461,151.9167,0.389834,0.224905,0.162834,0.212977,0.263229,0.059295,0.187877,0.727168,0.415165,0.7797,114.1913
6011706277606006,64.9361,111.7228,1.720505,30.2917,0.344158,0.343188,0.279025,0.103878,0.202053,0.025774,0.587345,0.62879,0.476322,0.465074,32.8554
6011724471098086,88.3707,118.9851,1.346432,151.8333,0.320642,0.288034,0.328185,0.032002,0.302288,0.040738,0.185236,0.650958,0.333983,0.805722,236.0027
6011860238257910,60.8279,111.1612,1.82747,121.4167,0.32256,0.336982,0.257935,0.145856,0.199696,0.053654,0.223404,0.661138,0.363522,0.774157,63.136
6011893664860915,89.3814,172.3585,1.928349,182.2083,0.32194,0.27762,0.317563,0.052206,0.300058,0.042913,0.155271,0.6663,0.279606,0.829286,111.3888
6011917798331152,63.95,106.6439,1.667616,60.7917,0.315869,0.313046,0.284014,0.193666,0.180969,0.057542,0.390679,0.649699,0.362406,0.637774,85.2057
6011934240159560,92.9958,85.1136,0.915241,60.7083,0.334985,0.245413,0.187955,0.230787,0.268585,0.068164,0.396019,0.46762,0.264192,0.652431,64.3037
6011948324228984,56.7192,77.6852,1.369647,30.4167,0.34662,0.355682,0.274518,0.160262,0.193306,0.059709,0.587671,0.642826,0.423582,0.466062,-1.2377
6011975266774121,64.498,84.7362,1.313779,30.4167,0.340485,0.329301,0.265013,0.136736,0.181738,0.037279,0.567123,0.604776,0.352605,0.476137,37.5578
6011999606625827,64.889,103.5271,1.595449,91.125,0.315501,0.348414,0.281149,0.101251,0.198441,0.030538,0.292638,0.617296,0.299663,0.722181,45.9023
6501313409525696,88.6294,122.3373,1.380324,30.25,0.280128,0.275257,0.307206,0.027246,0.338924,0.042141,0.596419,0.689025,0.44324,0.477958,-21.6778
6502195877055606,96.1982,89.9644,0.935198,30.3333,0.272752,0.249283,0.2067,0.239568,0.244011,0.054519,0.59478,0.467226,0.437785,0.486121,41.4283
6506116513503136,90.3134,119.5807,1.324064,121.4167,0.357709,0.268626,0.316794,0.029722,0.343044,0.042465,0.224091,0.658981,0.314884,0.773645,113.9899
6506982560413523,86.6582,131.4667,1.517073,60.7917,0.394131,0.265593,0.304215,0.060321,0.294309,0.044057,0.394106,0.66505,0.32339,0.628651,65.5333
6511349151405438,59.9793,98.8496,1.648061,90.9167,0.332829,0.28638,0.251084,0.176437,0.180946,0.069179,0.286434,0.653949,0.345657,0.729583,49.3025
6515067575568369,54.1549,104.0254,1.920888,30.2083,0.331901,0.250891,0.196694,0.129944,0.200187,0.085132,0.6,0.660251,0.399422,0.470688,33.1064
6517217825320610,60.4234,117.2303,1.940147,121.3333,0.328183,0.309556,0.257916,0.172064,0.211315,0.06581,0.21875,0.664682,0.350483,0.7758,69.9036
6523180720198790,57.8721,68.5916,1.185228,30.2917,0.346503,0.314296,0.270839,0.11723,0.126603,0.040227,0.595598,0.606318,0.38245,0.469312,20.348
6524376634971418,65.1252,94.2465,1.447158,60.75,0.334839,0.342639,0.2743,0.133643,0.148738,0.021136,0.389575,0.595609,0.326992,0.642079,93.856
6526448584969862,68.9258,134.0151,1.944339,30.375,0.345258,0.291628,0.203264,0.105798,0.232967,0.04109,0.585734,0.63231,0.540241,0.467528,29.7114
6526777409109795,66.0727,115.0693,1.741555,30.375,0.386567,0.297868,0.279349,0.109446,0.233819,0.046267,0.58299,0.646412,0.496918,0.476839,4.7089
6526955903501879,62.5336,90.557,1.448133,30.4167,0.348458,0.286059,0.269328,0.155127,0.179,0.029535,0.575342,0.616893,0.358812,0.4973,3.2538
6528911529051375,63.8539,198.6379,3.110822,60.75,0.36406,0.339507,0.246059,0.228945,0.146001,0.059703,0.39369,0.669755,0.541859,0.642818,47.4212
6534628260579800,50.1899,143.9504,2.868115,182.0,0.408272,0.21642,0.143233,0.185748,0.295902,0.062316,0.158196,0.71512,0.341771,0.813825,53.4031
6535328428560433,76.9777,359.2188,4.666531,30.2917,0.29536,0.45885,0.217325,0.243301,0.156817,0.020102,0.569464,0.68709,0.932752,0.472882,118.6342
6538441737335434,74.3526,278.4304,3.744729,182.25,0.412477,0.205975,0.092582,0.157658,0.354194,0.041722,0.156379,0.608457,0.440994,0.811822,225.5193
6538891242532018,85.9437,114.8104,1.335879,182.0833,0.324045,0.268714,0.313205,0.032868,0.336575,0.042988,0.155835,0.659719,0.304113,0.827659,173.2697
6539653032686894,59.8649,106.4276,1.777796,30.375,0.301457,0.299553,0.296349,0.147096,0.146572,0.052679,0.592593,0.630656,0.493461,0.472822,14.0828
6540981358631302,62.9405,86.2142,1.369774,60.5417,0.343039,0.353403,0.261124,0.141165,0.183623,0.028882,0.393668,0.611857,0.382827,0.634667,49.1681
6544734391390261,57.4041,126.4243,2.202355,90.9583,0.323264,0.240031,0.203303,0.126728,0.257209,0.069958,0.297755,0.667051,0.39048,0.722731,126.2415
6547670341037171,60.4793,132.2606,2.186873,91.0833,0.323447,0.292982,0.253923,0.203373,0.186267,0.059228,0.290485,0.670333,0.406022,0.714273,18.384
6550399784335736,59.8325,158.8948,2.655661,60.7083,0.379763,0.198445,0.182631,0.145351,0.272627,0.079828,0.400824,0.688636,0.532121,0.648452,43.124
6554245334757802,75.0667,271.1428,3.612025,91.0,0.37591,0.413203,0.214425,0.190023,0.218085,0.026118,0.287088,0.671637,0.513947,0.713307,100.8846
6564459919350820,54.1038,67.7649,1.252497,30.4167,0.281548,0.352834,0.252508,0.182029,0.190443,0.085531,0.6,0.648538,0.525934,0.4732,29.1843
6569097840281287,64.1262,88.8237,1.38514,30.2917,0.329259,0.363679,0.271747,0.152398,0.152862,0.025534,0.580468,0.588658,0.392688,0.489971,54.1681
6573561108825071,62.8671,137.2054,2.182467,91.0833,0.343084,0.281356,0.277904,0.143319,0.1631,0.032486,0.285453,0.630362,0.35309,0.720039,82.304
6592074504369261,93.549,115.6223,1.235955,30.2917,0.357295,0.275515,0.317097,0.023218,0.344633,0.043483,0.606602,0.643041,0.355209,0.480208,76.6071
6592243974328236,63.6414,162.6476,2.555689,60.6667,0.271808,0.224063,0.186878,0.138202,0.270228,0.05722,0.408654,0.697606,0.413474,0.62839,85.0356
6592861994408652,54.6191,111.0086,2.032414,90.875,0.304765,0.283634,0.247347,0.157519,0.187071,0.047525,0.289317,0.678346,0.375208,0.720963,82.147
6593250708747804,82.9911,104.8239,1.263075,91.0833,0.313794,0.277492,0.321348,0.030927,0.301757,0.045274,0.286825,0.653735,0.361597,0.722504,93.4602
6593939509150446,83.273,96.0783,1.153774,30.3333,0.334813,0.273317,0.326706,0.027783,0.272132,0.064249,0.587912,0.635214,0.415769,0.469594,13.6042
6595970453799027,61.2563,115.2505,1.881447,91.125,0.348634,0.343803,0.257479,0.180727,0.198951,0.071639,0.287151,0.649857,0.407856,0.730551,78.4977
6596735789587928,66.1333,105.3418,1.592871,60.5,0.365911,0.317283,0.275619,0.12425,0.15597,0.021209,0.386364,0.616423,0.345147,0.63685,29.3573
6597248210463122,57.5324,80.8942,1.406065,30.3333,0.298205,0.316485,0.263862,0.14182,0.210736,0.081778,0.570055,0.648075,0.372128,0.473407,38.5318
6597888193422452,61.1058,138.8545,2.272363,121.375,0.341885,0.319588,0.224628,0.18645,0.204536,0.071007,0.220048,0.671817,0.268802,0.778428,81.584
4018105808392773675,61.4237,217.4038,3.539411,60.7083,0.307077,0.277027,0.230606,0.227298,0.165968,0.068884,0.383665,0.658222,0.545171,0.635347,68.4292
4040099974063068803,96.6814,90.98,0.941029,90.9167,0.321878,0.249123,0.207178,0.252357,0.249314,0.056311,0.290559,0.475625,0.37909,0.730848,88.0451
4044436772018844508,83.9276,121.1215,1.443167,30.375,0.323946,0.254083,0.306341,0.042838,0.338567,0.067923,0.615912,0.645277,0.497157,0.479033,70.2858
4045036286570100739,67.6749,139.0542,2.054738,60.5833,0.391521,0.320837,0.270865,0.155315,0.197431,0.02811,0.394773,0.627814,0.340933,0.630874,26.1547
4063094974360571498,55.6577,85.0381,1.527877,60.625,0.354042,0.28277,0.250232,0.193438,0.180172,0.062562,0.393814,0.655954,0.419482,0.627648,42.9422
4089096483689733451,87.7433,117.4555,1.338627,91.0833,0.35712,0.267689,0.315882,0.031574,0.299385,0.045973,0.294145,0.653414,0.275834,0.732495,102.3406
4092452671396169678,58.8498,86.6884,1.473045,121.4167,0.348133,0.302278,0.258859,0.153694,0.192474,0.072506,0.22615,0.647823,0.351877,0.779872,91.5439
4102003771126577611,59.8862,199.6764,3.334267,90.9167,0.308727,0.217295,0.197427,0.202468,0.187116,0.0692,0.294225,0.679022,0.464066,0.723376,7.2652
4110266553600176127,49.9037,97.3347,1.950451,30.3333,0.259268,0.316731,0.26799,0.141476,0.126067,0.064243,0.586538,0.657418,0.591021,0.48324,30.2539
4128730454058057622,59.9616,109.7069,1.829618,121.6667,0.296149,0.337245,0.22613,0.144674,0.206744,0.067376,0.219863,0.662778,0.360192,0.778586,73.0394
4181833256558613886,57.6419,136.745,2.372321,151.7917,0.322575,0.262451,0.215634,0.152085,0.218642,0.049856,0.184738,0.678578,0.365308,0.807065,157.8811
4208110975550360171,90.0262,77.5505,0.861421,60.7083,0.340324,0.255574,0.211023,0.204997,0.268421,0.056646,0.39396,0.450081,0.311033,0.638081,52.9396
4209696857872688515,57.6365,149.4395,2.592793,30.4167,0.220598,0.22282,0.220216,0.164888,0.238296,0.039586,0.587671,0.683133,0.583838,0.485595,27.3821
4210078554961359092,60.3493,99.1022,1.642143,91.0417,0.316584,0.31491,0.249668,0.172126,0.203432,0.059852,0.286041,0.654581,0.394453,0.718136,100.1439
4220495028289516646,63.0622,98.0392,1.554644,60.7083,0.288695,0.297892,0.250587,0.140446,0.171716,0.032501,0.398765,0.633996,0.457824,0.627477,56.6253
4223708906367574214,95.5125,86.6885,0.907614,121.5,0.30351,0.26781,0.20459,0.238817,0.27922,0.055577,0.22668,0.468556,0.292576,0.78105,129.4688
4225990116481262579,61.948,97.4324,1.57281,60.5833,0.338877,0.348164,0.266611,0.142443,0.184471,0.027162,0.397524,0.618263,0.44534,0.633361,40.0547
4226219726886852999,88.0855,146.192,1.65966,30.2917,0.340482,0.272959,0.357631,0.032318,0.319855,0.043142,0.591472,0.654115,0.616476,0.47937,93.1418
4244953610136705533,93.5348,84.6337,0.904837,30.2917,0.320403,0.283879,0.215949,0.226035,0.262683,0.062927,0.598349,0.463805,0.340051,0.486136,60.3391
4255397449664185994,65.701,174.6487,2.658237,60.5,0.285192,0.380215,0.271185,0.156168,0.174296,0.037628,0.396694,0.63462,0.501053,0.637647,20.605
4292743669224718067,56.259,144.8682,2.575021,90.875,0.361264,0.197767,0.199339,0.15567,0.228804,0.075994,0.293902,0.66458,0.492951,0.717091,68.4788
4292902571056973207,67.8967,64.2354,0.946076,91.1667,0.427786,0.194631,0.085987,0.113024,0.36912,0.039355,0.295704,0.579097,0.293364,0.696587,112.1837
4301028321766222513,95.1675,89.821,0.943821,121.5417,0.30058,0.269339,0.191528,0.249638,0.261848,0.059746,0.227288,0.476079,0.309624,0.782174,104.4104
4311368326621416041,60.2359,85.9004,1.426067,60.5833,0.300634,0.2857,0.266187,0.147254,0.21991,0.07011,0.391334,0.652587,0.478279,0.63893,64.3746
4312133045694601139,62.7362,157.1862,2.505509,60.75,0.296802,0.221015,0.20125,0.154737,0.290197,0.067864,0.412209,0.67087,0.606441,0.646729,1.0883
4319584480204988982,59.9942,92.3506,1.539326,121.2917,0.317169,0.322909,0.256689,0.167298,0.20252,0.058528,0.22226,0.65812,0.415597,0.778277,68.2274
4355790796238264643,62.1663,109.7108,1.764795,91.125,0.358486,0.336101,0.238036,0.180901,0.200834,0.067588,0.286237,0.663115,0.325519,0.721408,60.7264
4358137750029944984,56.1371,135.7541,2.41826,60.75,0.277434,0.268302,0.240358,0.157647,0.214027,0.047933,0.387517,0.657533,0.401685,0.644547,1.3254
4373370572092720777,45.8852,50.2978,1.096166,30.3333,0.34373,0.284381,0.295669,0.182047,0.132679,0.046077,0.603022,0.616867,0.413085,0.477993,31.4547
4379260813815979609,59.0421,134.4225,2.276721,91.0,0.271477,0.223421,0.210026,0.127438,0.260247,0.077938,0.294414,0.653212,0.398107,0.729217,47.6182
4390966588600992777,66.8253,113.4773,1.69812,60.75,0.357672,0.31585,0.288508,0.145153,0.219665,0.041088,0.40192,0.620446,0.369636,0.649359,91.2559
4400011257587661852,58.7841,152.5048,2.594321,121.4167,0.344917,0.248707,0.223552,0.159064,0.251469,0.049786,0.226836,0.688689,0.354258,0.770549,102.902
4410582919485061752,64.6512,106.1485,1.641864,60.8333,0.313984,0.328333,0.261484,0.106574,0.200448,0.028403,0.39589,0.617705,0.33862,0.64389,41.924
4426075337087318654,52.6747,77.7437,1.475922,30.25,0.281057,0.25804,0.235631,0.10634,0.147144,0.090785,0.61157,0.653353,0.421932,0.464426,27.8082
4428780983793657331,68.9042,126.3554,1.833785,60.6667,0.290551,0.320398,0.251742,0.142914,0.249052,0.02915,0.397665,0.63475,0.373845,0.642214,114.3805
4457732997086323466,92.2196,79.3025,0.859931,121.4167,0.326148,0.268408,0.20284,0.206785,0.284838,0.057687,0.225806,0.452606,0.319073,0.778636,140.6634
4462038234743679432,60.593,86.1707,1.422124,30.3333,0.296959,0.322432,0.25768,0.161023,0.184868,0.056477,0.568681,0.6296,0.488035,0.478513,54.3239
4467456915153312231,61.896,88.9155,1.43653,60.625,0.331143,0.328663,0.258872,0.123225,0.206829,0.035291,0.394502,0.615496,0.380607,0.635478,87.8659
4469777115158234880,53.7918,115.0573,2.138935,121.25,0.278221,0.238697,0.207015,0.1527,0.233062,0.076172,0.229897,0.650496,0.406392,0.777324,122.1674
4477156602511939689,87.25,123.6832,1.417573,60.5833,0.352167,0.244635,0.304218,0.041349,0.307239,0.050462,0.396149,0.669753,0.375674,0.631422,73.4044
4488258847705225890,64.3749,135.8039,2.10958,91.125,0.341098,0.318115,0.265643,0.138812,0.204078,0.033156,0.289895,0.633475,0.319391,0.724565,73.5231
4497451418073897078,83.223,104.9293,1.260821,60.7083,0.336738,0.29493,0.329085,0.030766,0.306382,0.042242,0.397392,0.643206,0.348888,0.637241,66.3863
4497913965512794052,79.291,523.3463,6.600322,60.5833,0.252099,0.285658,0.195667,0.312047,0.150136,0.031324,0.39271,0.683599,0.826484,0.637191,240.656
4502539526809429801,69.7467,320.6445,4.59727,91.2083,0.373183,0.268325,0.235743,0.194456,0.209605,0.025204,0.284148,0.67816,0.563247,0.724983,58.4373
4503101193493052864,89.9363,251.7617,2.799332,91.1667,0.405625,0.256692,0.303011,0.074176,0.305094,0.048696,0.294333,0.677717,0.48975,0.712495,2.1131
4512828414983801773,55.5792,118.5976,2.133849,182.125,0.336696,0.272418,0.232824,0.163072,0.196438,0.050256,0.156028,0.658248,0.344623,0.832159,146.5527
4536996888716062123,55.0513,106.2647,1.930283,151.7083,0.314611,0.248851,0.212312,0.141708,0.22692,0.065126,0.187586,0.658421,0.363656,0.808085,152.1289
4560004149983868183,92.7081,143.0744,1.543278,91.0417,0.326713,0.269723,0.298965,0.040561,0.347535,0.03828,0.295195,0.670217,0.384468,0.718707,129.4082
4560395181594436016,87.6215,134.4746,1.534722,121.3333,0.29021,0.244459,0.310887,0.054371,0.323499,0.042948,0.227679,0.666337,0.28819,0.771018,223.1264
4584931703207308232,87.1296,224.0688,2.571672,91.25,0.324488,0.273081,0.301067,0.076249,0.298748,0.039534,0.29589,0.672931,0.549779,0.724737,46.2377
4587657402165341815,73.3039,179.2615,2.445457,182.0,0.365252,0.196459,0.086637,0.132119,0.363887,0.05437,0.157051,0.592173,0.442757,0.812095,441.3393
4599735407877245080,63.2113,93.8159,1.484165,60.75,0.336578,0.303768,0.275665,0.140177,0.166868,0.03249,0.393004,0.615421,0.325681,0.633667,81.2294
4646845581490336108,91.2405,140.9554,1.544878,151.9167,0.335759,0.270106,0.319333,0.040521,0.308516,0.049856,0.183214,0.660515,0.33009,0.809126,116.2189
4653178848915023204,49.462,72.5854,1.467499,60.5417,0.287944,0.256049,0.218509,0.124188,0.193743,0.077418,0.419133,0.627089,0.441607,0.626542,31.3962
4661996144291811856,60.4481,213.9177,3.538868,60.5417,0.29225,0.29237,0.215977,0.222992,0.16375,0.073422,0.399174,0.689034,0.649082,0.634652,148.5135
4666314527820883145,91.0549,79.3983,0.871983,30.375,0.32059,0.280958,0.234723,0.193229,0.264794,0.058665,0.588477,0.452478,0.49795,0.462624,39.6177
4689147265057948423,61.2097,144.9167,2.367544,90.875,0.297242,0.290033,0.277308,0.177081,0.15484,0.068444,0.285649,0.650735,0.43349,0.732811,73.3171
4710826438164847414,60.7535,121.9432,2.00718,91.0833,0.336883,0.297492,0.259637,0.158721,0.202191,0.072244,0.283623,0.662783,0.386587,0.727806,50.0848
4715741951931168360,61.3288,126.0945,2.05604,90.375,0.32227,0.293414,0.244855,0.15925,0.189139,0.055953,0.283541,0.67682,0.327824,0.726209,-6.7574
4725837176265195730,113.9295,801.6779,7.036615,30.2917,0.272021,0.190077,0.238075,0.280343,0.237241,0.034782,0.588721,0.744584,1.565899,0.461729,266.2746
4736845434667908128,60.2899,146.0472,2.422415,121.4167,0.301095,0.319764,0.240365,0.19056,0.178702,0.064284,0.223061,0.661809,0.49057,0.779265,136.0617
4742883543039288059,53.0883,106.1268,1.999063,90.7917,0.306355,0.258449,0.249705,0.161392,0.189974,0.055641,0.291877,0.658807,0.3564,0.730499,111.8947
4756039869079882102,58.2755,64.483,1.106521,30.3333,0.306494,0.363269,0.269684,0.128098,0.157945,0.041646,0.597527,0.588704,0.429039,0.48442,29.5364
4761403817546679245,52.8645,87.8975,1.662696,91.125,0.322571,0.261205,0.254425,0.183907,0.168525,0.048093,0.287151,0.652145,0.335929,0.72773,47.7319
4769426683924058915,60.1845,84.6532,1.40656,121.4583,0.34254,0.30068,0.274766,0.152035,0.199224,0.070346,0.222642,0.645702,0.393613,0.774135,130.0925
4792627764422477317,83.8562,106.5658,1.270816,181.3333,0.314232,0.276722,0.324214,0.030186,0.296699,0.033946,0.157399,0.654965,0.25555,0.837089,181.7227
4797297220948468262,55.4381,247.5212,4.464821,151.625,0.286845,0.234786,0.213243,0.223441,0.210088,0.055174,0.185765,0.690625,0.45723,0.807739,274.2954
4798937978667559470,63.8247,188.111,2.947309,30.2917,0.391658,0.214431,0.168985,0.120574,0.262608,0.074624,0.590096,0.680748,0.607472,0.485841,22.2172
4810789809665942990,58.6836,140.7885,2.399113,91.125,0.307139,0.233412,0.204397,0.143547,0.254264,0.052438,0.288523,0.689136,0.452853,0.716569,164.1594
4810839835482794272,64.2095,232.752,3.624884,121.6667,0.302509,0.241441,0.208556,0.191689,0.24772,0.044592,0.22637,0.715869,0.410158,0.773979,50.7978
4855488158131690372,91.9497,80.8176,0.878932,121.375,0.302734,0.266095,0.218786,0.214149,0.261228,0.058691,0.226227,0.454008,0.286212,0.779177,136.7916
4855853415727304322,62.6921,92.3164,1.472536,30.125,0.294346,0.366368,0.289938,0.135575,0.195734,0.023852,0.600277,0.613823,0.480353,0.464303,52.7862
4861310130652566408,85.3133,129.6997,1.520276,151.4167,0.350623,0.259677,0.307878,0.039594,0.309421,0.045082,0.186571,0.654701,0.319195,0.802748,139.6792
4890424426862856940,59.9288,159.5306,2.662002,90.875,0.329391,0.314835,0.2022,0.171739,0.239153,0.058726,0.293902,0.66068,0.371363,0.712567,129.5498
4897067971111209737,61.2853,156.3212,2.550714,60.7917,0.306548,0.211534,0.184229,0.116221,0.296951,0.048041,0.405757,0.709146,0.487297,0.631007,67.1074
4906628655840914250,52.4839,150.0593,2.859151,151.8333,0.320988,0.251824,0.214197,0.133058,0.258449,0.062474,0.18798,0.662373,0.309629,0.810532,66.395
4956828990005111019,58.2126,127.0169,2.181948,151.9583,0.315391,0.24165,0.199612,0.162965,0.214711,0.075168,0.187551,0.659589,0.373233,0.811756,43.8017
4958589671582726883,64.8395,130.5361,2.013219,91.0,0.33413,0.295141,0.247594,0.15602,0.173265,0.03548,0.282967,0.616123,0.37324,0.73088,128.403
4973530368125489546,72.6229,255.0129,3.511465,60.7083,0.314957,0.28132,0.234323,0.212311,0.186984,0.03128,0.396019,0.643067,0.709602,0.631971,57.1463
4980323467523543940,61.7549,88.97,1.440696,30.25,0.349622,0.311063,0.267532,0.156756,0.202325,0.070508,0.601928,0.649571,0.585177,0.464604,15.8108
4989847570577635369,91.059,124.8225,1.370787,60.6667,0.342687,0.27151,0.324712,0.031256,0.334384,0.043662,0.395604,0.658659,0.423223,0.635186,150.2886
4992346398065154184,64.4242,134.8686,2.093447,121.4167,0.312861,0.29813,0.235686,0.179279,0.206259,0.060829,0.222032,0.66131,0.364174,0.773839,80.2829
