user_id,date,description,amount,category,mood,persona
1,2024-08-01,Day fact modern.,704.95,Education,Neutral,IMPULSIVE_SPENDER
1,2024-08-01,Table trade various risk art.,3156.41,Education,Excited,IMPULSIVE_SPENDER
1,2024-08-02,Among black picture that treat.,1252.26,Education,Happy,IMPULSIVE_SPENDER
1,2024-08-02,Within woman.,29627.01,Food,Stressed,IMPULSIVE_SPENDER
1,2024-08-02,Pattern ahead compare form full.,406.2,Other,Stressed,IMPULSIVE_SPENDER
1,2024-08-03,Maintain assume both long.,2347.1,Other,Sad,IMPULSIVE_SPENDER
1,2024-08-04,Section child.,424.9,Other,Neutral,IMPULSIVE_SPENDER
1,2024-08-05,Southern evening ask republican.,23148.1,Other,Neutral,IMPULSIVE_SPENDER
1,2024-08-06,Stop later reveal both.,1000.0,Leisure,Stressed,IMPULSIVE_SPENDER
1,2024-08-07,Pretty skin main program.,5048.35,Education,Stressed,IMPULSIVE_SPENDER
1,2024-08-08,Son rock two.,1247.01,Other,Happy,IMPULSIVE_SPENDER
1,2024-08-09,Edge building court.,228.09,Travel,Excited,IMPULSIVE_SPENDER
1,2024-08-10,Recent couple cost girl run.,2211.52,Leisure,Sad,IMPULSIVE_SPENDER
1,2024-08-11,Less into per big.,1990.84,Food,Stressed,IMPULSIVE_SPENDER
1,2024-08-11,Statement position either.,1527.57,Travel,Stressed,IMPULSIVE_SPENDER
1,2024-08-12,Indicate herself.,1669.4,Leisure,Happy,IMPULSIVE_SPENDER
1,2024-08-12,Half president structure might.,6353.08,Leisure,Stressed,IMPULSIVE_SPENDER
1,2024-08-12,Drive nation heart nearly season.,270.47,Travel,Neutral,IMPULSIVE_SPENDER
1,2024-08-13,Ever day.,2126.71,Leisure,Happy,IMPULSIVE_SPENDER
1,2024-08-14,Society dark product make.,24.57,Leisure,Happy,IMPULSIVE_SPENDER
1,2024-08-14,Within prove full.,1589.7,Education,Neutral,IMPULSIVE_SPENDER
1,2024-08-15,Rate society floor long same.,6466.34,Leisure,Stressed,IMPULSIVE_SPENDER
1,2024-08-15,You ready way rule.,3273.56,Food,Happy,IMPULSIVE_SPENDER
1,2024-08-18,Sign wall.,719.78,Leisure,Stressed,IMPULSIVE_SPENDER
1,2024-08-18,Country remember smile.,4341.58,Leisure,Stressed,IMPULSIVE_SPENDER
1,2024-08-18,Together knowledge.,2632.36,Leisure,Stressed,IMPULSIVE_SPENDER
1,2024-08-18,Able teach certain candidate economy.,86.87,Education,Stressed,IMPULSIVE_SPENDER
1,2024-08-19,Begin treat stage this.,4360.06,Other,Stressed,IMPULSIVE_SPENDER
1,2024-08-19,Together knowledge.,1992.46,Leisure,Excited,IMPULSIVE_SPENDER
1,2024-08-20,Eye something.,1690.16,Food,Stressed,IMPULSIVE_SPENDER
1,2024-08-21,Statement available win politics.,2874.91,Leisure,Neutral,IMPULSIVE_SPENDER
1,2024-08-21,Quality throughout.,2895.97,Other,Excited,IMPULSIVE_SPENDER
1,2024-08-24,Market specific property coach.,771.42,Leisure,Happy,IMPULSIVE_SPENDER
1,2024-08-24,Surface expect several evening town.,468.99,Leisure,Excited,IMPULSIVE_SPENDER
1,2024-08-24,Focus chance.,159.73,Food,Neutral,IMPULSIVE_SPENDER
1,2024-08-25,Draw police.,1327.63,Leisure,Stressed,IMPULSIVE_SPENDER
1,2024-08-26,Player really act friend.,12244.26,Travel,Neutral,IMPULSIVE_SPENDER
1,2024-08-27,Training occur could painting.,870.86,Travel,Sad,IMPULSIVE_SPENDER
1,2024-08-28,Medical nearly.,1193.33,Leisure,Stressed,IMPULSIVE_SPENDER
1,2024-08-28,Find job where.,299.78,Education,Excited,IMPULSIVE_SPENDER
1,2024-08-28,On professional analysis color.,3726.6,Other,Happy,IMPULSIVE_SPENDER
1,2024-08-28,A value lot.,2354.65,Leisure,Stressed,IMPULSIVE_SPENDER
1,2024-08-29,Do interesting material.,4596.7,Travel,Neutral,IMPULSIVE_SPENDER
1,2024-08-29,Bed recognize store.,350.07,Education,Stressed,IMPULSIVE_SPENDER
1,2024-08-29,Begin deep police wife.,2500.52,Travel,Stressed,IMPULSIVE_SPENDER
1,2024-08-30,Carry fly water cut fire.,84.13,Education,Neutral,IMPULSIVE_SPENDER
1,2024-09-01,Which raise american truth.,6691.02,Leisure,Stressed,IMPULSIVE_SPENDER
1,2024-09-01,Control piece behavior message wind.,961.35,Other,Sad,IMPULSIVE_SPENDER
1,2024-09-02,Different international sell several.,4873.9,Leisure,Neutral,IMPULSIVE_SPENDER
1,2024-09-03,Theory tend.,3401.31,Other,Excited,IMPULSIVE_SPENDER
1,2024-09-03,Cell year.,4031.6,Other,Sad,IMPULSIVE_SPENDER
1,2024-09-03,Carry fly water cut fire.,59.38,Education,Neutral,IMPULSIVE_SPENDER
1,2024-09-04,Development the inside thought.,1554.7,Education,Happy,IMPULSIVE_SPENDER
1,2024-09-05,Task improve fish.,3295.9,Leisure,Sad,IMPULSIVE_SPENDER
1,2024-09-05,Improve them wait.,3447.87,Travel,Stressed,IMPULSIVE_SPENDER
1,2024-09-05,Car risk.,1650.36,Food,Happy,IMPULSIVE_SPENDER
1,2024-09-07,Art green child movie blue.,2103.92,Other,Stressed,IMPULSIVE_SPENDER
1,2024-09-07,Boy generation.,8637.46,Food,Excited,IMPULSIVE_SPENDER
1,2024-09-07,Across involve fall.,4477.59,Travel,Neutral,IMPULSIVE_SPENDER
1,2024-09-09,Store natural today season.,165.24,Other,Excited,IMPULSIVE_SPENDER
1,2024-09-09,Four field area young.,2171.11,Education,Excited,IMPULSIVE_SPENDER
1,2024-09-09,Cut yard knowledge.,573.94,Travel,Neutral,IMPULSIVE_SPENDER
1,2024-09-10,Land region back nor article.,1170.26,Other,Stressed,IMPULSIVE_SPENDER
1,2024-09-10,Across nothing.,7821.26,Food,Stressed,IMPULSIVE_SPENDER
1,2024-09-10,Run again help right.,1236.57,Other,Happy,IMPULSIVE_SPENDER
1,2024-09-11,Future treat bill choice.,567.05,Other,Happy,IMPULSIVE_SPENDER
1,2024-09-11,Sort knowledge analysis together court.,973.21,Leisure,Happy,IMPULSIVE_SPENDER
1,2024-09-12,Mind door authority outside.,1212.27,Travel,Stressed,IMPULSIVE_SPENDER
1,2024-09-13,Cell city not not the.,287.53,Other,Stressed,IMPULSIVE_SPENDER
1,2024-09-14,Its develop until watch.,1117.64,Food,Neutral,IMPULSIVE_SPENDER
1,2024-09-15,Finish thing.,1795.94,Other,Stressed,IMPULSIVE_SPENDER
1,2024-09-15,Play move each left establish.,2363.28,Education,Excited,IMPULSIVE_SPENDER
1,2024-09-17,Amount bad raise.,4219.74,Other,Neutral,IMPULSIVE_SPENDER
1,2024-09-18,Their off.,1135.41,Leisure,Stressed,IMPULSIVE_SPENDER
1,2024-09-22,Letter mind many.,2083.42,Other,Neutral,IMPULSIVE_SPENDER
1,2024-09-23,Scientist will begin.,1495.18,Other,Excited,IMPULSIVE_SPENDER
1,2024-09-23,Quality throughout.,1742.01,Other,Excited,IMPULSIVE_SPENDER
1,2024-09-23,Be fire.,136.56,Leisure,Neutral,IMPULSIVE_SPENDER
1,2024-09-24,There institution actually.,6049.2,Leisure,Stressed,IMPULSIVE_SPENDER
1,2024-09-24,Be plan same cause.,3805.22,Other,Excited,IMPULSIVE_SPENDER
1,2024-09-25,Human public health.,516.26,Education,Excited,IMPULSIVE_SPENDER
1,2024-09-26,Choice prepare.,1081.6,Other,Stressed,IMPULSIVE_SPENDER
1,2024-09-26,Some quickly truth view response.,1670.58,Leisure,Sad,IMPULSIVE_SPENDER
1,2024-09-26,Turn put professional.,1658.53,Other,Neutral,IMPULSIVE_SPENDER
1,2024-09-26,Form newspaper.,430.31,Other,Happy,IMPULSIVE_SPENDER
1,2024-09-27,Newspaper indicate other.,3412.79,Travel,Stressed,IMPULSIVE_SPENDER
1,2024-09-27,Child group describe.,2797.38,Leisure,Neutral,IMPULSIVE_SPENDER
1,2024-09-28,Boy other foot best.,1719.77,Leisure,Neutral,IMPULSIVE_SPENDER
1,2024-09-28,On someone rise read.,2330.89,Leisure,Neutral,IMPULSIVE_SPENDER
1,2024-09-29,Fight nice less agree able.,3412.58,Leisure,Happy,IMPULSIVE_SPENDER
1,2024-09-30,Community spring billion price paper.,2181.84,Other,Excited,IMPULSIVE_SPENDER
1,2024-09-30,Give white everybody paper create.,2412.91,Leisure,Happy,IMPULSIVE_SPENDER
1,2024-09-30,Southern front.,3377.77,Travel,Stressed,IMPULSIVE_SPENDER
1,2024-09-30,True help.,76.89,Other,Happy,IMPULSIVE_SPENDER
1,2024-09-30,Store bit responsibility brother.,840.06,Other,Stressed,IMPULSIVE_SPENDER
1,2024-10-01,Local director become.,3924.17,Other,Stressed,IMPULSIVE_SPENDER
1,2024-10-02,Management sense technology check civil.,527.07,Leisure,Excited,IMPULSIVE_SPENDER
1,2024-10-02,Detail far church some.,1526.1,Leisure,Happy,IMPULSIVE_SPENDER
1,2024-10-02,Newspaper indicate other.,2299.17,Travel,Sad,IMPULSIVE_SPENDER
1,2024-10-03,During call north attention.,1296.8,Other,Neutral,IMPULSIVE_SPENDER
1,2024-10-03,Training account evidence month.,3211.51,Leisure,Stressed,IMPULSIVE_SPENDER
1,2024-10-06,Remain seven marriage.,973.21,Food,Stressed,IMPULSIVE_SPENDER
1,2024-10-07,On must certainly.,7540.09,Leisure,Stressed,IMPULSIVE_SPENDER
1,2024-10-07,Whatever late specific.,4386.55,Other,Stressed,IMPULSIVE_SPENDER
1,2024-10-07,Market specific property coach.,298.32,Leisure,Stressed,IMPULSIVE_SPENDER
1,2024-10-07,Indeed believe interview professor.,6355.54,Travel,Happy,IMPULSIVE_SPENDER
1,2024-10-10,Doctor population grow bar.,59.74,Food,Neutral,IMPULSIVE_SPENDER
1,2024-10-10,So draw food company.,1251.72,Travel,Excited,IMPULSIVE_SPENDER
1,2024-10-11,Statement available win politics.,1598.89,Leisure,Stressed,IMPULSIVE_SPENDER
1,2024-10-11,Finish without.,89.37,Other,Stressed,IMPULSIVE_SPENDER
1,2024-10-12,Instead writer.,503.29,Education,Stressed,IMPULSIVE_SPENDER
1,2024-10-14,Exist theory.,3516.66,Other,Stressed,IMPULSIVE_SPENDER
1,2024-10-15,Give that individual of not.,1463.09,Education,Stressed,IMPULSIVE_SPENDER
1,2024-10-15,List already positive experience television.,2298.01,Leisure,Sad,IMPULSIVE_SPENDER
1,2024-10-15,Recent couple cost girl run.,1426.48,Leisure,Neutral,IMPULSIVE_SPENDER
1,2024-10-16,Left available.,865.44,Education,Happy,IMPULSIVE_SPENDER
1,2024-10-16,House clear say hope.,2307.55,Leisure,Stressed,IMPULSIVE_SPENDER
1,2024-10-16,Upon very act perform.,4898.6,Leisure,Stressed,IMPULSIVE_SPENDER
1,2024-10-17,All important shoulder she.,1846.33,Other,Neutral,IMPULSIVE_SPENDER
1,2024-10-18,Leg rest interest.,5541.89,Other,Neutral,IMPULSIVE_SPENDER
1,2024-10-19,Real know our any.,2162.07,Other,Sad,IMPULSIVE_SPENDER
1,2024-10-20,Walk now often.,3488.56,Other,Neutral,IMPULSIVE_SPENDER
1,2024-10-20,Check purpose young.,7963.47,Leisure,Stressed,IMPULSIVE_SPENDER
1,2024-10-20,Ready goal amount.,2107.47,Other,Neutral,IMPULSIVE_SPENDER
1,2024-10-20,Value car team nothing.,2120.33,Education,Happy,IMPULSIVE_SPENDER
1,2024-10-20,Than physical live reason.,2882.45,Other,Stressed,IMPULSIVE_SPENDER
1,2024-10-20,Theory tend.,2028.31,Other,Excited,IMPULSIVE_SPENDER
1,2024-10-22,Right know during someone.,771.29,Travel,Neutral,IMPULSIVE_SPENDER
1,2024-10-24,Key place tree.,1309.02,Other,Sad,IMPULSIVE_SPENDER
1,2024-10-24,Newspaper indicate other.,1458.26,Travel,Excited,IMPULSIVE_SPENDER
1,2024-10-25,Book toward.,6515.87,Leisure,Happy,IMPULSIVE_SPENDER
1,2024-10-26,Majority none little admit former.,8135.92,Leisure,Sad,IMPULSIVE_SPENDER
1,2024-10-27,Risk develop movement size.,1702.8,Other,Neutral,IMPULSIVE_SPENDER
1,2024-10-27,Win central.,952.91,Other,Neutral,IMPULSIVE_SPENDER
1,2024-10-28,Network fact talk.,80.31,Leisure,Excited,IMPULSIVE_SPENDER
1,2024-10-30,Why though decide bank likely.,227.26,Other,Sad,IMPULSIVE_SPENDER
1,2024-11-01,Picture early send morning.,2268.98,Other,Sad,IMPULSIVE_SPENDER
1,2024-11-01,Money a.,1081.94,Other,Stressed,IMPULSIVE_SPENDER
1,2024-11-03,Compare system white magazine after.,1738.98,Travel,Happy,IMPULSIVE_SPENDER
1,2024-11-03,General agency bit.,2496.63,Leisure,Stressed,IMPULSIVE_SPENDER
1,2024-11-05,Pattern ahead compare form full.,2401.11,Other,Happy,IMPULSIVE_SPENDER
1,2024-11-06,Raise hope enjoy most.,13531.09,Leisure,Happy,IMPULSIVE_SPENDER
1,2024-11-06,Bad argue side girl.,3521.4,Food,Sad,IMPULSIVE_SPENDER
1,2024-11-06,Face his.,9769.09,Leisure,Sad,IMPULSIVE_SPENDER
1,2024-11-06,Specific whose.,613.37,Other,Stressed,IMPULSIVE_SPENDER
1,2024-11-07,Positive participant fear blue as.,51.32,Leisure,Neutral,IMPULSIVE_SPENDER
1,2024-11-08,Society common stay ready.,2303.9,Leisure,Excited,IMPULSIVE_SPENDER
1,2024-11-10,Some quickly truth view response.,4262.26,Leisure,Stressed,IMPULSIVE_SPENDER
1,2024-11-11,Among black picture that treat.,1433.65,Education,Stressed,IMPULSIVE_SPENDER
1,2024-11-11,Color store over some.,345.99,Leisure,Happy,IMPULSIVE_SPENDER
1,2024-11-12,Country remember smile.,1906.55,Leisure,Happy,IMPULSIVE_SPENDER
1,2024-11-12,Exist theory.,2909.07,Other,Stressed,IMPULSIVE_SPENDER
1,2024-11-13,Baby lawyer growth matter note.,2807.13,Leisure,Sad,IMPULSIVE_SPENDER
1,2024-11-13,After sister should across treatment.,639.35,Leisure,Neutral,IMPULSIVE_SPENDER
1,2024-11-14,Red head window be.,5701.73,Education,Stressed,IMPULSIVE_SPENDER
1,2024-11-16,My some skin ball thing.,607.57,Education,Excited,IMPULSIVE_SPENDER
1,2024-11-16,Leg themselves away.,2675.34,Food,Stressed,IMPULSIVE_SPENDER
1,2024-11-17,Something future they red.,3135.98,Leisure,Happy,IMPULSIVE_SPENDER
1,2024-11-17,Pretty skin main program.,2510.2,Education,Stressed,IMPULSIVE_SPENDER
1,2024-11-17,Religious order.,3914.0,Travel,Stressed,IMPULSIVE_SPENDER
1,2024-11-17,Worker range feel.,356.84,Leisure,Happy,IMPULSIVE_SPENDER
1,2024-11-18,Difference world deep.,2987.75,Food,Sad,IMPULSIVE_SPENDER
1,2024-11-19,Sometimes while sense window.,9161.94,Leisure,Stressed,IMPULSIVE_SPENDER
1,2024-11-21,Fish evening avoid dark.,2936.43,Leisure,Neutral,IMPULSIVE_SPENDER
1,2024-11-21,Heavy class story side speak.,4432.44,Leisure,Stressed,IMPULSIVE_SPENDER
1,2024-11-22,Language however risk work.,1702.96,Leisure,Happy,IMPULSIVE_SPENDER
1,2024-11-22,Pretty skin main program.,3949.81,Education,Neutral,IMPULSIVE_SPENDER
1,2024-11-22,Talk interest hand.,495.06,Other,Stressed,IMPULSIVE_SPENDER
1,2024-11-24,Audience throw four allow international.,7584.36,Travel,Stressed,IMPULSIVE_SPENDER
1,2024-11-25,Four field area young.,2927.77,Education,Excited,IMPULSIVE_SPENDER
1,2024-11-25,Wife talk beat tax majority.,1710.43,Food,Neutral,IMPULSIVE_SPENDER
1,2024-11-26,Reach under.,1506.47,Other,Neutral,IMPULSIVE_SPENDER
1,2024-11-27,Along attention piece tv young.,1399.08,Leisure,Neutral,IMPULSIVE_SPENDER
1,2024-11-28,Less into per big.,791.18,Food,Sad,IMPULSIVE_SPENDER
1,2024-11-28,Movement door kind.,445.76,Travel,Sad,IMPULSIVE_SPENDER
1,2024-11-30,Pull blue strong wonder.,48.32,Food,Neutral,IMPULSIVE_SPENDER
1,2024-12-03,Military onto blue activity.,486.34,Other,Stressed,IMPULSIVE_SPENDER
1,2024-12-03,Be plan same cause.,4608.3,Other,Stressed,IMPULSIVE_SPENDER
1,2024-12-03,Worker always hold share.,129.09,Leisure,Happy,IMPULSIVE_SPENDER
1,2024-12-03,Moment red eight hand.,1244.05,Other,Sad,IMPULSIVE_SPENDER
1,2024-12-05,Bill eight community.,229.39,Other,Happy,IMPULSIVE_SPENDER
1,2024-12-06,Case expert stop.,3054.82,Travel,Neutral,IMPULSIVE_SPENDER
1,2024-12-08,Hear certainly most not.,4206.59,Other,Happy,IMPULSIVE_SPENDER
1,2024-12-08,As high you more wife.,864.46,Education,Stressed,IMPULSIVE_SPENDER
1,2024-12-08,Society dark product make.,9.81,Leisure,Happy,IMPULSIVE_SPENDER
1,2024-12-08,Democrat hundred.,461.4,Other,Neutral,IMPULSIVE_SPENDER
1,2024-12-09,Woman meet report.,7074.03,Food,Stressed,IMPULSIVE_SPENDER
1,2024-12-09,Material produce station visit environmental.,2754.37,Other,Stressed,IMPULSIVE_SPENDER
1,2024-12-09,Pretty skin main program.,12453.92,Education,Stressed,IMPULSIVE_SPENDER
1,2024-12-09,Nature performance yeah.,232.77,Other,Stressed,IMPULSIVE_SPENDER
1,2024-12-14,Him fight american music change.,2582.89,Leisure,Excited,IMPULSIVE_SPENDER
1,2024-12-14,Month whom stage soon.,2499.26,Travel,Stressed,IMPULSIVE_SPENDER
1,2024-12-14,Stop later reveal both.,972.55,Leisure,Neutral,IMPULSIVE_SPENDER
1,2024-12-15,Citizen street region.,367.43,Other,Stressed,IMPULSIVE_SPENDER
1,2024-12-16,Grow laugh.,1602.7,Education,Neutral,IMPULSIVE_SPENDER
1,2024-12-16,Table trade various risk art.,1413.33,Education,Stressed,IMPULSIVE_SPENDER
1,2024-12-16,Carry fly water cut fire.,17.46,Education,Stressed,IMPULSIVE_SPENDER
1,2024-12-16,Analysis color friend the.,2751.85,Education,Neutral,IMPULSIVE_SPENDER
1,2024-12-17,Into notice necessary true message.,1411.62,Leisure,Neutral,IMPULSIVE_SPENDER
1,2024-12-17,Toward child future low.,6654.75,Food,Stressed,IMPULSIVE_SPENDER
1,2024-12-18,Activity including single right.,3481.64,Leisure,Happy,IMPULSIVE_SPENDER
1,2024-12-18,Herself police he push likely.,1787.47,Leisure,Stressed,IMPULSIVE_SPENDER
1,2024-12-19,Down occur.,2182.65,Food,Excited,IMPULSIVE_SPENDER
1,2024-12-19,Care run there leg.,10876.09,Leisure,Excited,IMPULSIVE_SPENDER
1,2024-12-19,Bed food possible represent.,313.79,Leisure,Neutral,IMPULSIVE_SPENDER
1,2024-12-20,Quickly new another general poor.,1083.1,Travel,Neutral,IMPULSIVE_SPENDER
1,2024-12-20,Dinner article hit mission whole.,1113.4,Travel,Stressed,IMPULSIVE_SPENDER
1,2024-12-21,Impact full our smile.,730.33,Leisure,Sad,IMPULSIVE_SPENDER
1,2024-12-22,Already argue.,835.57,Other,Stressed,IMPULSIVE_SPENDER
1,2024-12-22,Talk interest hand.,524.32,Other,Stressed,IMPULSIVE_SPENDER
1,2024-12-22,On someone rise read.,1302.38,Leisure,Neutral,IMPULSIVE_SPENDER
1,2024-12-22,Current hear claim well two.,3410.67,Travel,Stressed,IMPULSIVE_SPENDER
1,2024-12-24,Box organization.,2746.22,Leisure,Happy,IMPULSIVE_SPENDER
1,2024-12-24,Brother let.,4864.11,Leisure,Stressed,IMPULSIVE_SPENDER
1,2024-12-25,Space beyond.,2906.66,Education,Happy,IMPULSIVE_SPENDER
1,2024-12-26,Player really act friend.,5215.28,Travel,Neutral,IMPULSIVE_SPENDER
1,2024-12-27,After sister should across treatment.,890.25,Leisure,Happy,IMPULSIVE_SPENDER
1,2024-12-28,North question new.,871.21,Education,Stressed,IMPULSIVE_SPENDER
1,2024-12-28,Billion morning draw.,265.93,Travel,Stressed,IMPULSIVE_SPENDER
1,2024-12-28,Health image.,2349.76,Other,Excited,IMPULSIVE_SPENDER
1,2024-12-28,Career three according worker democrat.,2204.78,Food,Stressed,IMPULSIVE_SPENDER
1,2024-12-29,Raise several west side admit.,2607.71,Other,Neutral,IMPULSIVE_SPENDER
1,2024-12-31,Price my.,4336.14,Education,Stressed,IMPULSIVE_SPENDER
1,2024-12-31,Car fast positive.,1249.64,Other,Neutral,IMPULSIVE_SPENDER
1,2025-01-01,Evidence conference capital office.,1442.2,Other,Happy,IMPULSIVE_SPENDER
1,2025-01-02,Sometimes while sense window.,2112.76,Leisure,Excited,IMPULSIVE_SPENDER
1,2025-01-04,Cut yard knowledge.,1644.27,Travel,Sad,IMPULSIVE_SPENDER
1,2025-01-06,Impact full our smile.,433.86,Leisure,Excited,IMPULSIVE_SPENDER
1,2025-01-07,History professional star wonder.,5455.07,Food,Sad,IMPULSIVE_SPENDER
1,2025-01-07,National back everybody direction budget.,484.58,Other,Neutral,IMPULSIVE_SPENDER
1,2025-01-09,Control bill.,3669.26,Other,Excited,IMPULSIVE_SPENDER
1,2025-01-09,Box service develop game.,1966.23,Other,Happy,IMPULSIVE_SPENDER
1,2025-01-10,Close month parent who up.,1224.67,Leisure,Stressed,IMPULSIVE_SPENDER
1,2025-01-10,Administration mother in admit.,768.74,Other,Stressed,IMPULSIVE_SPENDER
1,2025-01-10,Doctor mr.,248.15,Education,Neutral,IMPULSIVE_SPENDER
1,2025-01-10,Born itself law west.,2820.74,Other,Stressed,IMPULSIVE_SPENDER
1,2025-01-11,Building range national focus.,265.23,Leisure,Excited,IMPULSIVE_SPENDER
1,2025-01-12,Not friend federal forget bit.,1546.46,Other,Sad,IMPULSIVE_SPENDER
1,2025-01-12,Hold carry rest.,3557.16,Travel,Stressed,IMPULSIVE_SPENDER
1,2025-01-13,Stuff agreement professional team foot.,11871.19,Other,Stressed,IMPULSIVE_SPENDER
1,2025-01-13,Machine son television.,350.33,Travel,Stressed,IMPULSIVE_SPENDER
1,2025-01-13,Mr suggest issue.,1030.07,Food,Stressed,IMPULSIVE_SPENDER
1,2025-01-14,Myself so growth time.,2553.56,Food,Stressed,IMPULSIVE_SPENDER
1,2025-01-14,City offer financial data.,553.89,Travel,Neutral,IMPULSIVE_SPENDER
1,2025-01-15,Side mind question year finish.,1171.39,Food,Stressed,IMPULSIVE_SPENDER
1,2025-01-16,Style real far.,2863.07,Leisure,Happy,IMPULSIVE_SPENDER
1,2025-01-17,Picture early send morning.,2180.69,Other,Stressed,IMPULSIVE_SPENDER
1,2025-01-18,Herself police he push likely.,267.33,Leisure,Happy,IMPULSIVE_SPENDER
1,2025-01-18,Book economic.,88.79,Education,Stressed,IMPULSIVE_SPENDER
1,2025-01-18,Investment local above move.,4187.98,Leisure,Stressed,IMPULSIVE_SPENDER
1,2025-01-18,Huge response long.,91.42,Travel,Stressed,IMPULSIVE_SPENDER
1,2025-01-19,Community spring billion price paper.,2629.54,Other,Stressed,IMPULSIVE_SPENDER
1,2025-01-19,Risk develop movement size.,874.38,Other,Sad,IMPULSIVE_SPENDER
1,2025-01-21,Throughout would century television congress.,374.98,Education,Sad,IMPULSIVE_SPENDER
1,2025-01-24,Day fact modern.,373.49,Education,Stressed,IMPULSIVE_SPENDER
1,2025-01-24,Night various return explain.,1484.83,Leisure,Stressed,IMPULSIVE_SPENDER
1,2025-01-26,Different international sell several.,2888.19,Leisure,Stressed,IMPULSIVE_SPENDER
1,2025-01-26,Majority none little admit former.,858.4,Leisure,Neutral,IMPULSIVE_SPENDER
1,2025-01-27,Policy mrs.,250.11,Other,Happy,IMPULSIVE_SPENDER
1,2025-01-27,Hair attorney professional.,8223.7,Travel,Stressed,IMPULSIVE_SPENDER
1,2025-01-28,Before relationship plant.,534.39,Other,Excited,IMPULSIVE_SPENDER
1,2025-01-28,Be move fly open.,262.91,Other,Neutral,IMPULSIVE_SPENDER
1,2025-01-31,Source onto provide.,344.46,Other,Neutral,IMPULSIVE_SPENDER
2,2024-08-01,Tough animal someone.,1778.08,Leisure,Sad,IMPULSIVE_SPENDER
2,2024-08-01,Remain seven marriage.,1230.18,Food,Stressed,IMPULSIVE_SPENDER
2,2024-08-01,Result sound.,1157.85,Leisure,Stressed,IMPULSIVE_SPENDER
2,2024-08-02,Instead writer.,939.93,Education,Sad,IMPULSIVE_SPENDER
2,2024-08-04,Information scene again country.,1016.49,Leisure,Neutral,IMPULSIVE_SPENDER
2,2024-08-04,Face morning.,2956.46,Education,Neutral,IMPULSIVE_SPENDER
2,2024-08-06,Adult range green.,1079.11,Food,Stressed,IMPULSIVE_SPENDER
2,2024-08-06,Ahead from quickly identify.,840.45,Education,Stressed,IMPULSIVE_SPENDER
2,2024-08-07,Anyone spend them system.,805.16,Education,Stressed,IMPULSIVE_SPENDER
2,2024-08-08,Inside big minute.,204.97,Leisure,Neutral,IMPULSIVE_SPENDER
2,2024-08-08,Save network item one under.,5439.18,Leisure,Happy,IMPULSIVE_SPENDER
2,2024-08-08,Security unit executive.,230.04,Food,Neutral,IMPULSIVE_SPENDER
2,2024-08-08,Toward child future low.,917.33,Food,Sad,IMPULSIVE_SPENDER
2,2024-08-11,Picture early send morning.,2300.32,Other,Stressed,IMPULSIVE_SPENDER
2,2024-08-14,World enter.,2357.09,Other,Stressed,IMPULSIVE_SPENDER
2,2024-08-14,Citizen street region.,2311.63,Other,Sad,IMPULSIVE_SPENDER
2,2024-08-14,Mention billion bed never others.,961.2,Other,Happy,IMPULSIVE_SPENDER
2,2024-08-14,Fact reason make office.,742.92,Leisure,Neutral,IMPULSIVE_SPENDER
2,2024-08-16,Time surface learn design.,1371.79,Other,Stressed,IMPULSIVE_SPENDER
2,2024-08-17,Attention attack technology.,213.99,Other,Excited,IMPULSIVE_SPENDER
2,2024-08-18,True culture.,419.16,Education,Happy,IMPULSIVE_SPENDER
2,2024-08-19,Material less focus hear.,877.67,Travel,Neutral,IMPULSIVE_SPENDER
2,2024-08-19,World enter.,2340.75,Other,Stressed,IMPULSIVE_SPENDER
2,2024-08-20,Medical nearly.,904.87,Leisure,Neutral,IMPULSIVE_SPENDER
2,2024-08-21,Current hear claim well two.,633.81,Travel,Neutral,IMPULSIVE_SPENDER
2,2024-08-22,Owner fact wife.,626.99,Leisure,Excited,IMPULSIVE_SPENDER
2,2024-08-23,Mention billion bed never others.,1873.38,Other,Stressed,IMPULSIVE_SPENDER
2,2024-08-23,Rather type thousand show.,1455.9,Leisure,Stressed,IMPULSIVE_SPENDER
2,2024-08-24,Audience throw four allow international.,2415.77,Travel,Stressed,IMPULSIVE_SPENDER
2,2024-08-26,Short indicate police.,441.31,Other,Stressed,IMPULSIVE_SPENDER
2,2024-08-26,Industry impact certainly.,2511.28,Other,Neutral,IMPULSIVE_SPENDER
2,2024-08-26,Box service develop game.,4473.49,Other,Stressed,IMPULSIVE_SPENDER
2,2024-08-27,Same page ago director.,3619.04,Leisure,Happy,IMPULSIVE_SPENDER
2,2024-08-28,Let stay or focus.,284.41,Other,Stressed,IMPULSIVE_SPENDER
2,2024-08-30,Strategy face make.,225.52,Other,Stressed,IMPULSIVE_SPENDER
2,2024-08-30,Meet seem population.,1115.29,Education,Stressed,IMPULSIVE_SPENDER
2,2024-08-31,Authority number.,1319.99,Other,Stressed,IMPULSIVE_SPENDER
2,2024-08-31,Exist professional.,205.65,Other,Happy,IMPULSIVE_SPENDER
2,2024-08-31,Simply century the.,584.04,Leisure,Stressed,IMPULSIVE_SPENDER
2,2024-09-02,Somebody son suddenly perform.,224.01,Leisure,Excited,IMPULSIVE_SPENDER
2,2024-09-02,Specific onto go.,950.24,Food,Stressed,IMPULSIVE_SPENDER
2,2024-09-04,Evening ahead smile.,1827.25,Leisure,Stressed,IMPULSIVE_SPENDER
2,2024-09-06,Whose other.,3783.7,Other,Stressed,IMPULSIVE_SPENDER
2,2024-09-06,Stage someone for power.,685.4,Other,Excited,IMPULSIVE_SPENDER
2,2024-09-07,Happen a point here control.,620.18,Other,Excited,IMPULSIVE_SPENDER
2,2024-09-08,Woman meet report.,2932.33,Food,Stressed,IMPULSIVE_SPENDER
2,2024-09-08,Develop office approach son.,2310.64,Leisure,Excited,IMPULSIVE_SPENDER
2,2024-09-08,War push thousand book half.,1958.34,Other,Excited,IMPULSIVE_SPENDER
2,2024-09-09,Player really act friend.,3007.47,Travel,Neutral,IMPULSIVE_SPENDER
2,2024-09-10,Leg sport until argue.,4612.0,Food,Stressed,IMPULSIVE_SPENDER
2,2024-09-11,Improve them wait.,3320.91,Travel,Excited,IMPULSIVE_SPENDER
2,2024-09-12,Manager bar send really.,5807.66,Travel,Sad,IMPULSIVE_SPENDER
2,2024-09-12,Picture approach chance none fight.,2295.66,Travel,Neutral,IMPULSIVE_SPENDER
2,2024-09-14,Material less focus hear.,2338.12,Travel,Sad,IMPULSIVE_SPENDER
2,2024-09-15,Future choice whatever from.,2077.0,Food,Neutral,IMPULSIVE_SPENDER
2,2024-09-20,Single blood continue.,662.43,Leisure,Stressed,IMPULSIVE_SPENDER
2,2024-09-21,Sell only manage.,4113.46,Leisure,Excited,IMPULSIVE_SPENDER
2,2024-09-22,True building card.,1971.06,Travel,Neutral,IMPULSIVE_SPENDER
2,2024-09-23,Western order accept wide prevent.,2554.54,Travel,Happy,IMPULSIVE_SPENDER
2,2024-09-24,Toward child future low.,1863.43,Food,Stressed,IMPULSIVE_SPENDER
2,2024-09-24,Year him thank trade.,5973.56,Leisure,Happy,IMPULSIVE_SPENDER
2,2024-09-24,Walk cup option store.,2561.59,Education,Neutral,IMPULSIVE_SPENDER
2,2024-09-25,Clear single expect.,780.62,Education,Neutral,IMPULSIVE_SPENDER
2,2024-09-25,Also available concern edge.,227.64,Food,Stressed,IMPULSIVE_SPENDER
2,2024-09-26,He we recent music.,5033.68,Food,Happy,IMPULSIVE_SPENDER
2,2024-10-01,Adult above safe.,1383.21,Leisure,Stressed,IMPULSIVE_SPENDER
2,2024-10-02,Herself law.,4271.5,Leisure,Happy,IMPULSIVE_SPENDER
2,2024-10-02,Result many pattern.,1895.57,Other,Excited,IMPULSIVE_SPENDER
2,2024-10-03,Leg themselves away.,12256.03,Food,Stressed,IMPULSIVE_SPENDER
2,2024-10-05,Finish summer rest feel finally.,2060.08,Travel,Stressed,IMPULSIVE_SPENDER
2,2024-10-06,Of interview fine.,3077.43,Food,Stressed,IMPULSIVE_SPENDER
2,2024-10-06,Cultural right cover large work.,3062.92,Other,Sad,IMPULSIVE_SPENDER
2,2024-10-07,Ever day.,945.29,Leisure,Happy,IMPULSIVE_SPENDER
2,2024-10-07,Those pressure street.,2795.53,Other,Stressed,IMPULSIVE_SPENDER
2,2024-10-07,Recognize media goal.,201.94,Other,Sad,IMPULSIVE_SPENDER
2,2024-10-09,Finish increase economy middle public.,896.27,Travel,Happy,IMPULSIVE_SPENDER
2,2024-10-09,Something story attorney summer.,1745.07,Food,Neutral,IMPULSIVE_SPENDER
2,2024-10-09,Effect people.,900.31,Food,Happy,IMPULSIVE_SPENDER
2,2024-10-10,Listen against coach.,551.74,Food,Sad,IMPULSIVE_SPENDER
2,2024-10-10,Size sing tree kitchen.,2554.25,Travel,Happy,IMPULSIVE_SPENDER
2,2024-10-10,Sort knowledge analysis together court.,390.55,Leisure,Excited,IMPULSIVE_SPENDER
2,2024-10-10,Amount bad raise.,11033.69,Other,Happy,IMPULSIVE_SPENDER
2,2024-10-10,Analysis color friend the.,2379.86,Education,Stressed,IMPULSIVE_SPENDER
2,2024-10-11,Listen against coach.,2571.67,Food,Stressed,IMPULSIVE_SPENDER
2,2024-10-13,Part management.,1224.53,Education,Neutral,IMPULSIVE_SPENDER
2,2024-10-13,A when dark read.,1647.66,Other,Stressed,IMPULSIVE_SPENDER
2,2024-10-14,Challenge large wish move.,5823.55,Education,Excited,IMPULSIVE_SPENDER
2,2024-10-15,Stage bad know of.,5463.85,Other,Neutral,IMPULSIVE_SPENDER
2,2024-10-16,Research visit program suddenly doctor.,4592.37,Leisure,Excited,IMPULSIVE_SPENDER
2,2024-10-16,Push east never size fight.,763.53,Travel,Stressed,IMPULSIVE_SPENDER
2,2024-10-17,Something story attorney summer.,12572.67,Food,Neutral,IMPULSIVE_SPENDER
2,2024-10-18,High issue deal democratic.,629.37,Education,Sad,IMPULSIVE_SPENDER
2,2024-10-18,Condition all blood.,1313.55,Other,Sad,IMPULSIVE_SPENDER
2,2024-10-18,Until choose wife national.,1382.62,Education,Stressed,IMPULSIVE_SPENDER
2,2024-10-19,Finish summer rest feel finally.,1129.03,Travel,Neutral,IMPULSIVE_SPENDER
2,2024-10-20,Along attention piece tv young.,16265.54,Leisure,Sad,IMPULSIVE_SPENDER
2,2024-10-22,Pattern size spend.,2826.68,Leisure,Neutral,IMPULSIVE_SPENDER
2,2024-10-22,Leave bar prevent require.,7493.99,Other,Stressed,IMPULSIVE_SPENDER
2,2024-10-22,Claim move.,5823.0,Other,Neutral,IMPULSIVE_SPENDER
2,2024-10-23,Pattern ahead compare form full.,3386.11,Other,Neutral,IMPULSIVE_SPENDER
2,2024-10-24,Question or money.,2197.8,Leisure,Happy,IMPULSIVE_SPENDER
2,2024-10-25,Hear certainly most not.,2970.57,Other,Happy,IMPULSIVE_SPENDER
2,2024-10-26,Later son almost.,698.79,Food,Neutral,IMPULSIVE_SPENDER
2,2024-10-27,Enough threat score.,163.42,Food,Stressed,IMPULSIVE_SPENDER
2,2024-10-28,Right analysis mention.,853.09,Leisure,Happy,IMPULSIVE_SPENDER
2,2024-10-28,Billion morning draw.,284.03,Travel,Stressed,IMPULSIVE_SPENDER
2,2024-10-29,Least ready activity decision ok.,3327.37,Other,Sad,IMPULSIVE_SPENDER
2,2024-11-01,Positive question especially.,5293.12,Food,Sad,IMPULSIVE_SPENDER
2,2024-11-01,How trip learn enter.,1488.05,Food,Excited,IMPULSIVE_SPENDER
2,2024-11-03,White likely teacher one.,2239.54,Leisure,Sad,IMPULSIVE_SPENDER
2,2024-11-05,Condition again successful.,7685.45,Education,Stressed,IMPULSIVE_SPENDER
2,2024-11-06,Radio product.,2225.13,Food,Stressed,IMPULSIVE_SPENDER
2,2024-11-06,Peace wind guess.,646.26,Other,Neutral,IMPULSIVE_SPENDER
2,2024-11-07,Whatever late specific.,801.67,Other,Sad,IMPULSIVE_SPENDER
2,2024-11-08,Woman whose already.,4026.52,Leisure,Sad,IMPULSIVE_SPENDER
2,2024-11-09,Such final however major.,1240.97,Travel,Stressed,IMPULSIVE_SPENDER
2,2024-11-11,Himself fire heavy.,93.31,Other,Happy,IMPULSIVE_SPENDER
2,2024-11-12,Require bank child.,993.59,Other,Happy,IMPULSIVE_SPENDER
2,2024-11-12,Space game truth special decision.,2725.13,Travel,Stressed,IMPULSIVE_SPENDER
2,2024-11-12,Door end fire.,1865.03,Travel,Happy,IMPULSIVE_SPENDER
2,2024-11-12,Knowledge fight car smile commercial.,113.04,Leisure,Stressed,IMPULSIVE_SPENDER
2,2024-11-13,Join black.,3335.24,Travel,Happy,IMPULSIVE_SPENDER
2,2024-11-13,Even beautiful.,3704.54,Education,Stressed,IMPULSIVE_SPENDER
2,2024-11-13,Or friend.,14309.7,Leisure,Stressed,IMPULSIVE_SPENDER
2,2024-11-14,Hear certainly most not.,6247.32,Other,Stressed,IMPULSIVE_SPENDER
2,2024-11-15,Society common stay ready.,343.47,Leisure,Stressed,IMPULSIVE_SPENDER
2,2024-11-15,General final knowledge.,963.55,Food,Stressed,IMPULSIVE_SPENDER
2,2024-11-16,Arrive budget education at property.,2594.43,Leisure,Stressed,IMPULSIVE_SPENDER
2,2024-11-16,Goal once let perform international.,477.59,Other,Stressed,IMPULSIVE_SPENDER
2,2024-11-20,Concern significant.,994.83,Travel,Neutral,IMPULSIVE_SPENDER
2,2024-11-21,Woman meet report.,13053.16,Food,Stressed,IMPULSIVE_SPENDER
2,2024-11-21,Pressure hospital significant.,1041.0,Travel,Happy,IMPULSIVE_SPENDER
2,2024-11-21,Be move fly open.,1815.21,Other,Stressed,IMPULSIVE_SPENDER
2,2024-11-22,Enjoy instead dream.,2582.79,Other,Neutral,IMPULSIVE_SPENDER
2,2024-11-23,Machine whatever everything fear walk.,1618.82,Other,Neutral,IMPULSIVE_SPENDER
2,2024-11-23,Claim move.,6036.74,Other,Neutral,IMPULSIVE_SPENDER
2,2024-11-24,Lay color.,1259.93,Food,Sad,IMPULSIVE_SPENDER
2,2024-11-25,Child ball store process.,5236.98,Other,Neutral,IMPULSIVE_SPENDER
2,2024-11-26,Participant price.,4554.37,Other,Excited,IMPULSIVE_SPENDER
2,2024-11-27,Security arm.,2912.89,Other,Neutral,IMPULSIVE_SPENDER
2,2024-11-27,Begin deep police wife.,328.17,Travel,Sad,IMPULSIVE_SPENDER
2,2024-11-28,Year him thank trade.,3010.45,Leisure,Sad,IMPULSIVE_SPENDER
2,2024-11-28,Push east never size fight.,490.5,Travel,Neutral,IMPULSIVE_SPENDER
2,2024-11-28,Bring agent pay detail group.,1176.28,Food,Stressed,IMPULSIVE_SPENDER
2,2024-11-29,Along attention piece tv young.,912.38,Leisure,Neutral,IMPULSIVE_SPENDER
2,2024-11-29,In seven building hard.,116.75,Other,Stressed,IMPULSIVE_SPENDER
2,2024-11-30,Audience throw four allow international.,1401.82,Travel,Neutral,IMPULSIVE_SPENDER
2,2024-12-01,Space game truth special decision.,20738.86,Travel,Happy,IMPULSIVE_SPENDER
2,2024-12-02,Camera sit environmental though.,1806.26,Other,Stressed,IMPULSIVE_SPENDER
2,2024-12-03,Drive nation heart nearly season.,922.34,Travel,Excited,IMPULSIVE_SPENDER
2,2024-12-04,Stuff next write.,6690.55,Other,Neutral,IMPULSIVE_SPENDER
2,2024-12-04,Base investment.,3351.22,Food,Happy,IMPULSIVE_SPENDER
2,2024-12-04,I fund.,1871.01,Leisure,Stressed,IMPULSIVE_SPENDER
2,2024-12-04,Pretty least if.,3838.29,Education,Sad,IMPULSIVE_SPENDER
2,2024-12-05,Able late order.,2037.35,Education,Sad,IMPULSIVE_SPENDER
2,2024-12-05,Future congress.,4205.16,Education,Stressed,IMPULSIVE_SPENDER
2,2024-12-06,Firm financial.,3704.73,Other,Sad,IMPULSIVE_SPENDER
2,2024-12-07,Ask imagine my.,2138.54,Travel,Stressed,IMPULSIVE_SPENDER
2,2024-12-08,Their off.,725.99,Leisure,Happy,IMPULSIVE_SPENDER
2,2024-12-08,Management produce bed stage.,995.95,Other,Stressed,IMPULSIVE_SPENDER
2,2024-12-11,Apply less.,1346.61,Food,Excited,IMPULSIVE_SPENDER
2,2024-12-12,Decide similar office.,3236.21,Leisure,Stressed,IMPULSIVE_SPENDER
2,2024-12-12,Heavy law church.,617.95,Other,Sad,IMPULSIVE_SPENDER
2,2024-12-13,Method exactly.,404.76,Other,Stressed,IMPULSIVE_SPENDER
2,2024-12-14,Pull blue strong wonder.,45.96,Food,Stressed,IMPULSIVE_SPENDER
2,2024-12-16,Us perhaps lawyer interest star.,652.87,Other,Excited,IMPULSIVE_SPENDER
2,2024-12-16,Especially unit office almost.,1508.02,Other,Sad,IMPULSIVE_SPENDER
2,2024-12-17,Long identify road speech.,437.58,Other,Happy,IMPULSIVE_SPENDER
2,2024-12-17,As music film move.,993.18,Education,Excited,IMPULSIVE_SPENDER
2,2024-12-17,Material less focus hear.,1722.55,Travel,Stressed,IMPULSIVE_SPENDER
2,2024-12-18,Than condition republican.,4433.84,Travel,Excited,IMPULSIVE_SPENDER
2,2024-12-18,Training occur could painting.,2905.73,Travel,Neutral,IMPULSIVE_SPENDER
2,2024-12-18,Management game.,2822.35,Education,Neutral,IMPULSIVE_SPENDER
2,2024-12-19,Evidence conference capital office.,250.1,Other,Neutral,IMPULSIVE_SPENDER
2,2024-12-19,Day stock.,1967.94,Leisure,Stressed,IMPULSIVE_SPENDER
2,2024-12-19,Smile peace apply.,2903.09,Food,Excited,IMPULSIVE_SPENDER
2,2024-12-20,Us decade.,10905.11,Other,Happy,IMPULSIVE_SPENDER
2,2024-12-20,Agent say forward us.,10577.95,Education,Stressed,IMPULSIVE_SPENDER
2,2024-12-23,Above company media next me.,2105.48,Other,Happy,IMPULSIVE_SPENDER
2,2024-12-24,Build smile across among situation.,1539.05,Other,Stressed,IMPULSIVE_SPENDER
2,2024-12-26,Score moment second.,710.04,Travel,Excited,IMPULSIVE_SPENDER
2,2024-12-26,Produce ago.,996.97,Other,Neutral,IMPULSIVE_SPENDER
2,2024-12-26,Quickly new another general poor.,1255.78,Travel,Stressed,IMPULSIVE_SPENDER
2,2024-12-27,Thus several animal phone.,1020.47,Leisure,Happy,IMPULSIVE_SPENDER
2,2024-12-28,Home even.,549.4,Education,Happy,IMPULSIVE_SPENDER
2,2024-12-28,Enough threat score.,277.99,Food,Neutral,IMPULSIVE_SPENDER
2,2024-12-29,Present discussion.,1861.9,Education,Stressed,IMPULSIVE_SPENDER
2,2024-12-30,Contain threat wrong whatever.,921.64,Education,Sad,IMPULSIVE_SPENDER
2,2024-12-30,As throughout individual list manager.,1975.02,Other,Stressed,IMPULSIVE_SPENDER
2,2024-12-30,Available defense.,1399.68,Leisure,Sad,IMPULSIVE_SPENDER
2,2024-12-31,Strong mind from.,11.08,Leisure,Neutral,IMPULSIVE_SPENDER
2,2024-12-31,Finish summer rest feel finally.,991.21,Travel,Neutral,IMPULSIVE_SPENDER
2,2025-01-01,Account ten sing.,9868.59,Food,Stressed,IMPULSIVE_SPENDER
2,2025-01-03,Fear approach take case customer.,1367.1,Other,Neutral,IMPULSIVE_SPENDER
2,2025-01-06,Old particularly.,5276.45,Other,Stressed,IMPULSIVE_SPENDER
2,2025-01-07,Fall analysis.,2206.66,Travel,Stressed,IMPULSIVE_SPENDER
2,2025-01-07,Could gun.,823.84,Leisure,Neutral,IMPULSIVE_SPENDER
2,2025-01-08,Western enough key.,4703.61,Food,Happy,IMPULSIVE_SPENDER
2,2025-01-08,Tree note responsibility.,2655.96,Education,Happy,IMPULSIVE_SPENDER
2,2025-01-11,Audience throw four allow international.,1287.82,Travel,Stressed,IMPULSIVE_SPENDER
2,2025-01-12,Leave opportunity draw during city.,518.87,Travel,Stressed,IMPULSIVE_SPENDER
2,2025-01-13,Number budget.,2085.33,Other,Neutral,IMPULSIVE_SPENDER
2,2025-01-14,Organization visit finally.,1663.82,Education,Stressed,IMPULSIVE_SPENDER
2,2025-01-14,Hundred challenge reach throughout.,2922.03,Education,Stressed,IMPULSIVE_SPENDER
2,2025-01-14,Senior service large under.,650.68,Travel,Excited,IMPULSIVE_SPENDER
2,2025-01-15,Race mr.,2466.32,Travel,Stressed,IMPULSIVE_SPENDER
2,2025-01-17,Southern front.,19757.75,Travel,Sad,IMPULSIVE_SPENDER
2,2025-01-17,Item yet ever quite.,997.59,Travel,Happy,IMPULSIVE_SPENDER
2,2025-01-17,Hope floor include.,860.96,Other,Neutral,IMPULSIVE_SPENDER
2,2025-01-19,Smile high open scientist.,1390.17,Food,Happy,IMPULSIVE_SPENDER
2,2025-01-19,Doctor mr.,284.23,Education,Excited,IMPULSIVE_SPENDER
2,2025-01-20,Month whom stage soon.,2057.5,Travel,Sad,IMPULSIVE_SPENDER
2,2025-01-20,About usually.,3211.7,Education,Stressed,IMPULSIVE_SPENDER
2,2025-01-23,First blood accept final.,764.06,Leisure,Sad,IMPULSIVE_SPENDER
2,2025-01-23,Decision where foreign trial.,7705.75,Leisure,Stressed,IMPULSIVE_SPENDER
2,2025-01-24,Should page camera.,537.78,Education,Stressed,IMPULSIVE_SPENDER
2,2025-01-24,Right know during someone.,1201.25,Travel,Sad,IMPULSIVE_SPENDER
2,2025-01-24,Since him four.,3277.69,Education,Happy,IMPULSIVE_SPENDER
2,2025-01-25,I fund.,250.82,Leisure,Stressed,IMPULSIVE_SPENDER
2,2025-01-25,Nearly want front shake.,1281.62,Leisure,Neutral,IMPULSIVE_SPENDER
2,2025-01-26,Challenge organization floor road southern.,1789.02,Travel,Neutral,IMPULSIVE_SPENDER
2,2025-01-26,Enjoy instead dream.,415.06,Other,Stressed,IMPULSIVE_SPENDER
2,2025-01-26,Give that individual of not.,1882.39,Education,Stressed,IMPULSIVE_SPENDER
2,2025-01-26,Scene almost leave.,802.85,Leisure,Happy,IMPULSIVE_SPENDER
2,2025-01-27,Officer fine.,1635.06,Leisure,Excited,IMPULSIVE_SPENDER
2,2025-01-27,Carry surface learn.,2202.22,Leisure,Neutral,IMPULSIVE_SPENDER
2,2025-01-28,Quite budget window hour some.,1074.06,Travel,Sad,IMPULSIVE_SPENDER
2,2025-01-29,Adult range green.,2412.96,Food,Excited,IMPULSIVE_SPENDER
2,2025-01-29,Within prove full.,1207.21,Education,Happy,IMPULSIVE_SPENDER
2,2025-01-30,Sometimes while sense window.,1067.42,Leisure,Excited,IMPULSIVE_SPENDER
2,2025-01-31,Or friend.,3170.68,Leisure,Stressed,IMPULSIVE_SPENDER
2,2025-01-31,What strong line.,34.82,Leisure,Happy,IMPULSIVE_SPENDER
2,2025-01-31,Ever day.,2422.21,Leisure,Neutral,IMPULSIVE_SPENDER
3,2024-08-03,Bring animal also you.,2020.14,Food,Happy,IMPULSIVE_SPENDER
3,2024-08-03,Offer bed it skill challenge.,599.82,Other,Happy,IMPULSIVE_SPENDER
3,2024-08-05,Eye something.,6043.58,Food,Happy,IMPULSIVE_SPENDER
3,2024-08-07,There institution actually.,3551.4,Leisure,Sad,IMPULSIVE_SPENDER
3,2024-08-09,Election conference when.,1712.5,Leisure,Stressed,IMPULSIVE_SPENDER
3,2024-08-10,Me brother lot candidate owner.,468.51,Leisure,Excited,IMPULSIVE_SPENDER
3,2024-08-10,Home even.,590.73,Education,Stressed,IMPULSIVE_SPENDER
3,2024-08-12,Fish either boy between collection.,613.61,Food,Stressed,IMPULSIVE_SPENDER
3,2024-08-13,Least ready activity decision ok.,965.41,Other,Stressed,IMPULSIVE_SPENDER
3,2024-08-13,Not teach believe month.,134.04,Travel,Stressed,IMPULSIVE_SPENDER
3,2024-08-14,State among rest national wrong.,6706.03,Food,Excited,IMPULSIVE_SPENDER
3,2024-08-15,Difficult quite act receive stage.,3819.17,Other,Stressed,IMPULSIVE_SPENDER
3,2024-08-17,Already argue.,1387.08,Other,Sad,IMPULSIVE_SPENDER
3,2024-08-17,Already argue.,446.97,Other,Stressed,IMPULSIVE_SPENDER
3,2024-08-19,Face his.,1938.23,Leisure,Happy,IMPULSIVE_SPENDER
3,2024-08-21,Instead writer.,433.86,Education,Stressed,IMPULSIVE_SPENDER
3,2024-08-24,Wear use edge this draw.,2125.97,Leisure,Stressed,IMPULSIVE_SPENDER
3,2024-08-26,Boy other foot best.,3395.55,Leisure,Neutral,IMPULSIVE_SPENDER
3,2024-08-30,Ahead picture son.,3934.85,Travel,Neutral,IMPULSIVE_SPENDER
3,2024-09-01,Find lay deal lot.,1536.78,Other,Stressed,IMPULSIVE_SPENDER
3,2024-09-03,More road development about.,13911.39,Travel,Stressed,IMPULSIVE_SPENDER
3,2024-09-03,Bank price north first end.,598.13,Other,Stressed,IMPULSIVE_SPENDER
3,2024-09-04,Less into per big.,3918.86,Food,Stressed,IMPULSIVE_SPENDER
3,2024-09-05,Participant above.,709.52,Travel,Excited,IMPULSIVE_SPENDER
3,2024-09-06,Smile high open scientist.,4728.03,Food,Neutral,IMPULSIVE_SPENDER
3,2024-09-07,Manager bar send really.,2680.06,Travel,Sad,IMPULSIVE_SPENDER
3,2024-09-07,Gun seven music despite show.,2049.34,Food,Excited,IMPULSIVE_SPENDER
3,2024-09-09,Understand none.,643.11,Leisure,Stressed,IMPULSIVE_SPENDER
3,2024-09-14,Let back three.,4727.54,Leisure,Stressed,IMPULSIVE_SPENDER
3,2024-09-16,Maintain assume both long.,1847.09,Other,Sad,IMPULSIVE_SPENDER
3,2024-09-18,Night various return explain.,466.56,Leisure,Neutral,IMPULSIVE_SPENDER
3,2024-09-20,Important focus benefit probably.,964.86,Other,Happy,IMPULSIVE_SPENDER
3,2024-09-24,Couple raise she child.,1154.05,Other,Happy,IMPULSIVE_SPENDER
3,2024-09-25,Professor important do house must.,4584.59,Leisure,Stressed,IMPULSIVE_SPENDER
3,2024-09-27,Democratic thousand.,2466.49,Travel,Stressed,IMPULSIVE_SPENDER
3,2024-09-28,Child ball store process.,685.84,Other,Stressed,IMPULSIVE_SPENDER
3,2024-09-29,Beautiful beyond sell.,122.66,Food,Sad,IMPULSIVE_SPENDER
3,2024-09-29,Positive participant fear blue as.,74.07,Leisure,Stressed,IMPULSIVE_SPENDER
3,2024-09-30,Need finally when.,3167.79,Leisure,Sad,IMPULSIVE_SPENDER
3,2024-09-30,President girl condition.,67.19,Travel,Excited,IMPULSIVE_SPENDER
3,2024-09-30,Could gun.,1579.71,Leisure,Happy,IMPULSIVE_SPENDER
3,2024-10-01,Voice boy wife condition.,1757.73,Food,Happy,IMPULSIVE_SPENDER
3,2024-10-02,Despite off consumer second.,3140.23,Leisure,Excited,IMPULSIVE_SPENDER
3,2024-10-02,Radio product.,4297.44,Food,Neutral,IMPULSIVE_SPENDER
3,2024-10-05,Ahead from quickly identify.,1128.59,Education,Stressed,IMPULSIVE_SPENDER
3,2024-10-09,Relate day.,256.61,Leisure,Excited,IMPULSIVE_SPENDER
3,2024-10-11,Finish summer rest feel finally.,2285.16,Travel,Neutral,IMPULSIVE_SPENDER
3,2024-10-13,Second full boy.,1495.74,Travel,Happy,IMPULSIVE_SPENDER
3,2024-10-13,We cold deep.,267.88,Travel,Neutral,IMPULSIVE_SPENDER
3,2024-10-15,Program decade home which view.,708.53,Travel,Stressed,IMPULSIVE_SPENDER
3,2024-10-15,Activity decide really go.,1524.12,Food,Neutral,IMPULSIVE_SPENDER
3,2024-10-16,Source husband.,373.48,Leisure,Sad,IMPULSIVE_SPENDER
3,2024-10-16,Before relationship plant.,354.47,Other,Excited,IMPULSIVE_SPENDER
3,2024-10-17,Big the cost for leader.,1451.34,Leisure,Sad,IMPULSIVE_SPENDER
3,2024-10-19,Source onto provide.,198.66,Other,Happy,IMPULSIVE_SPENDER
3,2024-10-21,Southern front.,1559.04,Travel,Stressed,IMPULSIVE_SPENDER
3,2024-10-24,Onto site both change note.,515.92,Other,Stressed,IMPULSIVE_SPENDER
3,2024-10-26,Participant above.,345.28,Travel,Excited,IMPULSIVE_SPENDER
3,2024-10-28,Race to television loss.,3038.27,Other,Stressed,IMPULSIVE_SPENDER
3,2024-10-30,Already argue.,507.45,Other,Happy,IMPULSIVE_SPENDER
3,2024-10-31,Popular lead with.,1445.34,Leisure,Neutral,IMPULSIVE_SPENDER
3,2024-11-01,Science drug.,2845.96,Travel,Sad,IMPULSIVE_SPENDER
3,2024-11-02,Whose other.,920.32,Other,Neutral,IMPULSIVE_SPENDER
3,2024-11-03,Those pressure street.,1106.58,Other,Happy,IMPULSIVE_SPENDER
3,2024-11-03,Nearly want front shake.,1651.89,Leisure,Neutral,IMPULSIVE_SPENDER
3,2024-11-03,College manage fund.,1056.89,Other,Sad,IMPULSIVE_SPENDER
3,2024-11-04,Worker always hold share.,338.41,Leisure,Happy,IMPULSIVE_SPENDER
3,2024-11-04,Personal often.,5213.92,Travel,Stressed,IMPULSIVE_SPENDER
3,2024-11-06,Mission put budget house.,317.6,Food,Stressed,IMPULSIVE_SPENDER
3,2024-11-06,Home even.,203.36,Education,Stressed,IMPULSIVE_SPENDER
3,2024-11-06,Phone ever back experience.,2921.55,Other,Sad,IMPULSIVE_SPENDER
3,2024-11-10,Big look tell prepare.,3258.99,Leisure,Happy,IMPULSIVE_SPENDER
3,2024-11-10,Short indicate police.,759.69,Other,Stressed,IMPULSIVE_SPENDER
3,2024-11-15,Talk thing rock ever summer.,4001.45,Other,Stressed,IMPULSIVE_SPENDER
3,2024-11-16,Consider time economic high.,2681.91,Education,Excited,IMPULSIVE_SPENDER
3,2024-11-16,Well left.,1163.34,Other,Stressed,IMPULSIVE_SPENDER
3,2024-11-17,Professional color group.,885.21,Leisure,Stressed,IMPULSIVE_SPENDER
3,2024-11-22,Sort knowledge analysis together court.,634.52,Leisure,Happy,IMPULSIVE_SPENDER
3,2024-11-22,Outside with each animal.,2792.56,Travel,Neutral,IMPULSIVE_SPENDER
3,2024-11-25,Attack mouth rest contain.,1922.91,Travel,Sad,IMPULSIVE_SPENDER
3,2024-11-25,Magazine join.,1274.66,Other,Happy,IMPULSIVE_SPENDER
3,2024-11-26,Network fact talk.,228.67,Leisure,Stressed,IMPULSIVE_SPENDER
3,2024-11-27,Network never.,1235.69,Food,Stressed,IMPULSIVE_SPENDER
3,2024-11-27,Resource road do.,2484.15,Other,Stressed,IMPULSIVE_SPENDER
3,2024-11-28,Security unit executive.,435.52,Food,Sad,IMPULSIVE_SPENDER
3,2024-11-28,Later week democratic few.,338.48,Other,Stressed,IMPULSIVE_SPENDER
3,2024-12-02,Smile peace apply.,4037.1,Food,Stressed,IMPULSIVE_SPENDER
3,2024-12-02,Him fight american music change.,2399.97,Leisure,Stressed,IMPULSIVE_SPENDER
3,2024-12-03,Bank price north first end.,369.29,Other,Excited,IMPULSIVE_SPENDER
3,2024-12-04,Moment red eight hand.,3802.6,Other,Sad,IMPULSIVE_SPENDER
3,2024-12-05,After sister should across treatment.,1190.86,Leisure,Neutral,IMPULSIVE_SPENDER
3,2024-12-06,There institution actually.,3099.44,Leisure,Neutral,IMPULSIVE_SPENDER
3,2024-12-15,None whose.,810.57,Leisure,Stressed,IMPULSIVE_SPENDER
3,2024-12-16,Involve thousand including.,2569.62,Education,Happy,IMPULSIVE_SPENDER
3,2024-12-17,Risk develop movement size.,367.35,Other,Stressed,IMPULSIVE_SPENDER
3,2024-12-20,Door end fire.,2642.13,Travel,Sad,IMPULSIVE_SPENDER
3,2024-12-21,Past product make of group.,720.41,Food,Neutral,IMPULSIVE_SPENDER
3,2024-12-22,Something story attorney summer.,4142.64,Food,Sad,IMPULSIVE_SPENDER
3,2024-12-23,During call north attention.,837.05,Other,Stressed,IMPULSIVE_SPENDER
3,2024-12-23,Those pressure street.,1576.58,Other,Stressed,IMPULSIVE_SPENDER
3,2024-12-26,Audience throw four allow international.,3146.42,Travel,Neutral,IMPULSIVE_SPENDER
3,2024-12-28,Woman meet report.,6376.74,Food,Stressed,IMPULSIVE_SPENDER
3,2024-12-31,Specific onto go.,1866.83,Food,Neutral,IMPULSIVE_SPENDER
3,2024-12-31,Mind door authority outside.,4735.95,Travel,Sad,IMPULSIVE_SPENDER
3,2025-01-04,Management produce bed stage.,278.3,Other,Happy,IMPULSIVE_SPENDER
3,2025-01-06,Kid put memory soldier.,129.8,Other,Stressed,IMPULSIVE_SPENDER
3,2025-01-08,Pattern ahead compare form full.,3314.69,Other,Excited,IMPULSIVE_SPENDER
3,2025-01-13,While same budget.,1609.56,Food,Neutral,IMPULSIVE_SPENDER
3,2025-01-15,Of interview fine.,10545.19,Food,Stressed,IMPULSIVE_SPENDER
3,2025-01-16,Sell only manage.,634.69,Leisure,Stressed,IMPULSIVE_SPENDER
3,2025-01-16,Identify say on yes.,1742.22,Food,Happy,IMPULSIVE_SPENDER
3,2025-01-20,Among black picture that treat.,668.05,Education,Stressed,IMPULSIVE_SPENDER
3,2025-01-20,Box organization.,2245.85,Leisure,Neutral,IMPULSIVE_SPENDER
3,2025-01-21,A value lot.,717.17,Leisure,Stressed,IMPULSIVE_SPENDER
3,2025-01-21,Moment eat personal.,1160.4,Other,Stressed,IMPULSIVE_SPENDER
3,2025-01-23,Mind easy foreign old.,5804.97,Food,Stressed,IMPULSIVE_SPENDER
3,2025-01-23,Build view.,3652.96,Other,Stressed,IMPULSIVE_SPENDER
3,2025-01-26,Book toward.,2620.27,Leisure,Happy,IMPULSIVE_SPENDER
3,2025-01-27,Money a.,187.38,Other,Stressed,IMPULSIVE_SPENDER
3,2025-01-28,Hear officer.,1609.65,Leisure,Neutral,IMPULSIVE_SPENDER
4,2024-08-01,Heavy what least mouth national.,325.15,Food,Happy,IMPULSIVE_SPENDER
4,2024-08-02,True culture.,283.41,Education,Stressed,IMPULSIVE_SPENDER
4,2024-08-02,Thing physical might.,7879.51,Other,Excited,IMPULSIVE_SPENDER
4,2024-08-05,Security arm.,763.96,Other,Excited,IMPULSIVE_SPENDER
4,2024-08-05,Million night your.,1470.04,Other,Stressed,IMPULSIVE_SPENDER
4,2024-08-05,Control piece behavior message wind.,2149.35,Other,Happy,IMPULSIVE_SPENDER
4,2024-08-05,Of interview fine.,4476.26,Food,Sad,IMPULSIVE_SPENDER
4,2024-08-07,Evidence enough claim suffer.,355.35,Leisure,Stressed,IMPULSIVE_SPENDER
4,2024-08-08,Son rock two.,2809.76,Other,Neutral,IMPULSIVE_SPENDER
4,2024-08-08,Professional color group.,10217.58,Leisure,Excited,IMPULSIVE_SPENDER
4,2024-08-09,Month whom stage soon.,3317.48,Travel,Sad,IMPULSIVE_SPENDER
4,2024-08-10,Turn surface listen.,2396.1,Leisure,Sad,IMPULSIVE_SPENDER
4,2024-08-10,Skin name door production back.,767.39,Food,Stressed,IMPULSIVE_SPENDER
4,2024-08-11,Bed food possible represent.,438.19,Leisure,Stressed,IMPULSIVE_SPENDER
4,2024-08-11,Happen a point here control.,186.17,Other,Neutral,IMPULSIVE_SPENDER
4,2024-08-12,Popular available public economy.,1716.75,Other,Neutral,IMPULSIVE_SPENDER
4,2024-08-12,Particularly score order modern.,806.43,Education,Sad,IMPULSIVE_SPENDER
4,2024-08-12,Almost outside middle.,1020.61,Other,Happy,IMPULSIVE_SPENDER
4,2024-08-13,Ready goal amount.,1311.66,Other,Stressed,IMPULSIVE_SPENDER
4,2024-08-13,Develop office approach son.,4275.22,Leisure,Stressed,IMPULSIVE_SPENDER
4,2024-08-14,Threat church big day couple.,2009.48,Food,Neutral,IMPULSIVE_SPENDER
4,2024-08-14,Voice boy wife condition.,5057.32,Food,Happy,IMPULSIVE_SPENDER
4,2024-08-14,Join black.,2466.66,Travel,Neutral,IMPULSIVE_SPENDER
4,2024-08-14,Size sing tree kitchen.,3114.38,Travel,Stressed,IMPULSIVE_SPENDER
4,2024-08-15,Machine whatever everything fear walk.,25128.68,Other,Stressed,IMPULSIVE_SPENDER
4,2024-08-15,Leg rest interest.,34060.52,Other,Stressed,IMPULSIVE_SPENDER
4,2024-08-16,Require bank child.,1136.74,Other,Happy,IMPULSIVE_SPENDER
4,2024-08-17,Remember nearly face feel.,996.26,Travel,Stressed,IMPULSIVE_SPENDER
4,2024-08-18,Security unit executive.,611.25,Food,Excited,IMPULSIVE_SPENDER
4,2024-08-18,Small control see the.,1556.71,Travel,Neutral,IMPULSIVE_SPENDER
4,2024-08-18,Score moment second.,1805.01,Travel,Stressed,IMPULSIVE_SPENDER
4,2024-08-19,That reflect send set fly.,334.38,Leisure,Sad,IMPULSIVE_SPENDER
4,2024-08-20,Project spring of.,1958.25,Other,Stressed,IMPULSIVE_SPENDER
4,2024-08-21,Main opportunity particularly question.,2043.44,Other,Stressed,IMPULSIVE_SPENDER
4,2024-08-21,On someone rise read.,5363.01,Leisure,Stressed,IMPULSIVE_SPENDER
4,2024-08-21,Condition all blood.,1715.98,Other,Neutral,IMPULSIVE_SPENDER
4,2024-08-21,Research month instead.,9468.92,Leisure,Sad,IMPULSIVE_SPENDER
4,2024-08-22,Professor beat window.,3036.89,Leisure,Stressed,IMPULSIVE_SPENDER
4,2024-08-22,True help.,63.6,Other,Stressed,IMPULSIVE_SPENDER
4,2024-08-22,Go exactly much food region.,564.86,Food,Stressed,IMPULSIVE_SPENDER
4,2024-08-22,Third letter sort reveal seven.,4971.17,Leisure,Stressed,IMPULSIVE_SPENDER
4,2024-08-23,Significant up still management.,5009.69,Leisure,Stressed,IMPULSIVE_SPENDER
4,2024-08-23,Investment pass drive.,1131.36,Food,Neutral,IMPULSIVE_SPENDER
4,2024-08-24,Base investment.,388.06,Food,Neutral,IMPULSIVE_SPENDER
4,2024-08-24,Onto site both change note.,604.11,Other,Stressed,IMPULSIVE_SPENDER
4,2024-08-24,Smile high open scientist.,1498.14,Food,Stressed,IMPULSIVE_SPENDER
4,2024-08-25,Improve them wait.,3312.87,Travel,Neutral,IMPULSIVE_SPENDER
4,2024-08-25,Door end fire.,1263.84,Travel,Sad,IMPULSIVE_SPENDER
4,2024-08-26,Wonder long consider care.,225.4,Other,Stressed,IMPULSIVE_SPENDER
4,2024-08-27,Senior service large under.,3957.72,Travel,Excited,IMPULSIVE_SPENDER
4,2024-08-27,Partner sing administration main according.,1423.35,Education,Neutral,IMPULSIVE_SPENDER
4,2024-08-28,Together let.,785.24,Education,Sad,IMPULSIVE_SPENDER
4,2024-08-28,Strategy face make.,203.3,Other,Stressed,IMPULSIVE_SPENDER
4,2024-08-28,Why outside.,276.73,Travel,Stressed,IMPULSIVE_SPENDER
4,2024-08-29,Consider here grow agreement.,627.17,Food,Neutral,IMPULSIVE_SPENDER
4,2024-08-30,Fear song save.,312.24,Other,Stressed,IMPULSIVE_SPENDER
4,2024-09-02,Consumer face.,1258.6,Leisure,Excited,IMPULSIVE_SPENDER
4,2024-09-04,Half president structure might.,2180.12,Leisure,Sad,IMPULSIVE_SPENDER
4,2024-09-05,Third coach congress husband.,541.08,Leisure,Stressed,IMPULSIVE_SPENDER
4,2024-09-05,Network outside parent.,4197.31,Other,Sad,IMPULSIVE_SPENDER
4,2024-09-05,Local director become.,1344.82,Other,Excited,IMPULSIVE_SPENDER
4,2024-09-05,Cultural allow.,1356.2,Other,Excited,IMPULSIVE_SPENDER
4,2024-09-06,Drug happy will young simply.,214.94,Travel,Stressed,IMPULSIVE_SPENDER
4,2024-09-06,Control bill.,1219.51,Other,Neutral,IMPULSIVE_SPENDER
4,2024-09-07,Whatever late specific.,2577.83,Other,Happy,IMPULSIVE_SPENDER
4,2024-09-07,Forward would finish around.,11657.18,Food,Sad,IMPULSIVE_SPENDER
4,2024-09-08,Authority interest red must art.,1314.33,Other,Neutral,IMPULSIVE_SPENDER
4,2024-09-11,Have decide environment.,1091.63,Other,Stressed,IMPULSIVE_SPENDER
4,2024-09-12,View know develop after.,1191.33,Food,Sad,IMPULSIVE_SPENDER
4,2024-09-13,Human see.,938.04,Other,Excited,IMPULSIVE_SPENDER
4,2024-09-14,Leg rest interest.,10656.16,Other,Excited,IMPULSIVE_SPENDER
4,2024-09-16,Heavy class story side speak.,1558.56,Leisure,Neutral,IMPULSIVE_SPENDER
4,2024-09-16,Camera sit environmental though.,3166.72,Other,Neutral,IMPULSIVE_SPENDER
4,2024-09-16,Model police finally girl.,1133.33,Leisure,Stressed,IMPULSIVE_SPENDER
4,2024-09-16,Begin hundred truth.,558.99,Other,Neutral,IMPULSIVE_SPENDER
4,2024-09-16,Carry fly water cut fire.,31.05,Education,Neutral,IMPULSIVE_SPENDER
4,2024-09-17,Strategy fight institution.,3326.37,Other,Happy,IMPULSIVE_SPENDER
4,2024-09-17,Ever day.,1836.31,Leisure,Stressed,IMPULSIVE_SPENDER
4,2024-09-18,Be move fly open.,280.69,Other,Happy,IMPULSIVE_SPENDER
4,2024-09-19,Leave bar prevent require.,2988.46,Other,Neutral,IMPULSIVE_SPENDER
4,2024-09-21,Stuff agreement professional team foot.,1122.27,Other,Stressed,IMPULSIVE_SPENDER
4,2024-09-21,Pretty section degree still.,1613.74,Other,Stressed,IMPULSIVE_SPENDER
4,2024-09-21,Society common stay ready.,819.08,Leisure,Neutral,IMPULSIVE_SPENDER
4,2024-09-24,Price my.,2735.01,Education,Stressed,IMPULSIVE_SPENDER
4,2024-09-24,Remember nearly face feel.,4120.95,Travel,Neutral,IMPULSIVE_SPENDER
4,2024-09-25,Increase consider.,818.82,Other,Neutral,IMPULSIVE_SPENDER
4,2024-09-25,Account ten sing.,2351.63,Food,Sad,IMPULSIVE_SPENDER
4,2024-09-26,Important source first him.,147.03,Other,Happy,IMPULSIVE_SPENDER
4,2024-09-26,Agreement us stuff.,2602.05,Travel,Stressed,IMPULSIVE_SPENDER
4,2024-09-26,Off southern suddenly.,3423.4,Other,Neutral,IMPULSIVE_SPENDER
4,2024-09-28,Receive to piece.,565.13,Travel,Stressed,IMPULSIVE_SPENDER
4,2024-09-28,Hold carry rest.,2575.24,Travel,Happy,IMPULSIVE_SPENDER
4,2024-09-30,Position interest.,401.55,Leisure,Stressed,IMPULSIVE_SPENDER
4,2024-09-30,Worker range feel.,104.6,Leisure,Neutral,IMPULSIVE_SPENDER
4,2024-10-01,Test they there.,1865.75,Leisure,Stressed,IMPULSIVE_SPENDER
4,2024-10-01,Push east never size fight.,1355.37,Travel,Stressed,IMPULSIVE_SPENDER
4,2024-10-03,Form newspaper.,1082.08,Other,Neutral,IMPULSIVE_SPENDER
4,2024-10-04,Enjoy instead dream.,5720.53,Other,Happy,IMPULSIVE_SPENDER
4,2024-10-05,Finally shoulder land.,225.82,Other,Neutral,IMPULSIVE_SPENDER
4,2024-10-06,Water fight security tough gas.,7562.05,Leisure,Stressed,IMPULSIVE_SPENDER
4,2024-10-09,Realize property show either.,246.87,Other,Stressed,IMPULSIVE_SPENDER
4,2024-10-10,Say other never fact.,313.22,Travel,Happy,IMPULSIVE_SPENDER
4,2024-10-10,Fish either boy between collection.,299.54,Food,Stressed,IMPULSIVE_SPENDER
4,2024-10-11,Inside big minute.,389.75,Leisure,Stressed,IMPULSIVE_SPENDER
4,2024-10-12,Present discussion.,1814.85,Education,Neutral,IMPULSIVE_SPENDER
4,2024-10-13,History drop point audience.,11321.52,Food,Neutral,IMPULSIVE_SPENDER
4,2024-10-13,Raise several west side admit.,2454.06,Other,Sad,IMPULSIVE_SPENDER
4,2024-10-13,Paper beyond indeed.,1048.01,Education,Stressed,IMPULSIVE_SPENDER
4,2024-10-14,Machine son television.,471.13,Travel,Neutral,IMPULSIVE_SPENDER
4,2024-10-15,Compare system white magazine after.,2507.17,Travel,Happy,IMPULSIVE_SPENDER
4,2024-10-17,Try opportunity public.,889.37,Other,Stressed,IMPULSIVE_SPENDER
4,2024-10-18,Like clear.,2526.94,Food,Neutral,IMPULSIVE_SPENDER
4,2024-10-18,Able customer figure.,2848.88,Travel,Stressed,IMPULSIVE_SPENDER
4,2024-10-19,On professional analysis color.,784.22,Other,Neutral,IMPULSIVE_SPENDER
4,2024-10-19,Industry impact certainly.,1526.83,Other,Neutral,IMPULSIVE_SPENDER
4,2024-10-19,Why station manager.,2130.54,Travel,Sad,IMPULSIVE_SPENDER
4,2024-10-19,Myself so growth time.,1851.45,Food,Stressed,IMPULSIVE_SPENDER
4,2024-10-20,Result sound.,1184.37,Leisure,Happy,IMPULSIVE_SPENDER
4,2024-10-20,Eight bed fill.,1037.31,Food,Neutral,IMPULSIVE_SPENDER
4,2024-10-20,Professor beat window.,1290.33,Leisure,Sad,IMPULSIVE_SPENDER
4,2024-10-20,Drive nation heart nearly season.,1943.86,Travel,Excited,IMPULSIVE_SPENDER
4,2024-10-21,Election conference when.,377.78,Leisure,Stressed,IMPULSIVE_SPENDER
4,2024-10-21,Society common stay ready.,400.07,Leisure,Excited,IMPULSIVE_SPENDER
4,2024-10-22,Believe product eat generation put.,1104.09,Leisure,Stressed,IMPULSIVE_SPENDER
4,2024-10-22,Dinner no main year size.,5581.63,Other,Neutral,IMPULSIVE_SPENDER
4,2024-10-23,End dog.,4719.16,Other,Happy,IMPULSIVE_SPENDER
4,2024-10-23,Democratic station course full.,4246.96,Food,Neutral,IMPULSIVE_SPENDER
4,2024-10-23,Finish increase economy middle public.,1405.85,Travel,Stressed,IMPULSIVE_SPENDER
4,2024-10-23,Quite response.,2693.27,Education,Happy,IMPULSIVE_SPENDER
4,2024-10-24,Strategy fight institution.,7169.11,Other,Stressed,IMPULSIVE_SPENDER
4,2024-10-24,Inside big minute.,525.19,Leisure,Sad,IMPULSIVE_SPENDER
4,2024-10-25,Human public health.,1082.3,Education,Happy,IMPULSIVE_SPENDER
4,2024-10-25,Hear certainly most not.,3614.22,Other,Happy,IMPULSIVE_SPENDER
4,2024-10-26,Determine not view cell seat.,1078.08,Food,Excited,IMPULSIVE_SPENDER
4,2024-10-26,And national spend.,5270.74,Food,Stressed,IMPULSIVE_SPENDER
4,2024-10-27,Road product wait.,2500.03,Education,Stressed,IMPULSIVE_SPENDER
4,2024-10-27,Land region back nor article.,1679.17,Other,Neutral,IMPULSIVE_SPENDER
4,2024-10-29,Democratic recent student specific political.,4487.35,Food,Stressed,IMPULSIVE_SPENDER
4,2024-10-29,Quite budget window hour some.,1227.81,Travel,Excited,IMPULSIVE_SPENDER
4,2024-10-29,Picture approach chance none fight.,4005.01,Travel,Excited,IMPULSIVE_SPENDER
4,2024-10-29,Car risk.,427.45,Food,Stressed,IMPULSIVE_SPENDER
4,2024-10-30,And student give score agree.,3194.94,Other,Stressed,IMPULSIVE_SPENDER
4,2024-10-30,Receive region however.,649.15,Food,Neutral,IMPULSIVE_SPENDER
4,2024-10-30,Relate day.,274.76,Leisure,Stressed,IMPULSIVE_SPENDER
4,2024-10-30,Memory challenge lawyer business.,4497.36,Food,Excited,IMPULSIVE_SPENDER
4,2024-11-01,Money modern receive partner.,53.29,Other,Stressed,IMPULSIVE_SPENDER
4,2024-11-01,Baby away affect medical all.,11484.45,Leisure,Stressed,IMPULSIVE_SPENDER
4,2024-11-03,Floor there career.,1504.55,Travel,Excited,IMPULSIVE_SPENDER
4,2024-11-03,Hope floor include.,1280.02,Other,Stressed,IMPULSIVE_SPENDER
4,2024-11-03,Score each.,808.11,Food,Neutral,IMPULSIVE_SPENDER
4,2024-11-04,Person one republican.,767.03,Leisure,Happy,IMPULSIVE_SPENDER
4,2024-11-04,Woman meet report.,3660.82,Food,Stressed,IMPULSIVE_SPENDER
4,2024-11-04,Environment character real middle prove.,1025.11,Other,Stressed,IMPULSIVE_SPENDER
4,2024-11-04,Third letter sort reveal seven.,2143.05,Leisure,Neutral,IMPULSIVE_SPENDER
4,2024-11-04,Nation politics few each southern.,1223.48,Education,Happy,IMPULSIVE_SPENDER
4,2024-11-04,Mind door authority outside.,1985.01,Travel,Stressed,IMPULSIVE_SPENDER
4,2024-11-05,Recent couple cost girl run.,2016.31,Leisure,Happy,IMPULSIVE_SPENDER
4,2024-11-06,Language however risk work.,1752.58,Leisure,Neutral,IMPULSIVE_SPENDER
4,2024-11-06,Common anyone.,733.86,Leisure,Stressed,IMPULSIVE_SPENDER
4,2024-11-07,Me brother lot candidate owner.,946.29,Leisure,Excited,IMPULSIVE_SPENDER
4,2024-11-07,Impact full our smile.,1892.99,Leisure,Sad,IMPULSIVE_SPENDER
4,2024-11-07,Song difference part wall require.,1709.75,Leisure,Stressed,IMPULSIVE_SPENDER
4,2024-11-08,Example decision garden.,317.5,Leisure,Stressed,IMPULSIVE_SPENDER
4,2024-11-08,Meet seem population.,1468.0,Education,Neutral,IMPULSIVE_SPENDER
4,2024-11-09,Moment eat personal.,15839.03,Other,Stressed,IMPULSIVE_SPENDER
4,2024-11-10,Officer forward trouble.,453.62,Education,Neutral,IMPULSIVE_SPENDER
4,2024-11-11,Difference attention whatever american.,649.73,Food,Excited,IMPULSIVE_SPENDER
4,2024-11-11,Score moment second.,1054.12,Travel,Stressed,IMPULSIVE_SPENDER
4,2024-11-15,Sense including six lot.,9956.61,Leisure,Excited,IMPULSIVE_SPENDER
4,2024-11-16,Development provide dark daughter.,1356.2,Food,Stressed,IMPULSIVE_SPENDER
4,2024-11-17,Food affect upon these story.,2324.74,Leisure,Sad,IMPULSIVE_SPENDER
4,2024-11-17,Be fire.,143.64,Leisure,Happy,IMPULSIVE_SPENDER
4,2024-11-18,Card star avoid nothing.,310.39,Food,Neutral,IMPULSIVE_SPENDER
4,2024-11-18,Long identify road speech.,1519.15,Other,Happy,IMPULSIVE_SPENDER
4,2024-11-19,Also available concern edge.,2539.87,Food,Stressed,IMPULSIVE_SPENDER
4,2024-11-19,Western order accept wide prevent.,22796.85,Travel,Stressed,IMPULSIVE_SPENDER
4,2024-11-19,Including let result spend.,3757.4,Travel,Happy,IMPULSIVE_SPENDER
4,2024-11-20,Inside big minute.,784.69,Leisure,Happy,IMPULSIVE_SPENDER
4,2024-11-20,Including let result spend.,6017.78,Travel,Stressed,IMPULSIVE_SPENDER
4,2024-11-21,Stuff avoid.,7558.18,Other,Neutral,IMPULSIVE_SPENDER
4,2024-11-21,He participant right.,84.91,Leisure,Neutral,IMPULSIVE_SPENDER
4,2024-11-21,Shake hand hundred now.,9337.32,Education,Stressed,IMPULSIVE_SPENDER
4,2024-11-22,Upon very act perform.,21469.27,Leisure,Stressed,IMPULSIVE_SPENDER
4,2024-11-22,Close month parent who up.,5176.48,Leisure,Sad,IMPULSIVE_SPENDER
4,2024-11-22,Hear officer.,2437.23,Leisure,Stressed,IMPULSIVE_SPENDER
4,2024-11-23,Thank avoid man drive.,785.79,Leisure,Excited,IMPULSIVE_SPENDER
4,2024-11-23,Statement position either.,1606.72,Travel,Happy,IMPULSIVE_SPENDER
4,2024-11-23,Scene almost leave.,7811.12,Leisure,Neutral,IMPULSIVE_SPENDER
4,2024-11-24,Baby lawyer growth matter note.,2949.88,Leisure,Neutral,IMPULSIVE_SPENDER
4,2024-11-25,Evidence enough claim suffer.,278.42,Leisure,Happy,IMPULSIVE_SPENDER
4,2024-11-25,Popular available public economy.,920.18,Other,Sad,IMPULSIVE_SPENDER
4,2024-11-25,Window music evening know.,722.1,Leisure,Sad,IMPULSIVE_SPENDER
4,2024-11-26,Remember nearly face feel.,2157.62,Travel,Happy,IMPULSIVE_SPENDER
4,2024-11-26,Whatever late specific.,1662.02,Other,Neutral,IMPULSIVE_SPENDER
4,2024-11-26,Gas with policy cut.,11749.7,Travel,Neutral,IMPULSIVE_SPENDER
4,2024-11-26,Something population loss physical.,8545.59,Leisure,Stressed,IMPULSIVE_SPENDER
4,2024-11-27,Remember nearly face feel.,3184.7,Travel,Stressed,IMPULSIVE_SPENDER
4,2024-11-29,Else easy point she.,644.5,Travel,Sad,IMPULSIVE_SPENDER
4,2024-11-29,Lay color.,619.78,Food,Happy,IMPULSIVE_SPENDER
4,2024-11-29,Energy always.,488.5,Travel,Stressed,IMPULSIVE_SPENDER
4,2024-12-01,Space beyond.,3900.53,Education,Neutral,IMPULSIVE_SPENDER
4,2024-12-02,Popular lead with.,1846.89,Leisure,Stressed,IMPULSIVE_SPENDER
4,2024-12-03,Age cover foreign.,1304.39,Leisure,Sad,IMPULSIVE_SPENDER
4,2024-12-03,Above others.,2722.93,Food,Stressed,IMPULSIVE_SPENDER
4,2024-12-04,Surface expect several evening town.,1776.46,Leisure,Stressed,IMPULSIVE_SPENDER
4,2024-12-04,Risk develop movement size.,3093.94,Other,Happy,IMPULSIVE_SPENDER
4,2024-12-06,Control bill.,5149.3,Other,Neutral,IMPULSIVE_SPENDER
4,2024-12-06,Let member however.,584.26,Other,Neutral,IMPULSIVE_SPENDER
4,2024-12-06,Amount bad raise.,1105.99,Other,Stressed,IMPULSIVE_SPENDER
4,2024-12-07,Less into per big.,3790.3,Food,Stressed,IMPULSIVE_SPENDER
4,2024-12-07,High issue deal democratic.,3529.26,Education,Stressed,IMPULSIVE_SPENDER
4,2024-12-08,Activity decide really go.,966.83,Food,Neutral,IMPULSIVE_SPENDER
4,2024-12-08,Information scene again country.,916.54,Leisure,Excited,IMPULSIVE_SPENDER
4,2024-12-09,Real art.,1052.83,Food,Happy,IMPULSIVE_SPENDER
4,2024-12-10,Cell city not not the.,1570.86,Other,Stressed,IMPULSIVE_SPENDER
4,2024-12-10,Old wall report purpose.,9258.82,Leisure,Stressed,IMPULSIVE_SPENDER
4,2024-12-10,Research month instead.,1969.04,Leisure,Sad,IMPULSIVE_SPENDER
4,2024-12-10,Until truth feeling view.,851.16,Other,Neutral,IMPULSIVE_SPENDER
4,2024-12-11,Thing industry participant realize.,2798.25,Leisure,Stressed,IMPULSIVE_SPENDER
4,2024-12-11,Citizen street region.,844.74,Other,Sad,IMPULSIVE_SPENDER
4,2024-12-13,Whose other.,3888.82,Other,Happy,IMPULSIVE_SPENDER
4,2024-12-13,Check purpose young.,818.82,Leisure,Stressed,IMPULSIVE_SPENDER
4,2024-12-14,Letter mind many.,4431.32,Other,Stressed,IMPULSIVE_SPENDER
4,2024-12-17,Bar professor power.,935.32,Leisure,Stressed,IMPULSIVE_SPENDER
4,2024-12-17,Fish evening avoid dark.,2639.93,Leisure,Stressed,IMPULSIVE_SPENDER
4,2024-12-18,Change she tonight.,4461.46,Travel,Neutral,IMPULSIVE_SPENDER
4,2024-12-20,Democratic station course full.,1919.04,Food,Stressed,IMPULSIVE_SPENDER
4,2024-12-21,Main board population.,5249.67,Leisure,Stressed,IMPULSIVE_SPENDER
4,2024-12-21,Long identify road speech.,833.38,Other,Stressed,IMPULSIVE_SPENDER
4,2024-12-22,Decision where foreign trial.,819.29,Leisure,Sad,IMPULSIVE_SPENDER
4,2024-12-22,Hand so add mr lawyer.,12675.33,Other,Neutral,IMPULSIVE_SPENDER
4,2024-12-23,Analysis hair rest wide.,2102.92,Food,Sad,IMPULSIVE_SPENDER
4,2024-12-23,Able customer figure.,1507.24,Travel,Excited,IMPULSIVE_SPENDER
4,2024-12-24,Best physical always small almost.,279.06,Leisure,Neutral,IMPULSIVE_SPENDER
4,2024-12-25,Voice american seven discussion.,85.75,Leisure,Stressed,IMPULSIVE_SPENDER
4,2024-12-25,Law agree appear political.,5309.35,Food,Excited,IMPULSIVE_SPENDER
4,2024-12-25,East list when.,992.64,Education,Neutral,IMPULSIVE_SPENDER
4,2024-12-26,Analysis color friend the.,1980.91,Education,Excited,IMPULSIVE_SPENDER
4,2024-12-27,Indeed believe interview professor.,1012.46,Travel,Neutral,IMPULSIVE_SPENDER
4,2024-12-27,Mr suggest issue.,3887.44,Food,Stressed,IMPULSIVE_SPENDER
4,2024-12-28,Important source first him.,229.32,Other,Sad,IMPULSIVE_SPENDER
4,2024-12-29,Across nothing.,5566.61,Food,Stressed,IMPULSIVE_SPENDER
4,2024-12-31,Never condition.,42.0,Leisure,Neutral,IMPULSIVE_SPENDER
4,2025-01-01,Something fine apply gas sing.,37.26,Other,Happy,IMPULSIVE_SPENDER
4,2025-01-02,Yard foot he share issue.,4113.82,Travel,Stressed,IMPULSIVE_SPENDER
4,2025-01-02,Turn surface listen.,513.52,Leisure,Sad,IMPULSIVE_SPENDER
4,2025-01-03,Indeed believe interview professor.,846.0,Travel,Sad,IMPULSIVE_SPENDER
4,2025-01-03,Exist theory.,3898.08,Other,Excited,IMPULSIVE_SPENDER
4,2025-01-03,Value thing these.,1474.58,Education,Happy,IMPULSIVE_SPENDER
4,2025-01-03,Peace wind guess.,803.1,Other,Stressed,IMPULSIVE_SPENDER
4,2025-01-04,Magazine degree husband around.,2636.88,Travel,Stressed,IMPULSIVE_SPENDER
4,2025-01-06,You ready way rule.,8386.92,Food,Stressed,IMPULSIVE_SPENDER
4,2025-01-06,Consider time economic high.,469.57,Education,Neutral,IMPULSIVE_SPENDER
4,2025-01-06,Current after charge.,4592.39,Other,Sad,IMPULSIVE_SPENDER
4,2025-01-07,Thousand live land hard.,4427.93,Food,Neutral,IMPULSIVE_SPENDER
4,2025-01-07,Senior difficult put.,783.72,Leisure,Stressed,IMPULSIVE_SPENDER
4,2025-01-07,Conference matter wear physical site.,441.5,Leisure,Neutral,IMPULSIVE_SPENDER
4,2025-01-08,As throughout individual list manager.,3778.3,Other,Happy,IMPULSIVE_SPENDER
4,2025-01-08,Participant price.,2867.14,Other,Sad,IMPULSIVE_SPENDER
4,2025-01-10,Call whole.,927.9,Leisure,Stressed,IMPULSIVE_SPENDER
4,2025-01-10,Future treat bill choice.,4143.52,Other,Stressed,IMPULSIVE_SPENDER
4,2025-01-11,Skin name door production back.,147.0,Food,Stressed,IMPULSIVE_SPENDER
4,2025-01-11,True help.,248.54,Other,Neutral,IMPULSIVE_SPENDER
4,2025-01-11,At decade really issue.,1528.94,Leisure,Stressed,IMPULSIVE_SPENDER
4,2025-01-12,Right know during someone.,888.68,Travel,Stressed,IMPULSIVE_SPENDER
4,2025-01-12,Pass range appear home player.,807.7,Education,Excited,IMPULSIVE_SPENDER
4,2025-01-12,Position interest.,87.01,Leisure,Stressed,IMPULSIVE_SPENDER
4,2025-01-13,Somebody prepare few sound.,613.27,Leisure,Stressed,IMPULSIVE_SPENDER
4,2025-01-13,She join house.,1501.71,Leisure,Stressed,IMPULSIVE_SPENDER
4,2025-01-13,Democratic recent student specific political.,1222.29,Food,Stressed,IMPULSIVE_SPENDER
4,2025-01-15,Money modern receive partner.,102.41,Other,Neutral,IMPULSIVE_SPENDER
4,2025-01-15,Yet wish certain usually.,5817.87,Food,Excited,IMPULSIVE_SPENDER
4,2025-01-15,Such final however major.,930.59,Travel,Neutral,IMPULSIVE_SPENDER
4,2025-01-16,Personal often.,817.22,Travel,Happy,IMPULSIVE_SPENDER
4,2025-01-16,Somebody next ready.,541.95,Other,Stressed,IMPULSIVE_SPENDER
4,2025-01-16,Effort drive side human.,332.82,Other,Stressed,IMPULSIVE_SPENDER
4,2025-01-17,Toward child future low.,1019.1,Food,Stressed,IMPULSIVE_SPENDER
4,2025-01-17,Somebody next ready.,8786.11,Other,Neutral,IMPULSIVE_SPENDER
4,2025-01-19,Capital program story mention majority.,5523.74,Travel,Sad,IMPULSIVE_SPENDER
4,2025-01-19,Laugh red man fly charge.,1727.81,Travel,Neutral,IMPULSIVE_SPENDER
4,2025-01-21,Race to television loss.,3073.85,Other,Happy,IMPULSIVE_SPENDER
4,2025-01-21,Heavy class story side speak.,3095.49,Leisure,Stressed,IMPULSIVE_SPENDER
4,2025-01-21,Kid put memory soldier.,109.89,Other,Stressed,IMPULSIVE_SPENDER
4,2025-01-21,Foreign husband believe word local.,1214.82,Travel,Neutral,IMPULSIVE_SPENDER
4,2025-01-21,Call whole.,1106.04,Leisure,Happy,IMPULSIVE_SPENDER
4,2025-01-23,Sure authority increase picture create.,2864.29,Leisure,Happy,IMPULSIVE_SPENDER
4,2025-01-23,While total spend.,225.07,Education,Happy,IMPULSIVE_SPENDER
4,2025-01-23,Into notice necessary true message.,563.15,Leisure,Sad,IMPULSIVE_SPENDER
4,2025-01-24,Democrat cost evidence third.,1277.85,Education,Stressed,IMPULSIVE_SPENDER
4,2025-01-24,Floor there career.,446.1,Travel,Happy,IMPULSIVE_SPENDER
4,2025-01-25,Player really act friend.,2158.22,Travel,Happy,IMPULSIVE_SPENDER
4,2025-01-26,On must certainly.,1710.54,Leisure,Stressed,IMPULSIVE_SPENDER
4,2025-01-27,Career according.,12062.37,Education,Stressed,IMPULSIVE_SPENDER
4,2025-01-29,Evidence conference capital office.,1791.09,Other,Stressed,IMPULSIVE_SPENDER
4,2025-01-29,Develop office approach son.,3104.62,Leisure,Stressed,IMPULSIVE_SPENDER
4,2025-01-29,Family bill foreign fast knowledge.,16625.66,Leisure,Excited,IMPULSIVE_SPENDER
4,2025-01-30,Democratic thousand.,2273.11,Travel,Neutral,IMPULSIVE_SPENDER
4,2025-01-30,Report agreement sport.,2914.74,Food,Sad,IMPULSIVE_SPENDER
4,2025-01-31,End dog.,4811.94,Other,Stressed,IMPULSIVE_SPENDER
5,2024-08-03,City usually ever.,3824.84,Leisure,Sad,IMPULSIVE_SPENDER
5,2024-08-05,Improve them wait.,2460.82,Travel,Neutral,IMPULSIVE_SPENDER
5,2024-08-08,Card star avoid nothing.,1284.42,Food,Excited,IMPULSIVE_SPENDER
5,2024-08-10,Positive question especially.,2175.35,Food,Stressed,IMPULSIVE_SPENDER
5,2024-08-10,Evening ahead smile.,522.08,Leisure,Stressed,IMPULSIVE_SPENDER
5,2024-08-12,Democratic recent student specific political.,1219.02,Food,Stressed,IMPULSIVE_SPENDER
5,2024-08-13,Popular available public economy.,1201.88,Other,Stressed,IMPULSIVE_SPENDER
5,2024-08-13,Serious produce.,2221.76,Other,Stressed,IMPULSIVE_SPENDER
5,2024-08-14,Huge garden family.,3321.54,Leisure,Stressed,IMPULSIVE_SPENDER
5,2024-08-15,Technology tend.,454.92,Leisure,Sad,IMPULSIVE_SPENDER
5,2024-08-16,Already because education break significant.,2568.2,Other,Sad,IMPULSIVE_SPENDER
5,2024-08-16,Country little reality level.,459.84,Leisure,Neutral,IMPULSIVE_SPENDER
5,2024-08-19,Could gun.,16005.0,Leisure,Stressed,IMPULSIVE_SPENDER
5,2024-08-21,Smile peace apply.,3561.37,Food,Stressed,IMPULSIVE_SPENDER
5,2024-08-21,Example decision garden.,238.74,Leisure,Stressed,IMPULSIVE_SPENDER
5,2024-08-23,Do interesting material.,26480.83,Travel,Stressed,IMPULSIVE_SPENDER
5,2024-08-23,Likely push.,2041.9,Other,Neutral,IMPULSIVE_SPENDER
5,2024-08-24,Win central.,719.58,Other,Happy,IMPULSIVE_SPENDER
5,2024-08-24,Discuss wall ahead scene.,2760.71,Education,Stressed,IMPULSIVE_SPENDER
5,2024-08-25,Leg sport until argue.,3031.64,Food,Sad,IMPULSIVE_SPENDER
5,2024-08-28,Particularly score order modern.,1366.75,Education,Neutral,IMPULSIVE_SPENDER
5,2024-08-29,Story activity.,696.37,Other,Stressed,IMPULSIVE_SPENDER
5,2024-08-29,Outside with each animal.,854.09,Travel,Stressed,IMPULSIVE_SPENDER
5,2024-08-31,Focus executive letter possible final.,8137.73,Other,Neutral,IMPULSIVE_SPENDER
5,2024-09-01,Happen a point here control.,176.48,Other,Stressed,IMPULSIVE_SPENDER
5,2024-09-01,Mean common.,1106.48,Travel,Stressed,IMPULSIVE_SPENDER
5,2024-09-03,Sure i pay.,2977.01,Other,Happy,IMPULSIVE_SPENDER
5,2024-09-03,Program sport her.,462.49,Education,Sad,IMPULSIVE_SPENDER
5,2024-09-04,Development the inside thought.,2735.51,Education,Sad,IMPULSIVE_SPENDER
5,2024-09-05,Financial popular short like.,1003.44,Leisure,Stressed,IMPULSIVE_SPENDER
5,2024-09-05,Something population loss physical.,9322.61,Leisure,Happy,IMPULSIVE_SPENDER
5,2024-09-05,Fact reason make office.,2074.42,Leisure,Sad,IMPULSIVE_SPENDER
5,2024-09-06,Indicate herself.,342.65,Leisure,Stressed,IMPULSIVE_SPENDER
5,2024-09-07,Idea seek.,229.94,Other,Happy,IMPULSIVE_SPENDER
5,2024-09-08,And national spend.,2717.82,Food,Stressed,IMPULSIVE_SPENDER
5,2024-09-08,Within prove full.,991.32,Education,Stressed,IMPULSIVE_SPENDER
5,2024-09-10,Require bank child.,388.13,Other,Stressed,IMPULSIVE_SPENDER
5,2024-09-10,Enter example down anyone occur.,5360.79,Education,Sad,IMPULSIVE_SPENDER
5,2024-09-10,Authority interest red must art.,1182.07,Other,Neutral,IMPULSIVE_SPENDER
5,2024-09-12,Live seat.,3774.62,Leisure,Stressed,IMPULSIVE_SPENDER
5,2024-09-13,Pattern ahead compare form full.,1373.62,Other,Stressed,IMPULSIVE_SPENDER
5,2024-09-13,Computer prove amount population.,3638.42,Travel,Neutral,IMPULSIVE_SPENDER
5,2024-09-14,Big look tell prepare.,244.91,Leisure,Stressed,IMPULSIVE_SPENDER
5,2024-09-15,National back everybody direction budget.,292.01,Other,Excited,IMPULSIVE_SPENDER
5,2024-09-16,Big the cost for leader.,1723.25,Leisure,Stressed,IMPULSIVE_SPENDER
5,2024-09-17,Step rate feeling rate.,62.6,Food,Sad,IMPULSIVE_SPENDER
5,2024-09-18,Recent couple cost girl run.,3563.39,Leisure,Excited,IMPULSIVE_SPENDER
5,2024-09-20,Case expert stop.,2297.8,Travel,Sad,IMPULSIVE_SPENDER
5,2024-09-21,Ball theory prepare much throughout.,2009.87,Travel,Stressed,IMPULSIVE_SPENDER
5,2024-09-22,Effort drive side human.,305.68,Other,Excited,IMPULSIVE_SPENDER
5,2024-09-22,Law agree appear political.,1058.63,Food,Neutral,IMPULSIVE_SPENDER
5,2024-09-29,Employee become happy water bring.,2222.97,Food,Happy,IMPULSIVE_SPENDER
5,2024-09-29,Need finally when.,2172.32,Leisure,Neutral,IMPULSIVE_SPENDER
5,2024-10-01,Bill eight community.,500.64,Other,Stressed,IMPULSIVE_SPENDER
5,2024-10-03,Yourself successful defense subject.,6905.67,Leisure,Neutral,IMPULSIVE_SPENDER
5,2024-10-03,Relate real major.,2230.82,Leisure,Happy,IMPULSIVE_SPENDER
5,2024-10-07,Together let.,1802.27,Education,Neutral,IMPULSIVE_SPENDER
5,2024-10-07,Camera sit environmental though.,888.55,Other,Stressed,IMPULSIVE_SPENDER
5,2024-10-10,Develop office approach son.,6307.37,Leisure,Stressed,IMPULSIVE_SPENDER
5,2024-10-10,Edge surface who.,1655.57,Travel,Excited,IMPULSIVE_SPENDER
5,2024-10-12,Owner memory argue project.,967.2,Other,Stressed,IMPULSIVE_SPENDER
5,2024-10-13,Talk interest hand.,394.43,Other,Sad,IMPULSIVE_SPENDER
5,2024-10-13,Goal talk sit party.,2140.36,Education,Stressed,IMPULSIVE_SPENDER
5,2024-10-13,Section child.,2847.12,Other,Stressed,IMPULSIVE_SPENDER
5,2024-10-14,Truth during always those high.,3188.99,Leisure,Neutral,IMPULSIVE_SPENDER
5,2024-10-16,Foreign husband believe word local.,1613.4,Travel,Neutral,IMPULSIVE_SPENDER
5,2024-10-16,Age war measure whom.,2350.96,Travel,Stressed,IMPULSIVE_SPENDER
5,2024-10-16,Smile high open scientist.,1201.03,Food,Sad,IMPULSIVE_SPENDER
5,2024-10-17,How staff.,142.99,Leisure,Happy,IMPULSIVE_SPENDER
5,2024-10-18,Race to television loss.,2599.59,Other,Stressed,IMPULSIVE_SPENDER
5,2024-10-20,There institution actually.,3040.57,Leisure,Neutral,IMPULSIVE_SPENDER
5,2024-10-21,Produce ago.,569.44,Other,Stressed,IMPULSIVE_SPENDER
5,2024-10-21,Value thing these.,1392.73,Education,Stressed,IMPULSIVE_SPENDER
5,2024-10-23,Fish evening avoid dark.,4531.39,Leisure,Stressed,IMPULSIVE_SPENDER
5,2024-10-25,True help.,337.47,Other,Neutral,IMPULSIVE_SPENDER
5,2024-10-26,Best generation group goal.,3766.14,Other,Neutral,IMPULSIVE_SPENDER
5,2024-10-27,Long identify road speech.,1540.55,Other,Stressed,IMPULSIVE_SPENDER
5,2024-10-28,Expect writer myself management.,3545.61,Leisure,Stressed,IMPULSIVE_SPENDER
5,2024-10-30,Body lead there there early.,7758.38,Other,Stressed,IMPULSIVE_SPENDER
5,2024-11-01,Red head window be.,3956.47,Education,Stressed,IMPULSIVE_SPENDER
5,2024-11-02,Maintain former campaign pretty beyond.,418.06,Food,Stressed,IMPULSIVE_SPENDER
5,2024-11-06,Able teach certain candidate economy.,611.39,Education,Stressed,IMPULSIVE_SPENDER
5,2024-11-06,Land day name small.,6790.25,Food,Sad,IMPULSIVE_SPENDER
5,2024-11-07,Group never.,697.8,Food,Excited,IMPULSIVE_SPENDER
5,2024-11-07,Space moment travel these least.,425.84,Other,Happy,IMPULSIVE_SPENDER
5,2024-11-09,Story activity.,241.89,Other,Stressed,IMPULSIVE_SPENDER
5,2024-11-10,Part management.,1998.52,Education,Excited,IMPULSIVE_SPENDER
5,2024-11-10,Society dark product make.,36.94,Leisure,Happy,IMPULSIVE_SPENDER
5,2024-11-10,Contain threat wrong whatever.,1003.18,Education,Stressed,IMPULSIVE_SPENDER
5,2024-11-11,History drop point audience.,7705.15,Food,Excited,IMPULSIVE_SPENDER
5,2024-11-11,None pressure lay future stay.,880.59,Leisure,Excited,IMPULSIVE_SPENDER
5,2024-11-12,Name skill medical after them.,3962.52,Other,Happy,IMPULSIVE_SPENDER
5,2024-11-13,Within woman.,5446.01,Food,Happy,IMPULSIVE_SPENDER
5,2024-11-14,Television argue mouth.,2441.95,Education,Neutral,IMPULSIVE_SPENDER
5,2024-11-15,Management game.,2383.73,Education,Neutral,IMPULSIVE_SPENDER
5,2024-11-15,On someone rise read.,3616.28,Leisure,Happy,IMPULSIVE_SPENDER
5,2024-11-16,Easy get every.,167.02,Leisure,Neutral,IMPULSIVE_SPENDER
5,2024-11-21,Exist theory.,4027.65,Other,Stressed,IMPULSIVE_SPENDER
5,2024-11-22,Actually than modern season.,1631.81,Education,Happy,IMPULSIVE_SPENDER
5,2024-11-24,Religious across.,572.01,Other,Stressed,IMPULSIVE_SPENDER
5,2024-11-25,Church own stage.,2484.7,Travel,Stressed,IMPULSIVE_SPENDER
5,2024-11-26,Contain threat wrong whatever.,692.03,Education,Stressed,IMPULSIVE_SPENDER
5,2024-11-26,Activity including single right.,1459.16,Leisure,Neutral,IMPULSIVE_SPENDER
5,2024-11-28,Career including late condition opportunity.,1267.02,Education,Neutral,IMPULSIVE_SPENDER
5,2024-11-28,Thing physical might.,4150.33,Other,Stressed,IMPULSIVE_SPENDER
5,2024-11-28,Price my.,556.29,Education,Stressed,IMPULSIVE_SPENDER
5,2024-11-29,A value lot.,3325.8,Leisure,Stressed,IMPULSIVE_SPENDER
5,2024-11-30,National back everybody direction budget.,552.23,Other,Stressed,IMPULSIVE_SPENDER
5,2024-11-30,Well mission situation result.,3208.67,Travel,Neutral,IMPULSIVE_SPENDER
5,2024-12-01,Up federal nor note.,487.27,Leisure,Stressed,IMPULSIVE_SPENDER
5,2024-12-01,Scientist will begin.,3035.16,Other,Sad,IMPULSIVE_SPENDER
5,2024-12-01,Senior service large under.,3239.8,Travel,Neutral,IMPULSIVE_SPENDER
5,2024-12-01,Difference attention whatever american.,425.49,Food,Excited,IMPULSIVE_SPENDER
5,2024-12-02,Recent couple cost girl run.,2485.11,Leisure,Stressed,IMPULSIVE_SPENDER
5,2024-12-02,Human see.,1253.08,Other,Stressed,IMPULSIVE_SPENDER
5,2024-12-05,Material less focus hear.,4765.17,Travel,Sad,IMPULSIVE_SPENDER
5,2024-12-05,Democratic station course full.,4851.56,Food,Neutral,IMPULSIVE_SPENDER
5,2024-12-06,Quite response.,3625.84,Education,Happy,IMPULSIVE_SPENDER
5,2024-12-08,On someone rise read.,3318.06,Leisure,Happy,IMPULSIVE_SPENDER
5,2024-12-08,Success teach mrs beat.,3882.6,Other,Stressed,IMPULSIVE_SPENDER
5,2024-12-10,Even beautiful.,2747.76,Education,Stressed,IMPULSIVE_SPENDER
5,2024-12-10,Charge form here.,252.73,Education,Stressed,IMPULSIVE_SPENDER
5,2024-12-11,Left available.,1018.63,Education,Stressed,IMPULSIVE_SPENDER
5,2024-12-11,Size sing tree kitchen.,2441.95,Travel,Happy,IMPULSIVE_SPENDER
5,2024-12-11,Somebody son suddenly perform.,175.59,Leisure,Stressed,IMPULSIVE_SPENDER
5,2024-12-11,Item yet ever quite.,1047.04,Travel,Neutral,IMPULSIVE_SPENDER
5,2024-12-14,Clear single expect.,1012.14,Education,Stressed,IMPULSIVE_SPENDER
5,2024-12-15,Security arm.,3720.41,Other,Sad,IMPULSIVE_SPENDER
5,2024-12-16,Respond into history.,493.36,Other,Neutral,IMPULSIVE_SPENDER
5,2024-12-19,Against only.,4531.55,Education,Stressed,IMPULSIVE_SPENDER
5,2024-12-19,Bank professional true financial.,1425.89,Food,Stressed,IMPULSIVE_SPENDER
5,2024-12-20,Property let.,921.23,Leisure,Excited,IMPULSIVE_SPENDER
5,2024-12-20,Ahead picture son.,6654.57,Travel,Neutral,IMPULSIVE_SPENDER
5,2024-12-20,Boy different chance enter.,412.09,Education,Neutral,IMPULSIVE_SPENDER
5,2024-12-20,Stage threat our.,834.58,Other,Stressed,IMPULSIVE_SPENDER
5,2024-12-22,Something story attorney summer.,1835.19,Food,Neutral,IMPULSIVE_SPENDER
5,2024-12-22,She they.,2459.27,Education,Stressed,IMPULSIVE_SPENDER
5,2024-12-23,Method exactly.,886.02,Other,Stressed,IMPULSIVE_SPENDER
5,2024-12-23,Challenge organization floor road southern.,1875.45,Travel,Stressed,IMPULSIVE_SPENDER
5,2024-12-25,Three certain.,1610.77,Travel,Stressed,IMPULSIVE_SPENDER
5,2024-12-25,Best generation group goal.,1730.61,Other,Excited,IMPULSIVE_SPENDER
5,2024-12-25,Store natural today season.,222.05,Other,Stressed,IMPULSIVE_SPENDER
5,2024-12-26,Adult above safe.,2734.85,Leisure,Stressed,IMPULSIVE_SPENDER
5,2024-12-27,Analysis hair rest wide.,1510.22,Food,Excited,IMPULSIVE_SPENDER
5,2024-12-27,Boy other foot best.,3245.49,Leisure,Stressed,IMPULSIVE_SPENDER
5,2024-12-29,Western enough key.,747.24,Food,Stressed,IMPULSIVE_SPENDER
5,2024-12-31,Seven project chance road.,762.65,Leisure,Sad,IMPULSIVE_SPENDER
5,2025-01-02,Produce ago.,1462.89,Other,Stressed,IMPULSIVE_SPENDER
5,2025-01-02,Career surface these ahead.,6776.26,Leisure,Happy,IMPULSIVE_SPENDER
5,2025-01-04,Smile peace apply.,1537.72,Food,Neutral,IMPULSIVE_SPENDER
5,2025-01-04,Reach under.,2928.01,Other,Neutral,IMPULSIVE_SPENDER
5,2025-01-06,Hard knowledge enjoy let.,5430.8,Leisure,Stressed,IMPULSIVE_SPENDER
5,2025-01-07,Pressure hospital significant.,306.72,Travel,Sad,IMPULSIVE_SPENDER
5,2025-01-08,Site girl into have media.,6769.02,Leisure,Happy,IMPULSIVE_SPENDER
5,2025-01-10,Newspaper indicate other.,1595.87,Travel,Stressed,IMPULSIVE_SPENDER
5,2025-01-11,Behind front attack song little.,14294.81,Education,Stressed,IMPULSIVE_SPENDER
5,2025-01-12,Likely scientist.,698.73,Travel,Neutral,IMPULSIVE_SPENDER
5,2025-01-12,Billion land detail exist cover.,5666.66,Other,Neutral,IMPULSIVE_SPENDER
5,2025-01-12,Result size feel no nothing.,722.11,Other,Excited,IMPULSIVE_SPENDER
5,2025-01-13,Nature performance yeah.,2006.44,Other,Stressed,IMPULSIVE_SPENDER
5,2025-01-15,Pattern ahead compare form full.,1693.13,Other,Stressed,IMPULSIVE_SPENDER
5,2025-01-15,Source husband.,245.58,Leisure,Stressed,IMPULSIVE_SPENDER
5,2025-01-16,Require bank child.,376.09,Other,Neutral,IMPULSIVE_SPENDER
5,2025-01-20,Be plan same cause.,13409.15,Other,Stressed,IMPULSIVE_SPENDER
5,2025-01-21,Body lead there there early.,2762.65,Other,Sad,IMPULSIVE_SPENDER
5,2025-01-22,Like clear.,2091.03,Food,Stressed,IMPULSIVE_SPENDER
5,2025-01-22,Store bit responsibility brother.,1443.71,Other,Sad,IMPULSIVE_SPENDER
5,2025-01-23,Your ever woman way avoid.,160.64,Food,Excited,IMPULSIVE_SPENDER
5,2025-01-24,Sort knowledge analysis together court.,221.46,Leisure,Stressed,IMPULSIVE_SPENDER
5,2025-01-25,Ahead from quickly identify.,748.64,Education,Stressed,IMPULSIVE_SPENDER
5,2025-01-27,Build view.,6239.82,Other,Stressed,IMPULSIVE_SPENDER
5,2025-01-28,Can mouth discover.,599.49,Leisure,Happy,IMPULSIVE_SPENDER
5,2025-01-28,Week yourself public especially american.,379.21,Leisure,Sad,IMPULSIVE_SPENDER
5,2025-01-29,Part crime.,2923.94,Food,Happy,IMPULSIVE_SPENDER
5,2025-01-30,Thing industry participant realize.,2572.35,Leisure,Neutral,IMPULSIVE_SPENDER
5,2025-01-31,Than physical live reason.,652.67,Other,Happy,IMPULSIVE_SPENDER
6,2024-08-01,Fact huge fight.,925.64,Leisure,Neutral,IMPULSIVE_SPENDER
6,2024-08-02,Million kind everything young.,2049.74,Food,Happy,IMPULSIVE_SPENDER
6,2024-08-02,Moment eat personal.,2749.61,Other,Excited,IMPULSIVE_SPENDER
6,2024-08-04,Southern front.,2978.21,Travel,Sad,IMPULSIVE_SPENDER
6,2024-08-05,Leader both rest challenge.,1056.68,Food,Neutral,IMPULSIVE_SPENDER
6,2024-08-05,Clear single expect.,352.53,Education,Neutral,IMPULSIVE_SPENDER
6,2024-08-05,Go consider century price.,1287.58,Food,Stressed,IMPULSIVE_SPENDER
6,2024-08-06,Forget once hope security.,991.08,Travel,Happy,IMPULSIVE_SPENDER
6,2024-08-07,Door end fire.,14431.24,Travel,Stressed,IMPULSIVE_SPENDER
6,2024-08-09,Create physical share out cold.,142.78,Other,Happy,IMPULSIVE_SPENDER
6,2024-08-10,Expert movement reach man.,440.72,Other,Neutral,IMPULSIVE_SPENDER
6,2024-08-11,Open million house enough.,2319.3,Leisure,Stressed,IMPULSIVE_SPENDER
6,2024-08-12,Door end fire.,1360.2,Travel,Happy,IMPULSIVE_SPENDER
6,2024-08-12,Discussion detail training fund.,426.85,Other,Sad,IMPULSIVE_SPENDER
6,2024-08-13,Your less social form.,6375.44,Food,Sad,IMPULSIVE_SPENDER
6,2024-08-13,Sign wall.,4275.36,Leisure,Excited,IMPULSIVE_SPENDER
6,2024-08-15,Best physical always small almost.,887.97,Leisure,Happy,IMPULSIVE_SPENDER
6,2024-08-15,Should page camera.,3743.84,Education,Excited,IMPULSIVE_SPENDER
6,2024-08-15,Option goal avoid.,2897.7,Leisure,Stressed,IMPULSIVE_SPENDER
6,2024-08-16,Real know our any.,2142.22,Other,Happy,IMPULSIVE_SPENDER
6,2024-08-16,Option oil commercial.,1076.97,Education,Happy,IMPULSIVE_SPENDER
6,2024-08-17,Listen against coach.,2733.24,Food,Happy,IMPULSIVE_SPENDER
6,2024-08-18,Professor beat window.,1780.37,Leisure,Stressed,IMPULSIVE_SPENDER
6,2024-08-18,What strong line.,100.17,Leisure,Stressed,IMPULSIVE_SPENDER
6,2024-08-18,Since him four.,874.38,Education,Excited,IMPULSIVE_SPENDER
6,2024-08-19,Company left nothing trip.,1183.51,Leisure,Stressed,IMPULSIVE_SPENDER
6,2024-08-20,Road product wait.,1725.25,Education,Happy,IMPULSIVE_SPENDER
6,2024-08-20,Past feeling nature.,2747.0,Food,Sad,IMPULSIVE_SPENDER
6,2024-08-20,Strategy face make.,251.99,Other,Neutral,IMPULSIVE_SPENDER
6,2024-08-20,Ever day.,382.12,Leisure,Stressed,IMPULSIVE_SPENDER
6,2024-08-20,Nearly care base.,1992.28,Travel,Happy,IMPULSIVE_SPENDER
6,2024-08-20,Have including none.,2309.46,Other,Stressed,IMPULSIVE_SPENDER
6,2024-08-21,Leader operation mean white.,1159.39,Education,Stressed,IMPULSIVE_SPENDER
6,2024-08-21,Base player data whose.,3328.84,Leisure,Happy,IMPULSIVE_SPENDER
6,2024-08-22,Across nothing.,3661.05,Food,Neutral,IMPULSIVE_SPENDER
6,2024-08-22,Mr suggest issue.,1145.29,Food,Neutral,IMPULSIVE_SPENDER
6,2024-08-22,Peace wind guess.,1910.49,Other,Sad,IMPULSIVE_SPENDER
6,2024-08-23,Reach under.,618.35,Other,Stressed,IMPULSIVE_SPENDER
6,2024-08-23,Since him four.,4671.85,Education,Excited,IMPULSIVE_SPENDER
6,2024-08-24,Heavy staff hotel box.,623.8,Leisure,Neutral,IMPULSIVE_SPENDER
6,2024-08-24,Arrive society.,2300.08,Leisure,Stressed,IMPULSIVE_SPENDER
6,2024-08-25,Seven here sell story.,2111.85,Other,Sad,IMPULSIVE_SPENDER
6,2024-08-25,Choice father why often.,1261.84,Food,Happy,IMPULSIVE_SPENDER
6,2024-08-25,Whether century quality.,886.73,Travel,Happy,IMPULSIVE_SPENDER
6,2024-08-28,Star executive fear.,11497.99,Other,Happy,IMPULSIVE_SPENDER
6,2024-08-29,Go consider century price.,1349.18,Food,Stressed,IMPULSIVE_SPENDER
6,2024-08-29,View know develop after.,7781.73,Food,Sad,IMPULSIVE_SPENDER
6,2024-08-31,Former able public trade.,4258.82,Food,Stressed,IMPULSIVE_SPENDER
6,2024-08-31,So draw food company.,2151.94,Travel,Stressed,IMPULSIVE_SPENDER
6,2024-09-02,Finish without.,150.69,Other,Happy,IMPULSIVE_SPENDER
6,2024-09-04,Really society live camera.,59.72,Travel,Neutral,IMPULSIVE_SPENDER
6,2024-09-04,Yourself successful defense subject.,1332.73,Leisure,Neutral,IMPULSIVE_SPENDER
6,2024-09-04,Quickly new another general poor.,496.3,Travel,Stressed,IMPULSIVE_SPENDER
6,2024-09-04,Affect marriage present a.,5900.51,Education,Stressed,IMPULSIVE_SPENDER
6,2024-09-04,Lawyer writer health.,4400.63,Education,Neutral,IMPULSIVE_SPENDER
6,2024-09-05,Huge response long.,36.69,Travel,Stressed,IMPULSIVE_SPENDER
6,2024-09-05,Space moment travel these least.,988.44,Other,Sad,IMPULSIVE_SPENDER
6,2024-09-05,Bed report item.,2843.74,Leisure,Stressed,IMPULSIVE_SPENDER
6,2024-09-06,City usually ever.,2058.01,Leisure,Stressed,IMPULSIVE_SPENDER
6,2024-09-07,Brother let.,3952.25,Leisure,Neutral,IMPULSIVE_SPENDER
6,2024-09-08,Could gun.,6075.63,Leisure,Neutral,IMPULSIVE_SPENDER
6,2024-09-09,Network fact talk.,357.86,Leisure,Happy,IMPULSIVE_SPENDER
6,2024-09-09,Much section investment on gun.,3505.94,Other,Excited,IMPULSIVE_SPENDER
6,2024-09-10,He participant right.,360.76,Leisure,Sad,IMPULSIVE_SPENDER
6,2024-09-13,By two bad fall pick.,2873.1,Food,Stressed,IMPULSIVE_SPENDER
6,2024-09-13,Industry impact certainly.,7754.91,Other,Sad,IMPULSIVE_SPENDER
6,2024-09-14,Above others.,5879.92,Food,Happy,IMPULSIVE_SPENDER
6,2024-09-15,Heart determine likely.,11416.49,Other,Stressed,IMPULSIVE_SPENDER
6,2024-09-15,Cost attorney.,1037.89,Travel,Happy,IMPULSIVE_SPENDER
6,2024-09-15,Success here television key.,1869.67,Other,Stressed,IMPULSIVE_SPENDER
6,2024-09-17,Democratic thousand.,7877.86,Travel,Neutral,IMPULSIVE_SPENDER
6,2024-09-18,Recent couple cost girl run.,5324.57,Leisure,Excited,IMPULSIVE_SPENDER
6,2024-09-18,As throughout individual list manager.,1386.65,Other,Neutral,IMPULSIVE_SPENDER
6,2024-09-19,Past feeling nature.,323.58,Food,Stressed,IMPULSIVE_SPENDER
6,2024-09-20,Democrat hundred.,341.69,Other,Happy,IMPULSIVE_SPENDER
6,2024-09-20,Skin name door production back.,1196.26,Food,Stressed,IMPULSIVE_SPENDER
6,2024-09-21,Ago race quite hour.,1041.87,Food,Happy,IMPULSIVE_SPENDER
6,2024-09-21,Nothing behavior sort recognize.,4717.43,Education,Sad,IMPULSIVE_SPENDER
6,2024-09-22,Member box.,2266.95,Leisure,Excited,IMPULSIVE_SPENDER
6,2024-09-23,Beyond family movement hospital back.,1839.67,Other,Neutral,IMPULSIVE_SPENDER
6,2024-09-23,Value thing these.,1890.8,Education,Excited,IMPULSIVE_SPENDER
6,2024-09-23,Wear use edge this draw.,3500.52,Leisure,Stressed,IMPULSIVE_SPENDER
6,2024-09-25,Memory challenge lawyer business.,1220.33,Food,Stressed,IMPULSIVE_SPENDER
6,2024-09-26,Majority none little admit former.,2476.81,Leisure,Stressed,IMPULSIVE_SPENDER
6,2024-09-26,Quite everyone as generation.,2352.97,Other,Happy,IMPULSIVE_SPENDER
6,2024-09-27,People newspaper stay.,120.89,Other,Sad,IMPULSIVE_SPENDER
6,2024-09-27,Company option character land space.,593.12,Leisure,Sad,IMPULSIVE_SPENDER
6,2024-09-27,Us perhaps lawyer interest star.,245.61,Other,Stressed,IMPULSIVE_SPENDER
6,2024-09-29,Research month instead.,3328.74,Leisure,Happy,IMPULSIVE_SPENDER
6,2024-09-30,Individual analysis.,2709.43,Leisure,Happy,IMPULSIVE_SPENDER
6,2024-10-01,Name skill medical after them.,994.67,Other,Stressed,IMPULSIVE_SPENDER
6,2024-10-01,Tree note responsibility.,672.68,Education,Stressed,IMPULSIVE_SPENDER
6,2024-10-01,Space beyond.,396.25,Education,Stressed,IMPULSIVE_SPENDER
6,2024-10-02,Lawyer writer health.,4390.59,Education,Happy,IMPULSIVE_SPENDER
6,2024-10-02,Nation politics few each southern.,1001.2,Education,Excited,IMPULSIVE_SPENDER
6,2024-10-02,Also hard expert popular.,781.71,Food,Stressed,IMPULSIVE_SPENDER
6,2024-10-03,Activity including single right.,6223.12,Leisure,Stressed,IMPULSIVE_SPENDER
6,2024-10-03,Doctor news yourself.,91.08,Food,Sad,IMPULSIVE_SPENDER
6,2024-10-03,Pass range appear home player.,1109.51,Education,Neutral,IMPULSIVE_SPENDER
6,2024-10-03,Whatever late specific.,2224.05,Other,Excited,IMPULSIVE_SPENDER
6,2024-10-03,President girl condition.,70.03,Travel,Stressed,IMPULSIVE_SPENDER
6,2024-10-03,Recent couple cost girl run.,622.32,Leisure,Stressed,IMPULSIVE_SPENDER
6,2024-10-05,Hope floor include.,1059.91,Other,Sad,IMPULSIVE_SPENDER
6,2024-10-08,Analysis color friend the.,5042.08,Education,Stressed,IMPULSIVE_SPENDER
6,2024-10-09,Him note painting quickly.,797.86,Other,Stressed,IMPULSIVE_SPENDER
6,2024-10-09,Remember ability.,2836.76,Other,Happy,IMPULSIVE_SPENDER
6,2024-10-11,Development provide dark daughter.,4743.84,Food,Stressed,IMPULSIVE_SPENDER
6,2024-10-12,Oil per line create build.,2283.05,Leisure,Stressed,IMPULSIVE_SPENDER
6,2024-10-14,Week real course school everybody.,1361.86,Education,Sad,IMPULSIVE_SPENDER
6,2024-10-14,Not friend federal forget bit.,765.63,Other,Neutral,IMPULSIVE_SPENDER
6,2024-10-15,Might necessary former.,1947.84,Travel,Stressed,IMPULSIVE_SPENDER
6,2024-10-16,Draw police.,1661.6,Leisure,Stressed,IMPULSIVE_SPENDER
6,2024-10-16,Audience throw four allow international.,1183.06,Travel,Stressed,IMPULSIVE_SPENDER
6,2024-10-16,Feel special.,1542.41,Other,Happy,IMPULSIVE_SPENDER
6,2024-10-17,Leg themselves away.,1998.43,Food,Neutral,IMPULSIVE_SPENDER
6,2024-10-17,Energy always.,1022.65,Travel,Stressed,IMPULSIVE_SPENDER
6,2024-10-18,Network outside parent.,2692.87,Other,Happy,IMPULSIVE_SPENDER
6,2024-10-18,Owner memory argue project.,1337.49,Other,Stressed,IMPULSIVE_SPENDER
6,2024-10-18,Ready goal amount.,2643.03,Other,Stressed,IMPULSIVE_SPENDER
6,2024-10-20,Baby lawyer growth matter note.,13560.49,Leisure,Sad,IMPULSIVE_SPENDER
6,2024-10-21,Lawyer writer health.,5817.37,Education,Stressed,IMPULSIVE_SPENDER
6,2024-10-21,Skill successful and.,45.04,Other,Sad,IMPULSIVE_SPENDER
6,2024-10-22,Approach about because.,1999.97,Leisure,Sad,IMPULSIVE_SPENDER
6,2024-10-23,Point be shoulder price great.,27956.66,Leisure,Neutral,IMPULSIVE_SPENDER
6,2024-10-23,Week yourself public especially american.,1382.68,Leisure,Excited,IMPULSIVE_SPENDER
6,2024-10-24,Section child.,932.81,Other,Neutral,IMPULSIVE_SPENDER
6,2024-10-24,Adult above safe.,1536.48,Leisure,Stressed,IMPULSIVE_SPENDER
6,2024-10-25,Sometimes while sense window.,1745.33,Leisure,Stressed,IMPULSIVE_SPENDER
6,2024-10-26,Finally shoulder land.,1080.32,Other,Excited,IMPULSIVE_SPENDER
6,2024-10-26,Serious produce.,2990.27,Other,Neutral,IMPULSIVE_SPENDER
6,2024-10-28,Remember nearly face feel.,3580.2,Travel,Sad,IMPULSIVE_SPENDER
6,2024-10-29,More road development about.,13888.79,Travel,Stressed,IMPULSIVE_SPENDER
6,2024-10-30,Above dog brother morning.,1309.66,Food,Stressed,IMPULSIVE_SPENDER
6,2024-10-30,After sister should across treatment.,322.64,Leisure,Stressed,IMPULSIVE_SPENDER
6,2024-10-30,Hand so add mr lawyer.,1406.95,Other,Happy,IMPULSIVE_SPENDER
6,2024-10-31,Actually than modern season.,1740.15,Education,Stressed,IMPULSIVE_SPENDER
6,2024-11-01,Smile peace apply.,1659.14,Food,Stressed,IMPULSIVE_SPENDER
6,2024-11-03,Finish thing.,1241.8,Other,Neutral,IMPULSIVE_SPENDER
6,2024-11-04,Size republican political.,4109.27,Travel,Happy,IMPULSIVE_SPENDER
6,2024-11-04,Never effect fill general relationship.,12422.64,Leisure,Neutral,IMPULSIVE_SPENDER
6,2024-11-05,Religious order.,4082.46,Travel,Neutral,IMPULSIVE_SPENDER
6,2024-11-05,Think live bad total research.,2429.97,Leisure,Happy,IMPULSIVE_SPENDER
6,2024-11-05,Bill eight community.,438.28,Other,Excited,IMPULSIVE_SPENDER
6,2024-11-05,Thing physical might.,2816.11,Other,Happy,IMPULSIVE_SPENDER
6,2024-11-05,Nature country.,4140.32,Other,Stressed,IMPULSIVE_SPENDER
6,2024-11-06,Difference way type positive phone.,2271.09,Education,Sad,IMPULSIVE_SPENDER
6,2024-11-06,White likely teacher one.,4334.09,Leisure,Happy,IMPULSIVE_SPENDER
6,2024-11-06,Long identify road speech.,2410.49,Other,Sad,IMPULSIVE_SPENDER
6,2024-11-06,My serious whatever miss seek.,16082.46,Education,Neutral,IMPULSIVE_SPENDER
6,2024-11-06,Charge form here.,601.8,Education,Stressed,IMPULSIVE_SPENDER
6,2024-11-07,Until truth feeling view.,785.27,Other,Neutral,IMPULSIVE_SPENDER
6,2024-11-07,Concern ability reduce.,12427.34,Travel,Stressed,IMPULSIVE_SPENDER
6,2024-11-08,Month whom stage soon.,2009.81,Travel,Excited,IMPULSIVE_SPENDER
6,2024-11-08,Consider here grow agreement.,759.25,Food,Stressed,IMPULSIVE_SPENDER
6,2024-11-09,First blood accept final.,1167.13,Leisure,Happy,IMPULSIVE_SPENDER
6,2024-11-10,Food affect upon these story.,3175.5,Leisure,Excited,IMPULSIVE_SPENDER
6,2024-11-10,Edge surface who.,2464.18,Travel,Stressed,IMPULSIVE_SPENDER
6,2024-11-10,Training occur could painting.,2055.47,Travel,Stressed,IMPULSIVE_SPENDER
6,2024-11-10,Network outside parent.,4592.43,Other,Stressed,IMPULSIVE_SPENDER
6,2024-11-11,Nation politics few each southern.,1822.79,Education,Stressed,IMPULSIVE_SPENDER
6,2024-11-11,Choice prepare.,3701.51,Other,Stressed,IMPULSIVE_SPENDER
6,2024-11-12,Consider here grow agreement.,474.97,Food,Happy,IMPULSIVE_SPENDER
6,2024-11-13,Live seat.,6771.53,Leisure,Happy,IMPULSIVE_SPENDER
6,2024-11-13,Stage someone for power.,2840.61,Other,Neutral,IMPULSIVE_SPENDER
6,2024-11-14,Take family chance.,9429.81,Other,Stressed,IMPULSIVE_SPENDER
6,2024-11-14,Day already hold.,785.39,Other,Happy,IMPULSIVE_SPENDER
6,2024-11-15,You ready way rule.,1423.63,Food,Sad,IMPULSIVE_SPENDER
6,2024-11-15,For age size.,2695.71,Education,Happy,IMPULSIVE_SPENDER
6,2024-11-15,Specific onto go.,541.25,Food,Sad,IMPULSIVE_SPENDER
6,2024-11-17,He participant right.,297.68,Leisure,Happy,IMPULSIVE_SPENDER
6,2024-11-18,Time surface learn design.,3331.76,Other,Sad,IMPULSIVE_SPENDER
6,2024-11-18,Go consider century price.,435.96,Food,Stressed,IMPULSIVE_SPENDER
6,2024-11-19,Yard foot he share issue.,2021.9,Travel,Excited,IMPULSIVE_SPENDER
6,2024-11-20,Develop staff least figure.,2233.01,Other,Stressed,IMPULSIVE_SPENDER
6,2024-11-20,General final knowledge.,2166.71,Food,Stressed,IMPULSIVE_SPENDER
6,2024-11-23,Let back three.,2282.66,Leisure,Happy,IMPULSIVE_SPENDER
6,2024-11-24,Drive nation heart nearly season.,1102.34,Travel,Stressed,IMPULSIVE_SPENDER
6,2024-11-24,Company left nothing trip.,2022.69,Leisure,Stressed,IMPULSIVE_SPENDER
6,2024-11-25,Section agency lawyer sign them.,2473.99,Other,Happy,IMPULSIVE_SPENDER
6,2024-11-26,Country remember smile.,3037.38,Leisure,Happy,IMPULSIVE_SPENDER
6,2024-11-27,Floor music catch discuss.,3496.27,Other,Sad,IMPULSIVE_SPENDER
6,2024-11-27,Adult above safe.,713.83,Leisure,Stressed,IMPULSIVE_SPENDER
6,2024-11-27,On professional analysis color.,1291.11,Other,Excited,IMPULSIVE_SPENDER
6,2024-11-27,Score moment second.,2034.86,Travel,Sad,IMPULSIVE_SPENDER
6,2024-11-28,However style.,4409.34,Food,Stressed,IMPULSIVE_SPENDER
6,2024-11-29,Like clear.,1650.21,Food,Excited,IMPULSIVE_SPENDER
6,2024-11-29,Letter mind many.,9067.22,Other,Stressed,IMPULSIVE_SPENDER
6,2024-11-29,Go exactly much food region.,1321.32,Food,Neutral,IMPULSIVE_SPENDER
6,2024-11-30,Arrive society.,2275.48,Leisure,Sad,IMPULSIVE_SPENDER
6,2024-12-01,Something future they red.,290.9,Leisure,Stressed,IMPULSIVE_SPENDER
6,2024-12-04,Industry impact certainly.,1721.29,Other,Sad,IMPULSIVE_SPENDER
6,2024-12-05,Receive to piece.,865.35,Travel,Stressed,IMPULSIVE_SPENDER
6,2024-12-06,Building range national focus.,1961.52,Leisure,Stressed,IMPULSIVE_SPENDER
6,2024-12-07,Race return pretty young.,1675.75,Travel,Stressed,IMPULSIVE_SPENDER
6,2024-12-07,Authority number.,1201.63,Other,Neutral,IMPULSIVE_SPENDER
6,2024-12-09,Size sing tree kitchen.,1243.95,Travel,Sad,IMPULSIVE_SPENDER
6,2024-12-10,Fact reason make office.,1416.17,Leisure,Neutral,IMPULSIVE_SPENDER
6,2024-12-10,Across involve fall.,2738.32,Travel,Excited,IMPULSIVE_SPENDER
6,2024-12-10,Maintain assume both long.,890.28,Other,Neutral,IMPULSIVE_SPENDER
6,2024-12-12,World site mr interest treatment.,892.53,Education,Neutral,IMPULSIVE_SPENDER
6,2024-12-12,Remember carry.,368.98,Other,Happy,IMPULSIVE_SPENDER
6,2024-12-13,Much section investment on gun.,3952.91,Other,Stressed,IMPULSIVE_SPENDER
6,2024-12-13,Their off.,2087.99,Leisure,Neutral,IMPULSIVE_SPENDER
6,2024-12-14,Section agency lawyer sign them.,3622.16,Other,Excited,IMPULSIVE_SPENDER
6,2024-12-14,Bank price north first end.,313.77,Other,Happy,IMPULSIVE_SPENDER
6,2024-12-15,Important focus benefit probably.,917.02,Other,Happy,IMPULSIVE_SPENDER
6,2024-12-16,Mean common.,333.14,Travel,Stressed,IMPULSIVE_SPENDER
6,2024-12-16,Discussion detail training fund.,616.38,Other,Excited,IMPULSIVE_SPENDER
6,2024-12-16,Church community.,510.04,Travel,Neutral,IMPULSIVE_SPENDER
6,2024-12-16,Arrive budget education at property.,1250.08,Leisure,Neutral,IMPULSIVE_SPENDER
6,2024-12-17,Picture evidence.,14435.59,Leisure,Neutral,IMPULSIVE_SPENDER
6,2024-12-17,Despite off consumer second.,842.55,Leisure,Stressed,IMPULSIVE_SPENDER
6,2024-12-17,Test they there.,2077.27,Leisure,Stressed,IMPULSIVE_SPENDER
6,2024-12-18,Land region back nor article.,1247.22,Other,Excited,IMPULSIVE_SPENDER
6,2024-12-18,Car risk.,1972.24,Food,Neutral,IMPULSIVE_SPENDER
6,2024-12-18,Brother let.,2032.77,Leisure,Stressed,IMPULSIVE_SPENDER
6,2024-12-19,Likely scientist.,683.65,Travel,Sad,IMPULSIVE_SPENDER
6,2024-12-19,Really society live camera.,377.82,Travel,Stressed,IMPULSIVE_SPENDER
6,2024-12-20,Nature country.,1525.34,Other,Stressed,IMPULSIVE_SPENDER
6,2024-12-21,Religious order.,1979.07,Travel,Stressed,IMPULSIVE_SPENDER
6,2024-12-22,Condition again successful.,2007.48,Education,Stressed,IMPULSIVE_SPENDER
6,2024-12-22,Give that individual of not.,1305.35,Education,Neutral,IMPULSIVE_SPENDER
6,2024-12-22,Section national owner determine detail.,941.38,Other,Neutral,IMPULSIVE_SPENDER
6,2024-12-23,Maintain former campaign pretty beyond.,2986.94,Food,Neutral,IMPULSIVE_SPENDER
6,2024-12-23,Analysis color friend the.,4333.63,Education,Sad,IMPULSIVE_SPENDER
6,2024-12-23,Arrive budget education at property.,1027.17,Leisure,Happy,IMPULSIVE_SPENDER
6,2024-12-23,Report agreement sport.,1947.46,Food,Happy,IMPULSIVE_SPENDER
6,2024-12-23,Religious across.,197.95,Other,Sad,IMPULSIVE_SPENDER
6,2024-12-24,Employee become happy water bring.,622.41,Food,Neutral,IMPULSIVE_SPENDER
6,2024-12-25,Care drug data position two.,3008.95,Food,Sad,IMPULSIVE_SPENDER
6,2024-12-26,End bit game thousand.,89.57,Leisure,Stressed,IMPULSIVE_SPENDER
6,2024-12-26,Provide car throughout american.,3808.84,Leisure,Stressed,IMPULSIVE_SPENDER
6,2024-12-27,Try wonder move trade.,11451.62,Travel,Stressed,IMPULSIVE_SPENDER
6,2024-12-28,While same budget.,1411.49,Food,Stressed,IMPULSIVE_SPENDER
6,2024-12-28,Stage bad know of.,2271.28,Other,Stressed,IMPULSIVE_SPENDER
6,2024-12-29,Truth during always those high.,1333.88,Leisure,Excited,IMPULSIVE_SPENDER
6,2024-12-31,Old wall report purpose.,641.57,Leisure,Neutral,IMPULSIVE_SPENDER
6,2025-01-01,Couple general pretty show.,597.65,Food,Excited,IMPULSIVE_SPENDER
6,2025-01-01,Find job where.,570.34,Education,Sad,IMPULSIVE_SPENDER
6,2025-01-01,Miss reduce animal clearly cell.,3976.23,Other,Stressed,IMPULSIVE_SPENDER
6,2025-01-02,Main opportunity particularly question.,4216.61,Other,Stressed,IMPULSIVE_SPENDER
6,2025-01-02,Democratic station course full.,2077.89,Food,Stressed,IMPULSIVE_SPENDER
6,2025-01-03,East list when.,1103.89,Education,Neutral,IMPULSIVE_SPENDER
6,2025-01-04,Officer fine.,10466.94,Leisure,Stressed,IMPULSIVE_SPENDER
6,2025-01-05,Available defense.,3533.42,Leisure,Stressed,IMPULSIVE_SPENDER
6,2025-01-05,College manage fund.,935.3,Other,Neutral,IMPULSIVE_SPENDER
6,2025-01-06,Less into per big.,2762.18,Food,Sad,IMPULSIVE_SPENDER
6,2025-01-06,Policy mrs.,569.38,Other,Stressed,IMPULSIVE_SPENDER
6,2025-01-09,Edge surface who.,1291.45,Travel,Happy,IMPULSIVE_SPENDER
6,2025-01-10,Report agreement sport.,3888.5,Food,Neutral,IMPULSIVE_SPENDER
6,2025-01-11,Go exactly much food region.,1137.46,Food,Neutral,IMPULSIVE_SPENDER
6,2025-01-11,Offer bed it skill challenge.,991.67,Other,Stressed,IMPULSIVE_SPENDER
6,2025-01-12,Position make society behavior.,583.07,Travel,Neutral,IMPULSIVE_SPENDER
6,2025-01-12,Control piece behavior message wind.,567.31,Other,Stressed,IMPULSIVE_SPENDER
6,2025-01-13,Study fear turn any indicate.,340.84,Other,Happy,IMPULSIVE_SPENDER
6,2025-01-13,Fear song save.,799.3,Other,Happy,IMPULSIVE_SPENDER
6,2025-01-13,Heart determine likely.,2206.52,Other,Happy,IMPULSIVE_SPENDER
6,2025-01-13,Win group important civil nature.,2126.46,Other,Happy,IMPULSIVE_SPENDER
6,2025-01-14,Owner memory argue project.,1337.23,Other,Stressed,IMPULSIVE_SPENDER
6,2025-01-14,Success teach mrs beat.,947.43,Other,Neutral,IMPULSIVE_SPENDER
6,2025-01-15,Remain seven marriage.,1868.08,Food,Sad,IMPULSIVE_SPENDER
6,2025-01-15,Voice boy wife condition.,8724.92,Food,Neutral,IMPULSIVE_SPENDER
6,2025-01-16,Instead writer.,422.51,Education,Sad,IMPULSIVE_SPENDER
6,2025-01-17,Race return pretty young.,753.57,Travel,Stressed,IMPULSIVE_SPENDER
6,2025-01-18,Effect cultural.,1096.85,Food,Stressed,IMPULSIVE_SPENDER
6,2025-01-19,Major bar air set.,290.89,Travel,Sad,IMPULSIVE_SPENDER
6,2025-01-20,Bank professional true financial.,1303.51,Food,Neutral,IMPULSIVE_SPENDER
6,2025-01-22,Draw police.,1106.04,Leisure,Neutral,IMPULSIVE_SPENDER
6,2025-01-22,Anyone bank kitchen interest parent.,325.99,Travel,Stressed,IMPULSIVE_SPENDER
6,2025-01-22,Arrive budget education at property.,1375.04,Leisure,Stressed,IMPULSIVE_SPENDER
6,2025-01-24,Mission put budget house.,1432.83,Food,Stressed,IMPULSIVE_SPENDER
6,2025-01-24,News need task mind.,3676.29,Travel,Sad,IMPULSIVE_SPENDER
6,2025-01-25,Peace wind guess.,299.56,Other,Stressed,IMPULSIVE_SPENDER
6,2025-01-25,Popular lead with.,1223.38,Leisure,Sad,IMPULSIVE_SPENDER
6,2025-01-25,Really society live camera.,102.48,Travel,Stressed,IMPULSIVE_SPENDER
6,2025-01-26,Including let result spend.,2749.31,Travel,Stressed,IMPULSIVE_SPENDER
6,2025-01-26,Network outside parent.,4360.38,Other,Sad,IMPULSIVE_SPENDER
6,2025-01-27,Identify say on yes.,692.52,Food,Excited,IMPULSIVE_SPENDER
6,2025-01-27,Specific whose.,247.41,Other,Stressed,IMPULSIVE_SPENDER
6,2025-01-28,Pattern size spend.,2294.64,Leisure,Stressed,IMPULSIVE_SPENDER
6,2025-01-29,Finish increase economy middle public.,10652.73,Travel,Happy,IMPULSIVE_SPENDER
6,2025-01-29,Course technology site.,3899.74,Leisure,Sad,IMPULSIVE_SPENDER
6,2025-01-30,On professional analysis color.,935.18,Other,Happy,IMPULSIVE_SPENDER
7,2024-08-01,Create physical share out cold.,108.17,Other,Excited,IMPULSIVE_SPENDER
7,2024-08-01,Age decade mrs data.,823.65,Food,Excited,IMPULSIVE_SPENDER
7,2024-08-03,Later son almost.,6028.69,Food,Happy,IMPULSIVE_SPENDER
7,2024-08-03,Quite as when.,1205.53,Other,Neutral,IMPULSIVE_SPENDER
7,2024-08-04,Right know during someone.,1578.47,Travel,Stressed,IMPULSIVE_SPENDER
7,2024-08-07,Attack mouth rest contain.,1311.9,Travel,Stressed,IMPULSIVE_SPENDER
7,2024-08-09,Member box.,1800.52,Leisure,Stressed,IMPULSIVE_SPENDER
7,2024-08-11,Serious reveal left social fine.,3954.87,Travel,Sad,IMPULSIVE_SPENDER
7,2024-08-12,Lead few yourself.,8850.87,Travel,Stressed,IMPULSIVE_SPENDER
7,2024-08-14,Cut yard knowledge.,2973.9,Travel,Stressed,IMPULSIVE_SPENDER
7,2024-08-16,Step rate feeling rate.,29.36,Food,Stressed,IMPULSIVE_SPENDER
7,2024-08-17,Main opportunity particularly question.,745.23,Other,Neutral,IMPULSIVE_SPENDER
7,2024-08-17,Receive case past only drug.,48.47,Other,Stressed,IMPULSIVE_SPENDER
7,2024-08-17,Stuff next write.,4575.79,Other,Stressed,IMPULSIVE_SPENDER
7,2024-08-18,News need task mind.,6798.19,Travel,Neutral,IMPULSIVE_SPENDER
7,2024-08-19,Money a.,1139.54,Other,Neutral,IMPULSIVE_SPENDER
7,2024-08-22,Paper beyond indeed.,2478.98,Education,Stressed,IMPULSIVE_SPENDER
7,2024-08-22,Difficult quite act receive stage.,984.19,Other,Stressed,IMPULSIVE_SPENDER
7,2024-08-23,Pretty section degree still.,539.96,Other,Neutral,IMPULSIVE_SPENDER
7,2024-08-23,State none production defense your.,1532.0,Travel,Neutral,IMPULSIVE_SPENDER
7,2024-08-24,Inside machine baby.,547.18,Leisure,Stressed,IMPULSIVE_SPENDER
7,2024-08-24,Specific whose.,344.72,Other,Neutral,IMPULSIVE_SPENDER
7,2024-08-26,Item treat area.,18704.39,Travel,Stressed,IMPULSIVE_SPENDER
7,2024-08-27,Many themselves minute.,6697.77,Other,Stressed,IMPULSIVE_SPENDER
7,2024-08-28,List already positive experience television.,4538.17,Leisure,Stressed,IMPULSIVE_SPENDER
7,2024-08-29,Human public health.,783.6,Education,Happy,IMPULSIVE_SPENDER
7,2024-08-29,Sit enter perhaps however.,739.31,Leisure,Stressed,IMPULSIVE_SPENDER
7,2024-08-30,Same page ago director.,1173.14,Leisure,Happy,IMPULSIVE_SPENDER
7,2024-08-30,Many themselves minute.,486.09,Other,Sad,IMPULSIVE_SPENDER
7,2024-08-31,Environment character real middle prove.,2309.45,Other,Happy,IMPULSIVE_SPENDER
7,2024-09-01,Wide exactly.,559.07,Leisure,Stressed,IMPULSIVE_SPENDER
7,2024-09-02,Either rich agency might.,5542.13,Other,Sad,IMPULSIVE_SPENDER
7,2024-09-03,Task improve fish.,1319.72,Leisure,Stressed,IMPULSIVE_SPENDER
7,2024-09-03,Course technology site.,5082.85,Leisure,Excited,IMPULSIVE_SPENDER
7,2024-09-04,Well mission situation result.,4614.09,Travel,Stressed,IMPULSIVE_SPENDER
7,2024-09-04,Build smile across among situation.,2929.7,Other,Stressed,IMPULSIVE_SPENDER
7,2024-09-04,Language budget market president.,887.03,Leisure,Neutral,IMPULSIVE_SPENDER
7,2024-09-05,Former able public trade.,4038.46,Food,Happy,IMPULSIVE_SPENDER
7,2024-09-05,Develop office approach son.,1476.04,Leisure,Neutral,IMPULSIVE_SPENDER
7,2024-09-05,Wear use edge this draw.,1475.98,Leisure,Excited,IMPULSIVE_SPENDER
7,2024-09-06,Into notice necessary true message.,833.02,Leisure,Stressed,IMPULSIVE_SPENDER
7,2024-09-06,Road product wait.,2634.11,Education,Neutral,IMPULSIVE_SPENDER
7,2024-09-06,Career surface these ahead.,4375.43,Leisure,Stressed,IMPULSIVE_SPENDER
7,2024-09-08,Identify material.,904.42,Other,Neutral,IMPULSIVE_SPENDER
7,2024-09-08,Picture evidence.,807.98,Leisure,Stressed,IMPULSIVE_SPENDER
7,2024-09-09,Store natural today season.,98.62,Other,Stressed,IMPULSIVE_SPENDER
7,2024-09-09,Write other wear through partner.,38.07,Other,Neutral,IMPULSIVE_SPENDER
7,2024-09-10,Serious reveal left social fine.,489.03,Travel,Neutral,IMPULSIVE_SPENDER
7,2024-09-13,Or friend.,1497.41,Leisure,Neutral,IMPULSIVE_SPENDER
7,2024-09-14,High issue deal democratic.,610.22,Education,Excited,IMPULSIVE_SPENDER
7,2024-09-14,Such final however major.,3192.53,Travel,Stressed,IMPULSIVE_SPENDER
7,2024-09-16,Leave bar prevent require.,1600.35,Other,Stressed,IMPULSIVE_SPENDER
7,2024-09-17,Old wall report purpose.,281.83,Leisure,Stressed,IMPULSIVE_SPENDER
7,2024-09-17,Me system church whether.,1332.6,Travel,Excited,IMPULSIVE_SPENDER
7,2024-09-17,Stage threat our.,259.99,Other,Stressed,IMPULSIVE_SPENDER
7,2024-09-22,Enter threat economic.,1325.36,Food,Happy,IMPULSIVE_SPENDER
7,2024-09-22,Real small.,990.22,Education,Stressed,IMPULSIVE_SPENDER
7,2024-09-22,Need finally when.,1804.08,Leisure,Stressed,IMPULSIVE_SPENDER
7,2024-09-22,Magazine join.,142.79,Other,Neutral,IMPULSIVE_SPENDER
7,2024-09-24,Program sport her.,1209.09,Education,Excited,IMPULSIVE_SPENDER
7,2024-09-24,Western order accept wide prevent.,1945.0,Travel,Stressed,IMPULSIVE_SPENDER
7,2024-09-24,Which raise american truth.,2820.35,Leisure,Stressed,IMPULSIVE_SPENDER
7,2024-09-25,Color store over some.,2931.73,Leisure,Stressed,IMPULSIVE_SPENDER
7,2024-09-25,Career including late condition opportunity.,4479.93,Education,Happy,IMPULSIVE_SPENDER
7,2024-09-26,Sort what.,333.38,Education,Neutral,IMPULSIVE_SPENDER
7,2024-09-30,Later son almost.,4006.2,Food,Stressed,IMPULSIVE_SPENDER
7,2024-10-01,Human see.,381.65,Other,Stressed,IMPULSIVE_SPENDER
7,2024-10-01,Weight take.,6259.09,Education,Happy,IMPULSIVE_SPENDER
7,2024-10-01,Management game.,6484.96,Education,Neutral,IMPULSIVE_SPENDER
7,2024-10-02,Special information.,257.52,Food,Stressed,IMPULSIVE_SPENDER
7,2024-10-03,Can mouth discover.,969.77,Leisure,Neutral,IMPULSIVE_SPENDER
7,2024-10-06,Wrong difficult.,5566.53,Leisure,Neutral,IMPULSIVE_SPENDER
7,2024-10-06,Break wait.,3117.5,Other,Neutral,IMPULSIVE_SPENDER
7,2024-10-08,Network outside parent.,3507.7,Other,Neutral,IMPULSIVE_SPENDER
7,2024-10-08,Color store over some.,1766.07,Leisure,Sad,IMPULSIVE_SPENDER
7,2024-10-10,Need finally when.,352.98,Leisure,Excited,IMPULSIVE_SPENDER
7,2024-10-10,Course technology site.,6051.62,Leisure,Happy,IMPULSIVE_SPENDER
7,2024-10-10,Quite general there sister.,11934.05,Food,Neutral,IMPULSIVE_SPENDER
7,2024-10-11,History professional star wonder.,2595.78,Food,Excited,IMPULSIVE_SPENDER
7,2024-10-11,Less into per big.,3380.99,Food,Stressed,IMPULSIVE_SPENDER
7,2024-10-12,Because career course.,1449.79,Travel,Happy,IMPULSIVE_SPENDER
7,2024-10-13,Stage someone for power.,1366.49,Other,Stressed,IMPULSIVE_SPENDER
7,2024-10-15,Treatment relate positive.,4214.84,Food,Sad,IMPULSIVE_SPENDER
7,2024-10-16,Task she.,22970.74,Other,Stressed,IMPULSIVE_SPENDER
7,2024-10-16,Amount bad raise.,1715.47,Other,Excited,IMPULSIVE_SPENDER
7,2024-10-16,Ready goal amount.,2495.05,Other,Sad,IMPULSIVE_SPENDER
7,2024-10-19,Affect test.,6237.07,Other,Excited,IMPULSIVE_SPENDER
7,2024-10-21,Charge form here.,455.92,Education,Sad,IMPULSIVE_SPENDER
7,2024-10-23,Main board population.,1896.06,Leisure,Sad,IMPULSIVE_SPENDER
7,2024-10-27,Bed report item.,1872.14,Leisure,Neutral,IMPULSIVE_SPENDER
7,2024-10-27,Change she tonight.,985.38,Travel,Stressed,IMPULSIVE_SPENDER
7,2024-10-27,He we recent music.,1360.97,Food,Sad,IMPULSIVE_SPENDER
7,2024-10-28,Heavy staff hotel box.,742.53,Leisure,Stressed,IMPULSIVE_SPENDER
7,2024-10-29,This manage her.,2184.37,Other,Stressed,IMPULSIVE_SPENDER
7,2024-10-29,Enter example down anyone occur.,2980.02,Education,Stressed,IMPULSIVE_SPENDER
7,2024-10-30,Majority none little admit former.,4742.33,Leisure,Stressed,IMPULSIVE_SPENDER
7,2024-10-31,Expect writer myself management.,1862.47,Leisure,Neutral,IMPULSIVE_SPENDER
7,2024-11-01,World site mr interest treatment.,851.43,Education,Happy,IMPULSIVE_SPENDER
7,2024-11-02,Lead few yourself.,4821.2,Travel,Sad,IMPULSIVE_SPENDER
7,2024-11-03,Require bank child.,667.81,Other,Sad,IMPULSIVE_SPENDER
7,2024-11-03,Can mouth discover.,304.73,Leisure,Excited,IMPULSIVE_SPENDER
7,2024-11-04,Forward would finish around.,2737.18,Food,Sad,IMPULSIVE_SPENDER
7,2024-11-05,Meet seem population.,851.6,Education,Stressed,IMPULSIVE_SPENDER
7,2024-11-07,Question or money.,2175.03,Leisure,Neutral,IMPULSIVE_SPENDER
7,2024-11-07,Ahead certainly second everyone.,4662.26,Leisure,Excited,IMPULSIVE_SPENDER
7,2024-11-07,Exist theory.,1271.72,Other,Stressed,IMPULSIVE_SPENDER
7,2024-11-08,Heavy what least mouth national.,305.69,Food,Stressed,IMPULSIVE_SPENDER
7,2024-11-08,Part management.,2021.33,Education,Neutral,IMPULSIVE_SPENDER
7,2024-11-09,Majority none little admit former.,3610.98,Leisure,Excited,IMPULSIVE_SPENDER
7,2024-11-09,Listen against coach.,2236.72,Food,Stressed,IMPULSIVE_SPENDER
7,2024-11-10,Southern front.,1494.79,Travel,Stressed,IMPULSIVE_SPENDER
7,2024-11-10,Popular lead with.,5077.65,Leisure,Happy,IMPULSIVE_SPENDER
7,2024-11-10,Option oil commercial.,454.57,Education,Stressed,IMPULSIVE_SPENDER
7,2024-11-11,Carry surface learn.,4406.23,Leisure,Excited,IMPULSIVE_SPENDER
7,2024-11-12,Ability live.,1925.35,Travel,Neutral,IMPULSIVE_SPENDER
7,2024-11-13,Million night your.,3133.2,Other,Stressed,IMPULSIVE_SPENDER
7,2024-11-14,Allow girl team simply lead.,2353.41,Education,Stressed,IMPULSIVE_SPENDER
7,2024-11-15,Concern ability reduce.,1481.51,Travel,Stressed,IMPULSIVE_SPENDER
7,2024-11-15,Support state.,1131.57,Other,Happy,IMPULSIVE_SPENDER
7,2024-11-16,Food affect upon these story.,571.38,Leisure,Stressed,IMPULSIVE_SPENDER
7,2024-11-17,Herself police he push likely.,1850.79,Leisure,Stressed,IMPULSIVE_SPENDER
7,2024-11-17,Ahead certainly second everyone.,1496.12,Leisure,Sad,IMPULSIVE_SPENDER
7,2024-11-18,Way main difficult case.,403.02,Leisure,Stressed,IMPULSIVE_SPENDER
7,2024-11-18,Focus executive letter possible final.,2399.71,Other,Stressed,IMPULSIVE_SPENDER
7,2024-11-18,Member box.,1926.58,Leisure,Excited,IMPULSIVE_SPENDER
7,2024-11-18,Yourself successful defense subject.,640.81,Leisure,Happy,IMPULSIVE_SPENDER
7,2024-11-18,Listen against coach.,219.85,Food,Happy,IMPULSIVE_SPENDER
7,2024-11-19,Face rate.,4266.39,Other,Neutral,IMPULSIVE_SPENDER
7,2024-11-20,Contain threat wrong whatever.,1139.37,Education,Neutral,IMPULSIVE_SPENDER
7,2024-11-21,Save network item one under.,6889.71,Leisure,Stressed,IMPULSIVE_SPENDER
7,2024-11-21,Community spring billion price paper.,990.8,Other,Neutral,IMPULSIVE_SPENDER
7,2024-11-21,Fish late pattern.,574.95,Other,Sad,IMPULSIVE_SPENDER
7,2024-11-22,Specific onto go.,2053.04,Food,Stressed,IMPULSIVE_SPENDER
7,2024-11-23,Camera sit environmental though.,1682.46,Other,Stressed,IMPULSIVE_SPENDER
7,2024-11-24,Some quickly truth view response.,3753.0,Leisure,Stressed,IMPULSIVE_SPENDER
7,2024-11-24,Board notice later thus.,1314.18,Food,Neutral,IMPULSIVE_SPENDER
7,2024-11-24,Live way two.,172.06,Other,Sad,IMPULSIVE_SPENDER
7,2024-11-26,Statement position either.,6863.05,Travel,Neutral,IMPULSIVE_SPENDER
7,2024-11-26,Price my.,1672.17,Education,Happy,IMPULSIVE_SPENDER
7,2024-11-26,Agreement someone.,4418.39,Other,Neutral,IMPULSIVE_SPENDER
7,2024-11-27,Beautiful beyond sell.,237.29,Food,Sad,IMPULSIVE_SPENDER
7,2024-11-27,Police two.,1917.36,Other,Sad,IMPULSIVE_SPENDER
7,2024-11-29,Size republican political.,1932.95,Travel,Neutral,IMPULSIVE_SPENDER
7,2024-12-01,Yeah term.,1870.29,Education,Stressed,IMPULSIVE_SPENDER
7,2024-12-03,Already argue.,3395.52,Other,Neutral,IMPULSIVE_SPENDER
7,2024-12-03,As high you more wife.,636.71,Education,Sad,IMPULSIVE_SPENDER
7,2024-12-03,Television argue mouth.,2565.16,Education,Happy,IMPULSIVE_SPENDER
7,2024-12-04,Present discussion.,2506.73,Education,Stressed,IMPULSIVE_SPENDER
7,2024-12-04,Card star avoid nothing.,179.42,Food,Stressed,IMPULSIVE_SPENDER
7,2024-12-05,Field a spring.,2574.24,Education,Stressed,IMPULSIVE_SPENDER
7,2024-12-05,How trip learn enter.,3120.25,Food,Neutral,IMPULSIVE_SPENDER
7,2024-12-08,Property let.,715.34,Leisure,Stressed,IMPULSIVE_SPENDER
7,2024-12-09,Learn talk.,220.45,Other,Happy,IMPULSIVE_SPENDER
7,2024-12-10,Tv budget system book.,5335.27,Leisure,Stressed,IMPULSIVE_SPENDER
7,2024-12-11,Mention billion bed never others.,1728.67,Other,Stressed,IMPULSIVE_SPENDER
7,2024-12-11,Expert movement reach man.,1259.53,Other,Stressed,IMPULSIVE_SPENDER
7,2024-12-14,Walk now often.,5788.09,Other,Excited,IMPULSIVE_SPENDER
7,2024-12-14,Cell year.,1227.84,Other,Stressed,IMPULSIVE_SPENDER
7,2024-12-16,In seven building hard.,6.15,Other,Sad,IMPULSIVE_SPENDER
7,2024-12-16,Memory challenge lawyer business.,2093.05,Food,Neutral,IMPULSIVE_SPENDER
7,2024-12-16,Support state.,1213.13,Other,Stressed,IMPULSIVE_SPENDER
7,2024-12-18,Face rate.,5255.7,Other,Stressed,IMPULSIVE_SPENDER
7,2024-12-20,Ago race quite hour.,859.57,Food,Happy,IMPULSIVE_SPENDER
7,2024-12-20,Anyone here deep.,126.12,Travel,Stressed,IMPULSIVE_SPENDER
7,2024-12-22,Deal beyond almost.,755.07,Leisure,Stressed,IMPULSIVE_SPENDER
7,2024-12-24,Clear single expect.,987.18,Education,Sad,IMPULSIVE_SPENDER
7,2024-12-24,Home even.,341.93,Education,Stressed,IMPULSIVE_SPENDER
7,2024-12-25,World enter.,884.57,Other,Stressed,IMPULSIVE_SPENDER
7,2024-12-26,Across involve fall.,1160.84,Travel,Sad,IMPULSIVE_SPENDER
7,2024-12-26,Against only.,11183.89,Education,Happy,IMPULSIVE_SPENDER
7,2024-12-29,Company option character land space.,233.43,Leisure,Stressed,IMPULSIVE_SPENDER
7,2024-12-29,Listen whose situation simply officer.,506.99,Education,Sad,IMPULSIVE_SPENDER
7,2024-12-29,Offer work home.,157.8,Education,Stressed,IMPULSIVE_SPENDER
7,2024-12-30,Approach side model you billion.,5125.93,Other,Stressed,IMPULSIVE_SPENDER
7,2025-01-03,Think live bad total research.,6124.25,Leisure,Happy,IMPULSIVE_SPENDER
7,2025-01-03,White likely teacher one.,10728.24,Leisure,Neutral,IMPULSIVE_SPENDER
7,2025-01-04,Participant above.,2474.27,Travel,Neutral,IMPULSIVE_SPENDER
7,2025-01-05,Me brother lot candidate owner.,2043.7,Leisure,Happy,IMPULSIVE_SPENDER
7,2025-01-05,A when dark read.,804.27,Other,Stressed,IMPULSIVE_SPENDER
7,2025-01-06,Kid industry.,458.74,Education,Stressed,IMPULSIVE_SPENDER
7,2025-01-08,Wonder long consider care.,277.69,Other,Stressed,IMPULSIVE_SPENDER
7,2025-01-10,Play move each left establish.,1947.65,Education,Stressed,IMPULSIVE_SPENDER
7,2025-01-11,Message seek civil all.,2021.39,Travel,Sad,IMPULSIVE_SPENDER
7,2025-01-11,Gas contain interest industry sell.,753.24,Other,Stressed,IMPULSIVE_SPENDER
7,2025-01-13,So draw food company.,2582.6,Travel,Neutral,IMPULSIVE_SPENDER
7,2025-01-13,Boy other foot best.,9030.82,Leisure,Happy,IMPULSIVE_SPENDER
7,2025-01-14,Account ten sing.,3855.84,Food,Excited,IMPULSIVE_SPENDER
7,2025-01-14,Reflect star.,2507.95,Leisure,Stressed,IMPULSIVE_SPENDER
7,2025-01-14,State none production defense your.,921.18,Travel,Sad,IMPULSIVE_SPENDER
7,2025-01-15,Him note painting quickly.,211.95,Other,Neutral,IMPULSIVE_SPENDER
7,2025-01-16,Security unit executive.,125.46,Food,Neutral,IMPULSIVE_SPENDER
7,2025-01-18,Particularly score order modern.,2582.11,Education,Stressed,IMPULSIVE_SPENDER
7,2025-01-20,Network outside parent.,2374.57,Other,Neutral,IMPULSIVE_SPENDER
7,2025-01-21,Mean common.,480.64,Travel,Stressed,IMPULSIVE_SPENDER
7,2025-01-21,Walk now often.,2647.39,Other,Stressed,IMPULSIVE_SPENDER
7,2025-01-21,What than political up instead.,98.02,Travel,Neutral,IMPULSIVE_SPENDER
7,2025-01-21,You ready way rule.,3612.98,Food,Neutral,IMPULSIVE_SPENDER
7,2025-01-22,Democratic mention generation.,571.99,Leisure,Neutral,IMPULSIVE_SPENDER
7,2025-01-24,Offer bed it skill challenge.,454.32,Other,Sad,IMPULSIVE_SPENDER
7,2025-01-24,Why like impact fly.,3712.35,Other,Sad,IMPULSIVE_SPENDER
7,2025-01-24,Brother let.,10548.99,Leisure,Excited,IMPULSIVE_SPENDER
7,2025-01-26,Score each.,828.43,Food,Neutral,IMPULSIVE_SPENDER
7,2025-01-27,Information scene again country.,1166.12,Leisure,Sad,IMPULSIVE_SPENDER
7,2025-01-28,While bring yourself.,346.52,Education,Neutral,IMPULSIVE_SPENDER
7,2025-01-28,Find lay deal lot.,2256.45,Other,Happy,IMPULSIVE_SPENDER
7,2025-01-28,Probably conference sure administration debate.,3282.62,Food,Sad,IMPULSIVE_SPENDER
7,2025-01-29,Marriage participant.,7582.51,Other,Sad,IMPULSIVE_SPENDER
7,2025-01-29,Management produce bed stage.,1049.26,Other,Neutral,IMPULSIVE_SPENDER
7,2025-01-29,Worker always hold share.,1217.3,Leisure,Excited,IMPULSIVE_SPENDER
7,2025-01-30,Heavy staff hotel box.,507.12,Leisure,Stressed,IMPULSIVE_SPENDER
8,2024-08-01,He we recent music.,4708.76,Food,Happy,IMPULSIVE_SPENDER
8,2024-08-04,Later happy pull.,4976.35,Other,Happy,IMPULSIVE_SPENDER
8,2024-08-07,Name skill medical after them.,1312.72,Other,Excited,IMPULSIVE_SPENDER
8,2024-08-08,Source onto provide.,418.8,Other,Stressed,IMPULSIVE_SPENDER
8,2024-08-09,Mention billion bed never others.,381.35,Other,Neutral,IMPULSIVE_SPENDER
8,2024-08-10,Analysis hair rest wide.,1267.01,Food,Happy,IMPULSIVE_SPENDER
8,2024-08-11,Card star avoid nothing.,155.83,Food,Sad,IMPULSIVE_SPENDER
8,2024-08-13,Fear fact.,456.79,Leisure,Stressed,IMPULSIVE_SPENDER
8,2024-08-14,Theory tend.,2795.29,Other,Neutral,IMPULSIVE_SPENDER
8,2024-08-15,Ever day.,2495.69,Leisure,Stressed,IMPULSIVE_SPENDER
8,2024-08-16,She they.,2796.05,Education,Happy,IMPULSIVE_SPENDER
8,2024-08-16,Let member however.,515.69,Other,Stressed,IMPULSIVE_SPENDER
8,2024-08-17,College manage fund.,714.95,Other,Neutral,IMPULSIVE_SPENDER
8,2024-08-17,Space beyond.,501.53,Education,Excited,IMPULSIVE_SPENDER
8,2024-08-20,Floor music catch discuss.,1775.49,Other,Excited,IMPULSIVE_SPENDER
8,2024-08-20,Religious order.,5903.18,Travel,Stressed,IMPULSIVE_SPENDER
8,2024-08-22,History professional star wonder.,1087.84,Food,Stressed,IMPULSIVE_SPENDER
8,2024-08-22,Picture early send morning.,614.07,Other,Stressed,IMPULSIVE_SPENDER
8,2024-08-23,Moment eat personal.,3326.06,Other,Stressed,IMPULSIVE_SPENDER
8,2024-08-24,Dark mr clearly take.,9650.23,Education,Sad,IMPULSIVE_SPENDER
8,2024-08-27,Amount bad raise.,794.43,Other,Sad,IMPULSIVE_SPENDER
8,2024-08-27,Specific onto go.,1712.53,Food,Excited,IMPULSIVE_SPENDER
8,2024-08-28,Hand so add mr lawyer.,1993.79,Other,Neutral,IMPULSIVE_SPENDER
8,2024-08-31,Child group describe.,2050.35,Leisure,Happy,IMPULSIVE_SPENDER
8,2024-08-31,Identify say on yes.,4311.06,Food,Neutral,IMPULSIVE_SPENDER
8,2024-08-31,Difficult quite act receive stage.,1887.36,Other,Stressed,IMPULSIVE_SPENDER
8,2024-08-31,Story case.,4146.09,Leisure,Stressed,IMPULSIVE_SPENDER
8,2024-09-02,Success teach mrs beat.,18339.98,Other,Stressed,IMPULSIVE_SPENDER
8,2024-09-05,Course out second carry.,9446.41,Education,Neutral,IMPULSIVE_SPENDER
8,2024-09-05,Third letter sort reveal seven.,2547.9,Leisure,Happy,IMPULSIVE_SPENDER
8,2024-09-06,Nation politics few each southern.,1468.94,Education,Stressed,IMPULSIVE_SPENDER
8,2024-09-08,Position make society behavior.,1545.57,Travel,Sad,IMPULSIVE_SPENDER
8,2024-09-10,Herself police he push likely.,160.14,Leisure,Neutral,IMPULSIVE_SPENDER
8,2024-09-10,Risk develop movement size.,7237.83,Other,Sad,IMPULSIVE_SPENDER
8,2024-09-14,Cell city not not the.,474.42,Other,Stressed,IMPULSIVE_SPENDER
8,2024-09-14,Food affect upon these story.,1834.86,Leisure,Neutral,IMPULSIVE_SPENDER
8,2024-09-14,Marriage participant.,3154.74,Other,Happy,IMPULSIVE_SPENDER
8,2024-09-17,Career three according worker democrat.,2478.48,Food,Neutral,IMPULSIVE_SPENDER
8,2024-09-20,Bed recognize store.,875.66,Education,Stressed,IMPULSIVE_SPENDER
8,2024-09-21,Challenge organization floor road southern.,10619.16,Travel,Stressed,IMPULSIVE_SPENDER
8,2024-09-23,Race to television loss.,1767.98,Other,Sad,IMPULSIVE_SPENDER
8,2024-09-26,Way cold.,3169.03,Education,Excited,IMPULSIVE_SPENDER
8,2024-09-26,Condition again successful.,5549.0,Education,Sad,IMPULSIVE_SPENDER
8,2024-09-26,Pull blue strong wonder.,47.72,Food,Excited,IMPULSIVE_SPENDER
8,2024-09-28,Ask window full.,1025.22,Food,Stressed,IMPULSIVE_SPENDER
8,2024-09-29,Nearly care base.,1353.91,Travel,Sad,IMPULSIVE_SPENDER
8,2024-09-30,Choice prepare.,3923.81,Other,Stressed,IMPULSIVE_SPENDER
8,2024-10-02,Let stay or focus.,2537.99,Other,Stressed,IMPULSIVE_SPENDER
8,2024-10-03,At decade really issue.,1713.1,Leisure,Happy,IMPULSIVE_SPENDER
8,2024-10-03,Or friend.,11118.47,Leisure,Stressed,IMPULSIVE_SPENDER
8,2024-10-06,Until truth feeling view.,789.47,Other,Stressed,IMPULSIVE_SPENDER
8,2024-10-06,Evening ahead smile.,821.19,Leisure,Neutral,IMPULSIVE_SPENDER
8,2024-10-08,And student give score agree.,3346.85,Other,Stressed,IMPULSIVE_SPENDER
8,2024-10-09,Bad argue side girl.,1283.3,Food,Neutral,IMPULSIVE_SPENDER
8,2024-10-11,Smile have less.,2246.02,Other,Excited,IMPULSIVE_SPENDER
8,2024-10-15,Common anyone.,107.83,Leisure,Happy,IMPULSIVE_SPENDER
8,2024-10-18,Reach step son.,6625.58,Other,Stressed,IMPULSIVE_SPENDER
8,2024-10-19,Really society live camera.,118.45,Travel,Happy,IMPULSIVE_SPENDER
8,2024-10-20,Window research his.,1347.3,Leisure,Sad,IMPULSIVE_SPENDER
8,2024-10-21,Land day name small.,2830.55,Food,Happy,IMPULSIVE_SPENDER
8,2024-10-23,Pretty skin main program.,5018.66,Education,Excited,IMPULSIVE_SPENDER
8,2024-10-23,Step rate feeling rate.,121.91,Food,Stressed,IMPULSIVE_SPENDER
8,2024-10-24,Himself fire heavy.,273.61,Other,Sad,IMPULSIVE_SPENDER
8,2024-10-25,Real art.,7840.3,Food,Stressed,IMPULSIVE_SPENDER
8,2024-10-31,Concern ability reduce.,1526.46,Travel,Neutral,IMPULSIVE_SPENDER
8,2024-10-31,Either rich agency might.,2449.86,Other,Neutral,IMPULSIVE_SPENDER
8,2024-11-01,Smile high open scientist.,8173.37,Food,Stressed,IMPULSIVE_SPENDER
8,2024-11-03,Enjoy instead dream.,1556.9,Other,Stressed,IMPULSIVE_SPENDER
8,2024-11-03,Smile peace apply.,1975.29,Food,Happy,IMPULSIVE_SPENDER
8,2024-11-04,Town glass road.,4156.57,Other,Happy,IMPULSIVE_SPENDER
8,2024-11-06,Way main difficult case.,2336.24,Leisure,Stressed,IMPULSIVE_SPENDER
8,2024-11-06,Not friend federal forget bit.,1055.01,Other,Stressed,IMPULSIVE_SPENDER
8,2024-11-08,Decide similar office.,1288.62,Leisure,Stressed,IMPULSIVE_SPENDER
8,2024-11-08,Option oil commercial.,916.04,Education,Neutral,IMPULSIVE_SPENDER
8,2024-11-09,Former able public trade.,12975.63,Food,Stressed,IMPULSIVE_SPENDER
8,2024-11-09,Never majority cell.,43.87,Other,Neutral,IMPULSIVE_SPENDER
8,2024-11-10,Ahead certainly second everyone.,4579.63,Leisure,Stressed,IMPULSIVE_SPENDER
8,2024-11-11,Some quickly truth view response.,9520.8,Leisure,Neutral,IMPULSIVE_SPENDER
8,2024-11-11,Us decade.,2786.19,Other,Happy,IMPULSIVE_SPENDER
8,2024-11-12,Important focus benefit probably.,608.42,Other,Stressed,IMPULSIVE_SPENDER
8,2024-11-13,Three certain.,7568.4,Travel,Neutral,IMPULSIVE_SPENDER
8,2024-11-16,Help painting always.,25.08,Other,Stressed,IMPULSIVE_SPENDER
8,2024-11-16,Gun seven music despite show.,2305.55,Food,Sad,IMPULSIVE_SPENDER
8,2024-11-18,And student give score agree.,4180.7,Other,Happy,IMPULSIVE_SPENDER
8,2024-11-23,Outside with each animal.,1947.81,Travel,Happy,IMPULSIVE_SPENDER
8,2024-11-27,Surface usually.,1437.73,Education,Sad,IMPULSIVE_SPENDER
8,2024-11-27,Arrive society.,12427.7,Leisure,Sad,IMPULSIVE_SPENDER
8,2024-11-28,Describe paper.,852.39,Other,Stressed,IMPULSIVE_SPENDER
8,2024-11-28,Edge surface who.,1946.05,Travel,Stressed,IMPULSIVE_SPENDER
8,2024-11-29,Adult range green.,612.21,Food,Stressed,IMPULSIVE_SPENDER
8,2024-11-29,Store bit responsibility brother.,912.51,Other,Stressed,IMPULSIVE_SPENDER
8,2024-12-03,American audience fight war whether.,1641.33,Leisure,Stressed,IMPULSIVE_SPENDER
8,2024-12-05,Effort drive side human.,75.62,Other,Excited,IMPULSIVE_SPENDER
8,2024-12-06,Son rock two.,1501.55,Other,Stressed,IMPULSIVE_SPENDER
8,2024-12-08,Right analysis mention.,6982.3,Leisure,Happy,IMPULSIVE_SPENDER
8,2024-12-11,Scene almost leave.,1781.33,Leisure,Stressed,IMPULSIVE_SPENDER
8,2024-12-12,Day stock.,6180.85,Leisure,Stressed,IMPULSIVE_SPENDER
8,2024-12-13,Nice maintain present cultural.,1831.13,Other,Neutral,IMPULSIVE_SPENDER
8,2024-12-14,Difference attention whatever american.,154.13,Food,Neutral,IMPULSIVE_SPENDER
8,2024-12-15,Side mind question year finish.,1338.8,Food,Excited,IMPULSIVE_SPENDER
8,2024-12-17,While bring yourself.,249.75,Education,Neutral,IMPULSIVE_SPENDER
8,2024-12-18,Apply less.,327.97,Food,Stressed,IMPULSIVE_SPENDER
8,2024-12-18,Future treat bill choice.,1129.47,Other,Stressed,IMPULSIVE_SPENDER
8,2024-12-19,Southern evening ask republican.,2358.22,Other,Happy,IMPULSIVE_SPENDER
8,2024-12-20,Recognize media goal.,183.9,Other,Excited,IMPULSIVE_SPENDER
8,2024-12-21,Picture evidence.,612.39,Leisure,Happy,IMPULSIVE_SPENDER
8,2024-12-23,Raise hope enjoy most.,1594.45,Leisure,Stressed,IMPULSIVE_SPENDER
8,2024-12-23,Something fine apply gas sing.,198.71,Other,Excited,IMPULSIVE_SPENDER
8,2024-12-24,Development the inside thought.,946.29,Education,Happy,IMPULSIVE_SPENDER
8,2024-12-24,Goal once let perform international.,2522.52,Other,Excited,IMPULSIVE_SPENDER
8,2024-12-25,Wonder long consider care.,170.79,Other,Stressed,IMPULSIVE_SPENDER
8,2024-12-26,Image movie who debate.,613.38,Leisure,Happy,IMPULSIVE_SPENDER
8,2024-12-28,Account assume prove similar ten.,3289.66,Education,Excited,IMPULSIVE_SPENDER
8,2024-12-28,Behind front attack song little.,684.57,Education,Sad,IMPULSIVE_SPENDER
8,2024-12-30,Development provide dark daughter.,1304.19,Food,Excited,IMPULSIVE_SPENDER
8,2024-12-30,Firm financial.,6682.64,Other,Stressed,IMPULSIVE_SPENDER
8,2025-01-05,Himself fire heavy.,106.65,Other,Sad,IMPULSIVE_SPENDER
8,2025-01-07,How staff.,1375.35,Leisure,Stressed,IMPULSIVE_SPENDER
8,2025-01-09,Land day name small.,3766.38,Food,Stressed,IMPULSIVE_SPENDER
8,2025-01-12,Law agree appear political.,3810.12,Food,Happy,IMPULSIVE_SPENDER
8,2025-01-13,Evidence enough claim suffer.,373.06,Leisure,Sad,IMPULSIVE_SPENDER
8,2025-01-16,Range step painting concern.,834.43,Education,Excited,IMPULSIVE_SPENDER
8,2025-01-16,Majority none little admit former.,1906.0,Leisure,Happy,IMPULSIVE_SPENDER
8,2025-01-17,Site girl into have media.,3390.31,Leisure,Excited,IMPULSIVE_SPENDER
8,2025-01-20,Turn both in animal.,3152.7,Leisure,Neutral,IMPULSIVE_SPENDER
8,2025-01-23,Week real course school everybody.,2989.48,Education,Stressed,IMPULSIVE_SPENDER
8,2025-01-25,Tough animal someone.,2485.72,Leisure,Neutral,IMPULSIVE_SPENDER
8,2025-01-26,Important source first him.,114.14,Other,Happy,IMPULSIVE_SPENDER
8,2025-01-27,Letter mind many.,2679.02,Other,Excited,IMPULSIVE_SPENDER
8,2025-01-28,She join house.,1022.21,Leisure,Sad,IMPULSIVE_SPENDER
8,2025-01-30,Fish late pattern.,1167.64,Other,Stressed,IMPULSIVE_SPENDER
8,2025-01-30,Television argue mouth.,2509.76,Education,Happy,IMPULSIVE_SPENDER
9,2024-08-01,About usually.,15352.25,Education,Happy,IMPULSIVE_SPENDER
9,2024-08-02,Management game.,1829.24,Education,Sad,IMPULSIVE_SPENDER
9,2024-08-04,Section agency lawyer sign them.,6468.25,Other,Stressed,IMPULSIVE_SPENDER
9,2024-08-06,Amount bad raise.,1917.23,Other,Stressed,IMPULSIVE_SPENDER
9,2024-08-07,Push east never size fight.,329.5,Travel,Neutral,IMPULSIVE_SPENDER
9,2024-08-07,Choice prepare.,1352.28,Other,Neutral,IMPULSIVE_SPENDER
9,2024-08-08,Nearly need behavior.,3560.46,Travel,Happy,IMPULSIVE_SPENDER
9,2024-08-08,Approach join stuff future.,7207.97,Education,Stressed,IMPULSIVE_SPENDER
9,2024-08-09,How any federal star.,1428.17,Other,Sad,IMPULSIVE_SPENDER
9,2024-08-10,Adult above safe.,2172.16,Leisure,Happy,IMPULSIVE_SPENDER
9,2024-08-10,Address century that wide.,407.7,Leisure,Neutral,IMPULSIVE_SPENDER
9,2024-08-13,Yes at seat ok.,4969.84,Other,Stressed,IMPULSIVE_SPENDER
9,2024-08-13,Teach cause mrs.,621.5,Leisure,Sad,IMPULSIVE_SPENDER
9,2024-08-15,Million night your.,1578.03,Other,Happy,IMPULSIVE_SPENDER
9,2024-08-16,There institution actually.,3477.65,Leisure,Sad,IMPULSIVE_SPENDER
9,2024-08-18,Less into per big.,4175.88,Food,Stressed,IMPULSIVE_SPENDER
9,2024-08-19,Its develop until watch.,1054.97,Food,Happy,IMPULSIVE_SPENDER
9,2024-08-20,Development provide dark daughter.,5639.07,Food,Neutral,IMPULSIVE_SPENDER
9,2024-08-21,Born itself law west.,3587.35,Other,Stressed,IMPULSIVE_SPENDER
9,2024-08-21,Pressure those.,1407.23,Leisure,Sad,IMPULSIVE_SPENDER
9,2024-08-21,Test they there.,2888.6,Leisure,Stressed,IMPULSIVE_SPENDER
9,2024-08-22,While same budget.,2267.15,Food,Happy,IMPULSIVE_SPENDER
9,2024-08-23,Big look tell prepare.,1105.94,Leisure,Neutral,IMPULSIVE_SPENDER
9,2024-08-23,Tree imagine machine.,4014.88,Food,Excited,IMPULSIVE_SPENDER
9,2024-08-23,Relate day.,119.24,Leisure,Excited,IMPULSIVE_SPENDER
9,2024-08-23,Real art.,15184.59,Food,Stressed,IMPULSIVE_SPENDER
9,2024-08-24,Apply maybe dog yes.,6523.41,Leisure,Neutral,IMPULSIVE_SPENDER
9,2024-08-24,Until truth feeling view.,655.42,Other,Sad,IMPULSIVE_SPENDER
9,2024-08-25,Quite everyone as generation.,9280.03,Other,Happy,IMPULSIVE_SPENDER
9,2024-08-26,Place offer.,694.64,Leisure,Happy,IMPULSIVE_SPENDER
9,2024-08-26,Focus chance.,447.57,Food,Neutral,IMPULSIVE_SPENDER
9,2024-08-26,Score each.,1431.44,Food,Happy,IMPULSIVE_SPENDER
9,2024-08-26,Task central dinner.,1268.18,Other,Stressed,IMPULSIVE_SPENDER
9,2024-08-27,By field move.,4978.83,Food,Stressed,IMPULSIVE_SPENDER
9,2024-08-27,Let stay or focus.,4840.83,Other,Happy,IMPULSIVE_SPENDER
9,2024-08-27,Huge response long.,118.78,Travel,Stressed,IMPULSIVE_SPENDER
9,2024-08-30,Require bank child.,706.23,Other,Stressed,IMPULSIVE_SPENDER
9,2024-08-31,World enter.,1677.85,Other,Stressed,IMPULSIVE_SPENDER
9,2024-09-01,Above others.,4320.5,Food,Happy,IMPULSIVE_SPENDER
9,2024-09-03,Citizen kid generation onto police.,6107.57,Travel,Stressed,IMPULSIVE_SPENDER
9,2024-09-04,Account assume prove similar ten.,3159.9,Education,Excited,IMPULSIVE_SPENDER
9,2024-09-06,Religious order.,2111.92,Travel,Neutral,IMPULSIVE_SPENDER
9,2024-09-07,Leave opportunity draw during city.,292.11,Travel,Stressed,IMPULSIVE_SPENDER
9,2024-09-08,Feel color price next.,2744.96,Travel,Sad,IMPULSIVE_SPENDER
9,2024-09-08,On professional analysis color.,910.62,Other,Neutral,IMPULSIVE_SPENDER
9,2024-09-08,Child group describe.,15359.07,Leisure,Stressed,IMPULSIVE_SPENDER
9,2024-09-10,Wrong school federal from.,3053.46,Leisure,Happy,IMPULSIVE_SPENDER
9,2024-09-10,Past product make of group.,13755.8,Food,Neutral,IMPULSIVE_SPENDER
9,2024-09-10,Remember carry.,62.31,Other,Stressed,IMPULSIVE_SPENDER
9,2024-09-11,Pretty skin main program.,3834.7,Education,Stressed,IMPULSIVE_SPENDER
9,2024-09-11,Which raise american truth.,2612.94,Leisure,Happy,IMPULSIVE_SPENDER
9,2024-09-12,Cell city not not the.,540.87,Other,Happy,IMPULSIVE_SPENDER
9,2024-09-12,Land region back nor article.,1549.73,Other,Sad,IMPULSIVE_SPENDER
9,2024-09-13,Financial popular short like.,2304.83,Leisure,Sad,IMPULSIVE_SPENDER
9,2024-09-13,Car indeed nor next.,1339.96,Travel,Neutral,IMPULSIVE_SPENDER
9,2024-09-14,Later son almost.,1854.28,Food,Stressed,IMPULSIVE_SPENDER
9,2024-09-14,Money a.,249.31,Other,Happy,IMPULSIVE_SPENDER
9,2024-09-14,Week yourself public especially american.,486.94,Leisure,Stressed,IMPULSIVE_SPENDER
9,2024-09-15,Democratic recent student specific political.,200.56,Food,Neutral,IMPULSIVE_SPENDER
9,2024-09-16,Concern significant.,830.96,Travel,Neutral,IMPULSIVE_SPENDER
9,2024-09-16,In seven building hard.,92.44,Other,Happy,IMPULSIVE_SPENDER
9,2024-09-17,Course out second carry.,2756.38,Education,Happy,IMPULSIVE_SPENDER
9,2024-09-18,Long identify road speech.,517.88,Other,Happy,IMPULSIVE_SPENDER
9,2024-09-18,Car much will.,1181.85,Other,Excited,IMPULSIVE_SPENDER
9,2024-09-19,Popular available public economy.,971.93,Other,Happy,IMPULSIVE_SPENDER
9,2024-09-19,A value lot.,1454.23,Leisure,Stressed,IMPULSIVE_SPENDER
9,2024-09-21,Position interest.,296.89,Leisure,Neutral,IMPULSIVE_SPENDER
9,2024-09-21,Option goal avoid.,2379.35,Leisure,Stressed,IMPULSIVE_SPENDER
9,2024-09-21,Else easy point she.,146.67,Travel,Sad,IMPULSIVE_SPENDER
9,2024-09-22,Idea seek.,219.45,Other,Stressed,IMPULSIVE_SPENDER
9,2024-09-23,Book economic.,253.36,Education,Neutral,IMPULSIVE_SPENDER
9,2024-09-24,Value thing these.,1252.53,Education,Excited,IMPULSIVE_SPENDER
9,2024-09-24,Career three according worker democrat.,2813.53,Food,Neutral,IMPULSIVE_SPENDER
9,2024-09-25,Worker always hold share.,432.16,Leisure,Sad,IMPULSIVE_SPENDER
9,2024-09-26,Him note painting quickly.,711.92,Other,Neutral,IMPULSIVE_SPENDER
9,2024-09-26,Recognize media goal.,165.38,Other,Neutral,IMPULSIVE_SPENDER
9,2024-09-27,Enter example down anyone occur.,2132.46,Education,Neutral,IMPULSIVE_SPENDER
9,2024-09-27,My compare also argue.,2510.55,Travel,Stressed,IMPULSIVE_SPENDER
9,2024-09-27,Itself free source.,2423.81,Travel,Stressed,IMPULSIVE_SPENDER
9,2024-09-28,Take family chance.,6872.29,Other,Neutral,IMPULSIVE_SPENDER
9,2024-09-30,Group never.,208.22,Food,Excited,IMPULSIVE_SPENDER
9,2024-10-01,We cold deep.,103.99,Travel,Sad,IMPULSIVE_SPENDER
9,2024-10-01,Medical nearly.,2302.19,Leisure,Sad,IMPULSIVE_SPENDER
9,2024-10-03,Improve them wait.,10935.29,Travel,Happy,IMPULSIVE_SPENDER
9,2024-10-03,Building range national focus.,1145.12,Leisure,Excited,IMPULSIVE_SPENDER
9,2024-10-05,Baby lawyer growth matter note.,2452.55,Leisure,Stressed,IMPULSIVE_SPENDER
9,2024-10-06,Simply century the.,458.41,Leisure,Stressed,IMPULSIVE_SPENDER
9,2024-10-06,Military onto blue activity.,1776.79,Other,Neutral,IMPULSIVE_SPENDER
9,2024-10-07,Space moment travel these least.,235.82,Other,Stressed,IMPULSIVE_SPENDER
9,2024-10-07,Already argue.,297.06,Other,Happy,IMPULSIVE_SPENDER
9,2024-10-08,Remember nearly face feel.,1130.52,Travel,Neutral,IMPULSIVE_SPENDER
9,2024-10-10,Identify material.,1013.7,Other,Neutral,IMPULSIVE_SPENDER
9,2024-10-10,Support possible.,1085.2,Other,Happy,IMPULSIVE_SPENDER
9,2024-10-10,Body lead there there early.,2332.25,Other,Stressed,IMPULSIVE_SPENDER
9,2024-10-12,Hundred bad that second develop.,2029.89,Leisure,Stressed,IMPULSIVE_SPENDER
9,2024-10-13,Relate real major.,2514.17,Leisure,Neutral,IMPULSIVE_SPENDER
9,2024-10-15,Plant event score official now.,5775.35,Other,Excited,IMPULSIVE_SPENDER
9,2024-10-16,Why outside.,979.25,Travel,Neutral,IMPULSIVE_SPENDER
9,2024-10-16,Might necessary former.,856.84,Travel,Neutral,IMPULSIVE_SPENDER
9,2024-10-16,Us perhaps lawyer interest star.,1473.16,Other,Sad,IMPULSIVE_SPENDER
9,2024-10-17,Number budget.,2249.65,Other,Sad,IMPULSIVE_SPENDER
9,2024-10-18,Buy tax.,6551.44,Food,Excited,IMPULSIVE_SPENDER
9,2024-10-18,Hundred step according.,757.34,Food,Stressed,IMPULSIVE_SPENDER
9,2024-10-20,Finally relate model.,1276.82,Travel,Stressed,IMPULSIVE_SPENDER
9,2024-10-21,We especially five network.,5071.5,Food,Happy,IMPULSIVE_SPENDER
9,2024-10-21,Organization visit finally.,734.89,Education,Sad,IMPULSIVE_SPENDER
9,2024-10-21,Along attention piece tv young.,732.19,Leisure,Stressed,IMPULSIVE_SPENDER
9,2024-10-22,Management sense technology check civil.,1251.01,Leisure,Neutral,IMPULSIVE_SPENDER
9,2024-10-22,Language however risk work.,22083.25,Leisure,Stressed,IMPULSIVE_SPENDER
9,2024-10-22,Medical nearly.,1528.85,Leisure,Stressed,IMPULSIVE_SPENDER
9,2024-10-22,Be fire.,68.89,Leisure,Sad,IMPULSIVE_SPENDER
9,2024-10-23,Analysis color friend the.,7304.3,Education,Stressed,IMPULSIVE_SPENDER
9,2024-10-24,Year him thank trade.,1118.44,Leisure,Stressed,IMPULSIVE_SPENDER
9,2024-10-24,Think live bad total research.,2183.9,Leisure,Stressed,IMPULSIVE_SPENDER
9,2024-10-24,Sure i pay.,1329.26,Other,Excited,IMPULSIVE_SPENDER
9,2024-10-25,Skill successful and.,24.26,Other,Excited,IMPULSIVE_SPENDER
9,2024-10-25,Scientist do author.,2477.34,Education,Sad,IMPULSIVE_SPENDER
9,2024-10-27,Third letter sort reveal seven.,2800.21,Leisure,Stressed,IMPULSIVE_SPENDER
9,2024-10-27,Let back three.,518.2,Leisure,Stressed,IMPULSIVE_SPENDER
9,2024-10-28,Girl suddenly.,2650.72,Other,Neutral,IMPULSIVE_SPENDER
9,2024-10-28,Improve simple turn.,3605.68,Other,Sad,IMPULSIVE_SPENDER
9,2024-10-29,Budget remain reduce.,1045.94,Education,Stressed,IMPULSIVE_SPENDER
9,2024-10-29,Number budget.,1479.13,Other,Sad,IMPULSIVE_SPENDER
9,2024-10-29,Offer bed it skill challenge.,397.02,Other,Neutral,IMPULSIVE_SPENDER
9,2024-11-01,Age decade mrs data.,3364.01,Food,Stressed,IMPULSIVE_SPENDER
9,2024-11-03,Test they there.,1192.34,Leisure,Neutral,IMPULSIVE_SPENDER
9,2024-11-04,Race mr.,1105.39,Travel,Happy,IMPULSIVE_SPENDER
9,2024-11-04,Thank avoid man drive.,941.13,Leisure,Excited,IMPULSIVE_SPENDER
9,2024-11-06,Toward child future low.,1759.05,Food,Excited,IMPULSIVE_SPENDER
9,2024-11-09,Picture early send morning.,3018.52,Other,Stressed,IMPULSIVE_SPENDER
9,2024-11-10,Health image.,2466.53,Other,Excited,IMPULSIVE_SPENDER
9,2024-11-10,Central contain pattern education boy.,2088.25,Leisure,Sad,IMPULSIVE_SPENDER
9,2024-11-12,Right analysis mention.,512.86,Leisure,Neutral,IMPULSIVE_SPENDER
9,2024-11-13,Drive nation heart nearly season.,781.13,Travel,Stressed,IMPULSIVE_SPENDER
9,2024-11-13,Age cover foreign.,1873.94,Leisure,Stressed,IMPULSIVE_SPENDER
9,2024-11-15,Better republican stock bank.,132.25,Other,Stressed,IMPULSIVE_SPENDER
9,2024-11-16,Difference world deep.,6302.78,Food,Happy,IMPULSIVE_SPENDER
9,2024-11-16,After sister should across treatment.,518.99,Leisure,Stressed,IMPULSIVE_SPENDER
9,2024-11-17,During call north attention.,5787.56,Other,Stressed,IMPULSIVE_SPENDER
9,2024-11-17,Fight nice less agree able.,2278.39,Leisure,Neutral,IMPULSIVE_SPENDER
9,2024-11-20,Expect writer myself management.,3926.69,Leisure,Stressed,IMPULSIVE_SPENDER
9,2024-11-20,List already positive experience television.,1897.54,Leisure,Stressed,IMPULSIVE_SPENDER
9,2024-11-20,North question new.,886.87,Education,Neutral,IMPULSIVE_SPENDER
9,2024-11-21,Stage bad know of.,3912.18,Other,Stressed,IMPULSIVE_SPENDER
9,2024-11-21,Stuff avoid.,1616.21,Other,Happy,IMPULSIVE_SPENDER
9,2024-11-22,Part management.,858.47,Education,Neutral,IMPULSIVE_SPENDER
9,2024-11-23,Scientist necessary into.,12924.39,Other,Sad,IMPULSIVE_SPENDER
9,2024-11-23,Leave opportunity draw during city.,117.08,Travel,Excited,IMPULSIVE_SPENDER
9,2024-11-24,Be fire.,72.67,Leisure,Stressed,IMPULSIVE_SPENDER
9,2024-11-26,Carry fly water cut fire.,166.36,Education,Stressed,IMPULSIVE_SPENDER
9,2024-11-29,Moment eat personal.,5906.48,Other,Sad,IMPULSIVE_SPENDER
9,2024-11-30,Science drug.,711.94,Travel,Neutral,IMPULSIVE_SPENDER
9,2024-11-30,Else easy point she.,1019.65,Travel,Happy,IMPULSIVE_SPENDER
9,2024-11-30,Development the inside thought.,1004.0,Education,Stressed,IMPULSIVE_SPENDER
9,2024-12-01,Water tonight pressure.,1506.61,Other,Neutral,IMPULSIVE_SPENDER
9,2024-12-01,Investment pass drive.,235.98,Food,Neutral,IMPULSIVE_SPENDER
9,2024-12-02,Cultural right cover large work.,4376.47,Other,Stressed,IMPULSIVE_SPENDER
9,2024-12-03,Ago race quite hour.,1361.75,Food,Sad,IMPULSIVE_SPENDER
9,2024-12-03,Town glass road.,1042.46,Other,Stressed,IMPULSIVE_SPENDER
9,2024-12-04,Beat light the window.,3743.19,Education,Neutral,IMPULSIVE_SPENDER
9,2024-12-04,Serious produce.,2269.48,Other,Stressed,IMPULSIVE_SPENDER
9,2024-12-05,Word collection those become.,4383.06,Leisure,Stressed,IMPULSIVE_SPENDER
9,2024-12-05,Result sound.,1940.96,Leisure,Sad,IMPULSIVE_SPENDER
9,2024-12-06,Whether century quality.,29015.75,Travel,Stressed,IMPULSIVE_SPENDER
9,2024-12-08,Offer work home.,160.89,Education,Stressed,IMPULSIVE_SPENDER
9,2024-12-11,Daughter war.,819.18,Leisure,Happy,IMPULSIVE_SPENDER
9,2024-12-12,Occur college herself.,719.3,Other,Stressed,IMPULSIVE_SPENDER
9,2024-12-12,Charge form here.,411.71,Education,Stressed,IMPULSIVE_SPENDER
9,2024-12-13,Serious produce.,1780.93,Other,Stressed,IMPULSIVE_SPENDER
9,2024-12-13,She join house.,535.6,Leisure,Stressed,IMPULSIVE_SPENDER
9,2024-12-13,Create physical share out cold.,264.03,Other,Stressed,IMPULSIVE_SPENDER
9,2024-12-14,Better republican stock bank.,271.71,Other,Happy,IMPULSIVE_SPENDER
9,2024-12-16,Analysis color friend the.,6872.44,Education,Excited,IMPULSIVE_SPENDER
9,2024-12-17,Citizen kid generation onto police.,5449.98,Travel,Stressed,IMPULSIVE_SPENDER
9,2024-12-17,Wonder long consider care.,46.96,Other,Excited,IMPULSIVE_SPENDER
9,2024-12-19,Red head window be.,2069.54,Education,Stressed,IMPULSIVE_SPENDER
9,2024-12-20,Consider time economic high.,6739.39,Education,Stressed,IMPULSIVE_SPENDER
9,2024-12-21,Best generation group goal.,6221.34,Other,Stressed,IMPULSIVE_SPENDER
9,2024-12-22,Detail far church some.,1805.27,Leisure,Neutral,IMPULSIVE_SPENDER
9,2024-12-22,Member box.,759.49,Leisure,Neutral,IMPULSIVE_SPENDER
9,2024-12-23,Since him four.,3886.53,Education,Stressed,IMPULSIVE_SPENDER
9,2024-12-23,Wall act special.,10442.91,Travel,Happy,IMPULSIVE_SPENDER
9,2024-12-23,Describe paper.,2463.43,Other,Sad,IMPULSIVE_SPENDER
9,2024-12-23,You without every.,494.76,Leisure,Excited,IMPULSIVE_SPENDER
9,2024-12-24,Discuss religious.,2549.34,Leisure,Happy,IMPULSIVE_SPENDER
9,2024-12-24,Opportunity lead see.,5280.06,Education,Stressed,IMPULSIVE_SPENDER
9,2024-12-25,Finish thing.,1019.96,Other,Neutral,IMPULSIVE_SPENDER
9,2024-12-25,Forward sense cause write right.,3681.75,Other,Stressed,IMPULSIVE_SPENDER
9,2024-12-25,World site mr interest treatment.,317.14,Education,Stressed,IMPULSIVE_SPENDER
9,2024-12-25,Sell only manage.,1523.76,Leisure,Stressed,IMPULSIVE_SPENDER
9,2024-12-26,Group never.,92.99,Food,Stressed,IMPULSIVE_SPENDER
9,2024-12-28,Write other wear through partner.,45.16,Other,Excited,IMPULSIVE_SPENDER
9,2024-12-29,Try wonder move trade.,1022.92,Travel,Neutral,IMPULSIVE_SPENDER
9,2024-12-29,Information scene again country.,546.28,Leisure,Neutral,IMPULSIVE_SPENDER
9,2024-12-31,Up federal nor note.,580.61,Leisure,Stressed,IMPULSIVE_SPENDER
9,2024-12-31,Let back three.,2710.98,Leisure,Stressed,IMPULSIVE_SPENDER
9,2024-12-31,Son rock two.,1086.2,Other,Excited,IMPULSIVE_SPENDER
9,2025-01-01,Participant above.,2658.2,Travel,Stressed,IMPULSIVE_SPENDER
9,2025-01-01,Tell soon executive.,361.18,Other,Stressed,IMPULSIVE_SPENDER
9,2025-01-02,Position interest.,144.46,Leisure,Stressed,IMPULSIVE_SPENDER
9,2025-01-02,Movement door kind.,881.57,Travel,Stressed,IMPULSIVE_SPENDER
9,2025-01-04,Pull blue strong wonder.,87.91,Food,Excited,IMPULSIVE_SPENDER
9,2025-01-05,Skin name door production back.,196.27,Food,Happy,IMPULSIVE_SPENDER
9,2025-01-05,Maybe painting republican.,2003.56,Food,Happy,IMPULSIVE_SPENDER
9,2025-01-06,Nothing behavior sort recognize.,22626.68,Education,Stressed,IMPULSIVE_SPENDER
9,2025-01-06,Democratic mention generation.,2589.42,Leisure,Neutral,IMPULSIVE_SPENDER
9,2025-01-06,State husband.,10242.42,Other,Neutral,IMPULSIVE_SPENDER
9,2025-01-07,Scene almost leave.,1828.96,Leisure,Stressed,IMPULSIVE_SPENDER
9,2025-01-07,Walk cup option store.,1408.55,Education,Stressed,IMPULSIVE_SPENDER
9,2025-01-08,Million night your.,21046.26,Other,Sad,IMPULSIVE_SPENDER
9,2025-01-09,Consumer face.,910.2,Leisure,Stressed,IMPULSIVE_SPENDER
9,2025-01-10,Thus several animal phone.,1196.48,Leisure,Stressed,IMPULSIVE_SPENDER
9,2025-01-11,Task improve fish.,3027.98,Leisure,Stressed,IMPULSIVE_SPENDER
9,2025-01-11,Produce ago.,395.81,Other,Happy,IMPULSIVE_SPENDER
9,2025-01-12,Community spring billion price paper.,3551.58,Other,Neutral,IMPULSIVE_SPENDER
9,2025-01-13,Wonder long consider care.,104.97,Other,Sad,IMPULSIVE_SPENDER
9,2025-01-14,Machine son television.,265.58,Travel,Stressed,IMPULSIVE_SPENDER
9,2025-01-15,Something future they red.,1185.21,Leisure,Happy,IMPULSIVE_SPENDER
9,2025-01-16,Feel special.,1462.57,Other,Stressed,IMPULSIVE_SPENDER
9,2025-01-17,Myself so growth time.,2946.72,Food,Neutral,IMPULSIVE_SPENDER
9,2025-01-17,Strong student green.,3198.18,Other,Stressed,IMPULSIVE_SPENDER
9,2025-01-17,That reflect send set fly.,543.93,Leisure,Sad,IMPULSIVE_SPENDER
9,2025-01-17,Economic box save.,1469.83,Other,Happy,IMPULSIVE_SPENDER
9,2025-01-19,Son rock two.,711.5,Other,Stressed,IMPULSIVE_SPENDER
9,2025-01-19,Miss have analysis morning.,1825.68,Leisure,Neutral,IMPULSIVE_SPENDER
9,2025-01-21,Analysis color friend the.,6497.14,Education,Happy,IMPULSIVE_SPENDER
9,2025-01-21,Race to television loss.,8318.36,Other,Excited,IMPULSIVE_SPENDER
9,2025-01-22,Sometimes while sense window.,3684.28,Leisure,Stressed,IMPULSIVE_SPENDER
9,2025-01-22,Discussion black follow.,2150.7,Leisure,Neutral,IMPULSIVE_SPENDER
9,2025-01-22,Close month parent who up.,2842.37,Leisure,Stressed,IMPULSIVE_SPENDER
9,2025-01-23,Scientist will begin.,3236.8,Other,Excited,IMPULSIVE_SPENDER
9,2025-01-23,Site girl into have media.,27417.63,Leisure,Stressed,IMPULSIVE_SPENDER
9,2025-01-24,Language however risk work.,2322.26,Leisure,Sad,IMPULSIVE_SPENDER
9,2025-01-24,Focus indicate result.,826.33,Other,Neutral,IMPULSIVE_SPENDER
9,2025-01-25,Grow laugh.,1873.02,Education,Sad,IMPULSIVE_SPENDER
9,2025-01-25,Perhaps order answer blue structure.,1726.05,Other,Neutral,IMPULSIVE_SPENDER
9,2025-01-26,Approach join stuff future.,5477.73,Education,Stressed,IMPULSIVE_SPENDER
9,2025-01-27,Local director become.,2625.13,Other,Stressed,IMPULSIVE_SPENDER
9,2025-01-28,Floor music catch discuss.,1364.07,Other,Stressed,IMPULSIVE_SPENDER
9,2025-01-28,Create physical share out cold.,440.67,Other,Sad,IMPULSIVE_SPENDER
9,2025-01-29,Some quickly truth view response.,1151.43,Leisure,Sad,IMPULSIVE_SPENDER
9,2025-01-29,Win group important civil nature.,852.24,Other,Excited,IMPULSIVE_SPENDER
9,2025-01-30,Discussion black follow.,1719.1,Leisure,Sad,IMPULSIVE_SPENDER
9,2025-01-30,Bill eight community.,165.97,Other,Stressed,IMPULSIVE_SPENDER
9,2025-01-31,History professional star wonder.,656.37,Food,Stressed,IMPULSIVE_SPENDER
10,2024-08-01,Close month parent who up.,22636.3,Leisure,Excited,IMPULSIVE_SPENDER
10,2024-08-02,Pretty skin main program.,2200.99,Education,Sad,IMPULSIVE_SPENDER
10,2024-08-02,Turn surface listen.,1240.47,Leisure,Stressed,IMPULSIVE_SPENDER
10,2024-08-06,Win central.,2378.71,Other,Stressed,IMPULSIVE_SPENDER
10,2024-08-06,Expect writer myself management.,13415.74,Leisure,Stressed,IMPULSIVE_SPENDER
10,2024-08-07,Increase consider.,2906.3,Other,Excited,IMPULSIVE_SPENDER
10,2024-08-10,Listen against coach.,2650.46,Food,Sad,IMPULSIVE_SPENDER
10,2024-08-11,Kind appear environment capital explain.,1020.71,Other,Happy,IMPULSIVE_SPENDER
10,2024-08-12,New type pm.,1655.5,Leisure,Excited,IMPULSIVE_SPENDER
10,2024-08-12,Unit hold.,4475.78,Education,Stressed,IMPULSIVE_SPENDER
10,2024-08-12,Course staff personal space.,1283.67,Leisure,Stressed,IMPULSIVE_SPENDER
10,2024-08-12,Win central.,1913.18,Other,Neutral,IMPULSIVE_SPENDER
10,2024-08-12,Sure i pay.,1214.33,Other,Excited,IMPULSIVE_SPENDER
10,2024-08-13,Church community.,4349.13,Travel,Neutral,IMPULSIVE_SPENDER
10,2024-08-13,Daughter war.,828.5,Leisure,Stressed,IMPULSIVE_SPENDER
10,2024-08-14,Inside big minute.,417.85,Leisure,Stressed,IMPULSIVE_SPENDER
10,2024-08-16,Box organization.,711.02,Leisure,Sad,IMPULSIVE_SPENDER
10,2024-08-17,Together knowledge.,780.41,Leisure,Excited,IMPULSIVE_SPENDER
10,2024-08-19,Mind easy foreign old.,1645.86,Food,Happy,IMPULSIVE_SPENDER
10,2024-08-19,Smile cover of pm eight.,657.78,Travel,Excited,IMPULSIVE_SPENDER
10,2024-08-20,Gas human create also.,122.46,Education,Sad,IMPULSIVE_SPENDER
10,2024-08-20,Have including none.,1125.43,Other,Neutral,IMPULSIVE_SPENDER
10,2024-08-23,Why though decide bank likely.,261.99,Other,Happy,IMPULSIVE_SPENDER
10,2024-08-23,Behind front attack song little.,13386.44,Education,Excited,IMPULSIVE_SPENDER
10,2024-08-24,Financial popular short like.,1785.85,Leisure,Excited,IMPULSIVE_SPENDER
10,2024-08-24,Before relationship plant.,348.59,Other,Stressed,IMPULSIVE_SPENDER
10,2024-08-24,Outside with each animal.,1874.53,Travel,Stressed,IMPULSIVE_SPENDER
10,2024-08-25,Despite energy company.,1266.03,Travel,Sad,IMPULSIVE_SPENDER
10,2024-08-25,Letter mind many.,2793.93,Other,Stressed,IMPULSIVE_SPENDER
10,2024-08-26,Republican reduce sort individual trouble.,1804.62,Travel,Stressed,IMPULSIVE_SPENDER
10,2024-08-26,Task central dinner.,1125.43,Other,Stressed,IMPULSIVE_SPENDER
10,2024-08-27,Think live bad total research.,2815.6,Leisure,Happy,IMPULSIVE_SPENDER
10,2024-08-28,Go exactly much food region.,1447.82,Food,Neutral,IMPULSIVE_SPENDER
10,2024-08-30,Couple city you level.,3368.81,Travel,Sad,IMPULSIVE_SPENDER
10,2024-08-30,International effort.,1871.36,Leisure,Neutral,IMPULSIVE_SPENDER
10,2024-08-30,Story activity.,1472.0,Other,Excited,IMPULSIVE_SPENDER
10,2024-08-30,Past feeling nature.,1925.99,Food,Stressed,IMPULSIVE_SPENDER
10,2024-08-31,A value lot.,2098.33,Leisure,Happy,IMPULSIVE_SPENDER
10,2024-08-31,Lay color.,732.13,Food,Stressed,IMPULSIVE_SPENDER
10,2024-08-31,Technology tend.,634.47,Leisure,Neutral,IMPULSIVE_SPENDER
10,2024-09-02,Course out second carry.,35870.37,Education,Stressed,IMPULSIVE_SPENDER
10,2024-09-03,Approach side model you billion.,7579.51,Other,Neutral,IMPULSIVE_SPENDER
10,2024-09-03,Ahead certainly second everyone.,8266.69,Leisure,Excited,IMPULSIVE_SPENDER
10,2024-09-03,Let back three.,1826.35,Leisure,Stressed,IMPULSIVE_SPENDER
10,2024-09-04,Left available.,716.92,Education,Neutral,IMPULSIVE_SPENDER
10,2024-09-05,Arrive budget education at property.,897.55,Leisure,Stressed,IMPULSIVE_SPENDER
10,2024-09-05,Fact reason make office.,879.21,Leisure,Neutral,IMPULSIVE_SPENDER
10,2024-09-08,Thus several animal phone.,1801.23,Leisure,Stressed,IMPULSIVE_SPENDER
10,2024-09-09,Good lay coach.,388.92,Education,Excited,IMPULSIVE_SPENDER
10,2024-09-09,Sense including six lot.,10182.55,Leisure,Stressed,IMPULSIVE_SPENDER
10,2024-09-10,Message seek civil all.,3061.58,Travel,Neutral,IMPULSIVE_SPENDER
10,2024-09-11,Computer prove amount population.,1834.32,Travel,Sad,IMPULSIVE_SPENDER
10,2024-09-12,Clear single expect.,3235.16,Education,Happy,IMPULSIVE_SPENDER
10,2024-09-13,Number budget.,2532.68,Other,Stressed,IMPULSIVE_SPENDER
10,2024-09-13,These road.,610.09,Education,Stressed,IMPULSIVE_SPENDER
10,2024-09-14,Smile peace apply.,422.58,Food,Stressed,IMPULSIVE_SPENDER
10,2024-09-14,In seven building hard.,74.96,Other,Neutral,IMPULSIVE_SPENDER
10,2024-09-14,Give that individual of not.,3396.45,Education,Excited,IMPULSIVE_SPENDER
10,2024-09-15,Dark camera realize.,696.11,Travel,Stressed,IMPULSIVE_SPENDER
10,2024-09-15,Senior service large under.,2150.28,Travel,Stressed,IMPULSIVE_SPENDER
10,2024-09-15,End dog.,3553.62,Other,Stressed,IMPULSIVE_SPENDER
10,2024-09-15,Keep cut prevent sound.,952.01,Leisure,Stressed,IMPULSIVE_SPENDER
10,2024-09-16,Seven project chance road.,2226.95,Leisure,Neutral,IMPULSIVE_SPENDER
10,2024-09-17,Item treat area.,3743.89,Travel,Happy,IMPULSIVE_SPENDER
10,2024-09-18,Participant above.,1595.72,Travel,Excited,IMPULSIVE_SPENDER
10,2024-09-18,Time surface learn design.,772.66,Other,Stressed,IMPULSIVE_SPENDER
10,2024-09-19,Raise hope enjoy most.,894.27,Leisure,Stressed,IMPULSIVE_SPENDER
10,2024-09-21,High issue deal democratic.,2731.26,Education,Excited,IMPULSIVE_SPENDER
10,2024-09-21,Local director become.,2231.45,Other,Stressed,IMPULSIVE_SPENDER
10,2024-09-22,Number budget.,745.22,Other,Neutral,IMPULSIVE_SPENDER
10,2024-09-23,Base investment.,234.22,Food,Happy,IMPULSIVE_SPENDER
10,2024-09-24,Child ball store process.,6699.77,Other,Excited,IMPULSIVE_SPENDER
10,2024-09-24,Edge surface who.,2343.07,Travel,Neutral,IMPULSIVE_SPENDER
10,2024-09-25,Join black.,1058.05,Travel,Sad,IMPULSIVE_SPENDER
10,2024-09-26,Election hit yourself wrong want.,1501.54,Education,Neutral,IMPULSIVE_SPENDER
10,2024-09-27,Push east never size fight.,404.97,Travel,Neutral,IMPULSIVE_SPENDER
10,2024-09-27,Few spring raise.,265.06,Travel,Happy,IMPULSIVE_SPENDER
10,2024-09-27,Together knowledge.,1099.29,Leisure,Stressed,IMPULSIVE_SPENDER
10,2024-09-27,Nor character recent.,2432.77,Travel,Sad,IMPULSIVE_SPENDER
10,2024-09-30,Water positive child usually.,1102.29,Leisure,Happy,IMPULSIVE_SPENDER
10,2024-10-01,Remember ability.,1726.01,Other,Sad,IMPULSIVE_SPENDER
10,2024-10-02,Participant above.,904.09,Travel,Happy,IMPULSIVE_SPENDER
10,2024-10-03,Election hit yourself wrong want.,840.33,Education,Stressed,IMPULSIVE_SPENDER
10,2024-10-03,And national spend.,4064.15,Food,Stressed,IMPULSIVE_SPENDER
10,2024-10-04,Wonder long consider care.,249.53,Other,Stressed,IMPULSIVE_SPENDER
10,2024-10-04,Field seat start pm.,1846.53,Leisure,Neutral,IMPULSIVE_SPENDER
10,2024-10-07,News need task mind.,8617.62,Travel,Stressed,IMPULSIVE_SPENDER
10,2024-10-08,Wonder long consider care.,73.31,Other,Sad,IMPULSIVE_SPENDER
10,2024-10-08,Size sing tree kitchen.,1110.63,Travel,Excited,IMPULSIVE_SPENDER
10,2024-10-09,Effort drive side human.,971.04,Other,Excited,IMPULSIVE_SPENDER
10,2024-10-11,Fear approach take case customer.,4800.86,Other,Stressed,IMPULSIVE_SPENDER
10,2024-10-14,Safe whole establish.,1046.81,Leisure,Happy,IMPULSIVE_SPENDER
10,2024-10-14,Project spring of.,324.27,Other,Excited,IMPULSIVE_SPENDER
10,2024-10-14,Finish increase economy middle public.,1926.29,Travel,Neutral,IMPULSIVE_SPENDER
10,2024-10-15,Pretty least if.,2776.13,Education,Happy,IMPULSIVE_SPENDER
10,2024-10-15,Why station manager.,1155.88,Travel,Stressed,IMPULSIVE_SPENDER
10,2024-10-15,None whose.,2186.02,Leisure,Sad,IMPULSIVE_SPENDER
10,2024-10-17,Evening ahead smile.,1378.72,Leisure,Stressed,IMPULSIVE_SPENDER
10,2024-10-18,Behavior here.,3383.89,Education,Stressed,IMPULSIVE_SPENDER
10,2024-10-20,Democratic recent student specific political.,1237.97,Food,Stressed,IMPULSIVE_SPENDER
10,2024-10-20,Likely push.,353.49,Other,Neutral,IMPULSIVE_SPENDER
10,2024-10-21,Idea seek.,43.13,Other,Neutral,IMPULSIVE_SPENDER
10,2024-10-22,Local director become.,1520.46,Other,Sad,IMPULSIVE_SPENDER
10,2024-10-22,Up federal nor note.,476.31,Leisure,Stressed,IMPULSIVE_SPENDER
10,2024-10-22,Store natural today season.,151.87,Other,Stressed,IMPULSIVE_SPENDER
10,2024-10-24,Than condition republican.,731.09,Travel,Neutral,IMPULSIVE_SPENDER
10,2024-10-26,Remember ability.,693.09,Other,Stressed,IMPULSIVE_SPENDER
10,2024-10-27,Occur live take media hot.,1235.32,Leisure,Stressed,IMPULSIVE_SPENDER
10,2024-10-27,Phone ever back experience.,1730.24,Other,Stressed,IMPULSIVE_SPENDER
10,2024-10-27,Peace wind guess.,576.27,Other,Stressed,IMPULSIVE_SPENDER
10,2024-10-27,Worker range feel.,145.48,Leisure,Stressed,IMPULSIVE_SPENDER
10,2024-10-28,Economic box save.,496.0,Other,Neutral,IMPULSIVE_SPENDER
10,2024-10-30,Yes at seat ok.,2155.42,Other,Stressed,IMPULSIVE_SPENDER
10,2024-10-30,Build smile across among situation.,756.63,Other,Sad,IMPULSIVE_SPENDER
10,2024-10-31,Finish increase economy middle public.,2020.1,Travel,Stressed,IMPULSIVE_SPENDER
10,2024-10-31,Talk thing rock ever summer.,2396.66,Other,Stressed,IMPULSIVE_SPENDER
10,2024-11-04,Yeah term.,163.62,Education,Stressed,IMPULSIVE_SPENDER
10,2024-11-04,Its develop until watch.,2934.82,Food,Happy,IMPULSIVE_SPENDER
10,2024-11-05,Consider time economic high.,2989.24,Education,Happy,IMPULSIVE_SPENDER
10,2024-11-06,Policy mrs.,7532.34,Other,Neutral,IMPULSIVE_SPENDER
10,2024-11-06,Leg rest interest.,6784.37,Other,Happy,IMPULSIVE_SPENDER
10,2024-11-06,Condition again successful.,3038.88,Education,Sad,IMPULSIVE_SPENDER
10,2024-11-06,Value car team nothing.,405.02,Education,Stressed,IMPULSIVE_SPENDER
10,2024-11-07,Outside with each animal.,1007.65,Travel,Excited,IMPULSIVE_SPENDER
10,2024-11-07,Finish thing.,4387.07,Other,Stressed,IMPULSIVE_SPENDER
10,2024-11-07,Or phone.,4544.78,Food,Sad,IMPULSIVE_SPENDER
10,2024-11-09,State none production defense your.,4916.8,Travel,Stressed,IMPULSIVE_SPENDER
10,2024-11-11,Number budget.,2662.04,Other,Stressed,IMPULSIVE_SPENDER
10,2024-11-12,Art whether between several personal.,7016.25,Travel,Happy,IMPULSIVE_SPENDER
10,2024-11-12,First blood accept final.,685.37,Leisure,Sad,IMPULSIVE_SPENDER
10,2024-11-13,Market specific property coach.,4493.81,Leisure,Happy,IMPULSIVE_SPENDER
10,2024-11-14,Door management guess.,2035.66,Leisure,Sad,IMPULSIVE_SPENDER
10,2024-11-17,By field move.,1027.04,Food,Happy,IMPULSIVE_SPENDER
10,2024-11-17,Smile cover of pm eight.,834.12,Travel,Sad,IMPULSIVE_SPENDER
10,2024-11-18,Story case.,1865.86,Leisure,Neutral,IMPULSIVE_SPENDER
10,2024-11-19,Stage threat our.,568.9,Other,Excited,IMPULSIVE_SPENDER
10,2024-11-19,Check clearly follow remember generation.,475.74,Education,Stressed,IMPULSIVE_SPENDER
10,2024-11-20,Drive nation heart nearly season.,766.0,Travel,Stressed,IMPULSIVE_SPENDER
10,2024-11-21,Specific whose.,391.54,Other,Stressed,IMPULSIVE_SPENDER
10,2024-11-22,Administration network once.,6018.57,Other,Excited,IMPULSIVE_SPENDER
10,2024-11-22,Smile high open scientist.,2381.6,Food,Happy,IMPULSIVE_SPENDER
10,2024-11-23,Art whether between several personal.,3468.88,Travel,Stressed,IMPULSIVE_SPENDER
10,2024-11-24,Sort knowledge analysis together court.,549.04,Leisure,Neutral,IMPULSIVE_SPENDER
10,2024-11-24,Side mind question year finish.,2479.04,Food,Stressed,IMPULSIVE_SPENDER
10,2024-11-24,Bar professor power.,3513.72,Leisure,Stressed,IMPULSIVE_SPENDER
10,2024-11-25,Laugh red man fly charge.,777.97,Travel,Stressed,IMPULSIVE_SPENDER
10,2024-11-25,Remember ability.,1718.24,Other,Stressed,IMPULSIVE_SPENDER
10,2024-12-01,Already argue.,360.6,Other,Stressed,IMPULSIVE_SPENDER
10,2024-12-02,Determine feel article we they.,1979.97,Leisure,Happy,IMPULSIVE_SPENDER
10,2024-12-02,Dark camera realize.,351.56,Travel,Sad,IMPULSIVE_SPENDER
10,2024-12-03,News american foreign.,6631.27,Education,Sad,IMPULSIVE_SPENDER
10,2024-12-04,Enter example down anyone occur.,5389.21,Education,Stressed,IMPULSIVE_SPENDER
10,2024-12-05,Field a spring.,4363.53,Education,Sad,IMPULSIVE_SPENDER
10,2024-12-05,Quite budget window hour some.,11818.28,Travel,Neutral,IMPULSIVE_SPENDER
10,2024-12-06,Water positive child usually.,787.83,Leisure,Stressed,IMPULSIVE_SPENDER
10,2024-12-06,Machine whatever everything fear walk.,3761.83,Other,Excited,IMPULSIVE_SPENDER
10,2024-12-08,Ahead picture son.,710.27,Travel,Neutral,IMPULSIVE_SPENDER
10,2024-12-08,Spend prove stock school.,1198.47,Food,Excited,IMPULSIVE_SPENDER
10,2024-12-09,Good lay coach.,4252.9,Education,Sad,IMPULSIVE_SPENDER
10,2024-12-09,Despite energy company.,835.9,Travel,Happy,IMPULSIVE_SPENDER
10,2024-12-09,Leg sport until argue.,1475.28,Food,Happy,IMPULSIVE_SPENDER
10,2024-12-09,Religious order.,2601.03,Travel,Stressed,IMPULSIVE_SPENDER
10,2024-12-10,Boy different chance enter.,132.73,Education,Stressed,IMPULSIVE_SPENDER
10,2024-12-10,Report agreement sport.,26517.17,Food,Happy,IMPULSIVE_SPENDER
10,2024-12-11,Property let.,1677.35,Leisure,Stressed,IMPULSIVE_SPENDER
10,2024-12-12,Fear song save.,424.32,Other,Sad,IMPULSIVE_SPENDER
10,2024-12-12,Focus indicate result.,635.05,Other,Stressed,IMPULSIVE_SPENDER
10,2024-12-12,Democratic station course full.,19669.31,Food,Stressed,IMPULSIVE_SPENDER
10,2024-12-15,Water tonight pressure.,1369.25,Other,Neutral,IMPULSIVE_SPENDER
10,2024-12-15,Kid industry.,105.62,Education,Sad,IMPULSIVE_SPENDER
10,2024-12-16,Later week democratic few.,226.4,Other,Sad,IMPULSIVE_SPENDER
10,2024-12-17,Account ten sing.,5944.09,Food,Neutral,IMPULSIVE_SPENDER
10,2024-12-17,Water positive child usually.,497.89,Leisure,Sad,IMPULSIVE_SPENDER
10,2024-12-18,Dog late eat.,265.54,Travel,Neutral,IMPULSIVE_SPENDER
10,2024-12-19,Southern front.,1256.26,Travel,Stressed,IMPULSIVE_SPENDER
10,2024-12-20,Long identify road speech.,571.21,Other,Stressed,IMPULSIVE_SPENDER
10,2024-12-20,By field move.,4666.29,Food,Excited,IMPULSIVE_SPENDER
10,2024-12-21,Simply century the.,1461.02,Leisure,Stressed,IMPULSIVE_SPENDER
10,2024-12-21,True building card.,1275.66,Travel,Stressed,IMPULSIVE_SPENDER
10,2024-12-22,Four field area young.,3316.9,Education,Stressed,IMPULSIVE_SPENDER
10,2024-12-22,With young think there assume.,3181.41,Education,Happy,IMPULSIVE_SPENDER
10,2024-12-24,Big look tell prepare.,572.42,Leisure,Happy,IMPULSIVE_SPENDER
10,2024-12-25,Miss have analysis morning.,1539.79,Leisure,Neutral,IMPULSIVE_SPENDER
10,2024-12-25,Source onto provide.,374.97,Other,Stressed,IMPULSIVE_SPENDER
10,2024-12-26,Since him four.,5287.27,Education,Excited,IMPULSIVE_SPENDER
10,2024-12-28,Wish current.,1387.57,Education,Neutral,IMPULSIVE_SPENDER
10,2024-12-28,Card star avoid nothing.,209.27,Food,Sad,IMPULSIVE_SPENDER
10,2024-12-29,Investment pass drive.,664.75,Food,Neutral,IMPULSIVE_SPENDER
10,2024-12-29,Program sport her.,295.54,Education,Neutral,IMPULSIVE_SPENDER
10,2024-12-30,Couple general pretty show.,1617.6,Food,Neutral,IMPULSIVE_SPENDER
10,2024-12-31,Care run there leg.,1071.56,Leisure,Excited,IMPULSIVE_SPENDER
10,2025-01-02,Find lay deal lot.,4089.72,Other,Excited,IMPULSIVE_SPENDER
10,2025-01-03,All important shoulder she.,928.76,Other,Happy,IMPULSIVE_SPENDER
10,2025-01-04,Apply less.,1835.63,Food,Neutral,IMPULSIVE_SPENDER
10,2025-01-04,Yes at seat ok.,3693.34,Other,Stressed,IMPULSIVE_SPENDER
10,2025-01-05,Song risk bad.,7451.22,Travel,Excited,IMPULSIVE_SPENDER
10,2025-01-06,On must certainly.,6138.85,Leisure,Sad,IMPULSIVE_SPENDER
10,2025-01-06,Let back three.,3137.34,Leisure,Neutral,IMPULSIVE_SPENDER
10,2025-01-06,Billion land detail exist cover.,1572.52,Other,Happy,IMPULSIVE_SPENDER
10,2025-01-06,List already positive experience television.,4885.45,Leisure,Stressed,IMPULSIVE_SPENDER
10,2025-01-08,Owner memory argue project.,2113.2,Other,Neutral,IMPULSIVE_SPENDER
10,2025-01-08,Human public health.,5717.05,Education,Stressed,IMPULSIVE_SPENDER
10,2025-01-10,Upon very act perform.,2877.33,Leisure,Stressed,IMPULSIVE_SPENDER
10,2025-01-11,Note discuss discussion reach grow.,567.34,Food,Happy,IMPULSIVE_SPENDER
10,2025-01-12,Sort knowledge analysis together court.,297.13,Leisure,Stressed,IMPULSIVE_SPENDER
10,2025-01-12,Field seat start pm.,3446.55,Leisure,Stressed,IMPULSIVE_SPENDER
10,2025-01-13,Son rock two.,425.84,Other,Stressed,IMPULSIVE_SPENDER
10,2025-01-14,Fish evening avoid dark.,517.61,Leisure,Sad,IMPULSIVE_SPENDER
10,2025-01-14,Option oil commercial.,2544.29,Education,Stressed,IMPULSIVE_SPENDER
10,2025-01-14,Couple raise she child.,22741.86,Other,Excited,IMPULSIVE_SPENDER
10,2025-01-14,Section agency lawyer sign them.,5384.3,Other,Happy,IMPULSIVE_SPENDER
10,2025-01-15,Radio product.,7232.06,Food,Stressed,IMPULSIVE_SPENDER
10,2025-01-15,Yard foot he share issue.,1246.1,Travel,Excited,IMPULSIVE_SPENDER
10,2025-01-16,Result many pattern.,1405.02,Other,Sad,IMPULSIVE_SPENDER
10,2025-01-17,Site girl into have media.,5847.57,Leisure,Stressed,IMPULSIVE_SPENDER
10,2025-01-17,Ball theory prepare much throughout.,745.37,Travel,Stressed,IMPULSIVE_SPENDER
10,2025-01-17,Law read citizen.,759.71,Other,Stressed,IMPULSIVE_SPENDER
10,2025-01-18,Eye something.,3693.1,Food,Stressed,IMPULSIVE_SPENDER
10,2025-01-18,During call north attention.,3443.04,Other,Sad,IMPULSIVE_SPENDER
10,2025-01-19,Not teach believe month.,115.09,Travel,Stressed,IMPULSIVE_SPENDER
10,2025-01-19,Style real far.,13425.76,Leisure,Stressed,IMPULSIVE_SPENDER
10,2025-01-19,Off southern suddenly.,1049.49,Other,Stressed,IMPULSIVE_SPENDER
10,2025-01-19,Republican reduce sort individual trouble.,1268.5,Travel,Stressed,IMPULSIVE_SPENDER
10,2025-01-20,Kid put memory soldier.,68.1,Other,Stressed,IMPULSIVE_SPENDER
10,2025-01-20,So draw food company.,466.54,Travel,Stressed,IMPULSIVE_SPENDER
10,2025-01-20,Let stay or focus.,802.37,Other,Excited,IMPULSIVE_SPENDER
10,2025-01-21,While total spend.,423.2,Education,Stressed,IMPULSIVE_SPENDER
10,2025-01-21,Tv budget system book.,6149.36,Leisure,Stressed,IMPULSIVE_SPENDER
10,2025-01-22,Recognize media goal.,243.77,Other,Excited,IMPULSIVE_SPENDER
10,2025-01-22,Part crime.,1228.75,Food,Excited,IMPULSIVE_SPENDER
10,2025-01-23,Ask window full.,3335.53,Food,Stressed,IMPULSIVE_SPENDER
10,2025-01-23,Exist professional.,104.2,Other,Stressed,IMPULSIVE_SPENDER
10,2025-01-23,Why station manager.,1332.08,Travel,Neutral,IMPULSIVE_SPENDER
10,2025-01-23,War push thousand book half.,1007.6,Other,Sad,IMPULSIVE_SPENDER
10,2025-01-25,Day already hold.,524.95,Other,Excited,IMPULSIVE_SPENDER
10,2025-01-26,Bad argue side girl.,1521.79,Food,Happy,IMPULSIVE_SPENDER
10,2025-01-26,Main opportunity particularly question.,1315.92,Other,Neutral,IMPULSIVE_SPENDER
10,2025-01-27,History professional star wonder.,10817.08,Food,Excited,IMPULSIVE_SPENDER
10,2025-01-27,Describe paper.,864.61,Other,Sad,IMPULSIVE_SPENDER
10,2025-01-27,National back everybody direction budget.,246.57,Other,Stressed,IMPULSIVE_SPENDER
10,2025-01-27,Already argue.,659.26,Other,Stressed,IMPULSIVE_SPENDER
10,2025-01-27,Despite energy company.,839.84,Travel,Neutral,IMPULSIVE_SPENDER
10,2025-01-29,News need task mind.,7586.41,Travel,Excited,IMPULSIVE_SPENDER
10,2025-01-29,Or friend.,978.59,Leisure,Stressed,IMPULSIVE_SPENDER
10,2025-01-30,Name machine tree maybe.,142.55,Education,Stressed,IMPULSIVE_SPENDER
10,2025-01-30,About usually.,4693.45,Education,Stressed,IMPULSIVE_SPENDER
10,2025-01-31,Consider here grow agreement.,685.7,Food,Excited,IMPULSIVE_SPENDER
10,2025-01-31,How any federal star.,1169.71,Other,Neutral,IMPULSIVE_SPENDER
10,2025-01-31,Finish thing.,1716.15,Other,Stressed,IMPULSIVE_SPENDER
10,2025-01-31,Statement available win politics.,489.64,Leisure,Stressed,IMPULSIVE_SPENDER
11,2024-08-02,Project can.,594.12,Food,Excited,CAUTIOUS_SAVER
11,2024-08-02,Tree imagine machine.,1281.19,Food,Neutral,CAUTIOUS_SAVER
11,2024-08-02,Long identify road speech.,346.78,Other,Sad,CAUTIOUS_SAVER
11,2024-08-03,During call north attention.,360.52,Other,Happy,CAUTIOUS_SAVER
11,2024-08-03,Really society live camera.,35.56,Travel,Happy,CAUTIOUS_SAVER
11,2024-08-05,Sort knowledge analysis together court.,163.72,Leisure,Neutral,CAUTIOUS_SAVER
11,2024-08-05,Doctor mr.,102.14,Education,Happy,CAUTIOUS_SAVER
11,2024-08-08,Arrive society.,887.29,Leisure,Neutral,CAUTIOUS_SAVER
11,2024-08-08,Approach about because.,197.35,Leisure,Sad,CAUTIOUS_SAVER
11,2024-08-10,Research month instead.,1056.65,Leisure,Neutral,CAUTIOUS_SAVER
11,2024-08-11,Current health serious.,148.55,Food,Neutral,CAUTIOUS_SAVER
11,2024-08-11,Machine son television.,75.68,Travel,Neutral,CAUTIOUS_SAVER
11,2024-08-11,Election hit yourself wrong want.,260.7,Education,Neutral,CAUTIOUS_SAVER
11,2024-08-11,Beautiful beyond sell.,98.28,Food,Neutral,CAUTIOUS_SAVER
11,2024-08-12,Democratic recent student specific political.,191.05,Food,Sad,CAUTIOUS_SAVER
11,2024-08-12,Behind front attack song little.,637.76,Education,Happy,CAUTIOUS_SAVER
11,2024-08-14,Us perhaps lawyer interest star.,328.36,Other,Neutral,CAUTIOUS_SAVER
11,2024-08-17,Stop later reveal both.,473.03,Leisure,Excited,CAUTIOUS_SAVER
11,2024-08-17,Board notice later thus.,650.13,Food,Neutral,CAUTIOUS_SAVER
11,2024-08-18,Hundred challenge reach throughout.,790.13,Education,Neutral,CAUTIOUS_SAVER
11,2024-08-18,Thousand live land hard.,1002.08,Food,Neutral,CAUTIOUS_SAVER
11,2024-08-19,Board notice later thus.,486.58,Food,Excited,CAUTIOUS_SAVER
11,2024-08-19,White likely teacher one.,770.65,Leisure,Neutral,CAUTIOUS_SAVER
11,2024-08-19,Range step painting concern.,269.28,Education,Happy,CAUTIOUS_SAVER
11,2024-08-20,Budget remain reduce.,788.26,Education,Neutral,CAUTIOUS_SAVER
11,2024-08-20,Entire hotel.,893.09,Other,Happy,CAUTIOUS_SAVER
11,2024-08-20,Safe whole establish.,186.71,Leisure,Neutral,CAUTIOUS_SAVER
11,2024-08-21,Focus executive letter possible final.,706.84,Other,Happy,CAUTIOUS_SAVER
11,2024-08-22,Meet seem population.,323.04,Education,Happy,CAUTIOUS_SAVER
11,2024-08-23,Agreement us stuff.,647.66,Travel,Neutral,CAUTIOUS_SAVER
11,2024-08-24,Especially unit office almost.,607.91,Other,Excited,CAUTIOUS_SAVER
11,2024-08-26,Good anything manager think pressure.,88.53,Education,Happy,CAUTIOUS_SAVER
11,2024-08-26,Build smile across among situation.,332.31,Other,Neutral,CAUTIOUS_SAVER
11,2024-08-27,Week yourself public especially american.,268.65,Leisure,Neutral,CAUTIOUS_SAVER
11,2024-08-28,Hard knowledge enjoy let.,741.43,Leisure,Excited,CAUTIOUS_SAVER
11,2024-08-28,Maintain former campaign pretty beyond.,126.22,Food,Happy,CAUTIOUS_SAVER
11,2024-08-30,Main opportunity particularly question.,398.11,Other,Neutral,CAUTIOUS_SAVER
11,2024-08-31,Special information.,85.7,Food,Neutral,CAUTIOUS_SAVER
11,2024-09-01,Art green child movie blue.,667.09,Other,Sad,CAUTIOUS_SAVER
11,2024-09-02,Carry fly water cut fire.,37.61,Education,Neutral,CAUTIOUS_SAVER
11,2024-09-04,Size republican political.,1344.16,Travel,Neutral,CAUTIOUS_SAVER
11,2024-09-04,Program decade home which view.,422.11,Travel,Neutral,CAUTIOUS_SAVER
11,2024-09-04,Week real course school everybody.,673.09,Education,Sad,CAUTIOUS_SAVER
11,2024-09-05,Than condition republican.,644.23,Travel,Neutral,CAUTIOUS_SAVER
11,2024-09-05,Why though decide bank likely.,120.35,Other,Excited,CAUTIOUS_SAVER
11,2024-09-06,Senior difficult put.,290.79,Leisure,Neutral,CAUTIOUS_SAVER
11,2024-09-06,Long identify road speech.,309.56,Other,Neutral,CAUTIOUS_SAVER
11,2024-09-06,Ahead certainly second everyone.,660.69,Leisure,Happy,CAUTIOUS_SAVER
11,2024-09-07,Near risk.,274.92,Other,Neutral,CAUTIOUS_SAVER
11,2024-09-08,Box service develop game.,603.69,Other,Neutral,CAUTIOUS_SAVER
11,2024-09-09,Bill beautiful issue.,718.62,Food,Sad,CAUTIOUS_SAVER
11,2024-09-10,Respond into history.,259.4,Other,Happy,CAUTIOUS_SAVER
11,2024-09-10,Cup hundred rather.,211.24,Education,Neutral,CAUTIOUS_SAVER
11,2024-09-11,Model police finally girl.,239.36,Leisure,Neutral,CAUTIOUS_SAVER
11,2024-09-12,Training occur could painting.,683.52,Travel,Sad,CAUTIOUS_SAVER
11,2024-09-13,Quite response.,862.84,Education,Neutral,CAUTIOUS_SAVER
11,2024-09-14,Present discussion.,511.15,Education,Neutral,CAUTIOUS_SAVER
11,2024-09-14,Somebody prepare few sound.,145.95,Leisure,Neutral,CAUTIOUS_SAVER
11,2024-09-15,Among black picture that treat.,420.04,Education,Sad,CAUTIOUS_SAVER
11,2024-09-16,Network available mean share.,618.63,Other,Sad,CAUTIOUS_SAVER
11,2024-09-17,Expert movement reach man.,435.2,Other,Neutral,CAUTIOUS_SAVER
11,2024-09-19,Write other wear through partner.,9.94,Other,Neutral,CAUTIOUS_SAVER
11,2024-09-19,Citizen kid generation onto police.,827.11,Travel,Happy,CAUTIOUS_SAVER
11,2024-09-20,Recent couple cost girl run.,542.85,Leisure,Neutral,CAUTIOUS_SAVER
11,2024-09-20,Car indeed nor next.,388.89,Travel,Excited,CAUTIOUS_SAVER
11,2024-09-22,Important focus benefit probably.,370.31,Other,Sad,CAUTIOUS_SAVER
11,2024-09-23,Join black.,684.17,Travel,Neutral,CAUTIOUS_SAVER
11,2024-09-24,Picture early send morning.,499.69,Other,Happy,CAUTIOUS_SAVER
11,2024-09-24,Actually purpose public.,144.78,Education,Neutral,CAUTIOUS_SAVER
11,2024-09-26,Statement position either.,521.44,Travel,Neutral,CAUTIOUS_SAVER
11,2024-09-26,Company left nothing trip.,432.88,Leisure,Excited,CAUTIOUS_SAVER
11,2024-09-26,Much section investment on gun.,486.58,Other,Happy,CAUTIOUS_SAVER
11,2024-09-26,Apply maybe dog yes.,458.42,Leisure,Neutral,CAUTIOUS_SAVER
11,2024-09-27,Effect people.,723.14,Food,Excited,CAUTIOUS_SAVER
11,2024-09-28,Majority none little admit former.,617.84,Leisure,Neutral,CAUTIOUS_SAVER
11,2024-09-29,White likely teacher one.,959.67,Leisure,Happy,CAUTIOUS_SAVER
11,2024-09-29,Determine feel article we they.,360.73,Leisure,Happy,CAUTIOUS_SAVER
11,2024-09-30,Age cover foreign.,739.87,Leisure,Neutral,CAUTIOUS_SAVER
11,2024-10-01,Woman meet report.,1312.07,Food,Neutral,CAUTIOUS_SAVER
11,2024-10-03,Play move each left establish.,590.93,Education,Neutral,CAUTIOUS_SAVER
11,2024-10-04,Range step painting concern.,540.07,Education,Neutral,CAUTIOUS_SAVER
11,2024-10-04,Foreign husband believe word local.,424.93,Travel,Neutral,CAUTIOUS_SAVER
11,2024-10-04,Contain threat wrong whatever.,322.32,Education,Happy,CAUTIOUS_SAVER
11,2024-10-06,Food affect upon these story.,783.02,Leisure,Happy,CAUTIOUS_SAVER
11,2024-10-06,Across nothing.,890.96,Food,Sad,CAUTIOUS_SAVER
11,2024-10-07,Challenge organization floor road southern.,977.48,Travel,Neutral,CAUTIOUS_SAVER
11,2024-10-07,Boy different chance enter.,118.93,Education,Neutral,CAUTIOUS_SAVER
11,2024-10-07,Dark mr clearly take.,933.78,Education,Excited,CAUTIOUS_SAVER
11,2024-10-10,Right analysis mention.,437.41,Leisure,Sad,CAUTIOUS_SAVER
11,2024-10-10,Attack mouth rest contain.,970.29,Travel,Happy,CAUTIOUS_SAVER
11,2024-10-11,Recent couple cost girl run.,398.86,Leisure,Neutral,CAUTIOUS_SAVER
11,2024-10-12,Beautiful beyond sell.,91.71,Food,Neutral,CAUTIOUS_SAVER
11,2024-10-12,Old particularly.,478.24,Other,Happy,CAUTIOUS_SAVER
11,2024-10-14,Attention standard shake more respond.,269.64,Other,Neutral,CAUTIOUS_SAVER
11,2024-10-14,Ahead from quickly identify.,217.93,Education,Excited,CAUTIOUS_SAVER
11,2024-10-14,Fear yourself last.,217.41,Leisure,Neutral,CAUTIOUS_SAVER
11,2024-10-15,Be move fly open.,114.9,Other,Neutral,CAUTIOUS_SAVER
11,2024-10-16,Until truth feeling view.,178.0,Other,Neutral,CAUTIOUS_SAVER
11,2024-10-17,Than physical live reason.,908.89,Other,Sad,CAUTIOUS_SAVER
11,2024-10-18,Mind door authority outside.,303.78,Travel,Neutral,CAUTIOUS_SAVER
11,2024-10-18,Best generation group goal.,1129.04,Other,Happy,CAUTIOUS_SAVER
11,2024-10-18,Billion morning draw.,108.42,Travel,Happy,CAUTIOUS_SAVER
11,2024-10-20,Effect cultural.,212.02,Food,Neutral,CAUTIOUS_SAVER
11,2024-10-20,Career three according worker democrat.,827.21,Food,Neutral,CAUTIOUS_SAVER
11,2024-10-20,Decide similar office.,705.01,Leisure,Happy,CAUTIOUS_SAVER
11,2024-10-21,Recent feeling.,658.96,Leisure,Excited,CAUTIOUS_SAVER
11,2024-10-22,Test they there.,597.4,Leisure,Neutral,CAUTIOUS_SAVER
11,2024-10-24,Charge form here.,91.76,Education,Happy,CAUTIOUS_SAVER
11,2024-10-24,Feel special.,856.76,Other,Happy,CAUTIOUS_SAVER
11,2024-10-24,Agreement red way nor none.,383.12,Other,Sad,CAUTIOUS_SAVER
11,2024-10-28,True building card.,261.63,Travel,Happy,CAUTIOUS_SAVER
11,2024-10-31,Miss have analysis morning.,496.3,Leisure,Neutral,CAUTIOUS_SAVER
11,2024-10-31,Language budget market president.,180.58,Leisure,Happy,CAUTIOUS_SAVER
11,2024-10-31,Specific onto go.,385.37,Food,Neutral,CAUTIOUS_SAVER
11,2024-10-31,We especially five network.,1136.02,Food,Neutral,CAUTIOUS_SAVER
11,2024-11-01,Drug entire involve.,76.61,Leisure,Happy,CAUTIOUS_SAVER
11,2024-11-01,Church community.,407.36,Travel,Sad,CAUTIOUS_SAVER
11,2024-11-02,Western order accept wide prevent.,913.85,Travel,Sad,CAUTIOUS_SAVER
11,2024-11-02,Sell only manage.,439.76,Leisure,Neutral,CAUTIOUS_SAVER
11,2024-11-02,General agency bit.,363.53,Leisure,Neutral,CAUTIOUS_SAVER
11,2024-11-02,Face morning.,1063.79,Education,Neutral,CAUTIOUS_SAVER
11,2024-11-03,Majority none little admit former.,540.73,Leisure,Neutral,CAUTIOUS_SAVER
11,2024-11-04,Bed report item.,740.13,Leisure,Excited,CAUTIOUS_SAVER
11,2024-11-05,Fear approach take case customer.,463.22,Other,Excited,CAUTIOUS_SAVER
11,2024-11-05,Billion land detail exist cover.,1264.51,Other,Neutral,CAUTIOUS_SAVER
11,2024-11-06,Pretty skin main program.,1016.25,Education,Neutral,CAUTIOUS_SAVER
11,2024-11-08,Call door.,654.53,Leisure,Neutral,CAUTIOUS_SAVER
11,2024-11-08,Leg sport until argue.,664.43,Food,Neutral,CAUTIOUS_SAVER
11,2024-11-08,Occur college herself.,411.0,Other,Happy,CAUTIOUS_SAVER
11,2024-11-09,Age war measure whom.,580.16,Travel,Excited,CAUTIOUS_SAVER
11,2024-11-09,Explain research.,1267.58,Other,Neutral,CAUTIOUS_SAVER
11,2024-11-09,Sort what.,53.26,Education,Neutral,CAUTIOUS_SAVER
11,2024-11-10,Rest or.,808.72,Travel,Neutral,CAUTIOUS_SAVER
11,2024-11-10,Low happy oil which bag.,88.15,Food,Neutral,CAUTIOUS_SAVER
11,2024-11-12,Soldier meeting building.,376.8,Travel,Neutral,CAUTIOUS_SAVER
11,2024-11-12,Management sense technology check civil.,402.93,Leisure,Neutral,CAUTIOUS_SAVER
11,2024-11-13,Day already hold.,217.46,Other,Neutral,CAUTIOUS_SAVER
11,2024-11-14,Woman whose already.,531.04,Leisure,Neutral,CAUTIOUS_SAVER
11,2024-11-18,National free.,580.23,Other,Neutral,CAUTIOUS_SAVER
11,2024-11-19,Bed report item.,738.25,Leisure,Neutral,CAUTIOUS_SAVER
11,2024-11-20,Discussion black follow.,260.05,Leisure,Happy,CAUTIOUS_SAVER
11,2024-11-21,Seven here sell story.,411.66,Other,Excited,CAUTIOUS_SAVER
11,2024-11-23,View know develop after.,488.61,Food,Sad,CAUTIOUS_SAVER
11,2024-11-23,Or friend.,740.34,Leisure,Neutral,CAUTIOUS_SAVER
11,2024-11-24,Instead ahead despite measure ago.,340.73,Other,Sad,CAUTIOUS_SAVER
11,2024-11-24,Bar professor power.,246.39,Leisure,Neutral,CAUTIOUS_SAVER
11,2024-11-25,Baby lawyer growth matter note.,758.7,Leisure,Sad,CAUTIOUS_SAVER
11,2024-11-27,Home even.,195.31,Education,Neutral,CAUTIOUS_SAVER
11,2024-11-27,He we recent music.,846.88,Food,Stressed,CAUTIOUS_SAVER
11,2024-11-27,Up federal nor note.,283.77,Leisure,Neutral,CAUTIOUS_SAVER
11,2024-11-29,Try wonder move trade.,297.11,Travel,Neutral,CAUTIOUS_SAVER
11,2024-11-29,Than physical live reason.,866.53,Other,Neutral,CAUTIOUS_SAVER
11,2024-11-30,Half president structure might.,349.23,Leisure,Neutral,CAUTIOUS_SAVER
11,2024-12-01,Woman meet report.,592.11,Food,Happy,CAUTIOUS_SAVER
11,2024-12-02,Material less focus hear.,726.16,Travel,Sad,CAUTIOUS_SAVER
11,2024-12-03,Home even.,112.86,Education,Neutral,CAUTIOUS_SAVER
11,2024-12-03,Expert involve oil.,45.19,Education,Neutral,CAUTIOUS_SAVER
11,2024-12-03,Expert movement reach man.,279.81,Other,Neutral,CAUTIOUS_SAVER
11,2024-12-03,Tell brother defense list second.,399.87,Other,Excited,CAUTIOUS_SAVER
11,2024-12-07,And national spend.,603.53,Food,Happy,CAUTIOUS_SAVER
11,2024-12-07,History drop point audience.,609.55,Food,Neutral,CAUTIOUS_SAVER
11,2024-12-07,Technology pay tree.,121.28,Education,Neutral,CAUTIOUS_SAVER
11,2024-12-08,Sort knowledge analysis together court.,251.78,Leisure,Neutral,CAUTIOUS_SAVER
11,2024-12-09,Almost outside middle.,463.86,Other,Neutral,CAUTIOUS_SAVER
11,2024-12-10,Sometimes while sense window.,815.3,Leisure,Neutral,CAUTIOUS_SAVER
11,2024-12-10,Boy other foot best.,848.49,Leisure,Neutral,CAUTIOUS_SAVER
11,2024-12-11,Care drug data position two.,228.53,Food,Sad,CAUTIOUS_SAVER
11,2024-12-11,Live way two.,60.62,Other,Excited,CAUTIOUS_SAVER
11,2024-12-12,Amount bad raise.,291.55,Other,Neutral,CAUTIOUS_SAVER
11,2024-12-15,Each author party full kitchen.,231.43,Food,Neutral,CAUTIOUS_SAVER
11,2024-12-15,Something future they red.,140.02,Leisure,Happy,CAUTIOUS_SAVER
11,2024-12-16,Hundred step according.,335.02,Food,Neutral,CAUTIOUS_SAVER
11,2024-12-16,Picture evidence.,723.79,Leisure,Happy,CAUTIOUS_SAVER
11,2024-12-17,Section national owner determine detail.,342.82,Other,Neutral,CAUTIOUS_SAVER
11,2024-12-18,Give white everybody paper create.,451.12,Leisure,Neutral,CAUTIOUS_SAVER
11,2024-12-18,Build smile across among situation.,301.13,Other,Neutral,CAUTIOUS_SAVER
11,2024-12-18,Security land record.,751.19,Education,Happy,CAUTIOUS_SAVER
11,2024-12-19,Real art.,831.25,Food,Sad,CAUTIOUS_SAVER
11,2024-12-19,Eight bed fill.,528.78,Food,Sad,CAUTIOUS_SAVER
11,2024-12-19,Me system church whether.,224.62,Travel,Neutral,CAUTIOUS_SAVER
11,2024-12-20,Drug entire involve.,60.07,Leisure,Neutral,CAUTIOUS_SAVER
11,2024-12-20,Door management guess.,801.79,Leisure,Happy,CAUTIOUS_SAVER
11,2024-12-20,Development the inside thought.,494.77,Education,Sad,CAUTIOUS_SAVER
11,2024-12-21,Picture early send morning.,794.24,Other,Happy,CAUTIOUS_SAVER
11,2024-12-23,Task improve fish.,793.69,Leisure,Sad,CAUTIOUS_SAVER
11,2024-12-23,Say dog drug enter.,593.98,Food,Neutral,CAUTIOUS_SAVER
11,2024-12-23,Discussion black follow.,217.01,Leisure,Neutral,CAUTIOUS_SAVER
11,2024-12-24,Sing message board mean.,103.92,Leisure,Sad,CAUTIOUS_SAVER
11,2024-12-24,Citizen street region.,209.12,Other,Happy,CAUTIOUS_SAVER
11,2024-12-24,True culture.,212.12,Education,Sad,CAUTIOUS_SAVER
11,2024-12-25,Should page camera.,184.17,Education,Sad,CAUTIOUS_SAVER
11,2024-12-26,Order his oil west school.,1038.34,Food,Neutral,CAUTIOUS_SAVER
11,2024-12-27,Wide exactly.,263.9,Leisure,Happy,CAUTIOUS_SAVER
11,2024-12-27,Herself police he push likely.,148.8,Leisure,Excited,CAUTIOUS_SAVER
11,2024-12-27,Leg rest interest.,731.5,Other,Excited,CAUTIOUS_SAVER
11,2024-12-27,Wrong difficult.,940.77,Leisure,Neutral,CAUTIOUS_SAVER
11,2024-12-28,Price institution method inside.,637.98,Other,Neutral,CAUTIOUS_SAVER
11,2024-12-28,Anyone here deep.,28.81,Travel,Neutral,CAUTIOUS_SAVER
11,2024-12-29,Buy tax.,962.95,Food,Excited,CAUTIOUS_SAVER
11,2024-12-29,Institution whatever yet.,118.43,Leisure,Neutral,CAUTIOUS_SAVER
11,2024-12-30,Kid industry.,36.72,Education,Excited,CAUTIOUS_SAVER
11,2024-12-31,Example decision garden.,102.16,Leisure,Excited,CAUTIOUS_SAVER
11,2025-01-03,Live seat.,913.88,Leisure,Neutral,CAUTIOUS_SAVER
11,2025-01-03,Address century that wide.,784.3,Leisure,Neutral,CAUTIOUS_SAVER
11,2025-01-05,Apply less.,159.38,Food,Sad,CAUTIOUS_SAVER
11,2025-01-05,Expect writer myself management.,616.27,Leisure,Neutral,CAUTIOUS_SAVER
11,2025-01-05,Pressure those.,289.53,Leisure,Sad,CAUTIOUS_SAVER
11,2025-01-06,Group never.,266.83,Food,Stressed,CAUTIOUS_SAVER
11,2025-01-06,Detail far church some.,750.77,Leisure,Neutral,CAUTIOUS_SAVER
11,2025-01-08,Floor there career.,385.81,Travel,Excited,CAUTIOUS_SAVER
11,2025-01-09,Pull blue strong wonder.,18.98,Food,Happy,CAUTIOUS_SAVER
11,2025-01-09,Couple raise she child.,1057.6,Other,Neutral,CAUTIOUS_SAVER
11,2025-01-10,Nothing behavior sort recognize.,891.16,Education,Neutral,CAUTIOUS_SAVER
11,2025-01-10,Song risk bad.,1139.65,Travel,Neutral,CAUTIOUS_SAVER
11,2025-01-12,Him fight american music change.,601.58,Leisure,Sad,CAUTIOUS_SAVER
11,2025-01-12,Tell soon executive.,142.82,Other,Neutral,CAUTIOUS_SAVER
11,2025-01-13,President chance hotel through.,824.16,Other,Happy,CAUTIOUS_SAVER
11,2025-01-13,Smile high open scientist.,806.78,Food,Neutral,CAUTIOUS_SAVER
11,2025-01-13,Important source first him.,59.16,Other,Happy,CAUTIOUS_SAVER
11,2025-01-13,With young think there assume.,669.05,Education,Happy,CAUTIOUS_SAVER
11,2025-01-14,Edge building court.,51.61,Travel,Neutral,CAUTIOUS_SAVER
11,2025-01-15,Source husband.,120.71,Leisure,Happy,CAUTIOUS_SAVER
11,2025-01-15,Girl suddenly.,628.21,Other,Happy,CAUTIOUS_SAVER
11,2025-01-15,Create physical share out cold.,142.88,Other,Neutral,CAUTIOUS_SAVER
11,2025-01-15,White measure manager range.,167.0,Leisure,Neutral,CAUTIOUS_SAVER
11,2025-01-16,Why like impact fly.,676.62,Other,Happy,CAUTIOUS_SAVER
11,2025-01-16,Different international sell several.,775.41,Leisure,Happy,CAUTIOUS_SAVER
11,2025-01-17,Weight take.,971.56,Education,Excited,CAUTIOUS_SAVER
11,2025-01-17,Right know during someone.,321.35,Travel,Neutral,CAUTIOUS_SAVER
11,2025-01-19,White likely teacher one.,1239.5,Leisure,Neutral,CAUTIOUS_SAVER
11,2025-01-19,Owner memory argue project.,567.67,Other,Happy,CAUTIOUS_SAVER
11,2025-01-19,Above company media next me.,518.68,Other,Happy,CAUTIOUS_SAVER
11,2025-01-19,Truth thing always possible.,162.93,Food,Neutral,CAUTIOUS_SAVER
11,2025-01-20,Like clear.,397.95,Food,Neutral,CAUTIOUS_SAVER
11,2025-01-21,Discussion if continue policy.,85.25,Leisure,Happy,CAUTIOUS_SAVER
11,2025-01-21,Position interest.,61.67,Leisure,Neutral,CAUTIOUS_SAVER
11,2025-01-23,Old wall report purpose.,468.18,Leisure,Neutral,CAUTIOUS_SAVER
11,2025-01-23,Tree note responsibility.,601.77,Education,Neutral,CAUTIOUS_SAVER
11,2025-01-25,Wear use edge this draw.,523.88,Leisure,Neutral,CAUTIOUS_SAVER
11,2025-01-27,Executive beyond create dinner conference.,482.0,Other,Happy,CAUTIOUS_SAVER
11,2025-01-28,People education great.,868.6,Education,Stressed,CAUTIOUS_SAVER
11,2025-01-30,Effort drive side human.,330.83,Other,Neutral,CAUTIOUS_SAVER
12,2024-08-01,Hope floor include.,207.19,Other,Happy,CAUTIOUS_SAVER
12,2024-08-02,Third rich hospital.,49.34,Education,Happy,CAUTIOUS_SAVER
12,2024-08-02,Decade trade field training.,454.22,Leisure,Excited,CAUTIOUS_SAVER
12,2024-08-02,Company left nothing trip.,315.44,Leisure,Neutral,CAUTIOUS_SAVER
12,2024-08-02,List leg address into their.,570.23,Travel,Happy,CAUTIOUS_SAVER
12,2024-08-05,Main board population.,194.12,Leisure,Stressed,CAUTIOUS_SAVER
12,2024-08-05,Art green child movie blue.,1165.42,Other,Neutral,CAUTIOUS_SAVER
12,2024-08-06,Act way beat result major.,499.39,Leisure,Neutral,CAUTIOUS_SAVER
12,2024-08-10,Box organization.,1031.48,Leisure,Stressed,CAUTIOUS_SAVER
12,2024-08-11,This manage her.,392.16,Other,Neutral,CAUTIOUS_SAVER
12,2024-08-12,Conference trade population agreement.,993.02,Other,Neutral,CAUTIOUS_SAVER
12,2024-08-12,Thank avoid man drive.,512.16,Leisure,Excited,CAUTIOUS_SAVER
12,2024-08-15,Produce ago.,586.73,Other,Happy,CAUTIOUS_SAVER
12,2024-08-18,Increase consider.,270.13,Other,Sad,CAUTIOUS_SAVER
12,2024-08-20,Yes at seat ok.,885.21,Other,Neutral,CAUTIOUS_SAVER
12,2024-08-22,This manage her.,398.05,Other,Neutral,CAUTIOUS_SAVER
12,2024-08-22,Whatever late specific.,360.02,Other,Neutral,CAUTIOUS_SAVER
12,2024-08-24,Face morning.,1065.29,Education,Sad,CAUTIOUS_SAVER
12,2024-08-25,Real know our any.,539.02,Other,Neutral,CAUTIOUS_SAVER
12,2024-08-26,Nearly care base.,884.97,Travel,Excited,CAUTIOUS_SAVER
12,2024-08-28,Son rock two.,273.95,Other,Happy,CAUTIOUS_SAVER
12,2024-08-28,Toward child future low.,911.33,Food,Neutral,CAUTIOUS_SAVER
12,2024-08-30,History professional star wonder.,858.5,Food,Neutral,CAUTIOUS_SAVER
12,2024-08-31,Rest or.,1137.89,Travel,Happy,CAUTIOUS_SAVER
12,2024-08-31,Across involve fall.,362.89,Travel,Sad,CAUTIOUS_SAVER
12,2024-08-31,National back everybody direction budget.,106.17,Other,Happy,CAUTIOUS_SAVER
12,2024-09-02,Receive case past only drug.,15.67,Other,Sad,CAUTIOUS_SAVER
12,2024-09-03,Community spring billion price paper.,591.65,Other,Neutral,CAUTIOUS_SAVER
12,2024-09-03,Size republican political.,1020.63,Travel,Neutral,CAUTIOUS_SAVER
12,2024-09-04,Assume campaign assume.,866.68,Leisure,Neutral,CAUTIOUS_SAVER
12,2024-09-04,Gas contain interest industry sell.,519.21,Other,Neutral,CAUTIOUS_SAVER
12,2024-09-05,Available defense.,698.65,Leisure,Neutral,CAUTIOUS_SAVER
12,2024-09-05,List already positive experience television.,821.87,Leisure,Neutral,CAUTIOUS_SAVER
12,2024-09-06,Live way two.,58.05,Other,Sad,CAUTIOUS_SAVER
12,2024-09-07,Forget once hope security.,648.24,Travel,Neutral,CAUTIOUS_SAVER
12,2024-09-08,State none production defense your.,523.91,Travel,Neutral,CAUTIOUS_SAVER
12,2024-09-08,Tree imagine machine.,1000.69,Food,Neutral,CAUTIOUS_SAVER
12,2024-09-09,Soldier meeting building.,389.96,Travel,Excited,CAUTIOUS_SAVER
12,2024-09-10,Church own stage.,407.44,Travel,Happy,CAUTIOUS_SAVER
12,2024-09-11,Serious produce.,755.69,Other,Happy,CAUTIOUS_SAVER
12,2024-09-11,Feeling manage as.,1265.97,Other,Stressed,CAUTIOUS_SAVER
12,2024-09-12,Specific whose.,90.92,Other,Neutral,CAUTIOUS_SAVER
12,2024-09-12,Name machine tree maybe.,37.42,Education,Excited,CAUTIOUS_SAVER
12,2024-09-12,Past product make of group.,681.17,Food,Happy,CAUTIOUS_SAVER
12,2024-09-13,Base player data whose.,761.57,Leisure,Happy,CAUTIOUS_SAVER
12,2024-09-15,Study fear turn any indicate.,522.9,Other,Neutral,CAUTIOUS_SAVER
12,2024-09-15,Apply less.,103.16,Food,Happy,CAUTIOUS_SAVER
12,2024-09-16,Future congress.,927.75,Education,Neutral,CAUTIOUS_SAVER
12,2024-09-16,Position make society behavior.,451.17,Travel,Excited,CAUTIOUS_SAVER
12,2024-09-17,Difference world deep.,914.22,Food,Neutral,CAUTIOUS_SAVER
12,2024-09-18,Effect cultural.,366.75,Food,Neutral,CAUTIOUS_SAVER
12,2024-09-21,Participant price.,789.15,Other,Neutral,CAUTIOUS_SAVER
12,2024-09-22,Throughout would century television congress.,85.2,Education,Excited,CAUTIOUS_SAVER
12,2024-09-22,Deal information.,706.4,Food,Neutral,CAUTIOUS_SAVER
12,2024-09-23,On someone rise read.,1156.66,Leisure,Happy,CAUTIOUS_SAVER
12,2024-09-24,Remain seven marriage.,612.92,Food,Neutral,CAUTIOUS_SAVER
12,2024-09-25,Box service develop game.,1148.9,Other,Excited,CAUTIOUS_SAVER
12,2024-09-26,Million night your.,369.56,Other,Neutral,CAUTIOUS_SAVER
12,2024-09-27,Public particularly reality.,115.84,Other,Sad,CAUTIOUS_SAVER
12,2024-09-28,Phone ever back experience.,691.39,Other,Happy,CAUTIOUS_SAVER
12,2024-09-28,Smile high open scientist.,479.02,Food,Neutral,CAUTIOUS_SAVER
12,2024-09-28,Across involve fall.,430.35,Travel,Happy,CAUTIOUS_SAVER
12,2024-09-28,Check purpose young.,334.62,Leisure,Neutral,CAUTIOUS_SAVER
12,2024-09-29,Later happy pull.,915.32,Other,Happy,CAUTIOUS_SAVER
12,2024-10-02,And national spend.,949.86,Food,Sad,CAUTIOUS_SAVER
12,2024-10-04,Natural together.,576.23,Other,Happy,CAUTIOUS_SAVER
12,2024-10-04,Analysis four capital.,617.0,Travel,Sad,CAUTIOUS_SAVER
12,2024-10-05,As second animal summer group.,736.04,Leisure,Neutral,CAUTIOUS_SAVER
12,2024-10-05,More road development about.,1041.28,Travel,Neutral,CAUTIOUS_SAVER
12,2024-10-06,As music film move.,246.77,Education,Neutral,CAUTIOUS_SAVER
12,2024-10-06,Short for late education.,455.31,Leisure,Neutral,CAUTIOUS_SAVER
12,2024-10-07,Attack mouth rest contain.,853.71,Travel,Neutral,CAUTIOUS_SAVER
12,2024-10-10,Heavy what least mouth national.,50.45,Food,Happy,CAUTIOUS_SAVER
12,2024-10-11,Short indicate police.,123.19,Other,Sad,CAUTIOUS_SAVER
12,2024-10-12,Ahead certainly second everyone.,653.82,Leisure,Stressed,CAUTIOUS_SAVER
12,2024-10-12,Find job where.,181.66,Education,Neutral,CAUTIOUS_SAVER
12,2024-10-18,So draw food company.,281.39,Travel,Stressed,CAUTIOUS_SAVER
12,2024-10-20,Career including late condition opportunity.,279.26,Education,Stressed,CAUTIOUS_SAVER
12,2024-10-24,Realize property show either.,114.73,Other,Neutral,CAUTIOUS_SAVER
12,2024-10-27,Conference matter wear physical site.,174.15,Leisure,Neutral,CAUTIOUS_SAVER
12,2024-10-28,Ability live.,772.27,Travel,Neutral,CAUTIOUS_SAVER
12,2024-10-28,Western order accept wide prevent.,652.43,Travel,Neutral,CAUTIOUS_SAVER
12,2024-10-29,Face build market.,976.5,Other,Stressed,CAUTIOUS_SAVER
12,2024-10-30,Me system church whether.,226.37,Travel,Neutral,CAUTIOUS_SAVER
12,2024-11-01,Study fear turn any indicate.,423.38,Other,Happy,CAUTIOUS_SAVER
12,2024-11-01,Give white everybody paper create.,491.83,Leisure,Happy,CAUTIOUS_SAVER
12,2024-11-02,News need task mind.,736.63,Travel,Neutral,CAUTIOUS_SAVER
12,2024-11-03,Compare system white magazine after.,659.01,Travel,Excited,CAUTIOUS_SAVER
12,2024-11-03,Report agreement sport.,1436.66,Food,Sad,CAUTIOUS_SAVER
12,2024-11-05,Call door.,472.52,Leisure,Happy,CAUTIOUS_SAVER
12,2024-11-05,Miss have analysis morning.,891.48,Leisure,Neutral,CAUTIOUS_SAVER
12,2024-11-06,Anyone bank kitchen interest parent.,92.1,Travel,Neutral,CAUTIOUS_SAVER
12,2024-11-07,Story case.,635.1,Leisure,Excited,CAUTIOUS_SAVER
12,2024-11-10,Wife talk beat tax majority.,451.04,Food,Neutral,CAUTIOUS_SAVER
12,2024-11-10,Economic box save.,206.93,Other,Excited,CAUTIOUS_SAVER
12,2024-11-12,Since nothing be apply.,157.82,Other,Stressed,CAUTIOUS_SAVER
12,2024-11-12,Something fine apply gas sing.,67.99,Other,Neutral,CAUTIOUS_SAVER
12,2024-11-13,Approach about because.,384.03,Leisure,Happy,CAUTIOUS_SAVER
12,2024-11-13,Best physical always small almost.,715.42,Leisure,Neutral,CAUTIOUS_SAVER
12,2024-11-14,Main board population.,172.98,Leisure,Neutral,CAUTIOUS_SAVER
12,2024-11-14,Deal beyond almost.,351.44,Leisure,Happy,CAUTIOUS_SAVER
12,2024-11-14,Future congress.,670.24,Education,Neutral,CAUTIOUS_SAVER
12,2024-11-15,Improve simple turn.,516.2,Other,Excited,CAUTIOUS_SAVER
12,2024-11-16,We especially five network.,625.7,Food,Neutral,CAUTIOUS_SAVER
12,2024-11-16,Dark camera realize.,190.32,Travel,Neutral,CAUTIOUS_SAVER
12,2024-11-17,Recent couple cost girl run.,473.93,Leisure,Happy,CAUTIOUS_SAVER
12,2024-11-17,Water fight security tough gas.,797.05,Leisure,Neutral,CAUTIOUS_SAVER
12,2024-11-18,Against only.,720.35,Education,Neutral,CAUTIOUS_SAVER
12,2024-11-18,Car indeed nor next.,348.38,Travel,Sad,CAUTIOUS_SAVER
12,2024-11-19,Manager bar send really.,812.72,Travel,Sad,CAUTIOUS_SAVER
12,2024-11-21,Material less focus hear.,663.03,Travel,Stressed,CAUTIOUS_SAVER
12,2024-11-23,Democratic thousand.,521.89,Travel,Excited,CAUTIOUS_SAVER
12,2024-11-25,Reach under.,692.21,Other,Neutral,CAUTIOUS_SAVER
12,2024-11-29,Mention billion bed never others.,223.33,Other,Neutral,CAUTIOUS_SAVER
12,2024-11-30,Turn put professional.,291.22,Other,Happy,CAUTIOUS_SAVER
12,2024-12-01,Call animal approach factor want.,49.62,Travel,Neutral,CAUTIOUS_SAVER
12,2024-12-01,Citizen street region.,339.8,Other,Happy,CAUTIOUS_SAVER
12,2024-12-01,Positive participant fear blue as.,14.93,Leisure,Neutral,CAUTIOUS_SAVER
12,2024-12-02,Within prove full.,213.74,Education,Neutral,CAUTIOUS_SAVER
12,2024-12-02,Something story attorney summer.,659.32,Food,Neutral,CAUTIOUS_SAVER
12,2024-12-02,Television argue mouth.,991.34,Education,Neutral,CAUTIOUS_SAVER
12,2024-12-02,Window music evening know.,288.27,Leisure,Excited,CAUTIOUS_SAVER
12,2024-12-02,Inside big minute.,96.29,Leisure,Neutral,CAUTIOUS_SAVER
12,2024-12-02,Agreement someone.,416.96,Other,Happy,CAUTIOUS_SAVER
12,2024-12-02,Current hear claim well two.,987.84,Travel,Neutral,CAUTIOUS_SAVER
12,2024-12-03,Baby lawyer growth matter note.,1160.68,Leisure,Excited,CAUTIOUS_SAVER
12,2024-12-07,For age size.,600.86,Education,Happy,CAUTIOUS_SAVER
12,2024-12-07,Career according.,543.98,Education,Neutral,CAUTIOUS_SAVER
12,2024-12-08,Food affect upon these story.,394.21,Leisure,Neutral,CAUTIOUS_SAVER
12,2024-12-09,Site girl into have media.,603.53,Leisure,Excited,CAUTIOUS_SAVER
12,2024-12-10,National free.,783.81,Other,Neutral,CAUTIOUS_SAVER
12,2024-12-10,Growth appear project.,31.35,Food,Happy,CAUTIOUS_SAVER
12,2024-12-11,Present discussion.,905.79,Education,Excited,CAUTIOUS_SAVER
12,2024-12-11,Above company media next me.,355.14,Other,Neutral,CAUTIOUS_SAVER
12,2024-12-12,Wall act special.,672.79,Travel,Neutral,CAUTIOUS_SAVER
12,2024-12-12,Approach about because.,251.61,Leisure,Neutral,CAUTIOUS_SAVER
12,2024-12-12,Care run there leg.,354.87,Leisure,Sad,CAUTIOUS_SAVER
12,2024-12-12,What strong line.,8.32,Leisure,Sad,CAUTIOUS_SAVER
12,2024-12-14,Within woman.,768.52,Food,Neutral,CAUTIOUS_SAVER
12,2024-12-15,Rate society floor long same.,921.51,Leisure,Happy,CAUTIOUS_SAVER
12,2024-12-16,Source onto provide.,85.17,Other,Neutral,CAUTIOUS_SAVER
12,2024-12-17,Art green child movie blue.,556.34,Other,Neutral,CAUTIOUS_SAVER
12,2024-12-18,She join house.,166.09,Leisure,Neutral,CAUTIOUS_SAVER
12,2024-12-20,Popular lead with.,661.13,Leisure,Happy,CAUTIOUS_SAVER
12,2024-12-21,Much rich think.,632.65,Other,Happy,CAUTIOUS_SAVER
12,2024-12-21,Its develop until watch.,808.25,Food,Neutral,CAUTIOUS_SAVER
12,2024-12-22,Forward sense cause write right.,654.06,Other,Happy,CAUTIOUS_SAVER
12,2024-12-23,Why though decide bank likely.,55.56,Other,Neutral,CAUTIOUS_SAVER
12,2024-12-23,As music film move.,317.83,Education,Excited,CAUTIOUS_SAVER
12,2024-12-25,College manage fund.,245.48,Other,Happy,CAUTIOUS_SAVER
12,2024-12-25,Investment pass drive.,234.11,Food,Happy,CAUTIOUS_SAVER
12,2024-12-26,Onto site both change note.,70.9,Other,Neutral,CAUTIOUS_SAVER
12,2024-12-26,Dinner article hit mission whole.,188.87,Travel,Happy,CAUTIOUS_SAVER
12,2024-12-26,Occur live take media hot.,494.86,Leisure,Neutral,CAUTIOUS_SAVER
12,2024-12-28,Magazine join.,31.93,Other,Neutral,CAUTIOUS_SAVER
12,2024-12-28,Democratic thousand.,406.78,Travel,Neutral,CAUTIOUS_SAVER
12,2024-12-29,Investment local above move.,573.75,Leisure,Sad,CAUTIOUS_SAVER
12,2024-12-30,Herself law.,669.15,Leisure,Sad,CAUTIOUS_SAVER
12,2024-12-30,Scientist i doctor.,354.0,Education,Happy,CAUTIOUS_SAVER
12,2024-12-30,Before relationship plant.,171.39,Other,Neutral,CAUTIOUS_SAVER
12,2024-12-31,Fact reason make office.,293.21,Leisure,Neutral,CAUTIOUS_SAVER
12,2025-01-01,Why outside.,264.2,Travel,Sad,CAUTIOUS_SAVER
12,2025-01-01,Hand so add mr lawyer.,670.81,Other,Neutral,CAUTIOUS_SAVER
12,2025-01-01,Keep light fight.,150.09,Leisure,Neutral,CAUTIOUS_SAVER
12,2025-01-01,Simply century the.,659.17,Leisure,Stressed,CAUTIOUS_SAVER
12,2025-01-02,Stage someone for power.,303.19,Other,Happy,CAUTIOUS_SAVER
12,2025-01-02,People education great.,735.51,Education,Happy,CAUTIOUS_SAVER
12,2025-01-02,Much rich think.,359.21,Other,Neutral,CAUTIOUS_SAVER
12,2025-01-03,Consider here grow agreement.,100.27,Food,Neutral,CAUTIOUS_SAVER
12,2025-01-03,Method exactly.,206.9,Other,Neutral,CAUTIOUS_SAVER
12,2025-01-04,Day fact modern.,222.52,Education,Stressed,CAUTIOUS_SAVER
12,2025-01-05,Should page camera.,187.54,Education,Neutral,CAUTIOUS_SAVER
12,2025-01-07,Maintain assume both long.,916.87,Other,Happy,CAUTIOUS_SAVER
12,2025-01-09,Agent say forward us.,735.03,Education,Neutral,CAUTIOUS_SAVER
12,2025-01-11,Spend prove stock school.,668.18,Food,Stressed,CAUTIOUS_SAVER
12,2025-01-12,Participant above.,305.46,Travel,Happy,CAUTIOUS_SAVER
12,2025-01-13,Ask imagine my.,574.01,Travel,Neutral,CAUTIOUS_SAVER
12,2025-01-14,Member box.,535.6,Leisure,Neutral,CAUTIOUS_SAVER
12,2025-01-14,Stop later reveal both.,1079.36,Leisure,Sad,CAUTIOUS_SAVER
12,2025-01-15,Affect marriage present a.,815.93,Education,Neutral,CAUTIOUS_SAVER
12,2025-01-16,Popular lead with.,938.07,Leisure,Neutral,CAUTIOUS_SAVER
12,2025-01-16,Win central.,403.46,Other,Happy,CAUTIOUS_SAVER
12,2025-01-16,Choice father why often.,475.93,Food,Happy,CAUTIOUS_SAVER
12,2025-01-17,Born same usually.,677.92,Leisure,Stressed,CAUTIOUS_SAVER
12,2025-01-17,White measure manager range.,128.99,Leisure,Excited,CAUTIOUS_SAVER
12,2025-01-20,Heavy what least mouth national.,34.98,Food,Happy,CAUTIOUS_SAVER
12,2025-01-21,Call door.,418.74,Leisure,Excited,CAUTIOUS_SAVER
12,2025-01-22,Line score whether.,940.48,Travel,Neutral,CAUTIOUS_SAVER
12,2025-01-23,Car risk.,183.6,Food,Neutral,CAUTIOUS_SAVER
12,2025-01-23,National back everybody direction budget.,102.83,Other,Neutral,CAUTIOUS_SAVER
12,2025-01-24,Field seat start pm.,682.27,Leisure,Neutral,CAUTIOUS_SAVER
12,2025-01-26,Quite everyone as generation.,472.78,Other,Neutral,CAUTIOUS_SAVER
12,2025-01-26,Point be shoulder price great.,548.28,Leisure,Happy,CAUTIOUS_SAVER
12,2025-01-28,Machine son television.,63.24,Travel,Happy,CAUTIOUS_SAVER
12,2025-01-29,Let stay or focus.,476.19,Other,Neutral,CAUTIOUS_SAVER
12,2025-01-31,Road product wait.,544.98,Education,Sad,CAUTIOUS_SAVER
13,2024-08-01,Test they there.,699.79,Leisure,Excited,CAUTIOUS_SAVER
13,2024-08-02,Lay color.,232.96,Food,Neutral,CAUTIOUS_SAVER
13,2024-08-02,Occur live take media hot.,908.03,Leisure,Neutral,CAUTIOUS_SAVER
13,2024-08-03,Talk interest hand.,417.64,Other,Neutral,CAUTIOUS_SAVER
13,2024-08-04,Computer prove amount population.,483.68,Travel,Excited,CAUTIOUS_SAVER
13,2024-08-08,Fact reason make office.,380.14,Leisure,Sad,CAUTIOUS_SAVER
13,2024-08-09,Real small.,932.51,Education,Neutral,CAUTIOUS_SAVER
13,2024-08-10,Never condition.,29.55,Leisure,Neutral,CAUTIOUS_SAVER
13,2024-08-10,Nice maintain present cultural.,374.49,Other,Happy,CAUTIOUS_SAVER
13,2024-08-14,None whose.,515.05,Leisure,Neutral,CAUTIOUS_SAVER
13,2024-08-15,On must certainly.,912.9,Leisure,Sad,CAUTIOUS_SAVER
13,2024-08-17,Safe whole establish.,306.64,Leisure,Neutral,CAUTIOUS_SAVER
13,2024-08-18,Relate day.,70.27,Leisure,Excited,CAUTIOUS_SAVER
13,2024-08-18,Strategy fight institution.,475.64,Other,Neutral,CAUTIOUS_SAVER
13,2024-08-19,Home even.,114.56,Education,Sad,CAUTIOUS_SAVER
13,2024-08-21,News american foreign.,804.63,Education,Happy,CAUTIOUS_SAVER
13,2024-08-23,Exist professional.,90.18,Other,Neutral,CAUTIOUS_SAVER
13,2024-08-23,Scientist will begin.,890.33,Other,Excited,CAUTIOUS_SAVER
13,2024-08-24,Pattern size spend.,1032.94,Leisure,Neutral,CAUTIOUS_SAVER
13,2024-08-24,Into notice necessary true message.,378.77,Leisure,Sad,CAUTIOUS_SAVER
13,2024-08-26,At decade really issue.,466.98,Leisure,Neutral,CAUTIOUS_SAVER
13,2024-08-28,Key place tree.,420.77,Other,Neutral,CAUTIOUS_SAVER
13,2024-08-30,Cause field education child.,510.57,Other,Sad,CAUTIOUS_SAVER
13,2024-08-30,Value thing these.,362.72,Education,Happy,CAUTIOUS_SAVER
13,2024-09-07,Cell city not not the.,80.8,Other,Sad,CAUTIOUS_SAVER
13,2024-09-10,Strong student green.,424.35,Other,Sad,CAUTIOUS_SAVER
13,2024-09-11,Receive case past only drug.,16.47,Other,Happy,CAUTIOUS_SAVER
13,2024-09-11,Democrat hundred.,139.11,Other,Excited,CAUTIOUS_SAVER
13,2024-09-13,Third coach congress husband.,345.25,Leisure,Neutral,CAUTIOUS_SAVER
13,2024-09-14,Policy mrs.,199.15,Other,Neutral,CAUTIOUS_SAVER
13,2024-09-14,Account ten sing.,1110.24,Food,Neutral,CAUTIOUS_SAVER
13,2024-09-19,Section agency lawyer sign them.,653.05,Other,Sad,CAUTIOUS_SAVER
13,2024-09-19,Single blood continue.,98.86,Leisure,Happy,CAUTIOUS_SAVER
13,2024-09-21,Drug happy will young simply.,88.36,Travel,Neutral,CAUTIOUS_SAVER
13,2024-09-21,Mention billion bed never others.,275.15,Other,Happy,CAUTIOUS_SAVER
13,2024-09-24,Lay color.,128.77,Food,Neutral,CAUTIOUS_SAVER
13,2024-09-26,Well mission situation result.,1053.4,Travel,Neutral,CAUTIOUS_SAVER
13,2024-09-26,Something population loss physical.,595.75,Leisure,Neutral,CAUTIOUS_SAVER
13,2024-09-27,Affect marriage present a.,983.75,Education,Neutral,CAUTIOUS_SAVER
13,2024-09-28,Wrong difficult range.,584.88,Travel,Happy,CAUTIOUS_SAVER
13,2024-09-29,Either rich agency might.,699.22,Other,Happy,CAUTIOUS_SAVER
13,2024-10-01,Scene almost leave.,691.65,Leisure,Neutral,CAUTIOUS_SAVER
13,2024-10-02,Break wait.,726.1,Other,Neutral,CAUTIOUS_SAVER
13,2024-10-04,Task improve fish.,699.75,Leisure,Excited,CAUTIOUS_SAVER
13,2024-10-05,Drug entire involve.,84.06,Leisure,Happy,CAUTIOUS_SAVER
13,2024-10-06,Particularly score order modern.,301.46,Education,Neutral,CAUTIOUS_SAVER
13,2024-10-06,Keep cut prevent sound.,275.65,Leisure,Neutral,CAUTIOUS_SAVER
13,2024-10-07,Long identify road speech.,257.14,Other,Neutral,CAUTIOUS_SAVER
13,2024-10-10,Risk develop movement size.,265.57,Other,Happy,CAUTIOUS_SAVER
13,2024-10-10,Likely push.,306.34,Other,Excited,CAUTIOUS_SAVER
13,2024-10-12,Fish either boy between collection.,116.48,Food,Happy,CAUTIOUS_SAVER
13,2024-10-13,Society dark product make.,7.0,Leisure,Sad,CAUTIOUS_SAVER
13,2024-10-13,Car risk.,222.46,Food,Neutral,CAUTIOUS_SAVER
13,2024-10-15,Name machine tree maybe.,63.17,Education,Neutral,CAUTIOUS_SAVER
13,2024-10-26,Player really act friend.,932.16,Travel,Neutral,CAUTIOUS_SAVER
13,2024-10-26,Identify material.,258.29,Other,Happy,CAUTIOUS_SAVER
13,2024-10-27,Even beautiful.,483.08,Education,Neutral,CAUTIOUS_SAVER
13,2024-10-28,Bed far section.,177.58,Education,Happy,CAUTIOUS_SAVER
13,2024-10-29,Run again help right.,387.12,Other,Neutral,CAUTIOUS_SAVER
13,2024-10-30,For age size.,632.59,Education,Neutral,CAUTIOUS_SAVER
13,2024-11-01,Office of remember individual.,10.22,Other,Happy,CAUTIOUS_SAVER
13,2024-11-03,Technology pay tree.,203.54,Education,Neutral,CAUTIOUS_SAVER
13,2024-11-05,Indicate herself.,512.94,Leisure,Neutral,CAUTIOUS_SAVER
13,2024-11-06,Race to television loss.,1077.56,Other,Neutral,CAUTIOUS_SAVER
13,2024-11-07,Help usually thank wonder draw.,68.57,Leisure,Sad,CAUTIOUS_SAVER
13,2024-11-08,There institution actually.,978.08,Leisure,Neutral,CAUTIOUS_SAVER
13,2024-11-10,Future treat bill choice.,423.06,Other,Happy,CAUTIOUS_SAVER
13,2024-11-11,Outside with each animal.,409.98,Travel,Excited,CAUTIOUS_SAVER
13,2024-11-11,Computer always his.,445.52,Food,Neutral,CAUTIOUS_SAVER
13,2024-11-11,New type pm.,540.08,Leisure,Happy,CAUTIOUS_SAVER
13,2024-11-12,And student give score agree.,772.93,Other,Neutral,CAUTIOUS_SAVER
13,2024-11-12,Enter capital population.,230.34,Other,Stressed,CAUTIOUS_SAVER
13,2024-11-13,Impact full our smile.,346.8,Leisure,Neutral,CAUTIOUS_SAVER
13,2024-11-20,Maintain former campaign pretty beyond.,116.97,Food,Happy,CAUTIOUS_SAVER
13,2024-11-21,Believe arrive.,300.61,Leisure,Neutral,CAUTIOUS_SAVER
13,2024-11-22,Stuff agreement professional team foot.,366.21,Other,Sad,CAUTIOUS_SAVER
13,2024-11-23,List already positive experience television.,872.83,Leisure,Neutral,CAUTIOUS_SAVER
13,2024-11-25,Edge building court.,36.34,Travel,Neutral,CAUTIOUS_SAVER
13,2024-11-26,White fire cause everybody.,675.86,Education,Neutral,CAUTIOUS_SAVER
13,2024-11-26,Sort knowledge analysis together court.,164.12,Leisure,Excited,CAUTIOUS_SAVER
13,2024-11-29,Expect writer myself management.,637.52,Leisure,Happy,CAUTIOUS_SAVER
13,2024-12-02,Almost outside middle.,444.34,Other,Sad,CAUTIOUS_SAVER
13,2024-12-02,Woman meet report.,688.97,Food,Happy,CAUTIOUS_SAVER
13,2024-12-05,Evidence conference capital office.,243.49,Other,Excited,CAUTIOUS_SAVER
13,2024-12-07,While total spend.,144.46,Education,Neutral,CAUTIOUS_SAVER
13,2024-12-08,Something story attorney summer.,896.43,Food,Happy,CAUTIOUS_SAVER
13,2024-12-09,Start house ahead raise.,952.72,Other,Happy,CAUTIOUS_SAVER
13,2024-12-09,Be fire.,15.59,Leisure,Neutral,CAUTIOUS_SAVER
13,2024-12-10,Worker always hold share.,101.9,Leisure,Neutral,CAUTIOUS_SAVER
13,2024-12-11,Scientist i doctor.,230.51,Education,Sad,CAUTIOUS_SAVER
13,2024-12-11,Pretty skin main program.,869.23,Education,Neutral,CAUTIOUS_SAVER
13,2024-12-11,Call animal approach factor want.,39.89,Travel,Neutral,CAUTIOUS_SAVER
13,2024-12-12,Receive to piece.,184.24,Travel,Happy,CAUTIOUS_SAVER
13,2024-12-16,Bring animal also you.,420.2,Food,Excited,CAUTIOUS_SAVER
13,2024-12-19,At decade really issue.,948.89,Leisure,Neutral,CAUTIOUS_SAVER
13,2024-12-19,Say other never fact.,101.64,Travel,Neutral,CAUTIOUS_SAVER
13,2024-12-22,Goal once let perform international.,272.3,Other,Neutral,CAUTIOUS_SAVER
13,2024-12-22,Open million house enough.,521.41,Leisure,Happy,CAUTIOUS_SAVER
13,2024-12-23,Democrat hundred.,153.82,Other,Neutral,CAUTIOUS_SAVER
13,2024-12-26,Car much will.,498.8,Other,Neutral,CAUTIOUS_SAVER
13,2024-12-26,Probably conference sure administration debate.,358.99,Food,Happy,CAUTIOUS_SAVER
13,2024-12-28,Society common stay ready.,323.19,Leisure,Excited,CAUTIOUS_SAVER
13,2024-12-29,Analysis color friend the.,525.53,Education,Neutral,CAUTIOUS_SAVER
13,2024-12-29,Finish right serious.,484.71,Leisure,Sad,CAUTIOUS_SAVER
13,2024-12-31,Exist professional.,86.42,Other,Excited,CAUTIOUS_SAVER
13,2025-01-01,Line score whether.,757.55,Travel,Sad,CAUTIOUS_SAVER
13,2025-01-01,Couple city you level.,429.03,Travel,Neutral,CAUTIOUS_SAVER
13,2025-01-03,Those pressure street.,517.92,Other,Stressed,CAUTIOUS_SAVER
13,2025-01-03,Listen whose situation simply officer.,227.74,Education,Neutral,CAUTIOUS_SAVER
13,2025-01-05,How staff.,135.37,Leisure,Neutral,CAUTIOUS_SAVER
13,2025-01-05,Field a spring.,442.7,Education,Neutral,CAUTIOUS_SAVER
13,2025-01-05,Never effect fill general relationship.,425.61,Leisure,Neutral,CAUTIOUS_SAVER
13,2025-01-10,Let member however.,63.67,Other,Neutral,CAUTIOUS_SAVER
13,2025-01-10,Anyone bank kitchen interest parent.,76.8,Travel,Happy,CAUTIOUS_SAVER
13,2025-01-11,Itself free source.,375.19,Travel,Neutral,CAUTIOUS_SAVER
13,2025-01-15,Lose modern return simple herself.,1195.13,Leisure,Neutral,CAUTIOUS_SAVER
13,2025-01-15,Professor beat window.,533.95,Leisure,Neutral,CAUTIOUS_SAVER
13,2025-01-16,Reach step son.,228.95,Other,Neutral,CAUTIOUS_SAVER
13,2025-01-19,Officer fine.,902.82,Leisure,Neutral,CAUTIOUS_SAVER
13,2025-01-20,Person one republican.,414.27,Leisure,Excited,CAUTIOUS_SAVER
13,2025-01-21,Grow laugh.,282.62,Education,Happy,CAUTIOUS_SAVER
13,2025-01-22,Section national owner determine detail.,227.33,Other,Happy,CAUTIOUS_SAVER
13,2025-01-23,Pressure hospital significant.,116.8,Travel,Neutral,CAUTIOUS_SAVER
13,2025-01-25,Nearly want front shake.,377.78,Leisure,Stressed,CAUTIOUS_SAVER
13,2025-01-26,Leave opportunity draw during city.,109.41,Travel,Neutral,CAUTIOUS_SAVER
13,2025-01-26,End dog.,582.23,Other,Excited,CAUTIOUS_SAVER
13,2025-01-27,Happy action.,344.87,Leisure,Happy,CAUTIOUS_SAVER
13,2025-01-28,Present discussion.,441.6,Education,Happy,CAUTIOUS_SAVER
13,2025-01-28,Check purpose young.,302.65,Leisure,Neutral,CAUTIOUS_SAVER
13,2025-01-30,Manager bar send really.,1056.82,Travel,Neutral,CAUTIOUS_SAVER
14,2024-08-02,Indicate herself.,550.3,Leisure,Neutral,CAUTIOUS_SAVER
14,2024-08-03,Drug happy will young simply.,180.71,Travel,Neutral,CAUTIOUS_SAVER
14,2024-08-03,Can mouth discover.,313.42,Leisure,Neutral,CAUTIOUS_SAVER
14,2024-08-03,Project spring of.,285.79,Other,Neutral,CAUTIOUS_SAVER
14,2024-08-04,Deep test thought.,439.44,Other,Neutral,CAUTIOUS_SAVER
14,2024-08-06,Risk develop movement size.,319.67,Other,Happy,CAUTIOUS_SAVER
14,2024-08-06,Price institution method inside.,767.56,Other,Happy,CAUTIOUS_SAVER
14,2024-08-07,Citizen kid generation onto police.,806.13,Travel,Stressed,CAUTIOUS_SAVER
14,2024-08-08,Public particularly reality.,148.96,Other,Happy,CAUTIOUS_SAVER
14,2024-08-09,Western tend candidate day.,449.19,Other,Happy,CAUTIOUS_SAVER
14,2024-08-09,Leg themselves away.,759.04,Food,Neutral,CAUTIOUS_SAVER
14,2024-08-11,Focus indicate result.,93.45,Other,Neutral,CAUTIOUS_SAVER
14,2024-08-13,Military onto blue activity.,362.5,Other,Happy,CAUTIOUS_SAVER
14,2024-08-14,Improve them wait.,1224.57,Travel,Stressed,CAUTIOUS_SAVER
14,2024-08-14,Management sense technology check civil.,250.85,Leisure,Excited,CAUTIOUS_SAVER
14,2024-08-16,Strong student green.,614.42,Other,Neutral,CAUTIOUS_SAVER
14,2024-08-17,Something future they red.,215.5,Leisure,Excited,CAUTIOUS_SAVER
14,2024-08-19,Wish current.,378.08,Education,Neutral,CAUTIOUS_SAVER
14,2024-08-20,Language however risk work.,446.8,Leisure,Happy,CAUTIOUS_SAVER
14,2024-08-21,Maybe painting republican.,1196.31,Food,Stressed,CAUTIOUS_SAVER
14,2024-08-21,Find lay deal lot.,893.42,Other,Sad,CAUTIOUS_SAVER
14,2024-08-21,Until choose wife national.,653.46,Education,Neutral,CAUTIOUS_SAVER
14,2024-08-21,Kid put memory soldier.,58.41,Other,Sad,CAUTIOUS_SAVER
14,2024-08-22,Gas contain interest industry sell.,350.03,Other,Happy,CAUTIOUS_SAVER
14,2024-08-22,Herself law.,1035.36,Leisure,Neutral,CAUTIOUS_SAVER
14,2024-08-24,On professional analysis color.,657.2,Other,Happy,CAUTIOUS_SAVER
14,2024-08-25,Example decision garden.,80.23,Leisure,Sad,CAUTIOUS_SAVER
14,2024-08-25,Growth appear project.,32.24,Food,Neutral,CAUTIOUS_SAVER
14,2024-08-26,Around there water.,163.92,Food,Neutral,CAUTIOUS_SAVER
14,2024-08-26,Result many pattern.,349.35,Other,Happy,CAUTIOUS_SAVER
14,2024-08-26,Much section investment on gun.,709.68,Other,Neutral,CAUTIOUS_SAVER
14,2024-08-27,A when dark read.,1029.13,Other,Stressed,CAUTIOUS_SAVER
14,2024-08-27,Never condition.,31.86,Leisure,Neutral,CAUTIOUS_SAVER
14,2024-08-28,Check clearly follow remember generation.,181.7,Education,Happy,CAUTIOUS_SAVER
14,2024-08-31,Agreement red way nor none.,358.15,Other,Happy,CAUTIOUS_SAVER
14,2024-08-31,Land day name small.,554.68,Food,Happy,CAUTIOUS_SAVER
14,2024-09-01,Huge garden family.,1254.71,Leisure,Happy,CAUTIOUS_SAVER
14,2024-09-02,Leave bar prevent require.,730.55,Other,Neutral,CAUTIOUS_SAVER
14,2024-09-02,Affect marriage present a.,579.41,Education,Neutral,CAUTIOUS_SAVER
14,2024-09-02,Eye south wife interest.,544.02,Leisure,Happy,CAUTIOUS_SAVER
14,2024-09-03,Popular lead with.,990.47,Leisure,Neutral,CAUTIOUS_SAVER
14,2024-09-03,Heavy class story side speak.,961.47,Leisure,Neutral,CAUTIOUS_SAVER
14,2024-09-04,Arrive budget education at property.,515.92,Leisure,Neutral,CAUTIOUS_SAVER
14,2024-09-04,Network never.,255.71,Food,Sad,CAUTIOUS_SAVER
14,2024-09-07,Nearly need behavior.,741.06,Travel,Neutral,CAUTIOUS_SAVER
14,2024-09-07,Allow girl team simply lead.,265.51,Education,Neutral,CAUTIOUS_SAVER
14,2024-09-08,Behind front attack song little.,527.04,Education,Neutral,CAUTIOUS_SAVER
14,2024-09-09,Why like impact fly.,913.5,Other,Happy,CAUTIOUS_SAVER
14,2024-09-09,Table trade various risk art.,559.07,Education,Sad,CAUTIOUS_SAVER
14,2024-09-11,Question now key show.,691.92,Other,Happy,CAUTIOUS_SAVER
14,2024-09-11,Actually purpose public.,167.49,Education,Stressed,CAUTIOUS_SAVER
14,2024-09-12,Range step painting concern.,273.2,Education,Neutral,CAUTIOUS_SAVER
14,2024-09-12,Machine whatever everything fear walk.,771.95,Other,Neutral,CAUTIOUS_SAVER
14,2024-09-12,Management game.,557.58,Education,Neutral,CAUTIOUS_SAVER
14,2024-09-13,Occur college herself.,301.55,Other,Neutral,CAUTIOUS_SAVER
14,2024-09-14,Explain research.,1137.12,Other,Neutral,CAUTIOUS_SAVER
14,2024-09-14,Indicate herself.,283.69,Leisure,Neutral,CAUTIOUS_SAVER
14,2024-09-15,Likely scientist.,263.28,Travel,Stressed,CAUTIOUS_SAVER
14,2024-09-15,Participant above.,319.02,Travel,Neutral,CAUTIOUS_SAVER
14,2024-09-15,Help usually thank wonder draw.,56.16,Leisure,Happy,CAUTIOUS_SAVER
14,2024-09-16,Leader operation mean white.,270.73,Education,Neutral,CAUTIOUS_SAVER
14,2024-09-16,Country little reality level.,191.92,Leisure,Neutral,CAUTIOUS_SAVER
14,2024-09-16,Able late order.,531.62,Education,Neutral,CAUTIOUS_SAVER
14,2024-09-17,Player really act friend.,798.25,Travel,Neutral,CAUTIOUS_SAVER
14,2024-09-17,Quickly new another general poor.,230.51,Travel,Excited,CAUTIOUS_SAVER
14,2024-09-17,Involve thousand including.,431.55,Education,Happy,CAUTIOUS_SAVER
14,2024-09-18,Sure authority increase picture create.,564.71,Leisure,Happy,CAUTIOUS_SAVER
14,2024-09-20,Miss have analysis morning.,754.5,Leisure,Neutral,CAUTIOUS_SAVER
14,2024-09-20,Authority number.,823.72,Other,Happy,CAUTIOUS_SAVER
14,2024-09-21,Brother southern project learn.,435.33,Leisure,Neutral,CAUTIOUS_SAVER
14,2024-09-21,Statement available win politics.,276.34,Leisure,Neutral,CAUTIOUS_SAVER
14,2024-09-22,We especially five network.,652.39,Food,Neutral,CAUTIOUS_SAVER
14,2024-09-23,Election hit yourself wrong want.,256.91,Education,Neutral,CAUTIOUS_SAVER
14,2024-09-23,Smile cover of pm eight.,221.69,Travel,Sad,CAUTIOUS_SAVER
14,2024-09-23,Leave opportunity draw during city.,149.99,Travel,Neutral,CAUTIOUS_SAVER
14,2024-09-25,For age size.,581.25,Education,Neutral,CAUTIOUS_SAVER
14,2024-09-25,Peace race i.,787.88,Other,Sad,CAUTIOUS_SAVER
14,2024-09-26,Those pressure street.,415.3,Other,Stressed,CAUTIOUS_SAVER
14,2024-09-28,Activity including single right.,332.17,Leisure,Neutral,CAUTIOUS_SAVER
14,2024-09-28,Democratic thousand.,674.78,Travel,Neutral,CAUTIOUS_SAVER
14,2024-09-28,Officer forward trouble.,512.93,Education,Neutral,CAUTIOUS_SAVER
14,2024-09-28,Bed food possible represent.,97.58,Leisure,Neutral,CAUTIOUS_SAVER
14,2024-09-28,Firm financial.,699.94,Other,Neutral,CAUTIOUS_SAVER
14,2024-09-30,Country remember smile.,327.38,Leisure,Neutral,CAUTIOUS_SAVER
14,2024-09-30,Throughout would century television congress.,63.94,Education,Excited,CAUTIOUS_SAVER
14,2024-09-30,Reduce hour fish him.,173.87,Leisure,Neutral,CAUTIOUS_SAVER
14,2024-09-30,Him note painting quickly.,112.75,Other,Sad,CAUTIOUS_SAVER
14,2024-10-01,Let member however.,81.1,Other,Excited,CAUTIOUS_SAVER
14,2024-10-03,Less into per big.,945.29,Food,Neutral,CAUTIOUS_SAVER
14,2024-10-03,Project spring of.,282.38,Other,Neutral,CAUTIOUS_SAVER
14,2024-10-03,My some skin ball thing.,292.12,Education,Neutral,CAUTIOUS_SAVER
14,2024-10-04,Challenge large wish move.,555.87,Education,Neutral,CAUTIOUS_SAVER
14,2024-10-04,Around there water.,307.19,Food,Neutral,CAUTIOUS_SAVER
14,2024-10-05,Future treat bill choice.,397.85,Other,Happy,CAUTIOUS_SAVER
14,2024-10-05,Source onto provide.,196.76,Other,Happy,CAUTIOUS_SAVER
14,2024-10-06,Provide car throughout american.,1287.45,Leisure,Happy,CAUTIOUS_SAVER
14,2024-10-06,Skin name door production back.,170.84,Food,Happy,CAUTIOUS_SAVER
14,2024-10-07,Public particularly reality.,98.37,Other,Happy,CAUTIOUS_SAVER
14,2024-10-07,Their off.,441.57,Leisure,Neutral,CAUTIOUS_SAVER
14,2024-10-07,Magazine degree husband around.,1104.0,Travel,Neutral,CAUTIOUS_SAVER
14,2024-10-07,Leg rest interest.,834.42,Other,Neutral,CAUTIOUS_SAVER
14,2024-10-08,Bed food possible represent.,125.01,Leisure,Happy,CAUTIOUS_SAVER
14,2024-10-08,Be move fly open.,154.16,Other,Sad,CAUTIOUS_SAVER
14,2024-10-08,Ahead picture son.,938.74,Travel,Happy,CAUTIOUS_SAVER
14,2024-10-09,Safe whole establish.,289.63,Leisure,Excited,CAUTIOUS_SAVER
14,2024-10-09,Strong mind from.,14.14,Leisure,Neutral,CAUTIOUS_SAVER
14,2024-10-09,Them key.,1074.9,Travel,Sad,CAUTIOUS_SAVER
14,2024-10-10,Picture approach chance none fight.,786.12,Travel,Neutral,CAUTIOUS_SAVER
14,2024-10-11,Quite budget window hour some.,559.15,Travel,Happy,CAUTIOUS_SAVER
14,2024-10-11,Item treat area.,462.98,Travel,Excited,CAUTIOUS_SAVER
14,2024-10-12,Condition all blood.,971.89,Other,Stressed,CAUTIOUS_SAVER
14,2024-10-12,Mention billion bed never others.,242.83,Other,Neutral,CAUTIOUS_SAVER
14,2024-10-13,Mention billion bed never others.,243.63,Other,Neutral,CAUTIOUS_SAVER
14,2024-10-13,Home even.,140.17,Education,Sad,CAUTIOUS_SAVER
14,2024-10-14,Behind front attack song little.,869.19,Education,Sad,CAUTIOUS_SAVER
14,2024-10-16,Stop later reveal both.,642.12,Leisure,Neutral,CAUTIOUS_SAVER
14,2024-10-19,Deal information.,548.41,Food,Neutral,CAUTIOUS_SAVER
14,2024-10-20,Participant price.,848.66,Other,Happy,CAUTIOUS_SAVER
14,2024-10-20,Weight take.,666.45,Education,Neutral,CAUTIOUS_SAVER
14,2024-10-20,Together let.,392.83,Education,Happy,CAUTIOUS_SAVER
14,2024-10-20,Along hard need involve among.,231.87,Leisure,Neutral,CAUTIOUS_SAVER
14,2024-10-20,Finish increase economy middle public.,489.1,Travel,Neutral,CAUTIOUS_SAVER
14,2024-10-20,Quite general there sister.,842.3,Food,Sad,CAUTIOUS_SAVER
14,2024-10-21,Across nothing.,658.21,Food,Neutral,CAUTIOUS_SAVER
14,2024-10-23,Feeling manage as.,644.78,Other,Neutral,CAUTIOUS_SAVER
14,2024-10-23,How any federal star.,465.27,Other,Happy,CAUTIOUS_SAVER
14,2024-10-23,Be fire.,18.4,Leisure,Happy,CAUTIOUS_SAVER
14,2024-10-25,Take family chance.,460.73,Other,Neutral,CAUTIOUS_SAVER
14,2024-10-26,Democratic recent student specific political.,170.19,Food,Happy,CAUTIOUS_SAVER
14,2024-10-27,Until choose wife national.,693.11,Education,Stressed,CAUTIOUS_SAVER
14,2024-10-27,Look fight.,592.7,Travel,Excited,CAUTIOUS_SAVER
14,2024-10-27,Say dog drug enter.,886.65,Food,Sad,CAUTIOUS_SAVER
14,2024-10-28,Training occur could painting.,389.14,Travel,Neutral,CAUTIOUS_SAVER
14,2024-10-28,As second animal summer group.,356.58,Leisure,Happy,CAUTIOUS_SAVER
14,2024-10-29,Skill successful and.,7.76,Other,Excited,CAUTIOUS_SAVER
14,2024-10-30,Woman daughter hospital move.,445.82,Other,Neutral,CAUTIOUS_SAVER
14,2024-10-30,Leg themselves away.,645.71,Food,Happy,CAUTIOUS_SAVER
14,2024-10-30,North question new.,398.37,Education,Neutral,CAUTIOUS_SAVER
14,2024-10-31,Good anything manager think pressure.,67.49,Education,Neutral,CAUTIOUS_SAVER
14,2024-10-31,Pattern size spend.,1181.58,Leisure,Happy,CAUTIOUS_SAVER
14,2024-11-01,Dog late eat.,28.38,Travel,Neutral,CAUTIOUS_SAVER
14,2024-11-01,Build smile across among situation.,387.61,Other,Neutral,CAUTIOUS_SAVER
14,2024-11-01,Sell only manage.,390.26,Leisure,Neutral,CAUTIOUS_SAVER
14,2024-11-01,Consider time economic high.,1301.64,Education,Neutral,CAUTIOUS_SAVER
14,2024-11-02,Relate day.,73.8,Leisure,Sad,CAUTIOUS_SAVER
14,2024-11-02,Line score whether.,791.23,Travel,Neutral,CAUTIOUS_SAVER
14,2024-11-04,Position make society behavior.,230.17,Travel,Neutral,CAUTIOUS_SAVER
14,2024-11-04,Build view.,828.77,Other,Happy,CAUTIOUS_SAVER
14,2024-11-06,Doctor mr.,83.07,Education,Happy,CAUTIOUS_SAVER
14,2024-11-06,Sure authority increase picture create.,689.23,Leisure,Stressed,CAUTIOUS_SAVER
14,2024-11-06,Television argue mouth.,1583.05,Education,Neutral,CAUTIOUS_SAVER
14,2024-11-08,Popular available public economy.,496.3,Other,Neutral,CAUTIOUS_SAVER
14,2024-11-09,Paper beyond indeed.,223.0,Education,Happy,CAUTIOUS_SAVER
14,2024-11-10,Nice maintain present cultural.,340.32,Other,Neutral,CAUTIOUS_SAVER
14,2024-11-10,Dog late eat.,20.51,Travel,Neutral,CAUTIOUS_SAVER
14,2024-11-10,Goal once let perform international.,154.56,Other,Excited,CAUTIOUS_SAVER
14,2024-11-10,International effort.,418.44,Leisure,Neutral,CAUTIOUS_SAVER
14,2024-11-10,Happy action.,520.81,Leisure,Neutral,CAUTIOUS_SAVER
14,2024-11-11,Democratic recent student specific political.,256.37,Food,Excited,CAUTIOUS_SAVER
14,2024-11-11,Seven project chance road.,615.31,Leisure,Neutral,CAUTIOUS_SAVER
14,2024-11-12,Officer forward trouble.,1352.11,Education,Neutral,CAUTIOUS_SAVER
14,2024-11-14,Energy always.,215.14,Travel,Happy,CAUTIOUS_SAVER
14,2024-11-14,Fight nice less agree able.,784.64,Leisure,Neutral,CAUTIOUS_SAVER
14,2024-11-14,Order his oil west school.,888.84,Food,Neutral,CAUTIOUS_SAVER
14,2024-11-16,Time surface learn design.,526.81,Other,Stressed,CAUTIOUS_SAVER
14,2024-11-16,Analysis four capital.,703.6,Travel,Neutral,CAUTIOUS_SAVER
14,2024-11-16,Win group important civil nature.,919.4,Other,Neutral,CAUTIOUS_SAVER
14,2024-11-17,Together let.,364.65,Education,Neutral,CAUTIOUS_SAVER
14,2024-11-17,Beat light the window.,551.51,Education,Happy,CAUTIOUS_SAVER
14,2024-11-19,Specific onto go.,285.88,Food,Happy,CAUTIOUS_SAVER
14,2024-11-22,Three certain.,881.87,Travel,Neutral,CAUTIOUS_SAVER
14,2024-11-22,Cultural allow.,370.27,Other,Happy,CAUTIOUS_SAVER
14,2024-11-22,Organization ten seem.,67.64,Travel,Happy,CAUTIOUS_SAVER
14,2024-11-23,Focus chance.,107.3,Food,Neutral,CAUTIOUS_SAVER
14,2024-11-24,Gas with policy cut.,868.73,Travel,Neutral,CAUTIOUS_SAVER
14,2024-11-24,Either rich agency might.,666.45,Other,Neutral,CAUTIOUS_SAVER
14,2024-11-24,Society dark product make.,8.65,Leisure,Excited,CAUTIOUS_SAVER
14,2024-11-25,Cut yard knowledge.,208.32,Travel,Sad,CAUTIOUS_SAVER
14,2024-11-26,Way cold.,267.85,Education,Neutral,CAUTIOUS_SAVER
14,2024-11-26,Investment pass drive.,410.04,Food,Happy,CAUTIOUS_SAVER
14,2024-11-27,Card star avoid nothing.,62.69,Food,Happy,CAUTIOUS_SAVER
14,2024-11-28,Age war measure whom.,540.7,Travel,Happy,CAUTIOUS_SAVER
14,2024-11-29,Church community.,185.55,Travel,Neutral,CAUTIOUS_SAVER
14,2024-11-30,Consider here grow agreement.,77.98,Food,Neutral,CAUTIOUS_SAVER
14,2024-11-30,Security unit executive.,91.77,Food,Happy,CAUTIOUS_SAVER
14,2024-11-30,Least ready activity decision ok.,564.71,Other,Happy,CAUTIOUS_SAVER
14,2024-11-30,Important source first him.,57.55,Other,Happy,CAUTIOUS_SAVER
14,2024-11-30,Buy tax.,995.52,Food,Neutral,CAUTIOUS_SAVER
14,2024-12-01,Perhaps order answer blue structure.,741.55,Other,Neutral,CAUTIOUS_SAVER
14,2024-12-02,Why like impact fly.,934.39,Other,Neutral,CAUTIOUS_SAVER
14,2024-12-03,Radio product.,805.72,Food,Neutral,CAUTIOUS_SAVER
14,2024-12-03,Message seek civil all.,314.37,Travel,Neutral,CAUTIOUS_SAVER
14,2024-12-04,Scientist i doctor.,295.26,Education,Neutral,CAUTIOUS_SAVER
14,2024-12-05,Even beautiful.,946.65,Education,Sad,CAUTIOUS_SAVER
14,2024-12-05,Take family chance.,787.85,Other,Neutral,CAUTIOUS_SAVER
14,2024-12-06,Ready goal amount.,426.02,Other,Happy,CAUTIOUS_SAVER
14,2024-12-06,Relate day.,80.04,Leisure,Neutral,CAUTIOUS_SAVER
14,2024-12-06,There institution actually.,731.08,Leisure,Stressed,CAUTIOUS_SAVER
14,2024-12-07,Rather type thousand show.,618.04,Leisure,Neutral,CAUTIOUS_SAVER
14,2024-12-09,Likely outside because.,946.94,Leisure,Stressed,CAUTIOUS_SAVER
14,2024-12-09,Me brother lot candidate owner.,326.02,Leisure,Neutral,CAUTIOUS_SAVER
14,2024-12-11,First blood accept final.,642.97,Leisure,Neutral,CAUTIOUS_SAVER
14,2024-12-11,Surface usually.,426.6,Education,Neutral,CAUTIOUS_SAVER
14,2024-12-11,Rate society floor long same.,1228.34,Leisure,Neutral,CAUTIOUS_SAVER
14,2024-12-12,Administration network once.,723.35,Other,Neutral,CAUTIOUS_SAVER
14,2024-12-13,Majority none little admit former.,790.72,Leisure,Neutral,CAUTIOUS_SAVER
14,2024-12-13,Movement door kind.,318.08,Travel,Stressed,CAUTIOUS_SAVER
14,2024-12-13,Able customer figure.,408.08,Travel,Neutral,CAUTIOUS_SAVER
14,2024-12-15,Individual analysis.,414.46,Leisure,Excited,CAUTIOUS_SAVER
14,2024-12-16,Behavior here.,580.7,Education,Happy,CAUTIOUS_SAVER
14,2024-12-16,All important shoulder she.,677.26,Other,Neutral,CAUTIOUS_SAVER
14,2024-12-17,Pattern wrong kind certainly.,106.9,Other,Stressed,CAUTIOUS_SAVER
14,2024-12-17,Organization ten seem.,79.58,Travel,Neutral,CAUTIOUS_SAVER
14,2024-12-17,Marriage participant.,1281.93,Other,Neutral,CAUTIOUS_SAVER
14,2024-12-17,On someone rise read.,687.9,Leisure,Neutral,CAUTIOUS_SAVER
14,2024-12-19,Doctor news yourself.,43.82,Food,Neutral,CAUTIOUS_SAVER
14,2024-12-19,Personal often.,499.85,Travel,Neutral,CAUTIOUS_SAVER
14,2024-12-19,Maintain former campaign pretty beyond.,66.68,Food,Neutral,CAUTIOUS_SAVER
14,2024-12-20,Stuff avoid.,467.52,Other,Stressed,CAUTIOUS_SAVER
14,2024-12-21,Somebody prepare few sound.,242.43,Leisure,Neutral,CAUTIOUS_SAVER
14,2024-12-21,Surface usually.,401.31,Education,Neutral,CAUTIOUS_SAVER
14,2024-12-22,Help usually thank wonder draw.,78.22,Leisure,Stressed,CAUTIOUS_SAVER
14,2024-12-22,Section agency lawyer sign them.,923.67,Other,Neutral,CAUTIOUS_SAVER
14,2024-12-23,Along hard need involve among.,113.91,Leisure,Happy,CAUTIOUS_SAVER
14,2024-12-24,Discussion detail training fund.,1109.26,Other,Neutral,CAUTIOUS_SAVER
14,2024-12-25,Expect writer myself management.,660.2,Leisure,Happy,CAUTIOUS_SAVER
14,2024-12-25,Dinner no main year size.,384.01,Other,Neutral,CAUTIOUS_SAVER
14,2024-12-25,Day stock.,759.34,Leisure,Neutral,CAUTIOUS_SAVER
14,2024-12-26,Change she tonight.,713.35,Travel,Neutral,CAUTIOUS_SAVER
14,2024-12-26,Analysis four capital.,464.8,Travel,Neutral,CAUTIOUS_SAVER
14,2024-12-26,Same page ago director.,802.88,Leisure,Happy,CAUTIOUS_SAVER
14,2024-12-26,Goal talk sit party.,552.85,Education,Neutral,CAUTIOUS_SAVER
14,2024-12-26,Be fire.,17.56,Leisure,Neutral,CAUTIOUS_SAVER
14,2024-12-27,Approach side model you billion.,388.86,Other,Sad,CAUTIOUS_SAVER
14,2024-12-29,Money a.,107.98,Other,Neutral,CAUTIOUS_SAVER
14,2024-12-30,Cost attorney.,663.7,Travel,Happy,CAUTIOUS_SAVER
14,2024-12-31,Smile peace apply.,380.11,Food,Happy,CAUTIOUS_SAVER
14,2025-01-02,Fish late pattern.,272.92,Other,Neutral,CAUTIOUS_SAVER
14,2025-01-03,Above company media next me.,435.01,Other,Neutral,CAUTIOUS_SAVER
14,2025-01-04,As throughout individual list manager.,955.6,Other,Neutral,CAUTIOUS_SAVER
14,2025-01-04,Half president structure might.,872.68,Leisure,Sad,CAUTIOUS_SAVER
14,2025-01-04,Talk interest hand.,461.9,Other,Happy,CAUTIOUS_SAVER
14,2025-01-05,Goal talk sit party.,411.91,Education,Neutral,CAUTIOUS_SAVER
14,2025-01-05,Western order accept wide prevent.,963.4,Travel,Neutral,CAUTIOUS_SAVER
14,2025-01-06,Rather type thousand show.,613.64,Leisure,Stressed,CAUTIOUS_SAVER
14,2025-01-06,Long identify road speech.,230.42,Other,Sad,CAUTIOUS_SAVER
14,2025-01-06,Mind door authority outside.,644.78,Travel,Neutral,CAUTIOUS_SAVER
14,2025-01-08,Scientist necessary into.,890.38,Other,Neutral,CAUTIOUS_SAVER
14,2025-01-09,Like clear.,549.3,Food,Neutral,CAUTIOUS_SAVER
14,2025-01-09,Television argue mouth.,984.3,Education,Happy,CAUTIOUS_SAVER
14,2025-01-09,Note discuss discussion reach grow.,271.85,Food,Happy,CAUTIOUS_SAVER
14,2025-01-09,Turn both in animal.,542.8,Leisure,Happy,CAUTIOUS_SAVER
14,2025-01-09,Take family chance.,383.96,Other,Neutral,CAUTIOUS_SAVER
14,2025-01-10,Something future they red.,159.98,Leisure,Neutral,CAUTIOUS_SAVER
14,2025-01-11,High issue deal democratic.,315.5,Education,Happy,CAUTIOUS_SAVER
14,2025-01-13,Care run there leg.,488.46,Leisure,Neutral,CAUTIOUS_SAVER
14,2025-01-14,Save network item one under.,898.4,Leisure,Neutral,CAUTIOUS_SAVER
14,2025-01-14,Inside machine baby.,93.84,Leisure,Neutral,CAUTIOUS_SAVER
14,2025-01-15,White likely teacher one.,1208.44,Leisure,Neutral,CAUTIOUS_SAVER
14,2025-01-15,Wish candidate have no.,770.73,Education,Stressed,CAUTIOUS_SAVER
14,2025-01-17,Window research his.,163.14,Leisure,Sad,CAUTIOUS_SAVER
14,2025-01-17,Town glass road.,556.09,Other,Happy,CAUTIOUS_SAVER
14,2025-01-17,Health image.,511.07,Other,Neutral,CAUTIOUS_SAVER
14,2025-01-20,Approach side model you billion.,892.66,Other,Excited,CAUTIOUS_SAVER
14,2025-01-20,Finish summer rest feel finally.,281.56,Travel,Neutral,CAUTIOUS_SAVER
14,2025-01-20,Be move fly open.,107.56,Other,Neutral,CAUTIOUS_SAVER
14,2025-01-21,Section agency lawyer sign them.,1167.12,Other,Excited,CAUTIOUS_SAVER
14,2025-01-21,Forward sense cause write right.,1180.0,Other,Neutral,CAUTIOUS_SAVER
14,2025-01-22,Value car team nothing.,555.61,Education,Neutral,CAUTIOUS_SAVER
14,2025-01-23,While total spend.,70.29,Education,Neutral,CAUTIOUS_SAVER
14,2025-01-23,You ready way rule.,568.2,Food,Happy,CAUTIOUS_SAVER
14,2025-01-24,Court movie cell.,1047.08,Travel,Sad,CAUTIOUS_SAVER
14,2025-01-24,Opportunity lead see.,539.02,Education,Neutral,CAUTIOUS_SAVER
14,2025-01-26,Above dog brother morning.,932.54,Food,Excited,CAUTIOUS_SAVER
14,2025-01-26,Itself free source.,419.04,Travel,Neutral,CAUTIOUS_SAVER
14,2025-01-27,Boy different chance enter.,87.37,Education,Neutral,CAUTIOUS_SAVER
14,2025-01-27,Day already hold.,211.47,Other,Sad,CAUTIOUS_SAVER
14,2025-01-27,Condition all blood.,800.93,Other,Stressed,CAUTIOUS_SAVER
14,2025-01-29,Paper memory history office.,699.23,Leisure,Neutral,CAUTIOUS_SAVER
15,2024-08-01,Participant above.,283.43,Travel,Neutral,CAUTIOUS_SAVER
15,2024-08-02,White fire cause everybody.,442.28,Education,Neutral,CAUTIOUS_SAVER
15,2024-08-03,News need task mind.,1268.19,Travel,Happy,CAUTIOUS_SAVER
15,2024-08-03,Four field area young.,506.0,Education,Sad,CAUTIOUS_SAVER
15,2024-08-03,Into notice necessary true message.,309.85,Leisure,Stressed,CAUTIOUS_SAVER
15,2024-08-03,Walk cup option store.,690.89,Education,Stressed,CAUTIOUS_SAVER
15,2024-08-03,Arrive budget education at property.,503.69,Leisure,Neutral,CAUTIOUS_SAVER
15,2024-08-04,Yourself successful defense subject.,690.48,Leisure,Neutral,CAUTIOUS_SAVER
15,2024-08-04,While bring yourself.,60.8,Education,Neutral,CAUTIOUS_SAVER
15,2024-08-04,Personal often.,448.76,Travel,Stressed,CAUTIOUS_SAVER
15,2024-08-05,Result sound.,373.48,Leisure,Neutral,CAUTIOUS_SAVER
15,2024-08-06,Participant price.,744.77,Other,Happy,CAUTIOUS_SAVER
15,2024-08-06,Reach step son.,402.75,Other,Neutral,CAUTIOUS_SAVER
15,2024-08-09,Quality throughout.,694.49,Other,Neutral,CAUTIOUS_SAVER
15,2024-08-09,Stage threat our.,143.12,Other,Happy,CAUTIOUS_SAVER
15,2024-08-11,Raise hope enjoy most.,1114.58,Leisure,Happy,CAUTIOUS_SAVER
15,2024-08-11,Price institution method inside.,436.58,Other,Neutral,CAUTIOUS_SAVER
15,2024-08-11,Daughter war.,180.54,Leisure,Neutral,CAUTIOUS_SAVER
15,2024-08-13,Side mind question year finish.,576.82,Food,Neutral,CAUTIOUS_SAVER
15,2024-08-14,Very figure drive special.,762.24,Other,Neutral,CAUTIOUS_SAVER
15,2024-08-15,Medical nearly.,449.03,Leisure,Neutral,CAUTIOUS_SAVER
15,2024-08-16,Country remember smile.,559.86,Leisure,Happy,CAUTIOUS_SAVER
15,2024-08-16,Us decade.,640.38,Other,Neutral,CAUTIOUS_SAVER
15,2024-08-18,Land day name small.,1108.26,Food,Neutral,CAUTIOUS_SAVER
15,2024-08-19,Base investment.,64.0,Food,Neutral,CAUTIOUS_SAVER
15,2024-08-21,Voice american seven discussion.,144.29,Leisure,Neutral,CAUTIOUS_SAVER
15,2024-08-21,Look fight.,828.61,Travel,Neutral,CAUTIOUS_SAVER
15,2024-08-23,Democrat cost evidence third.,150.06,Education,Sad,CAUTIOUS_SAVER
15,2024-08-23,Window research his.,292.33,Leisure,Neutral,CAUTIOUS_SAVER
15,2024-08-24,Way cold.,319.24,Education,Neutral,CAUTIOUS_SAVER
15,2024-08-24,War push thousand book half.,428.82,Other,Neutral,CAUTIOUS_SAVER
15,2024-08-25,Land day name small.,901.16,Food,Neutral,CAUTIOUS_SAVER
15,2024-08-27,Difference attention whatever american.,129.11,Food,Neutral,CAUTIOUS_SAVER
15,2024-08-28,Wife talk beat tax majority.,394.33,Food,Happy,CAUTIOUS_SAVER
15,2024-08-29,Race mr.,510.18,Travel,Happy,CAUTIOUS_SAVER
15,2024-08-29,Yes at seat ok.,547.8,Other,Happy,CAUTIOUS_SAVER
15,2024-08-31,Give white everybody paper create.,354.98,Leisure,Neutral,CAUTIOUS_SAVER
15,2024-09-01,Above company media next me.,311.54,Other,Happy,CAUTIOUS_SAVER
15,2024-09-01,Particularly score order modern.,599.48,Education,Neutral,CAUTIOUS_SAVER
15,2024-09-02,Throughout leader bag.,414.63,Other,Sad,CAUTIOUS_SAVER
15,2024-09-02,Wall act special.,655.01,Travel,Happy,CAUTIOUS_SAVER
15,2024-09-04,Thousand live land hard.,1324.42,Food,Stressed,CAUTIOUS_SAVER
15,2024-09-04,Bill beautiful issue.,1316.95,Food,Excited,CAUTIOUS_SAVER
15,2024-09-04,Be move fly open.,132.47,Other,Neutral,CAUTIOUS_SAVER
15,2024-09-07,Future congress.,1039.75,Education,Happy,CAUTIOUS_SAVER
15,2024-09-08,Talk interest hand.,460.36,Other,Excited,CAUTIOUS_SAVER
15,2024-09-08,For age size.,298.36,Education,Neutral,CAUTIOUS_SAVER
15,2024-09-09,Budget remain reduce.,476.2,Education,Sad,CAUTIOUS_SAVER
15,2024-09-09,Industry impact certainly.,383.15,Other,Stressed,CAUTIOUS_SAVER
15,2024-09-09,Have decide environment.,411.8,Other,Neutral,CAUTIOUS_SAVER
15,2024-09-10,Person one republican.,429.4,Leisure,Happy,CAUTIOUS_SAVER
15,2024-09-10,Story case.,486.65,Leisure,Happy,CAUTIOUS_SAVER
15,2024-09-11,Race mr.,971.17,Travel,Neutral,CAUTIOUS_SAVER
15,2024-09-12,Heart determine likely.,326.77,Other,Happy,CAUTIOUS_SAVER
15,2024-09-16,Inside big minute.,58.63,Leisure,Neutral,CAUTIOUS_SAVER
15,2024-09-16,Turn put professional.,196.78,Other,Neutral,CAUTIOUS_SAVER
15,2024-09-17,Material produce station visit environmental.,592.74,Other,Neutral,CAUTIOUS_SAVER
15,2024-09-18,Involve thousand including.,380.75,Education,Stressed,CAUTIOUS_SAVER
15,2024-09-18,Difficult quite act receive stage.,370.99,Other,Excited,CAUTIOUS_SAVER
15,2024-09-18,Card star avoid nothing.,55.0,Food,Sad,CAUTIOUS_SAVER
15,2024-09-19,Bill beautiful issue.,589.87,Food,Excited,CAUTIOUS_SAVER
15,2024-09-19,Section child.,871.21,Other,Neutral,CAUTIOUS_SAVER
15,2024-09-20,Network never.,166.64,Food,Neutral,CAUTIOUS_SAVER
15,2024-09-20,Bring animal also you.,231.85,Food,Happy,CAUTIOUS_SAVER
15,2024-09-23,Past product make of group.,373.18,Food,Happy,CAUTIOUS_SAVER
15,2024-09-25,Recent couple cost girl run.,459.9,Leisure,Neutral,CAUTIOUS_SAVER
15,2024-09-25,Order his oil west school.,1224.36,Food,Excited,CAUTIOUS_SAVER
15,2024-09-26,Leg rest interest.,577.55,Other,Happy,CAUTIOUS_SAVER
15,2024-09-28,Small control see the.,435.2,Travel,Neutral,CAUTIOUS_SAVER
15,2024-09-29,Quite response.,721.6,Education,Neutral,CAUTIOUS_SAVER
15,2024-09-29,Place offer.,171.43,Leisure,Neutral,CAUTIOUS_SAVER
15,2024-09-29,Despite sound receive let.,139.94,Education,Excited,CAUTIOUS_SAVER
15,2024-09-30,That reflect send set fly.,49.64,Leisure,Sad,CAUTIOUS_SAVER
15,2024-10-01,Actually purpose public.,146.17,Education,Happy,CAUTIOUS_SAVER
15,2024-10-02,Itself free source.,615.99,Travel,Neutral,CAUTIOUS_SAVER
15,2024-10-03,Box organization.,742.41,Leisure,Happy,CAUTIOUS_SAVER
15,2024-10-03,My serious whatever miss seek.,836.68,Education,Neutral,CAUTIOUS_SAVER
15,2024-10-03,Perhaps order answer blue structure.,956.29,Other,Neutral,CAUTIOUS_SAVER
15,2024-10-03,Drug entire involve.,71.43,Leisure,Sad,CAUTIOUS_SAVER
15,2024-10-04,Least ready activity decision ok.,727.09,Other,Sad,CAUTIOUS_SAVER
15,2024-10-04,Could gun.,1089.0,Leisure,Neutral,CAUTIOUS_SAVER
15,2024-10-04,Local director become.,640.82,Other,Happy,CAUTIOUS_SAVER
15,2024-10-06,Guess service this different.,658.98,Leisure,Neutral,CAUTIOUS_SAVER
15,2024-10-07,Miss reduce animal clearly cell.,711.79,Other,Neutral,CAUTIOUS_SAVER
15,2024-10-08,Night various return explain.,462.56,Leisure,Happy,CAUTIOUS_SAVER
15,2024-10-08,Best generation group goal.,1016.85,Other,Happy,CAUTIOUS_SAVER
15,2024-10-08,Minute question their rather.,166.62,Food,Happy,CAUTIOUS_SAVER
15,2024-10-09,There institution actually.,1094.94,Leisure,Sad,CAUTIOUS_SAVER
15,2024-10-09,By two bad fall pick.,781.85,Food,Neutral,CAUTIOUS_SAVER
15,2024-10-10,Image movie who debate.,267.17,Leisure,Neutral,CAUTIOUS_SAVER
15,2024-10-12,Race mr.,448.07,Travel,Neutral,CAUTIOUS_SAVER
15,2024-10-12,Resource road do.,404.45,Other,Excited,CAUTIOUS_SAVER
15,2024-10-13,Economic represent stock.,734.41,Education,Excited,CAUTIOUS_SAVER
15,2024-10-14,Task central dinner.,396.13,Other,Happy,CAUTIOUS_SAVER
15,2024-10-14,Dinner article hit mission whole.,222.7,Travel,Neutral,CAUTIOUS_SAVER
15,2024-10-16,Wish current.,536.08,Education,Excited,CAUTIOUS_SAVER
15,2024-10-16,Stop later reveal both.,1108.81,Leisure,Neutral,CAUTIOUS_SAVER
15,2024-10-17,Stage someone for power.,226.0,Other,Sad,CAUTIOUS_SAVER
15,2024-10-18,Administration mother in admit.,129.38,Other,Neutral,CAUTIOUS_SAVER
15,2024-10-19,Expert movement reach man.,183.12,Other,Neutral,CAUTIOUS_SAVER
15,2024-10-19,Be fire.,16.08,Leisure,Neutral,CAUTIOUS_SAVER
15,2024-10-19,Party employee nature down.,479.77,Travel,Happy,CAUTIOUS_SAVER
15,2024-10-21,Concern ability reduce.,321.11,Travel,Neutral,CAUTIOUS_SAVER
15,2024-10-22,There decision measure.,622.39,Leisure,Happy,CAUTIOUS_SAVER
15,2024-10-22,Wrong difficult.,506.61,Leisure,Sad,CAUTIOUS_SAVER
15,2024-10-23,Leg themselves away.,665.65,Food,Neutral,CAUTIOUS_SAVER
15,2024-10-24,Owner memory argue project.,489.75,Other,Neutral,CAUTIOUS_SAVER
15,2024-10-26,Affect machine.,704.62,Education,Stressed,CAUTIOUS_SAVER
15,2024-10-27,Really society live camera.,37.94,Travel,Happy,CAUTIOUS_SAVER
15,2024-10-28,Many themselves minute.,500.77,Other,Sad,CAUTIOUS_SAVER
15,2024-10-28,Should page camera.,142.99,Education,Stressed,CAUTIOUS_SAVER
15,2024-10-28,Half president structure might.,546.13,Leisure,Happy,CAUTIOUS_SAVER
15,2024-10-31,Development provide dark daughter.,1068.55,Food,Happy,CAUTIOUS_SAVER
15,2024-10-31,Effect people.,406.91,Food,Happy,CAUTIOUS_SAVER
15,2024-11-01,Research month instead.,524.83,Leisure,Sad,CAUTIOUS_SAVER
15,2024-11-02,Pass range appear home player.,181.59,Education,Excited,CAUTIOUS_SAVER
15,2024-11-04,Decade trade field training.,376.16,Leisure,Happy,CAUTIOUS_SAVER
15,2024-11-04,Ask window full.,1002.15,Food,Neutral,CAUTIOUS_SAVER
15,2024-11-04,Bar professor power.,402.19,Leisure,Sad,CAUTIOUS_SAVER
15,2024-11-05,Old particularly.,592.0,Other,Happy,CAUTIOUS_SAVER
15,2024-11-05,Bit appear.,359.75,Education,Excited,CAUTIOUS_SAVER
15,2024-11-06,Building range national focus.,368.44,Leisure,Sad,CAUTIOUS_SAVER
15,2024-11-07,City usually ever.,820.68,Leisure,Stressed,CAUTIOUS_SAVER
15,2024-11-08,Doctor population grow bar.,40.69,Food,Neutral,CAUTIOUS_SAVER
15,2024-11-08,Citizen kid generation onto police.,843.18,Travel,Excited,CAUTIOUS_SAVER
15,2024-11-09,Western tend candidate day.,431.29,Other,Sad,CAUTIOUS_SAVER
15,2024-11-10,Ability live.,753.8,Travel,Happy,CAUTIOUS_SAVER
15,2024-11-10,Particularly score order modern.,458.39,Education,Neutral,CAUTIOUS_SAVER
15,2024-11-14,Skin name door production back.,148.01,Food,Neutral,CAUTIOUS_SAVER
15,2024-11-14,Produce ago.,476.41,Other,Happy,CAUTIOUS_SAVER
15,2024-11-14,Pretty section degree still.,116.8,Other,Excited,CAUTIOUS_SAVER
15,2024-11-16,Me brother lot candidate owner.,492.5,Leisure,Happy,CAUTIOUS_SAVER
15,2024-11-17,Within woman.,826.17,Food,Neutral,CAUTIOUS_SAVER
15,2024-11-19,North question new.,611.01,Education,Neutral,CAUTIOUS_SAVER
15,2024-11-20,Bill eight community.,60.67,Other,Neutral,CAUTIOUS_SAVER
15,2024-11-20,And national spend.,703.14,Food,Neutral,CAUTIOUS_SAVER
15,2024-11-21,Be plan same cause.,1157.87,Other,Neutral,CAUTIOUS_SAVER
15,2024-11-21,Expert movement reach man.,432.81,Other,Neutral,CAUTIOUS_SAVER
15,2024-11-22,I fund.,272.28,Leisure,Happy,CAUTIOUS_SAVER
15,2024-11-22,Whatever late specific.,577.29,Other,Happy,CAUTIOUS_SAVER
15,2024-11-24,Race to television loss.,726.18,Other,Stressed,CAUTIOUS_SAVER
15,2024-11-25,Grow laugh.,237.56,Education,Neutral,CAUTIOUS_SAVER
15,2024-11-26,Democratic recent student specific political.,129.67,Food,Neutral,CAUTIOUS_SAVER
15,2024-11-27,Describe paper.,494.03,Other,Sad,CAUTIOUS_SAVER
15,2024-11-29,Something story attorney summer.,381.64,Food,Neutral,CAUTIOUS_SAVER
15,2024-11-29,Why station manager.,605.54,Travel,Neutral,CAUTIOUS_SAVER
15,2024-11-30,Answer just.,587.21,Leisure,Happy,CAUTIOUS_SAVER
15,2024-11-30,Difficult quite act receive stage.,231.91,Other,Neutral,CAUTIOUS_SAVER
15,2024-12-01,Material produce station visit environmental.,446.94,Other,Stressed,CAUTIOUS_SAVER
15,2024-12-02,Anyone spend them system.,123.66,Education,Stressed,CAUTIOUS_SAVER
15,2024-12-02,Book economic.,47.27,Education,Neutral,CAUTIOUS_SAVER
15,2024-12-03,Arrive budget education at property.,396.33,Leisure,Happy,CAUTIOUS_SAVER
15,2024-12-03,Ball theory prepare much throughout.,1041.04,Travel,Neutral,CAUTIOUS_SAVER
15,2024-12-04,Already because education break significant.,531.23,Other,Sad,CAUTIOUS_SAVER
15,2024-12-04,Window research his.,201.69,Leisure,Neutral,CAUTIOUS_SAVER
15,2024-12-05,Oil per line create build.,883.94,Leisure,Neutral,CAUTIOUS_SAVER
15,2024-12-06,Reality fill ok list.,822.77,Education,Neutral,CAUTIOUS_SAVER
15,2024-12-06,Position interest.,82.89,Leisure,Neutral,CAUTIOUS_SAVER
15,2024-12-11,Sort knowledge analysis together court.,142.75,Leisure,Neutral,CAUTIOUS_SAVER
15,2024-12-12,Fall care.,746.09,Other,Neutral,CAUTIOUS_SAVER
15,2024-12-12,Indicate herself.,244.81,Leisure,Neutral,CAUTIOUS_SAVER
15,2024-12-12,Weight take.,1002.98,Education,Sad,CAUTIOUS_SAVER
15,2024-12-13,Small control see the.,515.29,Travel,Happy,CAUTIOUS_SAVER
15,2024-12-15,Race mr.,405.32,Travel,Neutral,CAUTIOUS_SAVER
15,2024-12-15,While bring yourself.,59.89,Education,Neutral,CAUTIOUS_SAVER
15,2024-12-15,Among black picture that treat.,377.73,Education,Happy,CAUTIOUS_SAVER
15,2024-12-15,How trip learn enter.,761.37,Food,Neutral,CAUTIOUS_SAVER
15,2024-12-16,Myself so growth time.,326.2,Food,Neutral,CAUTIOUS_SAVER
15,2024-12-17,Law agree appear political.,866.38,Food,Neutral,CAUTIOUS_SAVER
15,2024-12-18,As throughout individual list manager.,891.0,Other,Excited,CAUTIOUS_SAVER
15,2024-12-19,Much section investment on gun.,1094.8,Other,Sad,CAUTIOUS_SAVER
15,2024-12-19,Car fast positive.,232.07,Other,Happy,CAUTIOUS_SAVER
15,2024-12-21,Moment red eight hand.,237.09,Other,Excited,CAUTIOUS_SAVER
15,2024-12-22,Billion land detail exist cover.,1260.84,Other,Sad,CAUTIOUS_SAVER
15,2024-12-27,Short indicate police.,129.6,Other,Happy,CAUTIOUS_SAVER
15,2024-12-28,Try wonder move trade.,561.63,Travel,Neutral,CAUTIOUS_SAVER
15,2024-12-31,As throughout individual list manager.,842.2,Other,Neutral,CAUTIOUS_SAVER
15,2024-12-31,Company left nothing trip.,408.65,Leisure,Excited,CAUTIOUS_SAVER
15,2025-01-04,Institution whatever yet.,210.38,Leisure,Sad,CAUTIOUS_SAVER
15,2025-01-06,Fish either boy between collection.,246.0,Food,Stressed,CAUTIOUS_SAVER
15,2025-01-06,Because career course.,1048.03,Travel,Neutral,CAUTIOUS_SAVER
15,2025-01-07,War push thousand book half.,697.09,Other,Happy,CAUTIOUS_SAVER
15,2025-01-08,Together let.,229.48,Education,Sad,CAUTIOUS_SAVER
15,2025-01-08,Good lay coach.,266.54,Education,Stressed,CAUTIOUS_SAVER
15,2025-01-09,Smile peace apply.,564.22,Food,Neutral,CAUTIOUS_SAVER
15,2025-01-10,Democratic mention generation.,507.93,Leisure,Sad,CAUTIOUS_SAVER
15,2025-01-11,Hundred step according.,449.6,Food,Sad,CAUTIOUS_SAVER
15,2025-01-11,Already argue.,148.35,Other,Excited,CAUTIOUS_SAVER
15,2025-01-11,And student give score agree.,669.27,Other,Neutral,CAUTIOUS_SAVER
15,2025-01-11,Store natural today season.,107.15,Other,Neutral,CAUTIOUS_SAVER
15,2025-01-13,Choice father why often.,664.24,Food,Happy,CAUTIOUS_SAVER
15,2025-01-13,Military onto blue activity.,357.59,Other,Neutral,CAUTIOUS_SAVER
15,2025-01-13,Hold carry rest.,804.29,Travel,Neutral,CAUTIOUS_SAVER
15,2025-01-14,There decision measure.,753.41,Leisure,Happy,CAUTIOUS_SAVER
15,2025-01-18,Third rich hospital.,51.33,Education,Neutral,CAUTIOUS_SAVER
15,2025-01-18,Line score whether.,762.47,Travel,Neutral,CAUTIOUS_SAVER
15,2025-01-22,Stuff avoid.,519.34,Other,Neutral,CAUTIOUS_SAVER
15,2025-01-23,Future choice whatever from.,466.58,Food,Happy,CAUTIOUS_SAVER
15,2025-01-23,Until truth feeling view.,223.09,Other,Happy,CAUTIOUS_SAVER
15,2025-01-24,Pretty skin main program.,1037.44,Education,Neutral,CAUTIOUS_SAVER
15,2025-01-24,Management produce bed stage.,334.99,Other,Excited,CAUTIOUS_SAVER
15,2025-01-24,Smile peace apply.,384.94,Food,Neutral,CAUTIOUS_SAVER
15,2025-01-24,Why outside.,193.98,Travel,Neutral,CAUTIOUS_SAVER
15,2025-01-25,Magazine join.,48.57,Other,Neutral,CAUTIOUS_SAVER
15,2025-01-26,Score moment second.,567.73,Travel,Happy,CAUTIOUS_SAVER
15,2025-01-27,Smile cover of pm eight.,190.21,Travel,Neutral,CAUTIOUS_SAVER
15,2025-01-27,Beyond family movement hospital back.,1053.12,Other,Excited,CAUTIOUS_SAVER
15,2025-01-28,Write other wear through partner.,13.19,Other,Excited,CAUTIOUS_SAVER
15,2025-01-30,Your ever woman way avoid.,40.16,Food,Neutral,CAUTIOUS_SAVER
15,2025-01-31,Majority none little admit former.,517.42,Leisure,Neutral,CAUTIOUS_SAVER
15,2025-01-31,Real know our any.,526.59,Other,Excited,CAUTIOUS_SAVER
16,2024-08-01,Sign wall.,479.35,Leisure,Happy,CAUTIOUS_SAVER
16,2024-08-01,Indeed believe interview professor.,167.27,Travel,Sad,CAUTIOUS_SAVER
16,2024-08-02,Third rich hospital.,66.64,Education,Sad,CAUTIOUS_SAVER
16,2024-08-04,Fear song save.,195.74,Other,Excited,CAUTIOUS_SAVER
16,2024-08-05,Expect writer myself management.,910.99,Leisure,Sad,CAUTIOUS_SAVER
16,2024-08-05,Box organization.,747.99,Leisure,Sad,CAUTIOUS_SAVER
16,2024-08-06,Can mouth discover.,184.13,Leisure,Happy,CAUTIOUS_SAVER
16,2024-08-09,Difference attention whatever american.,81.64,Food,Sad,CAUTIOUS_SAVER
16,2024-08-09,Land region back nor article.,503.42,Other,Sad,CAUTIOUS_SAVER
16,2024-08-09,Care run there leg.,274.39,Leisure,Neutral,CAUTIOUS_SAVER
16,2024-08-10,Clear single expect.,175.22,Education,Neutral,CAUTIOUS_SAVER
16,2024-08-11,My some skin ball thing.,185.66,Education,Happy,CAUTIOUS_SAVER
16,2024-08-12,Letter mind many.,889.89,Other,Neutral,CAUTIOUS_SAVER
16,2024-08-13,Different international sell several.,642.88,Leisure,Neutral,CAUTIOUS_SAVER
16,2024-08-15,Charge note space when collection.,711.1,Leisure,Neutral,CAUTIOUS_SAVER
16,2024-08-16,Believe arrive.,342.12,Leisure,Excited,CAUTIOUS_SAVER
16,2024-08-17,Oil per line create build.,596.58,Leisure,Neutral,CAUTIOUS_SAVER
16,2024-08-18,Boy generation.,380.58,Food,Neutral,CAUTIOUS_SAVER
16,2024-08-18,Say other never fact.,154.91,Travel,Happy,CAUTIOUS_SAVER
16,2024-08-19,We cold deep.,57.77,Travel,Excited,CAUTIOUS_SAVER
16,2024-08-19,Paper memory history office.,504.12,Leisure,Neutral,CAUTIOUS_SAVER
16,2024-08-20,Section national owner determine detail.,319.96,Other,Happy,CAUTIOUS_SAVER
16,2024-08-20,Create physical share out cold.,130.2,Other,Neutral,CAUTIOUS_SAVER
16,2024-08-21,Too song quality per build.,1553.61,Education,Neutral,CAUTIOUS_SAVER
16,2024-08-24,Democrat cost evidence third.,160.7,Education,Neutral,CAUTIOUS_SAVER
16,2024-08-25,Project can.,435.16,Food,Happy,CAUTIOUS_SAVER
16,2024-08-25,Four field area young.,893.77,Education,Neutral,CAUTIOUS_SAVER
16,2024-08-25,Consider time economic high.,859.59,Education,Happy,CAUTIOUS_SAVER
16,2024-08-26,Control piece behavior message wind.,205.82,Other,Neutral,CAUTIOUS_SAVER
16,2024-08-26,Born same usually.,750.12,Leisure,Sad,CAUTIOUS_SAVER
16,2024-08-27,Down occur.,1299.41,Food,Happy,CAUTIOUS_SAVER
16,2024-08-28,Nearly care base.,998.67,Travel,Neutral,CAUTIOUS_SAVER
16,2024-08-28,Heavy class story side speak.,986.69,Leisure,Happy,CAUTIOUS_SAVER
16,2024-08-29,Language budget market president.,398.02,Leisure,Neutral,CAUTIOUS_SAVER
16,2024-09-03,Why though decide bank likely.,89.28,Other,Sad,CAUTIOUS_SAVER
16,2024-09-04,Item treat area.,1341.76,Travel,Happy,CAUTIOUS_SAVER
16,2024-09-05,Pretty section degree still.,180.19,Other,Stressed,CAUTIOUS_SAVER
16,2024-09-09,Together let.,288.06,Education,Happy,CAUTIOUS_SAVER
16,2024-09-09,Environmental run head garden box.,255.65,Food,Neutral,CAUTIOUS_SAVER
16,2024-09-09,Big look tell prepare.,192.19,Leisure,Neutral,CAUTIOUS_SAVER
16,2024-09-09,Nature performance yeah.,237.94,Other,Neutral,CAUTIOUS_SAVER
16,2024-09-10,Economic represent stock.,744.08,Education,Neutral,CAUTIOUS_SAVER
16,2024-09-11,Charge form here.,105.58,Education,Happy,CAUTIOUS_SAVER
16,2024-09-12,A when dark read.,810.62,Other,Neutral,CAUTIOUS_SAVER
16,2024-09-14,Beyond family movement hospital back.,557.34,Other,Stressed,CAUTIOUS_SAVER
16,2024-09-15,Need finally when.,466.98,Leisure,Neutral,CAUTIOUS_SAVER
16,2024-09-15,I fund.,368.97,Leisure,Happy,CAUTIOUS_SAVER
16,2024-09-16,Available defense.,599.82,Leisure,Sad,CAUTIOUS_SAVER
16,2024-09-17,Boy other foot best.,914.55,Leisure,Neutral,CAUTIOUS_SAVER
16,2024-09-17,Few spring raise.,334.4,Travel,Happy,CAUTIOUS_SAVER
16,2024-09-18,Section national owner determine detail.,218.65,Other,Neutral,CAUTIOUS_SAVER
16,2024-09-18,Material produce station visit environmental.,425.99,Other,Happy,CAUTIOUS_SAVER
16,2024-09-18,Identify material.,421.35,Other,Happy,CAUTIOUS_SAVER
16,2024-09-19,Song difference part wall require.,1064.0,Leisure,Sad,CAUTIOUS_SAVER
16,2024-09-19,Miss have analysis morning.,346.27,Leisure,Neutral,CAUTIOUS_SAVER
16,2024-09-21,War push thousand book half.,517.78,Other,Happy,CAUTIOUS_SAVER
16,2024-09-23,News american foreign.,1051.68,Education,Neutral,CAUTIOUS_SAVER
16,2024-09-24,Majority none little admit former.,551.98,Leisure,Happy,CAUTIOUS_SAVER
16,2024-09-24,Despite off consumer second.,328.29,Leisure,Excited,CAUTIOUS_SAVER
16,2024-09-25,Magazine degree husband around.,916.45,Travel,Excited,CAUTIOUS_SAVER
16,2024-09-25,Evidence conference capital office.,119.53,Other,Happy,CAUTIOUS_SAVER
16,2024-09-26,Citizen street region.,178.62,Other,Sad,CAUTIOUS_SAVER
16,2024-09-26,Scientist i doctor.,367.74,Education,Stressed,CAUTIOUS_SAVER
16,2024-09-29,College manage fund.,162.63,Other,Happy,CAUTIOUS_SAVER
16,2024-09-29,Age war measure whom.,571.21,Travel,Neutral,CAUTIOUS_SAVER
16,2024-10-01,Property let.,368.23,Leisure,Excited,CAUTIOUS_SAVER
16,2024-10-01,Bed far section.,150.03,Education,Happy,CAUTIOUS_SAVER
16,2024-10-03,Current after charge.,675.87,Other,Neutral,CAUTIOUS_SAVER
16,2024-10-03,A value lot.,365.11,Leisure,Sad,CAUTIOUS_SAVER
16,2024-10-05,Within prove full.,273.33,Education,Neutral,CAUTIOUS_SAVER
16,2024-10-05,Message seek civil all.,369.76,Travel,Happy,CAUTIOUS_SAVER
16,2024-10-05,Raise several west side admit.,651.83,Other,Neutral,CAUTIOUS_SAVER
16,2024-10-07,Machine son television.,102.1,Travel,Neutral,CAUTIOUS_SAVER
16,2024-10-07,So draw food company.,295.82,Travel,Sad,CAUTIOUS_SAVER
16,2024-10-08,Determine feel article we they.,328.08,Leisure,Neutral,CAUTIOUS_SAVER
16,2024-10-10,Strong mind from.,10.93,Leisure,Neutral,CAUTIOUS_SAVER
16,2024-10-10,Remember nearly face feel.,637.53,Travel,Sad,CAUTIOUS_SAVER
16,2024-10-12,Stage someone for power.,421.32,Other,Happy,CAUTIOUS_SAVER
16,2024-10-12,Run again help right.,247.16,Other,Neutral,CAUTIOUS_SAVER
16,2024-10-15,Program decade home which view.,293.07,Travel,Neutral,CAUTIOUS_SAVER
16,2024-10-15,Think live bad total research.,616.4,Leisure,Happy,CAUTIOUS_SAVER
16,2024-10-16,Town glass road.,1397.87,Other,Neutral,CAUTIOUS_SAVER
16,2024-10-16,Western enough key.,887.35,Food,Neutral,CAUTIOUS_SAVER
16,2024-10-17,Serious produce.,694.37,Other,Neutral,CAUTIOUS_SAVER
16,2024-10-17,Idea seek.,58.94,Other,Neutral,CAUTIOUS_SAVER
16,2024-10-20,Bill eight community.,40.64,Other,Stressed,CAUTIOUS_SAVER
16,2024-10-20,Detail far church some.,797.84,Leisure,Neutral,CAUTIOUS_SAVER
16,2024-10-22,Give white everybody paper create.,412.71,Leisure,Excited,CAUTIOUS_SAVER
16,2024-10-22,Lawyer writer health.,1342.58,Education,Neutral,CAUTIOUS_SAVER
16,2024-10-22,Ahead picture son.,966.91,Travel,Stressed,CAUTIOUS_SAVER
16,2024-10-22,People newspaper stay.,45.84,Other,Happy,CAUTIOUS_SAVER
16,2024-10-22,Police two.,728.0,Other,Sad,CAUTIOUS_SAVER
16,2024-10-23,Bit appear.,580.69,Education,Sad,CAUTIOUS_SAVER
16,2024-10-23,Race mr.,890.4,Travel,Neutral,CAUTIOUS_SAVER
16,2024-10-26,Call animal approach factor want.,58.7,Travel,Happy,CAUTIOUS_SAVER
16,2024-10-29,Important source first him.,88.99,Other,Neutral,CAUTIOUS_SAVER
16,2024-10-30,Police two.,605.54,Other,Neutral,CAUTIOUS_SAVER
16,2024-10-31,Turn put professional.,331.6,Other,Neutral,CAUTIOUS_SAVER
16,2024-10-31,Keep light fight.,111.97,Leisure,Neutral,CAUTIOUS_SAVER
16,2024-11-01,Do interesting material.,661.64,Travel,Happy,CAUTIOUS_SAVER
16,2024-11-01,Despite sound receive let.,206.78,Education,Happy,CAUTIOUS_SAVER
16,2024-11-02,Detail far church some.,498.37,Leisure,Stressed,CAUTIOUS_SAVER
16,2024-11-02,Employee become happy water bring.,144.72,Food,Stressed,CAUTIOUS_SAVER
16,2024-11-02,Stage someone for power.,448.08,Other,Happy,CAUTIOUS_SAVER
16,2024-11-02,Take family chance.,983.92,Other,Neutral,CAUTIOUS_SAVER
16,2024-11-03,Among black picture that treat.,420.12,Education,Sad,CAUTIOUS_SAVER
16,2024-11-04,Magazine join.,35.87,Other,Happy,CAUTIOUS_SAVER
16,2024-11-05,Smile high open scientist.,999.41,Food,Neutral,CAUTIOUS_SAVER
16,2024-11-06,Tv budget system book.,1054.23,Leisure,Neutral,CAUTIOUS_SAVER
16,2024-11-07,Month whom stage soon.,638.63,Travel,Neutral,CAUTIOUS_SAVER
16,2024-11-08,Finish increase economy middle public.,944.05,Travel,Neutral,CAUTIOUS_SAVER
16,2024-11-08,Development the inside thought.,369.79,Education,Neutral,CAUTIOUS_SAVER
16,2024-11-10,Cold reason our.,94.48,Leisure,Neutral,CAUTIOUS_SAVER
16,2024-11-11,Agent say forward us.,470.2,Education,Excited,CAUTIOUS_SAVER
16,2024-11-11,Western enough key.,665.9,Food,Neutral,CAUTIOUS_SAVER
16,2024-11-13,Surface usually.,369.24,Education,Neutral,CAUTIOUS_SAVER
16,2024-11-14,Your less social form.,1142.91,Food,Neutral,CAUTIOUS_SAVER
16,2024-11-15,Least ready activity decision ok.,993.46,Other,Sad,CAUTIOUS_SAVER
16,2024-11-15,To receive education.,145.89,Leisure,Sad,CAUTIOUS_SAVER
16,2024-11-18,Specific onto go.,342.15,Food,Neutral,CAUTIOUS_SAVER
16,2024-11-19,After sister should across treatment.,201.32,Leisure,Stressed,CAUTIOUS_SAVER
16,2024-11-22,Pretty skin main program.,987.11,Education,Neutral,CAUTIOUS_SAVER
16,2024-11-23,Them key.,728.18,Travel,Neutral,CAUTIOUS_SAVER
16,2024-11-24,To receive education.,225.54,Leisure,Happy,CAUTIOUS_SAVER
16,2024-11-24,My some skin ball thing.,334.68,Education,Neutral,CAUTIOUS_SAVER
16,2024-11-25,Night various return explain.,427.21,Leisure,Neutral,CAUTIOUS_SAVER
16,2024-11-26,Magazine join.,57.2,Other,Excited,CAUTIOUS_SAVER
16,2024-11-26,Throughout leader bag.,245.68,Other,Neutral,CAUTIOUS_SAVER
16,2024-11-28,Claim move.,817.73,Other,Happy,CAUTIOUS_SAVER
16,2024-11-28,Hope floor include.,204.67,Other,Happy,CAUTIOUS_SAVER
16,2024-12-02,A value lot.,498.12,Leisure,Neutral,CAUTIOUS_SAVER
16,2024-12-03,Rest or.,1196.08,Travel,Excited,CAUTIOUS_SAVER
16,2024-12-03,Live seat.,790.34,Leisure,Excited,CAUTIOUS_SAVER
16,2024-12-04,Senior service large under.,629.89,Travel,Neutral,CAUTIOUS_SAVER
16,2024-12-04,Part crime.,522.44,Food,Neutral,CAUTIOUS_SAVER
16,2024-12-04,Along hard need involve among.,167.81,Leisure,Neutral,CAUTIOUS_SAVER
16,2024-12-06,Computer prove amount population.,933.81,Travel,Neutral,CAUTIOUS_SAVER
16,2024-12-08,How any federal star.,368.09,Other,Sad,CAUTIOUS_SAVER
16,2024-12-08,Bank price north first end.,119.91,Other,Neutral,CAUTIOUS_SAVER
16,2024-12-09,Big look tell prepare.,151.13,Leisure,Neutral,CAUTIOUS_SAVER
16,2024-12-11,Decide similar office.,553.44,Leisure,Neutral,CAUTIOUS_SAVER
16,2024-12-11,Quality throughout.,1136.13,Other,Neutral,CAUTIOUS_SAVER
16,2024-12-12,Method everything.,379.1,Leisure,Neutral,CAUTIOUS_SAVER
16,2024-12-13,Town glass road.,948.47,Other,Neutral,CAUTIOUS_SAVER
16,2024-12-13,Keep yes.,64.76,Education,Excited,CAUTIOUS_SAVER
16,2024-12-13,Local director become.,587.18,Other,Neutral,CAUTIOUS_SAVER
16,2024-12-14,Management sense technology check civil.,336.85,Leisure,Sad,CAUTIOUS_SAVER
16,2024-12-14,Remember ability.,417.31,Other,Excited,CAUTIOUS_SAVER
16,2024-12-15,Cell city not not the.,101.35,Other,Happy,CAUTIOUS_SAVER
16,2024-12-15,Store natural today season.,76.53,Other,Neutral,CAUTIOUS_SAVER
16,2024-12-16,More road development about.,864.0,Travel,Neutral,CAUTIOUS_SAVER
16,2024-12-17,Third coach congress husband.,366.42,Leisure,Neutral,CAUTIOUS_SAVER
16,2024-12-17,Something fine apply gas sing.,50.37,Other,Excited,CAUTIOUS_SAVER
16,2024-12-18,Small control see the.,612.59,Travel,Neutral,CAUTIOUS_SAVER
16,2024-12-18,Fish either boy between collection.,204.54,Food,Neutral,CAUTIOUS_SAVER
16,2024-12-19,Challenge large wish move.,559.36,Education,Sad,CAUTIOUS_SAVER
16,2024-12-19,What than political up instead.,268.05,Travel,Happy,CAUTIOUS_SAVER
16,2024-12-19,Section national owner determine detail.,152.1,Other,Neutral,CAUTIOUS_SAVER
16,2024-12-20,Real small.,918.68,Education,Neutral,CAUTIOUS_SAVER
16,2024-12-20,Smile high open scientist.,824.14,Food,Neutral,CAUTIOUS_SAVER
16,2024-12-20,News need task mind.,1131.59,Travel,Happy,CAUTIOUS_SAVER
16,2024-12-21,Citizen ahead method.,684.26,Travel,Sad,CAUTIOUS_SAVER
16,2024-12-21,Tree imagine machine.,914.83,Food,Neutral,CAUTIOUS_SAVER
16,2024-12-21,Rest or.,1260.86,Travel,Neutral,CAUTIOUS_SAVER
16,2024-12-21,Computer always his.,338.52,Food,Neutral,CAUTIOUS_SAVER
16,2024-12-22,Lawyer writer health.,1073.11,Education,Happy,CAUTIOUS_SAVER
16,2024-12-23,Statement available win politics.,182.54,Leisure,Neutral,CAUTIOUS_SAVER
16,2024-12-24,Technology pay tree.,188.89,Education,Neutral,CAUTIOUS_SAVER
16,2024-12-24,Conference trade population agreement.,945.65,Other,Neutral,CAUTIOUS_SAVER
16,2024-12-24,Live way two.,74.71,Other,Neutral,CAUTIOUS_SAVER
16,2024-12-25,Wall act special.,1414.5,Travel,Neutral,CAUTIOUS_SAVER
16,2024-12-25,Condition all blood.,598.81,Other,Neutral,CAUTIOUS_SAVER
16,2024-12-25,Store natural today season.,102.18,Other,Neutral,CAUTIOUS_SAVER
16,2024-12-25,Each author party full kitchen.,267.98,Food,Happy,CAUTIOUS_SAVER
16,2024-12-26,Finally shoulder land.,133.93,Other,Sad,CAUTIOUS_SAVER
16,2024-12-26,North question new.,375.22,Education,Excited,CAUTIOUS_SAVER
16,2024-12-28,Able customer figure.,491.79,Travel,Happy,CAUTIOUS_SAVER
16,2024-12-30,Past feeling nature.,442.87,Food,Happy,CAUTIOUS_SAVER
16,2024-12-31,Arrive society.,462.71,Leisure,Excited,CAUTIOUS_SAVER
16,2025-01-01,Doctor mr.,98.24,Education,Stressed,CAUTIOUS_SAVER
16,2025-01-01,Billion land detail exist cover.,891.78,Other,Stressed,CAUTIOUS_SAVER
16,2025-01-03,Decide cultural start how thank.,682.62,Education,Neutral,CAUTIOUS_SAVER
16,2025-01-03,Despite off consumer second.,469.06,Leisure,Neutral,CAUTIOUS_SAVER
16,2025-01-04,Arrive budget education at property.,339.65,Leisure,Neutral,CAUTIOUS_SAVER
16,2025-01-05,Later week democratic few.,92.44,Other,Happy,CAUTIOUS_SAVER
16,2025-01-06,Senior difficult put.,456.89,Leisure,Sad,CAUTIOUS_SAVER
16,2025-01-06,Tell brother defense list second.,353.66,Other,Happy,CAUTIOUS_SAVER
16,2025-01-07,Pressure hospital significant.,66.33,Travel,Sad,CAUTIOUS_SAVER
16,2025-01-08,Condition again successful.,811.37,Education,Happy,CAUTIOUS_SAVER
16,2025-01-10,Already because education break significant.,665.0,Other,Neutral,CAUTIOUS_SAVER
16,2025-01-11,Improve simple turn.,1144.11,Other,Neutral,CAUTIOUS_SAVER
16,2025-01-11,Yeah far within.,606.68,Other,Sad,CAUTIOUS_SAVER
16,2025-01-11,Nor character recent.,767.96,Travel,Neutral,CAUTIOUS_SAVER
16,2025-01-12,Fish evening avoid dark.,546.26,Leisure,Sad,CAUTIOUS_SAVER
16,2025-01-12,Cultural right cover large work.,785.14,Other,Neutral,CAUTIOUS_SAVER
16,2025-01-15,Site girl into have media.,857.26,Leisure,Neutral,CAUTIOUS_SAVER
16,2025-01-16,In seven building hard.,23.77,Other,Excited,CAUTIOUS_SAVER
16,2025-01-16,Range step painting concern.,229.8,Education,Happy,CAUTIOUS_SAVER
16,2025-01-16,War push thousand book half.,466.85,Other,Happy,CAUTIOUS_SAVER
16,2025-01-16,Discussion black follow.,251.99,Leisure,Neutral,CAUTIOUS_SAVER
16,2025-01-16,Eight bed fill.,568.83,Food,Sad,CAUTIOUS_SAVER
16,2025-01-18,Race return pretty young.,795.31,Travel,Neutral,CAUTIOUS_SAVER
16,2025-01-20,Reach under.,487.4,Other,Excited,CAUTIOUS_SAVER
16,2025-01-22,Test they there.,585.02,Leisure,Sad,CAUTIOUS_SAVER
16,2025-01-24,History professional star wonder.,925.22,Food,Happy,CAUTIOUS_SAVER
16,2025-01-24,He we recent music.,571.56,Food,Stressed,CAUTIOUS_SAVER
16,2025-01-26,Into notice necessary true message.,324.93,Leisure,Neutral,CAUTIOUS_SAVER
16,2025-01-27,Section child.,424.7,Other,Neutral,CAUTIOUS_SAVER
16,2025-01-27,In seven building hard.,10.62,Other,Happy,CAUTIOUS_SAVER
16,2025-01-27,Girl suddenly.,562.43,Other,Neutral,CAUTIOUS_SAVER
16,2025-01-29,Finally shoulder land.,121.7,Other,Neutral,CAUTIOUS_SAVER
16,2025-01-31,Heavy what least mouth national.,50.07,Food,Sad,CAUTIOUS_SAVER
17,2024-08-03,Natural together.,473.98,Other,Neutral,CAUTIOUS_SAVER
17,2024-08-04,Finish right serious.,456.45,Leisure,Happy,CAUTIOUS_SAVER
17,2024-08-06,Citizen ahead method.,514.78,Travel,Happy,CAUTIOUS_SAVER
17,2024-08-07,Include record security.,558.46,Travel,Neutral,CAUTIOUS_SAVER
17,2024-08-10,Part crime.,356.56,Food,Excited,CAUTIOUS_SAVER
17,2024-08-11,Increase consider.,233.1,Other,Neutral,CAUTIOUS_SAVER
17,2024-08-12,Begin treat stage this.,829.79,Other,Neutral,CAUTIOUS_SAVER
17,2024-08-13,Tell soon executive.,88.58,Other,Sad,CAUTIOUS_SAVER
17,2024-08-13,White measure manager range.,103.94,Leisure,Happy,CAUTIOUS_SAVER
17,2024-08-14,Hundred bad that second develop.,1514.13,Leisure,Sad,CAUTIOUS_SAVER
17,2024-08-14,Organization visit finally.,150.05,Education,Neutral,CAUTIOUS_SAVER
17,2024-08-15,Evidence enough claim suffer.,71.84,Leisure,Excited,CAUTIOUS_SAVER
17,2024-08-19,Wish candidate have no.,677.11,Education,Excited,CAUTIOUS_SAVER
17,2024-08-21,Material produce station visit environmental.,515.29,Other,Sad,CAUTIOUS_SAVER
17,2024-08-22,Technology tend.,60.0,Leisure,Neutral,CAUTIOUS_SAVER
17,2024-08-22,Be move fly open.,134.28,Other,Stressed,CAUTIOUS_SAVER
17,2024-08-22,Development provide dark daughter.,1013.25,Food,Sad,CAUTIOUS_SAVER
17,2024-08-23,Common anyone.,195.59,Leisure,Stressed,CAUTIOUS_SAVER
17,2024-08-24,Able customer figure.,482.3,Travel,Neutral,CAUTIOUS_SAVER
17,2024-08-29,Hand so add mr lawyer.,449.49,Other,Happy,CAUTIOUS_SAVER
17,2024-08-29,Yes at seat ok.,1031.65,Other,Neutral,CAUTIOUS_SAVER
17,2024-08-29,Professional color group.,579.93,Leisure,Excited,CAUTIOUS_SAVER
17,2024-08-31,Real know our any.,342.47,Other,Neutral,CAUTIOUS_SAVER
17,2024-09-03,Gas teacher national weight all.,484.62,Travel,Neutral,CAUTIOUS_SAVER
17,2024-09-03,Feel season similar.,1078.5,Food,Neutral,CAUTIOUS_SAVER
17,2024-09-04,Bed report item.,602.97,Leisure,Sad,CAUTIOUS_SAVER
17,2024-09-07,Heavy staff hotel box.,152.41,Leisure,Neutral,CAUTIOUS_SAVER
17,2024-09-07,Floor there career.,351.65,Travel,Happy,CAUTIOUS_SAVER
17,2024-09-07,Car indeed nor next.,429.12,Travel,Stressed,CAUTIOUS_SAVER
17,2024-09-08,Affect marriage present a.,1152.22,Education,Sad,CAUTIOUS_SAVER
17,2024-09-09,Onto site both change note.,106.15,Other,Neutral,CAUTIOUS_SAVER
17,2024-09-09,Language budget market president.,348.54,Leisure,Excited,CAUTIOUS_SAVER
17,2024-09-13,Exist professional.,71.93,Other,Neutral,CAUTIOUS_SAVER
17,2024-09-18,Start house ahead raise.,1219.6,Other,Neutral,CAUTIOUS_SAVER
17,2024-09-20,Nor character recent.,553.95,Travel,Excited,CAUTIOUS_SAVER
17,2024-09-20,Paper beyond indeed.,375.86,Education,Neutral,CAUTIOUS_SAVER
17,2024-09-21,Door end fire.,848.88,Travel,Happy,CAUTIOUS_SAVER
17,2024-09-26,Easy get every.,63.68,Leisure,Neutral,CAUTIOUS_SAVER
17,2024-09-26,Ago race quite hour.,472.07,Food,Neutral,CAUTIOUS_SAVER
17,2024-09-28,Go exactly much food region.,347.62,Food,Neutral,CAUTIOUS_SAVER
17,2024-09-29,Health image.,270.24,Other,Neutral,CAUTIOUS_SAVER
17,2024-10-02,Pass range appear home player.,246.63,Education,Happy,CAUTIOUS_SAVER
17,2024-10-02,Have including none.,676.12,Other,Neutral,CAUTIOUS_SAVER
17,2024-10-03,Produce ago.,392.51,Other,Neutral,CAUTIOUS_SAVER
17,2024-10-07,Rest or.,1108.37,Travel,Neutral,CAUTIOUS_SAVER
17,2024-10-08,A when dark read.,684.75,Other,Neutral,CAUTIOUS_SAVER
17,2024-10-13,Field seat start pm.,635.88,Leisure,Happy,CAUTIOUS_SAVER
17,2024-10-14,Much section investment on gun.,693.21,Other,Neutral,CAUTIOUS_SAVER
17,2024-10-16,Realize property show either.,126.42,Other,Neutral,CAUTIOUS_SAVER
17,2024-10-18,Never effect fill general relationship.,371.83,Leisure,Neutral,CAUTIOUS_SAVER
17,2024-10-18,Site girl into have media.,1039.51,Leisure,Stressed,CAUTIOUS_SAVER
17,2024-10-18,Nearly need behavior.,528.32,Travel,Neutral,CAUTIOUS_SAVER
17,2024-10-21,Tv budget system book.,731.03,Leisure,Stressed,CAUTIOUS_SAVER
17,2024-10-22,Individual analysis.,492.99,Leisure,Neutral,CAUTIOUS_SAVER
17,2024-10-22,Story case.,492.01,Leisure,Neutral,CAUTIOUS_SAVER
17,2024-10-23,Consider time economic high.,857.56,Education,Neutral,CAUTIOUS_SAVER
17,2024-10-24,Consider time economic high.,508.28,Education,Sad,CAUTIOUS_SAVER
17,2024-10-25,Perhaps order answer blue structure.,674.23,Other,Neutral,CAUTIOUS_SAVER
17,2024-10-26,Leave run goal cause.,470.55,Other,Happy,CAUTIOUS_SAVER
17,2024-10-27,Each author party full kitchen.,305.04,Food,Neutral,CAUTIOUS_SAVER
17,2024-10-28,Identify say on yes.,553.15,Food,Happy,CAUTIOUS_SAVER
17,2024-10-29,Bank price north first end.,139.67,Other,Neutral,CAUTIOUS_SAVER
17,2024-10-29,Write other wear through partner.,16.78,Other,Stressed,CAUTIOUS_SAVER
17,2024-10-29,Doctor population grow bar.,39.03,Food,Sad,CAUTIOUS_SAVER
17,2024-11-02,Call animal approach factor want.,66.65,Travel,Neutral,CAUTIOUS_SAVER
17,2024-11-04,Paper beyond indeed.,363.05,Education,Neutral,CAUTIOUS_SAVER
17,2024-11-06,Reflect star.,458.31,Leisure,Happy,CAUTIOUS_SAVER
17,2024-11-06,Play recently sure somebody.,1324.27,Leisure,Neutral,CAUTIOUS_SAVER
17,2024-11-09,Bank professional true financial.,544.7,Food,Happy,CAUTIOUS_SAVER
17,2024-11-09,Heart still building.,963.85,Food,Happy,CAUTIOUS_SAVER
17,2024-11-10,Choice prepare.,515.55,Other,Happy,CAUTIOUS_SAVER
17,2024-11-11,Authority number.,964.1,Other,Neutral,CAUTIOUS_SAVER
17,2024-11-11,Enough threat score.,51.76,Food,Neutral,CAUTIOUS_SAVER
17,2024-11-14,Answer just.,917.75,Leisure,Neutral,CAUTIOUS_SAVER
17,2024-11-15,Company left nothing trip.,456.69,Leisure,Sad,CAUTIOUS_SAVER
17,2024-11-17,Along hard need involve among.,198.42,Leisure,Neutral,CAUTIOUS_SAVER
17,2024-11-19,Country remember smile.,806.34,Leisure,Neutral,CAUTIOUS_SAVER
17,2024-11-19,Audience throw four allow international.,488.23,Travel,Neutral,CAUTIOUS_SAVER
17,2024-11-20,Material less focus hear.,907.76,Travel,Neutral,CAUTIOUS_SAVER
17,2024-11-20,Better republican stock bank.,145.73,Other,Happy,CAUTIOUS_SAVER
17,2024-11-21,Particularly score order modern.,613.02,Education,Neutral,CAUTIOUS_SAVER
17,2024-11-22,Sing message board mean.,100.06,Leisure,Excited,CAUTIOUS_SAVER
17,2024-11-23,Leg rest interest.,1112.19,Other,Stressed,CAUTIOUS_SAVER
17,2024-11-24,Project spring of.,513.8,Other,Happy,CAUTIOUS_SAVER
17,2024-11-29,Edge surface who.,846.29,Travel,Neutral,CAUTIOUS_SAVER
17,2024-11-30,Fact reason make office.,312.21,Leisure,Sad,CAUTIOUS_SAVER
17,2024-12-02,Its develop until watch.,471.4,Food,Neutral,CAUTIOUS_SAVER
17,2024-12-03,Network never.,155.5,Food,Neutral,CAUTIOUS_SAVER
17,2024-12-07,Very figure drive special.,703.78,Other,Excited,CAUTIOUS_SAVER
17,2024-12-07,Surface expect several evening town.,201.32,Leisure,Happy,CAUTIOUS_SAVER
17,2024-12-08,Really society live camera.,22.6,Travel,Sad,CAUTIOUS_SAVER
17,2024-12-13,Dark camera realize.,125.38,Travel,Excited,CAUTIOUS_SAVER
17,2024-12-13,Truth thing always possible.,388.11,Food,Happy,CAUTIOUS_SAVER
17,2024-12-17,Walk cup option store.,531.38,Education,Neutral,CAUTIOUS_SAVER
17,2024-12-19,Since nothing be apply.,194.41,Other,Happy,CAUTIOUS_SAVER
17,2024-12-22,Carry surface learn.,522.57,Leisure,Excited,CAUTIOUS_SAVER
17,2024-12-22,Edge surface who.,517.37,Travel,Neutral,CAUTIOUS_SAVER
17,2024-12-23,Task central dinner.,401.25,Other,Sad,CAUTIOUS_SAVER
17,2024-12-25,Movie stop.,884.47,Other,Neutral,CAUTIOUS_SAVER
17,2024-12-25,And national spend.,685.78,Food,Neutral,CAUTIOUS_SAVER
17,2024-12-26,Religious order.,851.72,Travel,Neutral,CAUTIOUS_SAVER
17,2024-12-26,Network fact talk.,48.53,Leisure,Happy,CAUTIOUS_SAVER
17,2024-12-26,Analysis color friend the.,1037.48,Education,Neutral,CAUTIOUS_SAVER
17,2024-12-31,Management game.,413.41,Education,Happy,CAUTIOUS_SAVER
17,2024-12-31,Never condition.,34.09,Leisure,Happy,CAUTIOUS_SAVER
17,2024-12-31,Investment local above move.,806.52,Leisure,Sad,CAUTIOUS_SAVER
17,2025-01-02,Give that individual of not.,457.99,Education,Stressed,CAUTIOUS_SAVER
17,2025-01-05,Wide exactly.,271.93,Leisure,Stressed,CAUTIOUS_SAVER
17,2025-01-05,Leader both rest challenge.,905.17,Food,Excited,CAUTIOUS_SAVER
17,2025-01-06,Include record security.,331.72,Travel,Neutral,CAUTIOUS_SAVER
17,2025-01-07,Good house only military.,133.1,Other,Excited,CAUTIOUS_SAVER
17,2025-01-09,Huge response long.,30.03,Travel,Happy,CAUTIOUS_SAVER
17,2025-01-10,Mission put budget house.,84.12,Food,Neutral,CAUTIOUS_SAVER
17,2025-01-12,Age war measure whom.,722.96,Travel,Happy,CAUTIOUS_SAVER
17,2025-01-14,Market specific property coach.,349.33,Leisure,Neutral,CAUTIOUS_SAVER
17,2025-01-15,Discussion detail training fund.,1137.56,Other,Happy,CAUTIOUS_SAVER
17,2025-01-15,Quite everyone as generation.,669.14,Other,Excited,CAUTIOUS_SAVER
17,2025-01-19,Foreign husband believe word local.,271.77,Travel,Happy,CAUTIOUS_SAVER
17,2025-01-20,Method exactly.,200.94,Other,Happy,CAUTIOUS_SAVER
17,2025-01-23,Consumer face.,470.56,Leisure,Neutral,CAUTIOUS_SAVER
17,2025-01-23,Hope floor include.,208.89,Other,Happy,CAUTIOUS_SAVER
17,2025-01-25,Nature country.,161.14,Other,Sad,CAUTIOUS_SAVER
17,2025-01-26,Firm financial.,688.62,Other,Happy,CAUTIOUS_SAVER
17,2025-01-26,Development the inside thought.,215.41,Education,Happy,CAUTIOUS_SAVER
18,2024-08-03,Almost outside middle.,401.66,Other,Happy,CAUTIOUS_SAVER
18,2024-08-05,Soon including important.,838.1,Education,Happy,CAUTIOUS_SAVER
18,2024-08-05,Walk anything.,353.79,Leisure,Neutral,CAUTIOUS_SAVER
18,2024-08-05,Card star avoid nothing.,93.68,Food,Neutral,CAUTIOUS_SAVER
18,2024-08-06,Least ready activity decision ok.,762.96,Other,Neutral,CAUTIOUS_SAVER
18,2024-08-07,Face rate.,673.11,Other,Excited,CAUTIOUS_SAVER
18,2024-08-08,Human public health.,266.86,Education,Neutral,CAUTIOUS_SAVER
18,2024-08-08,Few spring raise.,318.58,Travel,Neutral,CAUTIOUS_SAVER
18,2024-08-11,Well mission situation result.,1151.6,Travel,Sad,CAUTIOUS_SAVER
18,2024-08-12,Network never.,151.87,Food,Neutral,CAUTIOUS_SAVER
18,2024-08-14,Above dog brother morning.,869.38,Food,Neutral,CAUTIOUS_SAVER
18,2024-08-16,Reach under.,846.22,Other,Neutral,CAUTIOUS_SAVER
18,2024-08-16,Along attention piece tv young.,496.55,Leisure,Happy,CAUTIOUS_SAVER
18,2024-08-18,College manage fund.,248.26,Other,Neutral,CAUTIOUS_SAVER
18,2024-08-18,While bring yourself.,93.02,Education,Happy,CAUTIOUS_SAVER
18,2024-08-23,Third letter sort reveal seven.,807.07,Leisure,Happy,CAUTIOUS_SAVER
18,2024-08-23,After sister should across treatment.,193.38,Leisure,Happy,CAUTIOUS_SAVER
18,2024-08-26,Woman meet report.,981.76,Food,Excited,CAUTIOUS_SAVER
18,2024-08-28,Energy always.,280.83,Travel,Happy,CAUTIOUS_SAVER
18,2024-08-28,Too song quality per build.,877.38,Education,Happy,CAUTIOUS_SAVER
18,2024-08-31,Sell only manage.,691.56,Leisure,Neutral,CAUTIOUS_SAVER
18,2024-09-03,Community spring billion price paper.,671.25,Other,Neutral,CAUTIOUS_SAVER
18,2024-09-03,Eight bed fill.,1239.78,Food,Neutral,CAUTIOUS_SAVER
18,2024-09-04,During call north attention.,285.11,Other,Neutral,CAUTIOUS_SAVER
18,2024-09-05,Draw police.,687.78,Leisure,Neutral,CAUTIOUS_SAVER
18,2024-09-05,Couple city you level.,513.57,Travel,Sad,CAUTIOUS_SAVER
18,2024-09-05,Security unit executive.,93.69,Food,Neutral,CAUTIOUS_SAVER
18,2024-09-06,Fact reason make office.,314.14,Leisure,Neutral,CAUTIOUS_SAVER
18,2024-09-07,Yeah term.,139.03,Education,Sad,CAUTIOUS_SAVER
18,2024-09-07,Finally shoulder land.,111.31,Other,Neutral,CAUTIOUS_SAVER
18,2024-09-08,Care drug data position two.,182.96,Food,Sad,CAUTIOUS_SAVER
18,2024-09-08,Choice father why often.,818.76,Food,Sad,CAUTIOUS_SAVER
18,2024-09-09,Heavy law church.,581.34,Other,Neutral,CAUTIOUS_SAVER
18,2024-09-10,He we recent music.,786.64,Food,Neutral,CAUTIOUS_SAVER
18,2024-09-10,Understand none.,209.53,Leisure,Neutral,CAUTIOUS_SAVER
18,2024-09-13,Method everything.,406.36,Leisure,Happy,CAUTIOUS_SAVER
18,2024-09-17,Such final however major.,694.16,Travel,Neutral,CAUTIOUS_SAVER
18,2024-09-17,Agent say forward us.,943.01,Education,Happy,CAUTIOUS_SAVER
18,2024-09-17,Walk anything.,279.55,Leisure,Neutral,CAUTIOUS_SAVER
18,2024-09-18,Opportunity lead see.,1082.8,Education,Neutral,CAUTIOUS_SAVER
18,2024-09-20,Close month parent who up.,1187.09,Leisure,Happy,CAUTIOUS_SAVER
18,2024-09-21,Assume campaign assume.,617.75,Leisure,Happy,CAUTIOUS_SAVER
18,2024-09-21,Law read citizen.,281.34,Other,Neutral,CAUTIOUS_SAVER
18,2024-09-22,Positive question especially.,453.27,Food,Neutral,CAUTIOUS_SAVER
18,2024-09-22,Very figure drive special.,629.58,Other,Excited,CAUTIOUS_SAVER
18,2024-09-24,Family bill foreign fast knowledge.,830.37,Leisure,Happy,CAUTIOUS_SAVER
18,2024-09-27,Those pressure street.,241.73,Other,Neutral,CAUTIOUS_SAVER
18,2024-09-28,Above dog brother morning.,976.14,Food,Sad,CAUTIOUS_SAVER
18,2024-09-29,Agreement someone.,440.9,Other,Sad,CAUTIOUS_SAVER
18,2024-09-30,Sell only manage.,388.96,Leisure,Neutral,CAUTIOUS_SAVER
18,2024-10-01,Land day name small.,1254.37,Food,Neutral,CAUTIOUS_SAVER
18,2024-10-03,Never effect fill general relationship.,610.36,Leisure,Neutral,CAUTIOUS_SAVER
18,2024-10-05,Effort drive side human.,499.54,Other,Excited,CAUTIOUS_SAVER
18,2024-10-05,Receive region however.,446.75,Food,Happy,CAUTIOUS_SAVER
18,2024-10-06,As second animal summer group.,607.53,Leisure,Neutral,CAUTIOUS_SAVER
18,2024-10-08,She they.,851.9,Education,Neutral,CAUTIOUS_SAVER
18,2024-10-09,Pattern wrong kind certainly.,161.88,Other,Happy,CAUTIOUS_SAVER
18,2024-10-09,Professional color group.,475.99,Leisure,Neutral,CAUTIOUS_SAVER
18,2024-10-10,Institution whatever yet.,167.83,Leisure,Sad,CAUTIOUS_SAVER
18,2024-10-10,End bit game thousand.,23.82,Leisure,Neutral,CAUTIOUS_SAVER
18,2024-10-11,Entire hotel.,606.32,Other,Stressed,CAUTIOUS_SAVER
18,2024-10-12,Letter environment easy.,128.16,Other,Neutral,CAUTIOUS_SAVER
18,2024-10-14,Need finally when.,553.73,Leisure,Neutral,CAUTIOUS_SAVER
18,2024-10-17,Face morning.,754.34,Education,Happy,CAUTIOUS_SAVER
18,2024-10-17,Walk anything.,312.43,Leisure,Happy,CAUTIOUS_SAVER
18,2024-10-18,Answer just.,818.21,Leisure,Excited,CAUTIOUS_SAVER
18,2024-10-19,Arrive budget education at property.,535.77,Leisure,Sad,CAUTIOUS_SAVER
18,2024-10-19,Mind easy foreign old.,817.15,Food,Neutral,CAUTIOUS_SAVER
18,2024-10-20,Owner memory argue project.,508.35,Other,Neutral,CAUTIOUS_SAVER
18,2024-10-21,Scene almost leave.,609.26,Leisure,Neutral,CAUTIOUS_SAVER
18,2024-10-21,Realize property show either.,79.79,Other,Sad,CAUTIOUS_SAVER
18,2024-10-21,Before relationship plant.,112.68,Other,Neutral,CAUTIOUS_SAVER
18,2024-10-24,Amount bad raise.,226.26,Other,Neutral,CAUTIOUS_SAVER
18,2024-10-25,Wish current.,408.52,Education,Neutral,CAUTIOUS_SAVER
18,2024-10-27,Question or money.,745.85,Leisure,Neutral,CAUTIOUS_SAVER
18,2024-10-28,Improve simple turn.,603.0,Other,Excited,CAUTIOUS_SAVER
18,2024-10-30,Position make society behavior.,227.93,Travel,Happy,CAUTIOUS_SAVER
18,2024-10-30,Part crime.,727.41,Food,Excited,CAUTIOUS_SAVER
18,2024-11-01,Above company media next me.,563.67,Other,Happy,CAUTIOUS_SAVER
18,2024-11-05,Bed food possible represent.,156.59,Leisure,Neutral,CAUTIOUS_SAVER
18,2024-11-06,Car much will.,603.29,Other,Happy,CAUTIOUS_SAVER
18,2024-11-06,Clear single expect.,340.97,Education,Sad,CAUTIOUS_SAVER
18,2024-11-07,Land day name small.,1195.92,Food,Sad,CAUTIOUS_SAVER
18,2024-11-08,Boy generation.,351.06,Food,Happy,CAUTIOUS_SAVER
18,2024-11-08,Let member however.,79.2,Other,Happy,CAUTIOUS_SAVER
18,2024-11-09,Form newspaper.,305.34,Other,Happy,CAUTIOUS_SAVER
18,2024-11-09,Agent say forward us.,1020.78,Education,Stressed,CAUTIOUS_SAVER
18,2024-11-14,Itself free source.,571.98,Travel,Neutral,CAUTIOUS_SAVER
18,2024-11-14,Heavy staff hotel box.,264.36,Leisure,Excited,CAUTIOUS_SAVER
18,2024-11-15,Stop later reveal both.,940.09,Leisure,Happy,CAUTIOUS_SAVER
18,2024-11-18,Safe whole establish.,220.96,Leisure,Sad,CAUTIOUS_SAVER
18,2024-11-19,Professor beat window.,426.05,Leisure,Happy,CAUTIOUS_SAVER
18,2024-11-22,Radio product.,523.96,Food,Excited,CAUTIOUS_SAVER
18,2024-11-23,Expect writer myself management.,819.11,Leisure,Neutral,CAUTIOUS_SAVER
18,2024-11-26,White fire cause everybody.,570.69,Education,Neutral,CAUTIOUS_SAVER
18,2024-11-28,Third letter sort reveal seven.,748.06,Leisure,Neutral,CAUTIOUS_SAVER
18,2024-12-02,Easy get every.,82.12,Leisure,Happy,CAUTIOUS_SAVER
18,2024-12-03,Character usually agency.,462.18,Leisure,Sad,CAUTIOUS_SAVER
18,2024-12-04,By two bad fall pick.,1228.43,Food,Neutral,CAUTIOUS_SAVER
18,2024-12-07,Somebody prepare few sound.,235.39,Leisure,Happy,CAUTIOUS_SAVER
18,2024-12-07,First next popular.,139.98,Travel,Happy,CAUTIOUS_SAVER
18,2024-12-09,Movie stop.,768.9,Other,Neutral,CAUTIOUS_SAVER
18,2024-12-12,Let back three.,375.12,Leisure,Happy,CAUTIOUS_SAVER
18,2024-12-12,Billion land detail exist cover.,927.12,Other,Neutral,CAUTIOUS_SAVER
18,2024-12-13,Yourself successful defense subject.,662.85,Leisure,Sad,CAUTIOUS_SAVER
18,2024-12-13,Condition again successful.,1014.95,Education,Stressed,CAUTIOUS_SAVER
18,2024-12-14,Million night your.,477.44,Other,Neutral,CAUTIOUS_SAVER
18,2024-12-15,Those pressure street.,499.83,Other,Neutral,CAUTIOUS_SAVER
18,2024-12-15,Course technology site.,693.7,Leisure,Neutral,CAUTIOUS_SAVER
18,2024-12-16,Price institution method inside.,574.53,Other,Neutral,CAUTIOUS_SAVER
18,2024-12-17,Myself so growth time.,399.55,Food,Neutral,CAUTIOUS_SAVER
18,2024-12-17,Until truth feeling view.,137.82,Other,Sad,CAUTIOUS_SAVER
18,2024-12-18,Recent feeling.,1485.33,Leisure,Sad,CAUTIOUS_SAVER
18,2024-12-19,Red head window be.,679.45,Education,Sad,CAUTIOUS_SAVER
18,2024-12-21,Camera sit environmental though.,968.62,Other,Stressed,CAUTIOUS_SAVER
18,2024-12-21,Together let.,370.67,Education,Neutral,CAUTIOUS_SAVER
18,2024-12-22,Age war measure whom.,434.84,Travel,Neutral,CAUTIOUS_SAVER
18,2024-12-23,Safe whole establish.,343.06,Leisure,Neutral,CAUTIOUS_SAVER
18,2024-12-25,Society dark product make.,4.83,Leisure,Neutral,CAUTIOUS_SAVER
18,2024-12-27,Point appear including.,688.49,Leisure,Happy,CAUTIOUS_SAVER
18,2024-12-28,City offer financial data.,200.69,Travel,Neutral,CAUTIOUS_SAVER
18,2024-12-31,World site mr interest treatment.,140.78,Education,Happy,CAUTIOUS_SAVER
18,2025-01-02,Right analysis mention.,367.93,Leisure,Neutral,CAUTIOUS_SAVER
18,2025-01-04,Wrong difficult.,1088.13,Leisure,Happy,CAUTIOUS_SAVER
18,2025-01-04,Charge form here.,96.76,Education,Stressed,CAUTIOUS_SAVER
18,2025-01-05,Paper beyond indeed.,320.13,Education,Stressed,CAUTIOUS_SAVER
18,2025-01-06,Information scene again country.,389.81,Leisure,Sad,CAUTIOUS_SAVER
18,2025-01-07,Against only.,1028.63,Education,Stressed,CAUTIOUS_SAVER
18,2025-01-08,Source husband.,91.71,Leisure,Happy,CAUTIOUS_SAVER
18,2025-01-08,Program sport her.,225.29,Education,Happy,CAUTIOUS_SAVER
18,2025-01-08,Single blood continue.,219.17,Leisure,Neutral,CAUTIOUS_SAVER
18,2025-01-11,Ahead certainly second everyone.,1013.1,Leisure,Happy,CAUTIOUS_SAVER
18,2025-01-14,Industry impact certainly.,330.98,Other,Sad,CAUTIOUS_SAVER
18,2025-01-15,Have decide environment.,543.69,Other,Neutral,CAUTIOUS_SAVER
18,2025-01-15,Stage bad know of.,879.04,Other,Neutral,CAUTIOUS_SAVER
18,2025-01-15,As throughout individual list manager.,788.35,Other,Sad,CAUTIOUS_SAVER
18,2025-01-16,Minute question their rather.,134.49,Food,Happy,CAUTIOUS_SAVER
18,2025-01-16,Run again help right.,418.63,Other,Sad,CAUTIOUS_SAVER
18,2025-01-17,Buy tax.,709.58,Food,Sad,CAUTIOUS_SAVER
18,2025-01-17,Board notice later thus.,744.07,Food,Happy,CAUTIOUS_SAVER
18,2025-01-17,Draw police.,597.26,Leisure,Neutral,CAUTIOUS_SAVER
18,2025-01-19,Heart still building.,696.03,Food,Neutral,CAUTIOUS_SAVER
18,2025-01-21,Later week democratic few.,148.32,Other,Neutral,CAUTIOUS_SAVER
18,2025-01-23,Some quickly truth view response.,653.14,Leisure,Neutral,CAUTIOUS_SAVER
18,2025-01-23,Letter mind many.,745.68,Other,Neutral,CAUTIOUS_SAVER
18,2025-01-23,Month whom stage soon.,571.9,Travel,Neutral,CAUTIOUS_SAVER
18,2025-01-24,Environmental run head garden box.,194.94,Food,Sad,CAUTIOUS_SAVER
18,2025-01-25,Building range national focus.,286.29,Leisure,Neutral,CAUTIOUS_SAVER
18,2025-01-26,Simply century the.,191.38,Leisure,Neutral,CAUTIOUS_SAVER
18,2025-01-26,Significant up still management.,1004.37,Leisure,Neutral,CAUTIOUS_SAVER
18,2025-01-28,Good anything manager think pressure.,104.12,Education,Neutral,CAUTIOUS_SAVER
18,2025-01-29,Take family chance.,479.06,Other,Sad,CAUTIOUS_SAVER
18,2025-01-30,Money modern receive partner.,15.15,Other,Neutral,CAUTIOUS_SAVER
19,2024-08-01,Call door.,628.86,Leisure,Neutral,CAUTIOUS_SAVER
19,2024-08-02,Long identify road speech.,231.38,Other,Neutral,CAUTIOUS_SAVER
19,2024-08-02,Picture evidence.,874.14,Leisure,Neutral,CAUTIOUS_SAVER
19,2024-08-04,Language budget market president.,382.89,Leisure,Sad,CAUTIOUS_SAVER
19,2024-08-04,Provide car throughout american.,874.93,Leisure,Excited,CAUTIOUS_SAVER
19,2024-08-07,Improve them wait.,1472.08,Travel,Neutral,CAUTIOUS_SAVER
19,2024-08-07,There decision measure.,598.69,Leisure,Neutral,CAUTIOUS_SAVER
19,2024-08-09,Better republican stock bank.,99.63,Other,Happy,CAUTIOUS_SAVER
19,2024-08-09,Serious reveal left social fine.,456.35,Travel,Neutral,CAUTIOUS_SAVER
19,2024-08-10,Democratic recent student specific political.,253.92,Food,Neutral,CAUTIOUS_SAVER
19,2024-08-10,Difficult quite act receive stage.,260.34,Other,Neutral,CAUTIOUS_SAVER
19,2024-08-10,Improve them wait.,1314.42,Travel,Neutral,CAUTIOUS_SAVER
19,2024-08-11,Discussion if continue policy.,99.59,Leisure,Happy,CAUTIOUS_SAVER
19,2024-08-11,Available defense.,455.32,Leisure,Neutral,CAUTIOUS_SAVER
19,2024-08-11,A when dark read.,828.63,Other,Stressed,CAUTIOUS_SAVER
19,2024-08-12,Environment character real middle prove.,551.97,Other,Happy,CAUTIOUS_SAVER
19,2024-08-13,Ask imagine my.,708.74,Travel,Neutral,CAUTIOUS_SAVER
19,2024-08-13,Play move each left establish.,668.41,Education,Happy,CAUTIOUS_SAVER
19,2024-08-13,Check purpose young.,576.3,Leisure,Neutral,CAUTIOUS_SAVER
19,2024-08-14,Approach join stuff future.,775.53,Education,Neutral,CAUTIOUS_SAVER
19,2024-08-14,Against only.,1059.7,Education,Excited,CAUTIOUS_SAVER
19,2024-08-15,Water fight security tough gas.,1173.11,Leisure,Neutral,CAUTIOUS_SAVER
19,2024-08-15,Goal talk sit party.,354.22,Education,Neutral,CAUTIOUS_SAVER
19,2024-08-17,Story case.,394.54,Leisure,Neutral,CAUTIOUS_SAVER
19,2024-08-17,Consider time economic high.,879.23,Education,Neutral,CAUTIOUS_SAVER
19,2024-08-18,Soon including important.,866.37,Education,Excited,CAUTIOUS_SAVER
19,2024-08-21,Stage someone for power.,414.37,Other,Neutral,CAUTIOUS_SAVER
19,2024-08-21,Kid industry.,59.65,Education,Neutral,CAUTIOUS_SAVER
19,2024-08-22,Nearly care base.,658.87,Travel,Excited,CAUTIOUS_SAVER
19,2024-08-23,Carry surface learn.,773.27,Leisure,Neutral,CAUTIOUS_SAVER
19,2024-08-23,While bring yourself.,61.05,Education,Stressed,CAUTIOUS_SAVER
19,2024-08-24,Local director become.,597.19,Other,Neutral,CAUTIOUS_SAVER
19,2024-08-24,World site mr interest treatment.,216.89,Education,Happy,CAUTIOUS_SAVER
19,2024-08-24,You ready way rule.,603.59,Food,Happy,CAUTIOUS_SAVER
19,2024-08-24,Art green child movie blue.,1174.71,Other,Neutral,CAUTIOUS_SAVER
19,2024-08-28,Base player data whose.,438.2,Leisure,Happy,CAUTIOUS_SAVER
19,2024-08-28,Future congress.,899.2,Education,Neutral,CAUTIOUS_SAVER
19,2024-08-28,Water fight security tough gas.,675.26,Leisure,Neutral,CAUTIOUS_SAVER
19,2024-08-29,Authority interest red must art.,238.07,Other,Sad,CAUTIOUS_SAVER
19,2024-08-30,Offer bed it skill challenge.,327.42,Other,Excited,CAUTIOUS_SAVER
19,2024-08-31,Field a spring.,372.86,Education,Happy,CAUTIOUS_SAVER
19,2024-09-01,Call animal approach factor want.,63.57,Travel,Neutral,CAUTIOUS_SAVER
19,2024-09-01,Bill eight community.,59.01,Other,Happy,CAUTIOUS_SAVER
19,2024-09-03,International effort.,401.2,Leisure,Happy,CAUTIOUS_SAVER
19,2024-09-04,This manage her.,490.31,Other,Happy,CAUTIOUS_SAVER
19,2024-09-04,Individual analysis.,245.52,Leisure,Happy,CAUTIOUS_SAVER
19,2024-09-04,Improve them wait.,1332.86,Travel,Neutral,CAUTIOUS_SAVER
19,2024-09-05,Finish summer rest feel finally.,519.42,Travel,Excited,CAUTIOUS_SAVER
19,2024-09-06,Why like impact fly.,887.38,Other,Neutral,CAUTIOUS_SAVER
19,2024-09-07,Build smile across among situation.,383.29,Other,Neutral,CAUTIOUS_SAVER
19,2024-09-07,Site girl into have media.,797.09,Leisure,Happy,CAUTIOUS_SAVER
19,2024-09-07,Question or money.,819.94,Leisure,Neutral,CAUTIOUS_SAVER
19,2024-09-08,Form newspaper.,265.12,Other,Neutral,CAUTIOUS_SAVER
19,2024-09-10,Beautiful beyond sell.,112.47,Food,Excited,CAUTIOUS_SAVER
19,2024-09-11,Hear officer.,679.99,Leisure,Sad,CAUTIOUS_SAVER
19,2024-09-11,Against only.,808.23,Education,Happy,CAUTIOUS_SAVER
19,2024-09-11,Try wonder move trade.,717.03,Travel,Happy,CAUTIOUS_SAVER
19,2024-09-11,Goal once let perform international.,229.92,Other,Happy,CAUTIOUS_SAVER
19,2024-09-12,Statement position either.,576.19,Travel,Happy,CAUTIOUS_SAVER
19,2024-09-13,Arrive budget education at property.,383.99,Leisure,Neutral,CAUTIOUS_SAVER
19,2024-09-15,Couple city you level.,345.09,Travel,Happy,CAUTIOUS_SAVER
19,2024-09-15,Occur live take media hot.,909.97,Leisure,Neutral,CAUTIOUS_SAVER
19,2024-09-15,Space beyond.,481.87,Education,Neutral,CAUTIOUS_SAVER
19,2024-09-15,Teach cause mrs.,102.82,Leisure,Neutral,CAUTIOUS_SAVER
19,2024-09-15,House clear say hope.,1204.16,Leisure,Neutral,CAUTIOUS_SAVER
19,2024-09-16,Small control see the.,521.01,Travel,Stressed,CAUTIOUS_SAVER
19,2024-09-16,Development the inside thought.,412.73,Education,Happy,CAUTIOUS_SAVER
19,2024-09-17,Together whether about.,211.33,Food,Neutral,CAUTIOUS_SAVER
19,2024-09-17,Support possible.,384.87,Other,Neutral,CAUTIOUS_SAVER
19,2024-09-18,Discussion black follow.,390.43,Leisure,Happy,CAUTIOUS_SAVER
19,2024-09-19,Smile have less.,203.47,Other,Neutral,CAUTIOUS_SAVER
19,2024-09-21,Idea seek.,42.25,Other,Neutral,CAUTIOUS_SAVER
19,2024-09-21,Soon including important.,928.78,Education,Stressed,CAUTIOUS_SAVER
19,2024-09-21,Year him thank trade.,906.48,Leisure,Neutral,CAUTIOUS_SAVER
19,2024-09-22,Determine not view cell seat.,355.61,Food,Excited,CAUTIOUS_SAVER
19,2024-09-23,Hope floor include.,194.88,Other,Neutral,CAUTIOUS_SAVER
19,2024-09-23,Southern front.,514.93,Travel,Happy,CAUTIOUS_SAVER
19,2024-09-23,Soon including important.,792.08,Education,Neutral,CAUTIOUS_SAVER
19,2024-09-25,Exist theory.,894.63,Other,Sad,CAUTIOUS_SAVER
19,2024-09-26,Book toward.,653.27,Leisure,Sad,CAUTIOUS_SAVER
19,2024-09-27,Require bank child.,416.98,Other,Neutral,CAUTIOUS_SAVER
19,2024-09-29,Military onto blue activity.,364.51,Other,Sad,CAUTIOUS_SAVER
19,2024-09-29,Face rate.,747.18,Other,Happy,CAUTIOUS_SAVER
19,2024-09-29,None pressure lay future stay.,579.15,Leisure,Neutral,CAUTIOUS_SAVER
19,2024-09-30,Resource road do.,420.09,Other,Neutral,CAUTIOUS_SAVER
19,2024-10-02,Fear song save.,120.4,Other,Neutral,CAUTIOUS_SAVER
19,2024-10-02,Good anything manager think pressure.,199.85,Education,Happy,CAUTIOUS_SAVER
19,2024-10-03,Yard foot he share issue.,491.58,Travel,Neutral,CAUTIOUS_SAVER
19,2024-10-04,Name machine tree maybe.,66.39,Education,Neutral,CAUTIOUS_SAVER
19,2024-10-04,Buy tax.,875.94,Food,Happy,CAUTIOUS_SAVER
19,2024-10-09,Outside with each animal.,678.36,Travel,Neutral,CAUTIOUS_SAVER
19,2024-10-10,Decide similar office.,442.75,Leisure,Stressed,CAUTIOUS_SAVER
19,2024-10-11,Himself fire heavy.,46.31,Other,Neutral,CAUTIOUS_SAVER
19,2024-10-12,Authority interest red must art.,235.82,Other,Happy,CAUTIOUS_SAVER
19,2024-10-13,Until choose wife national.,789.97,Education,Neutral,CAUTIOUS_SAVER
19,2024-10-13,Nation politics few each southern.,500.37,Education,Neutral,CAUTIOUS_SAVER
19,2024-10-14,Couple general pretty show.,261.12,Food,Excited,CAUTIOUS_SAVER
19,2024-10-14,Language however risk work.,902.01,Leisure,Neutral,CAUTIOUS_SAVER
19,2024-10-15,Evidence enough claim suffer.,92.15,Leisure,Neutral,CAUTIOUS_SAVER
19,2024-10-16,Gun seven music despite show.,710.38,Food,Happy,CAUTIOUS_SAVER
19,2024-10-16,Nothing behavior sort recognize.,983.94,Education,Excited,CAUTIOUS_SAVER
19,2024-10-17,Deal beyond almost.,378.72,Leisure,Neutral,CAUTIOUS_SAVER
19,2024-10-18,Could gun.,596.18,Leisure,Neutral,CAUTIOUS_SAVER
19,2024-10-19,Mention billion bed never others.,322.18,Other,Neutral,CAUTIOUS_SAVER
19,2024-10-20,Your ever woman way avoid.,46.66,Food,Excited,CAUTIOUS_SAVER
19,2024-10-22,Offer work home.,63.32,Education,Stressed,CAUTIOUS_SAVER
19,2024-10-22,Approach side model you billion.,852.41,Other,Happy,CAUTIOUS_SAVER
19,2024-10-22,Sense including six lot.,747.88,Leisure,Neutral,CAUTIOUS_SAVER
19,2024-10-23,Enter capital population.,402.67,Other,Neutral,CAUTIOUS_SAVER
19,2024-10-24,Occur college herself.,426.9,Other,Happy,CAUTIOUS_SAVER
19,2024-10-24,Close month parent who up.,976.83,Leisure,Neutral,CAUTIOUS_SAVER
19,2024-10-25,Book economic.,57.02,Education,Excited,CAUTIOUS_SAVER
19,2024-10-29,People tend weight machine.,629.03,Other,Neutral,CAUTIOUS_SAVER
19,2024-10-31,Wide exactly.,306.38,Leisure,Excited,CAUTIOUS_SAVER
19,2024-11-01,Face rate.,649.9,Other,Happy,CAUTIOUS_SAVER
19,2024-11-01,Conference matter wear physical site.,252.97,Leisure,Happy,CAUTIOUS_SAVER
19,2024-11-03,Yourself successful defense subject.,411.93,Leisure,Neutral,CAUTIOUS_SAVER
19,2024-11-04,Especially unit office almost.,670.49,Other,Happy,CAUTIOUS_SAVER
19,2024-11-05,There institution actually.,789.0,Leisure,Neutral,CAUTIOUS_SAVER
19,2024-11-06,Boy different chance enter.,160.83,Education,Stressed,CAUTIOUS_SAVER
19,2024-11-06,Inside big minute.,101.92,Leisure,Neutral,CAUTIOUS_SAVER
19,2024-11-06,Real art.,1469.02,Food,Neutral,CAUTIOUS_SAVER
19,2024-11-07,Republican reduce sort individual trouble.,1135.51,Travel,Happy,CAUTIOUS_SAVER
19,2024-11-08,Since him four.,1013.91,Education,Neutral,CAUTIOUS_SAVER
19,2024-11-08,Score moment second.,747.34,Travel,Happy,CAUTIOUS_SAVER
19,2024-11-09,Discuss wall ahead scene.,736.3,Education,Neutral,CAUTIOUS_SAVER
19,2024-11-09,Its develop until watch.,682.9,Food,Neutral,CAUTIOUS_SAVER
19,2024-11-10,Paper memory history office.,762.29,Leisure,Neutral,CAUTIOUS_SAVER
19,2024-11-10,There institution actually.,551.79,Leisure,Happy,CAUTIOUS_SAVER
19,2024-11-12,Section national owner determine detail.,323.34,Other,Stressed,CAUTIOUS_SAVER
19,2024-11-13,Order his oil west school.,1250.29,Food,Neutral,CAUTIOUS_SAVER
19,2024-11-13,View know develop after.,367.21,Food,Happy,CAUTIOUS_SAVER
19,2024-11-14,Approach about because.,329.14,Leisure,Neutral,CAUTIOUS_SAVER
19,2024-11-14,Well mission situation result.,788.25,Travel,Happy,CAUTIOUS_SAVER
19,2024-11-14,Fear approach take case customer.,456.37,Other,Happy,CAUTIOUS_SAVER
19,2024-11-15,For age size.,536.1,Education,Happy,CAUTIOUS_SAVER
19,2024-11-16,Difference world deep.,1071.11,Food,Happy,CAUTIOUS_SAVER
19,2024-11-17,Officer forward trouble.,929.86,Education,Happy,CAUTIOUS_SAVER
19,2024-11-18,Attention standard shake more respond.,405.14,Other,Neutral,CAUTIOUS_SAVER
19,2024-11-18,Mind door authority outside.,606.7,Travel,Neutral,CAUTIOUS_SAVER
19,2024-11-21,Conference matter wear physical site.,206.56,Leisure,Neutral,CAUTIOUS_SAVER
19,2024-11-21,True building card.,581.85,Travel,Neutral,CAUTIOUS_SAVER
19,2024-11-22,Old particularly.,705.31,Other,Neutral,CAUTIOUS_SAVER
19,2024-11-23,Fact reason make office.,402.08,Leisure,Neutral,CAUTIOUS_SAVER
19,2024-11-24,Simply century the.,230.76,Leisure,Neutral,CAUTIOUS_SAVER
19,2024-11-24,Keep light fight.,168.08,Leisure,Neutral,CAUTIOUS_SAVER
19,2024-11-24,Answer just.,420.41,Leisure,Happy,CAUTIOUS_SAVER
19,2024-11-24,Walk anything.,225.53,Leisure,Neutral,CAUTIOUS_SAVER
19,2024-11-25,Place offer.,152.89,Leisure,Happy,CAUTIOUS_SAVER
19,2024-11-25,Safe whole establish.,226.26,Leisure,Neutral,CAUTIOUS_SAVER
19,2024-11-25,Draw change agree someone.,511.51,Food,Neutral,CAUTIOUS_SAVER
19,2024-11-25,Agreement us stuff.,602.09,Travel,Happy,CAUTIOUS_SAVER
19,2024-11-25,Easy get every.,78.86,Leisure,Happy,CAUTIOUS_SAVER
19,2024-11-26,Hundred bad that second develop.,1198.65,Leisure,Sad,CAUTIOUS_SAVER
19,2024-11-26,Democratic thousand.,650.5,Travel,Neutral,CAUTIOUS_SAVER
19,2024-11-27,Between rate name within.,689.44,Travel,Happy,CAUTIOUS_SAVER
19,2024-11-27,Market specific property coach.,354.65,Leisure,Neutral,CAUTIOUS_SAVER
19,2024-11-29,Stop later reveal both.,883.5,Leisure,Neutral,CAUTIOUS_SAVER
19,2024-11-29,Relate real major.,410.96,Leisure,Happy,CAUTIOUS_SAVER
19,2024-11-30,Much rich think.,531.24,Other,Happy,CAUTIOUS_SAVER
19,2024-11-30,Challenge large wish move.,550.23,Education,Happy,CAUTIOUS_SAVER
19,2024-12-01,Whose other.,213.95,Other,Neutral,CAUTIOUS_SAVER
19,2024-12-02,Offer work home.,31.79,Education,Neutral,CAUTIOUS_SAVER
19,2024-12-04,Billion land detail exist cover.,1103.71,Other,Neutral,CAUTIOUS_SAVER
19,2024-12-04,Sense including six lot.,696.65,Leisure,Excited,CAUTIOUS_SAVER
19,2024-12-05,Carry surface learn.,900.73,Leisure,Sad,CAUTIOUS_SAVER
19,2024-12-06,Option oil commercial.,799.89,Education,Neutral,CAUTIOUS_SAVER
19,2024-12-06,Finally relate model.,236.83,Travel,Neutral,CAUTIOUS_SAVER
19,2024-12-07,Thing industry participant realize.,571.12,Leisure,Stressed,CAUTIOUS_SAVER
19,2024-12-07,Improve them wait.,1297.29,Travel,Sad,CAUTIOUS_SAVER
19,2024-12-09,Toward child future low.,860.75,Food,Sad,CAUTIOUS_SAVER
19,2024-12-11,Affect marriage present a.,668.31,Education,Neutral,CAUTIOUS_SAVER
19,2024-12-11,Development provide dark daughter.,1152.0,Food,Neutral,CAUTIOUS_SAVER
19,2024-12-11,Race mr.,1028.18,Travel,Neutral,CAUTIOUS_SAVER
19,2024-12-12,Support state.,852.03,Other,Neutral,CAUTIOUS_SAVER
19,2024-12-13,Brother southern project learn.,817.05,Leisure,Excited,CAUTIOUS_SAVER
19,2024-12-13,Yeah far within.,820.77,Other,Neutral,CAUTIOUS_SAVER
19,2024-12-13,Heavy what least mouth national.,44.89,Food,Neutral,CAUTIOUS_SAVER
19,2024-12-13,Maintain former campaign pretty beyond.,74.4,Food,Sad,CAUTIOUS_SAVER
19,2024-12-14,Participant above.,398.5,Travel,Neutral,CAUTIOUS_SAVER
19,2024-12-16,Enough threat score.,86.06,Food,Neutral,CAUTIOUS_SAVER
19,2024-12-16,Third rich hospital.,59.43,Education,Excited,CAUTIOUS_SAVER
19,2024-12-18,Road product wait.,446.93,Education,Neutral,CAUTIOUS_SAVER
19,2024-12-18,Democratic thousand.,787.84,Travel,Sad,CAUTIOUS_SAVER
19,2024-12-19,My some skin ball thing.,294.22,Education,Neutral,CAUTIOUS_SAVER
19,2024-12-19,Training occur could painting.,476.76,Travel,Neutral,CAUTIOUS_SAVER
19,2024-12-19,Indicate herself.,419.22,Leisure,Sad,CAUTIOUS_SAVER
19,2024-12-21,Including let result spend.,609.97,Travel,Happy,CAUTIOUS_SAVER
19,2024-12-21,Training account evidence month.,497.02,Leisure,Neutral,CAUTIOUS_SAVER
19,2024-12-22,Part crime.,562.46,Food,Neutral,CAUTIOUS_SAVER
19,2024-12-23,Security arm.,520.94,Other,Excited,CAUTIOUS_SAVER
19,2024-12-24,Program sport her.,165.02,Education,Neutral,CAUTIOUS_SAVER
19,2024-12-25,Care drug data position two.,258.41,Food,Sad,CAUTIOUS_SAVER
19,2024-12-25,Fear approach take case customer.,572.83,Other,Neutral,CAUTIOUS_SAVER
19,2024-12-25,As high you more wife.,173.12,Education,Happy,CAUTIOUS_SAVER
19,2024-12-26,Leg sport until argue.,1053.21,Food,Neutral,CAUTIOUS_SAVER
19,2024-12-27,And student give score agree.,969.48,Other,Happy,CAUTIOUS_SAVER
19,2024-12-28,Environmental run head garden box.,155.44,Food,Happy,CAUTIOUS_SAVER
19,2024-12-29,Against only.,696.56,Education,Neutral,CAUTIOUS_SAVER
19,2024-12-30,Determine not view cell seat.,332.74,Food,Neutral,CAUTIOUS_SAVER
19,2024-12-31,Soldier meeting building.,298.04,Travel,Excited,CAUTIOUS_SAVER
19,2024-12-31,Do interesting material.,916.48,Travel,Neutral,CAUTIOUS_SAVER
19,2024-12-31,Old wall report purpose.,365.65,Leisure,Neutral,CAUTIOUS_SAVER
19,2025-01-01,Also hard expert popular.,105.95,Food,Excited,CAUTIOUS_SAVER
19,2025-01-01,Trip determine as statement.,1390.18,Other,Neutral,CAUTIOUS_SAVER
19,2025-01-02,Should page camera.,190.75,Education,Sad,CAUTIOUS_SAVER
19,2025-01-02,Truth thing always possible.,392.05,Food,Neutral,CAUTIOUS_SAVER
19,2025-01-02,Position interest.,84.3,Leisure,Sad,CAUTIOUS_SAVER
19,2025-01-03,Build smile across among situation.,654.97,Other,Excited,CAUTIOUS_SAVER
19,2025-01-03,Finish thing.,236.01,Other,Happy,CAUTIOUS_SAVER
19,2025-01-04,Price my.,1123.59,Education,Excited,CAUTIOUS_SAVER
19,2025-01-04,Boy generation.,472.26,Food,Neutral,CAUTIOUS_SAVER
19,2025-01-04,Institution whatever yet.,147.79,Leisure,Happy,CAUTIOUS_SAVER
19,2025-01-04,Country little reality level.,158.28,Leisure,Sad,CAUTIOUS_SAVER
19,2025-01-04,Memory challenge lawyer business.,806.36,Food,Neutral,CAUTIOUS_SAVER
19,2025-01-04,Space game truth special decision.,556.75,Travel,Excited,CAUTIOUS_SAVER
19,2025-01-05,Art green child movie blue.,732.05,Other,Neutral,CAUTIOUS_SAVER
19,2025-01-06,Value thing these.,604.15,Education,Sad,CAUTIOUS_SAVER
19,2025-01-07,Evidence conference capital office.,291.01,Other,Happy,CAUTIOUS_SAVER
19,2025-01-08,Current after charge.,451.46,Other,Happy,CAUTIOUS_SAVER
19,2025-01-08,Stuff agreement professional team foot.,626.89,Other,Happy,CAUTIOUS_SAVER
19,2025-01-09,Might necessary former.,420.13,Travel,Neutral,CAUTIOUS_SAVER
19,2025-01-09,Voice boy wife condition.,1008.38,Food,Happy,CAUTIOUS_SAVER
19,2025-01-10,Character usually agency.,391.11,Leisure,Neutral,CAUTIOUS_SAVER
19,2025-01-12,Book economic.,75.75,Education,Neutral,CAUTIOUS_SAVER
19,2025-01-13,About usually.,816.23,Education,Stressed,CAUTIOUS_SAVER
19,2025-01-14,Happy action.,484.5,Leisure,Neutral,CAUTIOUS_SAVER
19,2025-01-14,North question new.,454.29,Education,Neutral,CAUTIOUS_SAVER
19,2025-01-15,We especially five network.,747.44,Food,Happy,CAUTIOUS_SAVER
19,2025-01-16,Water positive child usually.,197.73,Leisure,Happy,CAUTIOUS_SAVER
19,2025-01-16,Paper memory history office.,768.87,Leisure,Sad,CAUTIOUS_SAVER
19,2025-01-17,Price my.,1247.02,Education,Happy,CAUTIOUS_SAVER
19,2025-01-18,Baby lawyer growth matter note.,503.34,Leisure,Excited,CAUTIOUS_SAVER
19,2025-01-19,Citizen kid generation onto police.,824.06,Travel,Neutral,CAUTIOUS_SAVER
19,2025-01-20,Stuff next write.,592.52,Other,Sad,CAUTIOUS_SAVER
19,2025-01-23,Choice father why often.,632.72,Food,Neutral,CAUTIOUS_SAVER
19,2025-01-24,Understand none.,333.62,Leisure,Happy,CAUTIOUS_SAVER
19,2025-01-24,As second animal summer group.,875.48,Leisure,Neutral,CAUTIOUS_SAVER
19,2025-01-24,Paper beyond indeed.,366.39,Education,Sad,CAUTIOUS_SAVER
19,2025-01-24,Receive region however.,364.8,Food,Neutral,CAUTIOUS_SAVER
19,2025-01-25,Value thing these.,280.18,Education,Neutral,CAUTIOUS_SAVER
19,2025-01-25,Memory challenge lawyer business.,691.26,Food,Stressed,CAUTIOUS_SAVER
19,2025-01-25,Skin name door production back.,162.71,Food,Happy,CAUTIOUS_SAVER
19,2025-01-26,You without every.,155.75,Leisure,Happy,CAUTIOUS_SAVER
19,2025-01-26,Receive to piece.,239.61,Travel,Neutral,CAUTIOUS_SAVER
19,2025-01-27,Enjoy instead dream.,679.77,Other,Neutral,CAUTIOUS_SAVER
19,2025-01-28,Thank avoid man drive.,864.88,Leisure,Neutral,CAUTIOUS_SAVER
19,2025-01-28,More road development about.,937.95,Travel,Happy,CAUTIOUS_SAVER
19,2025-01-28,Many themselves minute.,773.57,Other,Neutral,CAUTIOUS_SAVER
19,2025-01-29,Western enough key.,500.61,Food,Excited,CAUTIOUS_SAVER
19,2025-01-30,Human see.,193.46,Other,Happy,CAUTIOUS_SAVER
19,2025-01-30,Water positive child usually.,176.62,Leisure,Neutral,CAUTIOUS_SAVER
19,2025-01-30,Maintain former campaign pretty beyond.,118.88,Food,Neutral,CAUTIOUS_SAVER
19,2025-01-30,Strong student green.,302.62,Other,Neutral,CAUTIOUS_SAVER
19,2025-01-31,Woman meet report.,439.32,Food,Neutral,CAUTIOUS_SAVER
20,2024-08-01,Surface expect several evening town.,218.78,Leisure,Neutral,CAUTIOUS_SAVER
20,2024-08-02,Key place tree.,415.56,Other,Happy,CAUTIOUS_SAVER
20,2024-08-02,Wrong difficult.,612.36,Leisure,Happy,CAUTIOUS_SAVER
20,2024-08-03,Big look tell prepare.,144.82,Leisure,Sad,CAUTIOUS_SAVER
20,2024-08-05,Doctor mr.,69.16,Education,Neutral,CAUTIOUS_SAVER
20,2024-08-06,Right know during someone.,395.48,Travel,Excited,CAUTIOUS_SAVER
20,2024-08-07,Apply less.,131.11,Food,Neutral,CAUTIOUS_SAVER
20,2024-08-07,After sister should across treatment.,152.39,Leisure,Sad,CAUTIOUS_SAVER
20,2024-08-08,Food affect upon these story.,613.3,Leisure,Neutral,CAUTIOUS_SAVER
20,2024-08-08,Entire hotel.,815.4,Other,Neutral,CAUTIOUS_SAVER
20,2024-08-09,Money a.,176.52,Other,Neutral,CAUTIOUS_SAVER
20,2024-08-10,Specific whose.,60.57,Other,Excited,CAUTIOUS_SAVER
20,2024-08-10,Exist theory.,735.0,Other,Neutral,CAUTIOUS_SAVER
20,2024-08-10,Town glass road.,599.99,Other,Happy,CAUTIOUS_SAVER
20,2024-08-12,Pretty skin main program.,808.91,Education,Neutral,CAUTIOUS_SAVER
20,2024-08-12,Side mind question year finish.,555.11,Food,Stressed,CAUTIOUS_SAVER
20,2024-08-12,Much rich think.,556.59,Other,Neutral,CAUTIOUS_SAVER
20,2024-08-15,Thing industry participant realize.,777.76,Leisure,Happy,CAUTIOUS_SAVER
20,2024-08-17,Course technology site.,1098.94,Leisure,Neutral,CAUTIOUS_SAVER
20,2024-08-18,Information scene again country.,524.04,Leisure,Sad,CAUTIOUS_SAVER
20,2024-08-23,Language budget market president.,353.49,Leisure,Neutral,CAUTIOUS_SAVER
20,2024-08-23,Something population loss physical.,383.36,Leisure,Happy,CAUTIOUS_SAVER
20,2024-08-24,Simply century the.,275.48,Leisure,Neutral,CAUTIOUS_SAVER
20,2024-08-26,To receive education.,103.61,Leisure,Neutral,CAUTIOUS_SAVER
20,2024-08-27,Your ever woman way avoid.,51.05,Food,Neutral,CAUTIOUS_SAVER
20,2024-08-29,On professional analysis color.,274.52,Other,Neutral,CAUTIOUS_SAVER
20,2024-08-30,Walk cup option store.,710.45,Education,Neutral,CAUTIOUS_SAVER
20,2024-08-30,Positive question especially.,517.97,Food,Neutral,CAUTIOUS_SAVER
20,2024-08-30,Stage threat our.,126.71,Other,Excited,CAUTIOUS_SAVER
20,2024-08-31,Us decade.,486.91,Other,Stressed,CAUTIOUS_SAVER
20,2024-08-31,As second animal summer group.,549.72,Leisure,Sad,CAUTIOUS_SAVER
20,2024-09-03,Call animal approach factor want.,69.28,Travel,Neutral,CAUTIOUS_SAVER
20,2024-09-03,Available defense.,518.8,Leisure,Happy,CAUTIOUS_SAVER
20,2024-09-04,Goal once let perform international.,321.28,Other,Neutral,CAUTIOUS_SAVER
20,2024-09-06,Security unit executive.,135.81,Food,Neutral,CAUTIOUS_SAVER
20,2024-09-08,Some quickly truth view response.,916.71,Leisure,Neutral,CAUTIOUS_SAVER
20,2024-09-09,Report agreement sport.,632.86,Food,Stressed,CAUTIOUS_SAVER
20,2024-09-09,Develop staff least figure.,286.35,Other,Neutral,CAUTIOUS_SAVER
20,2024-09-12,Fish either boy between collection.,142.66,Food,Happy,CAUTIOUS_SAVER
20,2024-09-14,Drive nation heart nearly season.,135.55,Travel,Excited,CAUTIOUS_SAVER
20,2024-09-14,Try opportunity public.,99.18,Other,Happy,CAUTIOUS_SAVER
20,2024-09-16,Board its.,132.95,Leisure,Sad,CAUTIOUS_SAVER
20,2024-09-17,Wrong difficult range.,1133.55,Travel,Sad,CAUTIOUS_SAVER
20,2024-09-18,People education great.,630.41,Education,Happy,CAUTIOUS_SAVER
20,2024-09-19,Letter environment easy.,139.07,Other,Happy,CAUTIOUS_SAVER
20,2024-09-19,State husband.,629.08,Other,Neutral,CAUTIOUS_SAVER
20,2024-09-19,Natural together.,300.93,Other,Happy,CAUTIOUS_SAVER
20,2024-09-21,Citizen street region.,304.93,Other,Neutral,CAUTIOUS_SAVER
20,2024-09-21,Knowledge fight car smile commercial.,24.11,Leisure,Neutral,CAUTIOUS_SAVER
20,2024-09-21,Realize property show either.,106.48,Other,Neutral,CAUTIOUS_SAVER
20,2024-09-22,Race to television loss.,646.92,Other,Neutral,CAUTIOUS_SAVER
20,2024-09-23,End dog.,740.4,Other,Neutral,CAUTIOUS_SAVER
20,2024-09-23,Gas human create also.,86.18,Education,Excited,CAUTIOUS_SAVER
20,2024-09-23,Something future they red.,286.85,Leisure,Sad,CAUTIOUS_SAVER
20,2024-09-24,Law agree appear political.,545.07,Food,Neutral,CAUTIOUS_SAVER
20,2024-09-25,Smile high open scientist.,871.33,Food,Neutral,CAUTIOUS_SAVER
20,2024-09-29,Heavy what least mouth national.,33.46,Food,Happy,CAUTIOUS_SAVER
20,2024-09-30,Improve them wait.,992.64,Travel,Happy,CAUTIOUS_SAVER
20,2024-10-05,Truth during always those high.,669.36,Leisure,Neutral,CAUTIOUS_SAVER
20,2024-10-06,Week real course school everybody.,560.8,Education,Neutral,CAUTIOUS_SAVER
20,2024-10-09,Gas teacher national weight all.,754.91,Travel,Neutral,CAUTIOUS_SAVER
20,2024-10-11,Activity including single right.,337.32,Leisure,Neutral,CAUTIOUS_SAVER
20,2024-10-12,Arrive society.,758.37,Leisure,Neutral,CAUTIOUS_SAVER
20,2024-10-14,Newspaper indicate other.,541.13,Travel,Neutral,CAUTIOUS_SAVER
20,2024-10-16,Character usually agency.,571.29,Leisure,Sad,CAUTIOUS_SAVER
20,2024-10-16,Never majority cell.,18.91,Other,Neutral,CAUTIOUS_SAVER
20,2024-10-17,Serious produce.,674.49,Other,Neutral,CAUTIOUS_SAVER
20,2024-10-17,Size republican political.,517.29,Travel,Neutral,CAUTIOUS_SAVER
20,2024-10-18,Address century that wide.,749.98,Leisure,Neutral,CAUTIOUS_SAVER
20,2024-10-18,As throughout individual list manager.,538.81,Other,Happy,CAUTIOUS_SAVER
20,2024-10-19,Billion land detail exist cover.,735.2,Other,Neutral,CAUTIOUS_SAVER
20,2024-10-19,Attention attack technology.,50.54,Other,Neutral,CAUTIOUS_SAVER
20,2024-10-19,Very figure drive special.,972.0,Other,Neutral,CAUTIOUS_SAVER
20,2024-10-19,Third coach congress husband.,216.98,Leisure,Neutral,CAUTIOUS_SAVER
20,2024-10-20,Face his.,1132.0,Leisure,Neutral,CAUTIOUS_SAVER
20,2024-10-20,Less into per big.,439.64,Food,Happy,CAUTIOUS_SAVER
20,2024-10-21,Project can.,469.38,Food,Sad,CAUTIOUS_SAVER
20,2024-10-22,Try wonder move trade.,599.43,Travel,Neutral,CAUTIOUS_SAVER
20,2024-10-22,Time surface learn design.,310.46,Other,Happy,CAUTIOUS_SAVER
20,2024-10-23,City offer financial data.,321.92,Travel,Happy,CAUTIOUS_SAVER
20,2024-10-24,Discussion black follow.,353.7,Leisure,Neutral,CAUTIOUS_SAVER
20,2024-10-24,Learn talk.,116.12,Other,Neutral,CAUTIOUS_SAVER
20,2024-10-25,Democrat cost evidence third.,153.07,Education,Sad,CAUTIOUS_SAVER
20,2024-10-25,Base player data whose.,628.06,Leisure,Neutral,CAUTIOUS_SAVER
20,2024-10-25,Future congress.,829.98,Education,Excited,CAUTIOUS_SAVER
20,2024-10-25,Week yourself public especially american.,255.75,Leisure,Neutral,CAUTIOUS_SAVER
20,2024-10-26,Can mouth discover.,178.51,Leisure,Neutral,CAUTIOUS_SAVER
20,2024-10-26,Red head window be.,567.02,Education,Happy,CAUTIOUS_SAVER
20,2024-10-27,Dark mr clearly take.,821.75,Education,Sad,CAUTIOUS_SAVER
20,2024-10-27,Place offer.,237.32,Leisure,Neutral,CAUTIOUS_SAVER
20,2024-10-29,Natural together.,428.27,Other,Neutral,CAUTIOUS_SAVER
20,2024-10-30,Like clear.,379.73,Food,Neutral,CAUTIOUS_SAVER
20,2024-10-30,Not friend federal forget bit.,713.91,Other,Neutral,CAUTIOUS_SAVER
20,2024-11-04,Help usually thank wonder draw.,86.18,Leisure,Happy,CAUTIOUS_SAVER
20,2024-11-04,Threat church big day couple.,941.94,Food,Sad,CAUTIOUS_SAVER
20,2024-11-05,Old wall report purpose.,412.3,Leisure,Neutral,CAUTIOUS_SAVER
20,2024-11-08,Medical nearly.,445.37,Leisure,Neutral,CAUTIOUS_SAVER
20,2024-11-08,Research month instead.,755.03,Leisure,Neutral,CAUTIOUS_SAVER
20,2024-11-10,Step rate feeling rate.,13.1,Food,Neutral,CAUTIOUS_SAVER
20,2024-11-14,Break wait.,875.16,Other,Neutral,CAUTIOUS_SAVER
20,2024-11-14,Could gun.,907.14,Leisure,Neutral,CAUTIOUS_SAVER
20,2024-11-14,Return or for.,467.43,Leisure,Neutral,CAUTIOUS_SAVER
20,2024-11-15,After sister should across treatment.,257.12,Leisure,Sad,CAUTIOUS_SAVER
20,2024-11-18,Strong student green.,474.07,Other,Stressed,CAUTIOUS_SAVER
20,2024-11-22,How trip learn enter.,548.52,Food,Excited,CAUTIOUS_SAVER
20,2024-11-24,Drug happy will young simply.,151.46,Travel,Happy,CAUTIOUS_SAVER
20,2024-11-26,Much rich think.,341.39,Other,Happy,CAUTIOUS_SAVER
20,2024-11-26,How trip learn enter.,539.24,Food,Happy,CAUTIOUS_SAVER
20,2024-11-27,Indeed believe interview professor.,161.27,Travel,Neutral,CAUTIOUS_SAVER
20,2024-11-28,Believe product eat generation put.,215.21,Leisure,Neutral,CAUTIOUS_SAVER
20,2024-11-28,Eight bed fill.,1015.1,Food,Neutral,CAUTIOUS_SAVER
20,2024-11-30,True building card.,478.92,Travel,Neutral,CAUTIOUS_SAVER
20,2024-12-01,Score each.,781.09,Food,Neutral,CAUTIOUS_SAVER
20,2024-12-02,Choice father why often.,582.68,Food,Neutral,CAUTIOUS_SAVER
20,2024-12-02,Network outside parent.,636.08,Other,Stressed,CAUTIOUS_SAVER
20,2024-12-02,Near risk.,395.75,Other,Happy,CAUTIOUS_SAVER
20,2024-12-05,Economic represent stock.,766.65,Education,Neutral,CAUTIOUS_SAVER
20,2024-12-06,Woman meet report.,643.29,Food,Neutral,CAUTIOUS_SAVER
20,2024-12-06,Management produce bed stage.,294.73,Other,Neutral,CAUTIOUS_SAVER
20,2024-12-06,In seven building hard.,19.21,Other,Neutral,CAUTIOUS_SAVER
20,2024-12-07,Conference matter wear physical site.,195.37,Leisure,Neutral,CAUTIOUS_SAVER
20,2024-12-08,Current after charge.,391.7,Other,Sad,CAUTIOUS_SAVER
20,2024-12-08,Law read citizen.,265.19,Other,Neutral,CAUTIOUS_SAVER
20,2024-12-11,Election conference when.,257.03,Leisure,Neutral,CAUTIOUS_SAVER
20,2024-12-12,Mind easy foreign old.,1157.83,Food,Excited,CAUTIOUS_SAVER
20,2024-12-12,Sometimes while sense window.,532.97,Leisure,Stressed,CAUTIOUS_SAVER
20,2024-12-12,True building card.,628.65,Travel,Neutral,CAUTIOUS_SAVER
20,2024-12-12,Religious across.,241.8,Other,Stressed,CAUTIOUS_SAVER
20,2024-12-13,Not teach believe month.,55.5,Travel,Neutral,CAUTIOUS_SAVER
20,2024-12-13,Model police finally girl.,190.59,Leisure,Neutral,CAUTIOUS_SAVER
20,2024-12-13,Religious across.,252.54,Other,Neutral,CAUTIOUS_SAVER
20,2024-12-15,Specific whose.,61.92,Other,Neutral,CAUTIOUS_SAVER
20,2024-12-16,Floor there career.,164.34,Travel,Stressed,CAUTIOUS_SAVER
20,2024-12-16,State husband.,582.68,Other,Happy,CAUTIOUS_SAVER
20,2024-12-19,Budget remain reduce.,809.23,Education,Sad,CAUTIOUS_SAVER
20,2024-12-21,Bed far section.,156.42,Education,Neutral,CAUTIOUS_SAVER
20,2024-12-22,Local director become.,698.5,Other,Happy,CAUTIOUS_SAVER
20,2024-12-23,Task she.,858.76,Other,Stressed,CAUTIOUS_SAVER
20,2024-12-23,Since nothing be apply.,143.14,Other,Sad,CAUTIOUS_SAVER
20,2024-12-24,Him note painting quickly.,167.51,Other,Neutral,CAUTIOUS_SAVER
20,2024-12-25,Gas teacher national weight all.,439.54,Travel,Happy,CAUTIOUS_SAVER
20,2024-12-26,Very figure drive special.,681.35,Other,Neutral,CAUTIOUS_SAVER
20,2024-12-26,Himself fire heavy.,52.25,Other,Happy,CAUTIOUS_SAVER
20,2024-12-26,Military onto blue activity.,248.11,Other,Sad,CAUTIOUS_SAVER
20,2024-12-31,President likely truth animal.,50.38,Other,Happy,CAUTIOUS_SAVER
20,2024-12-31,Age decade mrs data.,196.38,Food,Sad,CAUTIOUS_SAVER
20,2025-01-03,City usually ever.,736.89,Leisure,Excited,CAUTIOUS_SAVER
20,2025-01-03,Sell include himself produce.,642.61,Other,Sad,CAUTIOUS_SAVER
20,2025-01-04,Sell only manage.,743.26,Leisure,Neutral,CAUTIOUS_SAVER
20,2025-01-05,Soon including important.,766.1,Education,Neutral,CAUTIOUS_SAVER
20,2025-01-05,Itself free source.,296.8,Travel,Neutral,CAUTIOUS_SAVER
20,2025-01-05,Expert movement reach man.,197.0,Other,Neutral,CAUTIOUS_SAVER
20,2025-01-07,Finish without.,44.16,Other,Happy,CAUTIOUS_SAVER
20,2025-01-08,Above company media next me.,504.29,Other,Neutral,CAUTIOUS_SAVER
20,2025-01-08,Moment red eight hand.,312.02,Other,Neutral,CAUTIOUS_SAVER
20,2025-01-08,Why though decide bank likely.,63.92,Other,Sad,CAUTIOUS_SAVER
20,2025-01-09,Turn put professional.,452.57,Other,Neutral,CAUTIOUS_SAVER
20,2025-01-11,Decision where foreign trial.,483.34,Leisure,Sad,CAUTIOUS_SAVER
20,2025-01-11,Edge surface who.,526.36,Travel,Stressed,CAUTIOUS_SAVER
20,2025-01-11,Point appear including.,636.55,Leisure,Neutral,CAUTIOUS_SAVER
20,2025-01-13,Determine not view cell seat.,246.81,Food,Neutral,CAUTIOUS_SAVER
20,2025-01-16,Cell year.,1033.24,Other,Sad,CAUTIOUS_SAVER
20,2025-01-20,Find lay deal lot.,701.78,Other,Neutral,CAUTIOUS_SAVER
20,2025-01-21,Mind easy foreign old.,883.59,Food,Neutral,CAUTIOUS_SAVER
20,2025-01-21,Win central.,600.26,Other,Happy,CAUTIOUS_SAVER
20,2025-01-23,Box organization.,506.02,Leisure,Neutral,CAUTIOUS_SAVER
20,2025-01-23,Teach cause mrs.,65.46,Leisure,Happy,CAUTIOUS_SAVER
20,2025-01-23,Age cover foreign.,849.2,Leisure,Neutral,CAUTIOUS_SAVER
20,2025-01-24,Yeah far within.,480.42,Other,Neutral,CAUTIOUS_SAVER
20,2025-01-28,Cultural allow.,602.58,Other,Neutral,CAUTIOUS_SAVER
20,2025-01-29,Focus chance.,120.41,Food,Neutral,CAUTIOUS_SAVER
20,2025-01-29,Compare system white magazine after.,479.54,Travel,Excited,CAUTIOUS_SAVER
20,2025-01-30,Voice american seven discussion.,113.3,Leisure,Excited,CAUTIOUS_SAVER
21,2024-08-01,Dinner article hit mission whole.,586.7,Travel,Neutral,WEEKEND_SPLURGER
21,2024-08-04,Good lay coach.,1124.71,Education,Neutral,WEEKEND_SPLURGER
21,2024-08-08,Seven project chance road.,1295.85,Leisure,Excited,WEEKEND_SPLURGER
21,2024-08-08,Myself so growth time.,739.37,Food,Excited,WEEKEND_SPLURGER
21,2024-08-13,Letter mind many.,1915.82,Other,Sad,WEEKEND_SPLURGER
21,2024-08-13,Machine whatever everything fear walk.,1206.68,Other,Excited,WEEKEND_SPLURGER
21,2024-08-14,Wish current.,774.16,Education,Sad,WEEKEND_SPLURGER
21,2024-08-16,Few spring raise.,464.3,Travel,Happy,WEEKEND_SPLURGER
21,2024-08-17,Recent couple cost girl run.,1412.45,Leisure,Stressed,WEEKEND_SPLURGER
21,2024-08-17,Couple city you level.,1005.58,Travel,Neutral,WEEKEND_SPLURGER
21,2024-08-18,Tree imagine machine.,4200.11,Food,Stressed,WEEKEND_SPLURGER
21,2024-08-19,Able late order.,1049.12,Education,Excited,WEEKEND_SPLURGER
21,2024-08-19,Magazine degree husband around.,1345.03,Travel,Excited,WEEKEND_SPLURGER
21,2024-08-20,Be move fly open.,173.09,Other,Happy,WEEKEND_SPLURGER
21,2024-08-21,Yes at seat ok.,1799.68,Other,Happy,WEEKEND_SPLURGER
21,2024-08-23,Local director become.,1039.93,Other,Excited,WEEKEND_SPLURGER
21,2024-08-24,Instead writer.,366.41,Education,Sad,WEEKEND_SPLURGER
21,2024-08-24,Act way beat result major.,949.17,Leisure,Excited,WEEKEND_SPLURGER
21,2024-08-25,Later week democratic few.,264.45,Other,Excited,WEEKEND_SPLURGER
21,2024-08-25,Plant event score official now.,2682.54,Other,Excited,WEEKEND_SPLURGER
21,2024-08-27,You ready way rule.,1264.0,Food,Excited,WEEKEND_SPLURGER
21,2024-08-27,Pattern wrong kind certainly.,198.64,Other,Neutral,WEEKEND_SPLURGER
21,2024-08-28,Country remember smile.,763.39,Leisure,Excited,WEEKEND_SPLURGER
21,2024-08-28,Cultural allow.,716.15,Other,Stressed,WEEKEND_SPLURGER
21,2024-08-28,National free.,1699.21,Other,Neutral,WEEKEND_SPLURGER
21,2024-08-29,Land region back nor article.,583.67,Other,Sad,WEEKEND_SPLURGER
21,2024-08-30,Result size feel no nothing.,215.03,Other,Happy,WEEKEND_SPLURGER
21,2024-08-30,Offer bed it skill challenge.,295.19,Other,Neutral,WEEKEND_SPLURGER
21,2024-08-31,Kid industry.,186.49,Education,Happy,WEEKEND_SPLURGER
21,2024-09-02,Name skill medical after them.,1115.38,Other,Neutral,WEEKEND_SPLURGER
21,2024-09-03,Single blood continue.,179.82,Leisure,Neutral,WEEKEND_SPLURGER
21,2024-09-03,So draw food company.,811.46,Travel,Happy,WEEKEND_SPLURGER
21,2024-09-05,Hundred bad that second develop.,2033.7,Leisure,Sad,WEEKEND_SPLURGER
21,2024-09-06,Control bill.,1709.67,Other,Excited,WEEKEND_SPLURGER
21,2024-09-06,Lead paper middle foreign party.,997.9,Other,Happy,WEEKEND_SPLURGER
21,2024-09-08,Board its.,424.7,Leisure,Excited,WEEKEND_SPLURGER
21,2024-09-10,Test they there.,1342.86,Leisure,Neutral,WEEKEND_SPLURGER
21,2024-09-10,Reflect star.,980.47,Leisure,Excited,WEEKEND_SPLURGER
21,2024-09-13,World enter.,1321.9,Other,Neutral,WEEKEND_SPLURGER
21,2024-09-13,Leg themselves away.,1163.85,Food,Excited,WEEKEND_SPLURGER
21,2024-09-14,Check clearly follow remember generation.,751.78,Education,Excited,WEEKEND_SPLURGER
21,2024-09-15,Guess service this different.,1891.34,Leisure,Happy,WEEKEND_SPLURGER
21,2024-09-15,Save network item one under.,2738.6,Leisure,Stressed,WEEKEND_SPLURGER
21,2024-09-16,Base player data whose.,613.74,Leisure,Excited,WEEKEND_SPLURGER
21,2024-09-20,Couple raise she child.,1869.65,Other,Neutral,WEEKEND_SPLURGER
21,2024-09-22,Development middle animal.,282.93,Education,Happy,WEEKEND_SPLURGER
21,2024-09-23,Near risk.,472.37,Other,Happy,WEEKEND_SPLURGER
21,2024-09-25,Us perhaps lawyer interest star.,509.59,Other,Excited,WEEKEND_SPLURGER
21,2024-09-27,Woman daughter hospital move.,657.85,Other,Excited,WEEKEND_SPLURGER
21,2024-09-29,Itself free source.,1058.82,Travel,Happy,WEEKEND_SPLURGER
21,2024-09-30,Budget remain reduce.,1268.9,Education,Stressed,WEEKEND_SPLURGER
21,2024-10-01,Nearly want front shake.,645.32,Leisure,Excited,WEEKEND_SPLURGER
21,2024-10-02,Firm financial.,2622.53,Other,Neutral,WEEKEND_SPLURGER
21,2024-10-02,Company option character land space.,1143.1,Leisure,Happy,WEEKEND_SPLURGER
21,2024-10-06,Million night your.,1783.4,Other,Excited,WEEKEND_SPLURGER
21,2024-10-09,Drug happy will young simply.,268.06,Travel,Stressed,WEEKEND_SPLURGER
21,2024-10-09,Career including late condition opportunity.,1109.39,Education,Happy,WEEKEND_SPLURGER
21,2024-10-10,Decade trade field training.,367.91,Leisure,Neutral,WEEKEND_SPLURGER
21,2024-10-10,General final knowledge.,623.2,Food,Excited,WEEKEND_SPLURGER
21,2024-10-12,Public particularly reality.,336.89,Other,Excited,WEEKEND_SPLURGER
21,2024-10-12,Ahead from quickly identify.,386.31,Education,Neutral,WEEKEND_SPLURGER
21,2024-10-17,About usually.,1715.21,Education,Excited,WEEKEND_SPLURGER
21,2024-10-18,Task central dinner.,988.16,Other,Excited,WEEKEND_SPLURGER
21,2024-10-19,History professional star wonder.,1522.58,Food,Excited,WEEKEND_SPLURGER
21,2024-10-19,Environment character real middle prove.,1639.73,Other,Happy,WEEKEND_SPLURGER
21,2024-10-19,Real know our any.,1789.91,Other,Excited,WEEKEND_SPLURGER
21,2024-10-21,Later week democratic few.,213.16,Other,Happy,WEEKEND_SPLURGER
21,2024-10-21,She join house.,238.18,Leisure,Stressed,WEEKEND_SPLURGER
21,2024-10-23,Magazine join.,165.81,Other,Excited,WEEKEND_SPLURGER
21,2024-10-23,Picture approach chance none fight.,1732.41,Travel,Stressed,WEEKEND_SPLURGER
21,2024-10-23,Base player data whose.,1079.29,Leisure,Excited,WEEKEND_SPLURGER
21,2024-10-23,Serious produce.,796.01,Other,Happy,WEEKEND_SPLURGER
21,2024-10-24,Leader both rest challenge.,1113.59,Food,Sad,WEEKEND_SPLURGER
21,2024-10-25,Program decade home which view.,661.21,Travel,Neutral,WEEKEND_SPLURGER
21,2024-10-26,Your less social form.,2225.2,Food,Excited,WEEKEND_SPLURGER
21,2024-10-27,Finally shoulder land.,255.92,Other,Excited,WEEKEND_SPLURGER
21,2024-10-27,Financial popular short like.,1402.71,Leisure,Stressed,WEEKEND_SPLURGER
21,2024-10-29,Wall act special.,1202.35,Travel,Happy,WEEKEND_SPLURGER
21,2024-10-29,Choice father why often.,1264.41,Food,Excited,WEEKEND_SPLURGER
21,2024-10-29,Attack mouth rest contain.,1299.15,Travel,Excited,WEEKEND_SPLURGER
21,2024-10-31,Soon including important.,1393.24,Education,Excited,WEEKEND_SPLURGER
21,2024-11-02,Keep light fight.,682.73,Leisure,Excited,WEEKEND_SPLURGER
21,2024-11-06,Nature performance yeah.,704.72,Other,Happy,WEEKEND_SPLURGER
21,2024-11-07,Age cover foreign.,1115.93,Leisure,Neutral,WEEKEND_SPLURGER
21,2024-11-07,Miss reduce animal clearly cell.,843.73,Other,Happy,WEEKEND_SPLURGER
21,2024-11-09,National free.,2109.79,Other,Neutral,WEEKEND_SPLURGER
21,2024-11-09,Almost outside middle.,916.87,Other,Happy,WEEKEND_SPLURGER
21,2024-11-11,Surface expect several evening town.,280.09,Leisure,Neutral,WEEKEND_SPLURGER
21,2024-11-12,Happy action.,923.59,Leisure,Excited,WEEKEND_SPLURGER
21,2024-11-12,Remember ability.,628.32,Other,Happy,WEEKEND_SPLURGER
21,2024-11-14,Food affect upon these story.,1526.7,Leisure,Happy,WEEKEND_SPLURGER
21,2024-11-18,Him note painting quickly.,201.17,Other,Excited,WEEKEND_SPLURGER
21,2024-11-19,Project can.,1479.19,Food,Excited,WEEKEND_SPLURGER
21,2024-11-20,Scientist able teach.,1193.48,Other,Neutral,WEEKEND_SPLURGER
21,2024-11-21,Like clear.,493.83,Food,Excited,WEEKEND_SPLURGER
21,2024-11-22,Could gun.,1036.58,Leisure,Excited,WEEKEND_SPLURGER
21,2024-11-22,Society common stay ready.,841.72,Leisure,Happy,WEEKEND_SPLURGER
21,2024-11-23,Boy other foot best.,1560.71,Leisure,Neutral,WEEKEND_SPLURGER
21,2024-11-25,Member box.,515.3,Leisure,Stressed,WEEKEND_SPLURGER
21,2024-11-25,Indicate herself.,481.41,Leisure,Neutral,WEEKEND_SPLURGER
21,2024-11-27,Cup hundred rather.,305.85,Education,Excited,WEEKEND_SPLURGER
21,2024-11-27,Respond into history.,351.03,Other,Neutral,WEEKEND_SPLURGER
21,2024-11-27,Professional color group.,1200.34,Leisure,Neutral,WEEKEND_SPLURGER
21,2024-11-28,Case expert stop.,2418.08,Travel,Excited,WEEKEND_SPLURGER
21,2024-11-28,Say dog drug enter.,907.23,Food,Happy,WEEKEND_SPLURGER
21,2024-11-28,Until choose wife national.,1335.45,Education,Sad,WEEKEND_SPLURGER
21,2024-11-29,Something population loss physical.,891.98,Leisure,Neutral,WEEKEND_SPLURGER
21,2024-11-29,Person one republican.,325.19,Leisure,Neutral,WEEKEND_SPLURGER
21,2024-11-30,Yeah far within.,950.17,Other,Neutral,WEEKEND_SPLURGER
21,2024-12-01,Mr suggest issue.,2076.75,Food,Happy,WEEKEND_SPLURGER
21,2024-12-02,Life police.,477.59,Other,Happy,WEEKEND_SPLURGER
21,2024-12-03,Method exactly.,280.57,Other,Stressed,WEEKEND_SPLURGER
21,2024-12-03,Check purpose young.,1013.11,Leisure,Excited,WEEKEND_SPLURGER
21,2024-12-05,Attention standard shake more respond.,481.83,Other,Excited,WEEKEND_SPLURGER
21,2024-12-09,Player really act friend.,1812.91,Travel,Happy,WEEKEND_SPLURGER
21,2024-12-10,Lay color.,463.52,Food,Happy,WEEKEND_SPLURGER
21,2024-12-15,Card star avoid nothing.,332.24,Food,Excited,WEEKEND_SPLURGER
21,2024-12-15,Phone ever back experience.,3218.09,Other,Sad,WEEKEND_SPLURGER
21,2024-12-15,End dog.,1409.34,Other,Happy,WEEKEND_SPLURGER
21,2024-12-17,Fact huge fight.,1091.71,Leisure,Excited,WEEKEND_SPLURGER
21,2024-12-17,Color store over some.,573.63,Leisure,Happy,WEEKEND_SPLURGER
21,2024-12-18,Surface expect several evening town.,218.16,Leisure,Happy,WEEKEND_SPLURGER
21,2024-12-19,Simply century the.,645.65,Leisure,Excited,WEEKEND_SPLURGER
21,2024-12-19,Art green child movie blue.,1282.76,Other,Excited,WEEKEND_SPLURGER
21,2024-12-21,Go exactly much food region.,865.45,Food,Stressed,WEEKEND_SPLURGER
21,2024-12-21,Window research his.,495.37,Leisure,Stressed,WEEKEND_SPLURGER
21,2024-12-22,Instead writer.,1100.36,Education,Happy,WEEKEND_SPLURGER
21,2024-12-24,Itself free source.,654.67,Travel,Excited,WEEKEND_SPLURGER
21,2024-12-24,Doctor population grow bar.,43.37,Food,Sad,WEEKEND_SPLURGER
21,2024-12-25,Fall analysis.,448.7,Travel,Happy,WEEKEND_SPLURGER
21,2024-12-25,Anyone here deep.,113.36,Travel,Happy,WEEKEND_SPLURGER
21,2024-12-26,President girl condition.,45.03,Travel,Stressed,WEEKEND_SPLURGER
21,2024-12-27,Smile cover of pm eight.,335.11,Travel,Neutral,WEEKEND_SPLURGER
21,2024-12-30,At decade really issue.,1463.08,Leisure,Happy,WEEKEND_SPLURGER
21,2024-12-30,Tree imagine machine.,1710.56,Food,Excited,WEEKEND_SPLURGER
21,2024-12-30,Draw police.,701.92,Leisure,Sad,WEEKEND_SPLURGER
21,2024-12-30,None pressure lay future stay.,1419.69,Leisure,Happy,WEEKEND_SPLURGER
21,2024-12-31,Million kind everything young.,2264.58,Food,Happy,WEEKEND_SPLURGER
21,2024-12-31,Company left nothing trip.,298.44,Leisure,Excited,WEEKEND_SPLURGER
21,2024-12-31,Identify material.,550.63,Other,Sad,WEEKEND_SPLURGER
21,2025-01-01,Despite sound receive let.,487.31,Education,Sad,WEEKEND_SPLURGER
21,2025-01-02,Inside big minute.,187.81,Leisure,Excited,WEEKEND_SPLURGER
21,2025-01-04,Hair attorney professional.,3039.47,Travel,Excited,WEEKEND_SPLURGER
21,2025-01-05,Focus executive letter possible final.,2855.39,Other,Happy,WEEKEND_SPLURGER
21,2025-01-05,Price my.,3569.5,Education,Neutral,WEEKEND_SPLURGER
21,2025-01-06,Walk anything.,342.39,Leisure,Happy,WEEKEND_SPLURGER
21,2025-01-07,American audience fight war whether.,1338.25,Leisure,Excited,WEEKEND_SPLURGER
21,2025-01-09,Church own stage.,1404.43,Travel,Neutral,WEEKEND_SPLURGER
21,2025-01-10,Difference way type positive phone.,472.99,Education,Excited,WEEKEND_SPLURGER
21,2025-01-12,Realize property show either.,278.11,Other,Excited,WEEKEND_SPLURGER
21,2025-01-13,Agent say forward us.,1225.76,Education,Happy,WEEKEND_SPLURGER
21,2025-01-14,Water tonight pressure.,1271.77,Other,Happy,WEEKEND_SPLURGER
21,2025-01-17,Window music evening know.,276.67,Leisure,Excited,WEEKEND_SPLURGER
21,2025-01-17,Identify material.,463.82,Other,Happy,WEEKEND_SPLURGER
21,2025-01-18,Mission put budget house.,224.97,Food,Neutral,WEEKEND_SPLURGER
21,2025-01-19,Close month parent who up.,4007.67,Leisure,Happy,WEEKEND_SPLURGER
21,2025-01-19,Describe paper.,463.64,Other,Excited,WEEKEND_SPLURGER
21,2025-01-19,Day already hold.,305.61,Other,Stressed,WEEKEND_SPLURGER
21,2025-01-20,Deal beyond almost.,631.81,Leisure,Stressed,WEEKEND_SPLURGER
21,2025-01-23,Price my.,1171.85,Education,Neutral,WEEKEND_SPLURGER
21,2025-01-23,Analysis four capital.,930.44,Travel,Excited,WEEKEND_SPLURGER
21,2025-01-24,Talk thing rock ever summer.,507.45,Other,Happy,WEEKEND_SPLURGER
21,2025-01-25,While same budget.,1153.17,Food,Stressed,WEEKEND_SPLURGER
21,2025-01-25,Star executive fear.,2090.08,Other,Sad,WEEKEND_SPLURGER
21,2025-01-26,Above dog brother morning.,1751.58,Food,Excited,WEEKEND_SPLURGER
21,2025-01-27,Money modern receive partner.,42.51,Other,Excited,WEEKEND_SPLURGER
21,2025-01-27,This manage her.,723.1,Other,Stressed,WEEKEND_SPLURGER
21,2025-01-28,Order his oil west school.,866.16,Food,Excited,WEEKEND_SPLURGER
21,2025-01-28,Science drug.,426.99,Travel,Happy,WEEKEND_SPLURGER
21,2025-01-29,Book economic.,142.49,Education,Happy,WEEKEND_SPLURGER
21,2025-01-30,Thing physical might.,1387.54,Other,Excited,WEEKEND_SPLURGER
21,2025-01-30,Miss reduce animal clearly cell.,711.67,Other,Happy,WEEKEND_SPLURGER
21,2025-01-30,Network fact talk.,104.55,Leisure,Happy,WEEKEND_SPLURGER
22,2024-08-01,Company option character land space.,1097.5,Leisure,Happy,WEEKEND_SPLURGER
22,2024-08-02,Receive case past only drug.,46.85,Other,Excited,WEEKEND_SPLURGER
22,2024-08-03,Help usually thank wonder draw.,167.01,Leisure,Excited,WEEKEND_SPLURGER
22,2024-08-03,Industry impact certainly.,950.1,Other,Excited,WEEKEND_SPLURGER
22,2024-08-03,Face build market.,5024.96,Other,Happy,WEEKEND_SPLURGER
22,2024-08-03,Challenge organization floor road southern.,3736.55,Travel,Excited,WEEKEND_SPLURGER
22,2024-08-03,Beyond family movement hospital back.,2758.97,Other,Neutral,WEEKEND_SPLURGER
22,2024-08-04,Fish late pattern.,725.95,Other,Excited,WEEKEND_SPLURGER
22,2024-08-04,Stage threat our.,286.72,Other,Excited,WEEKEND_SPLURGER
22,2024-08-04,Inside big minute.,263.44,Leisure,Excited,WEEKEND_SPLURGER
22,2024-08-05,Why though decide bank likely.,130.42,Other,Excited,WEEKEND_SPLURGER
22,2024-08-07,Growth appear project.,157.64,Food,Excited,WEEKEND_SPLURGER
22,2024-08-08,State among rest national wrong.,909.99,Food,Happy,WEEKEND_SPLURGER
22,2024-08-09,Ahead from quickly identify.,186.53,Education,Sad,WEEKEND_SPLURGER
22,2024-08-09,Blue agent find.,943.04,Leisure,Happy,WEEKEND_SPLURGER
22,2024-08-10,Career including late condition opportunity.,1778.24,Education,Excited,WEEKEND_SPLURGER
22,2024-08-10,Win central.,1773.55,Other,Excited,WEEKEND_SPLURGER
22,2024-08-11,Professor important do house must.,2074.17,Leisure,Neutral,WEEKEND_SPLURGER
22,2024-08-14,Few spring raise.,565.7,Travel,Stressed,WEEKEND_SPLURGER
22,2024-08-14,Nice maintain present cultural.,996.91,Other,Excited,WEEKEND_SPLURGER
22,2024-08-14,Mr suggest issue.,1148.4,Food,Sad,WEEKEND_SPLURGER
22,2024-08-14,Current after charge.,553.75,Other,Happy,WEEKEND_SPLURGER
22,2024-08-14,Forget once hope security.,1481.87,Travel,Happy,WEEKEND_SPLURGER
22,2024-08-16,Quality throughout.,1806.75,Other,Stressed,WEEKEND_SPLURGER
22,2024-08-16,Age war measure whom.,786.35,Travel,Excited,WEEKEND_SPLURGER
22,2024-08-18,General final knowledge.,358.4,Food,Excited,WEEKEND_SPLURGER
22,2024-08-19,Outside with each animal.,550.74,Travel,Sad,WEEKEND_SPLURGER
22,2024-08-20,Recognize media goal.,93.87,Other,Neutral,WEEKEND_SPLURGER
22,2024-08-20,Water positive child usually.,431.22,Leisure,Neutral,WEEKEND_SPLURGER
22,2024-08-21,Analysis four capital.,563.53,Travel,Excited,WEEKEND_SPLURGER
22,2024-08-21,Involve thousand including.,824.35,Education,Excited,WEEKEND_SPLURGER
22,2024-08-22,In seven building hard.,24.66,Other,Excited,WEEKEND_SPLURGER
22,2024-08-22,Into notice necessary true message.,807.24,Leisure,Neutral,WEEKEND_SPLURGER
22,2024-08-22,Keep light fight.,314.42,Leisure,Neutral,WEEKEND_SPLURGER
22,2024-08-23,Have including none.,1010.83,Other,Excited,WEEKEND_SPLURGER
22,2024-08-23,Yet wish certain usually.,740.28,Food,Neutral,WEEKEND_SPLURGER
22,2024-08-25,Easy get every.,199.43,Leisure,Neutral,WEEKEND_SPLURGER
22,2024-08-26,Body lead there there early.,951.73,Other,Stressed,WEEKEND_SPLURGER
22,2024-08-26,Leg rest interest.,1522.35,Other,Happy,WEEKEND_SPLURGER
22,2024-08-27,Close month parent who up.,923.99,Leisure,Happy,WEEKEND_SPLURGER
22,2024-08-29,Cultural right cover large work.,1675.68,Other,Excited,WEEKEND_SPLURGER
22,2024-08-29,Particular condition man.,214.38,Leisure,Excited,WEEKEND_SPLURGER
22,2024-08-29,Different international sell several.,1273.59,Leisure,Happy,WEEKEND_SPLURGER
22,2024-08-30,Involve thousand including.,895.52,Education,Sad,WEEKEND_SPLURGER
22,2024-09-02,Heart still building.,631.09,Food,Neutral,WEEKEND_SPLURGER
22,2024-09-02,Voice boy wife condition.,1607.69,Food,Sad,WEEKEND_SPLURGER
22,2024-09-02,On someone rise read.,1912.68,Leisure,Stressed,WEEKEND_SPLURGER
22,2024-09-03,Bank price north first end.,329.57,Other,Neutral,WEEKEND_SPLURGER
22,2024-09-04,Whose other.,628.85,Other,Happy,WEEKEND_SPLURGER
22,2024-09-04,Picture approach chance none fight.,2547.01,Travel,Happy,WEEKEND_SPLURGER
22,2024-09-05,Answer just.,1781.38,Leisure,Sad,WEEKEND_SPLURGER
22,2024-09-05,Space moment travel these least.,453.56,Other,Neutral,WEEKEND_SPLURGER
22,2024-09-06,Magazine degree husband around.,3103.31,Travel,Excited,WEEKEND_SPLURGER
22,2024-09-06,Security arm.,1979.22,Other,Excited,WEEKEND_SPLURGER
22,2024-09-07,Help painting always.,46.12,Other,Excited,WEEKEND_SPLURGER
22,2024-09-07,Include record security.,1049.51,Travel,Happy,WEEKEND_SPLURGER
22,2024-09-07,Current health serious.,557.27,Food,Excited,WEEKEND_SPLURGER
22,2024-09-08,Assume campaign assume.,1354.28,Leisure,Stressed,WEEKEND_SPLURGER
22,2024-09-08,Office of remember individual.,26.28,Other,Happy,WEEKEND_SPLURGER
22,2024-09-09,Baby lawyer growth matter note.,1102.37,Leisure,Neutral,WEEKEND_SPLURGER
22,2024-09-09,Kid industry.,67.62,Education,Happy,WEEKEND_SPLURGER
22,2024-09-12,Information scene again country.,934.75,Leisure,Sad,WEEKEND_SPLURGER
22,2024-09-12,Rate society floor long same.,1477.61,Leisure,Neutral,WEEKEND_SPLURGER
22,2024-09-12,Forward would finish around.,1251.82,Food,Excited,WEEKEND_SPLURGER
22,2024-09-13,Provide car throughout american.,1862.07,Leisure,Happy,WEEKEND_SPLURGER
22,2024-09-14,News need task mind.,3348.76,Travel,Happy,WEEKEND_SPLURGER
22,2024-09-14,Exist theory.,3342.26,Other,Excited,WEEKEND_SPLURGER
22,2024-09-14,Network never.,626.36,Food,Sad,WEEKEND_SPLURGER
22,2024-09-16,Scientist i doctor.,468.87,Education,Excited,WEEKEND_SPLURGER
22,2024-09-16,Enough threat score.,102.9,Food,Sad,WEEKEND_SPLURGER
22,2024-09-16,Energy always.,521.62,Travel,Sad,WEEKEND_SPLURGER
22,2024-09-17,Than physical live reason.,1328.7,Other,Happy,WEEKEND_SPLURGER
22,2024-09-18,Tree imagine machine.,2047.9,Food,Excited,WEEKEND_SPLURGER
22,2024-09-19,Southern evening ask republican.,1455.5,Other,Happy,WEEKEND_SPLURGER
22,2024-09-20,Spend prove stock school.,954.12,Food,Excited,WEEKEND_SPLURGER
22,2024-09-22,Goal once let perform international.,679.83,Other,Sad,WEEKEND_SPLURGER
22,2024-09-23,Cold reason our.,150.91,Leisure,Happy,WEEKEND_SPLURGER
22,2024-09-24,Challenge organization floor road southern.,1835.97,Travel,Excited,WEEKEND_SPLURGER
22,2024-09-26,Behind front attack song little.,937.98,Education,Happy,WEEKEND_SPLURGER
22,2024-09-27,Before relationship plant.,233.93,Other,Happy,WEEKEND_SPLURGER
22,2024-09-29,Option goal avoid.,1894.53,Leisure,Excited,WEEKEND_SPLURGER
22,2024-09-30,Property let.,599.54,Leisure,Happy,WEEKEND_SPLURGER
22,2024-09-30,Song risk bad.,987.31,Travel,Happy,WEEKEND_SPLURGER
22,2024-09-30,Something fine apply gas sing.,140.08,Other,Neutral,WEEKEND_SPLURGER
22,2024-09-30,Book economic.,126.27,Education,Excited,WEEKEND_SPLURGER
22,2024-10-01,Cell year.,1136.39,Other,Excited,WEEKEND_SPLURGER
22,2024-10-02,Quite general there sister.,2090.11,Food,Happy,WEEKEND_SPLURGER
22,2024-10-04,Describe paper.,626.21,Other,Neutral,WEEKEND_SPLURGER
22,2024-10-05,Network never.,437.63,Food,Stressed,WEEKEND_SPLURGER
22,2024-10-05,New type pm.,3649.72,Leisure,Neutral,WEEKEND_SPLURGER
22,2024-10-06,Third rich hospital.,170.44,Education,Excited,WEEKEND_SPLURGER
22,2024-10-06,Occur college herself.,966.96,Other,Happy,WEEKEND_SPLURGER
22,2024-10-07,There decision measure.,1166.41,Leisure,Happy,WEEKEND_SPLURGER
22,2024-10-07,Turn put professional.,647.72,Other,Excited,WEEKEND_SPLURGER
22,2024-10-08,Like clear.,815.89,Food,Neutral,WEEKEND_SPLURGER
22,2024-10-08,Letter mind many.,1793.26,Other,Excited,WEEKEND_SPLURGER
22,2024-10-09,Beat light the window.,769.74,Education,Excited,WEEKEND_SPLURGER
22,2024-10-09,Base player data whose.,1188.49,Leisure,Neutral,WEEKEND_SPLURGER
22,2024-10-10,Picture approach chance none fight.,950.47,Travel,Excited,WEEKEND_SPLURGER
22,2024-10-11,Right know during someone.,847.47,Travel,Sad,WEEKEND_SPLURGER
22,2024-10-11,Determine not view cell seat.,506.71,Food,Neutral,WEEKEND_SPLURGER
22,2024-10-11,Reality fill ok list.,1149.74,Education,Stressed,WEEKEND_SPLURGER
22,2024-10-12,Law agree appear political.,1529.92,Food,Sad,WEEKEND_SPLURGER
22,2024-10-12,Be fire.,56.24,Leisure,Happy,WEEKEND_SPLURGER
22,2024-10-13,Somebody next ready.,768.64,Other,Stressed,WEEKEND_SPLURGER
22,2024-10-13,Clear single expect.,836.74,Education,Excited,WEEKEND_SPLURGER
22,2024-10-13,Yes at seat ok.,4401.07,Other,Happy,WEEKEND_SPLURGER
22,2024-10-14,That reflect send set fly.,105.32,Leisure,Sad,WEEKEND_SPLURGER
22,2024-10-14,True building card.,594.29,Travel,Happy,WEEKEND_SPLURGER
22,2024-10-14,Involve thousand including.,525.98,Education,Happy,WEEKEND_SPLURGER
22,2024-10-15,Size republican political.,1211.43,Travel,Excited,WEEKEND_SPLURGER
22,2024-10-15,Stop later reveal both.,1431.37,Leisure,Excited,WEEKEND_SPLURGER
22,2024-10-16,Development the inside thought.,867.57,Education,Sad,WEEKEND_SPLURGER
22,2024-10-17,Tell brother defense list second.,635.79,Other,Neutral,WEEKEND_SPLURGER
22,2024-10-17,Material produce station visit environmental.,1016.36,Other,Happy,WEEKEND_SPLURGER
22,2024-10-17,Nearly need behavior.,1246.52,Travel,Happy,WEEKEND_SPLURGER
22,2024-10-19,Finish without.,77.14,Other,Excited,WEEKEND_SPLURGER
22,2024-10-20,Growth appear project.,192.99,Food,Excited,WEEKEND_SPLURGER
22,2024-10-20,Tree imagine machine.,3143.57,Food,Excited,WEEKEND_SPLURGER
22,2024-10-21,Instead writer.,276.24,Education,Excited,WEEKEND_SPLURGER
22,2024-10-21,Write other wear through partner.,31.17,Other,Happy,WEEKEND_SPLURGER
22,2024-10-24,True culture.,298.77,Education,Stressed,WEEKEND_SPLURGER
22,2024-10-25,Its develop until watch.,1282.4,Food,Neutral,WEEKEND_SPLURGER
22,2024-10-26,North question new.,984.06,Education,Stressed,WEEKEND_SPLURGER
22,2024-10-27,Heavy what least mouth national.,137.76,Food,Stressed,WEEKEND_SPLURGER
22,2024-10-27,Billion morning draw.,295.94,Travel,Sad,WEEKEND_SPLURGER
22,2024-10-28,Pass range appear home player.,265.5,Education,Excited,WEEKEND_SPLURGER
22,2024-10-28,Low happy oil which bag.,200.35,Food,Happy,WEEKEND_SPLURGER
22,2024-10-29,History professional star wonder.,1350.21,Food,Excited,WEEKEND_SPLURGER
22,2024-10-30,Leader operation mean white.,719.9,Education,Stressed,WEEKEND_SPLURGER
22,2024-10-30,Phone ever back experience.,992.38,Other,Happy,WEEKEND_SPLURGER
22,2024-10-30,My some skin ball thing.,724.05,Education,Happy,WEEKEND_SPLURGER
22,2024-10-31,Technology tend.,253.13,Leisure,Excited,WEEKEND_SPLURGER
22,2024-11-01,Simply century the.,1330.42,Leisure,Happy,WEEKEND_SPLURGER
22,2024-11-02,Leg sport until argue.,2538.81,Food,Excited,WEEKEND_SPLURGER
22,2024-11-03,Sort what.,319.71,Education,Neutral,WEEKEND_SPLURGER
22,2024-11-03,Him fight american music change.,1798.81,Leisure,Neutral,WEEKEND_SPLURGER
22,2024-11-03,Good house only military.,414.81,Other,Stressed,WEEKEND_SPLURGER
22,2024-11-06,Current hear claim well two.,2331.5,Travel,Happy,WEEKEND_SPLURGER
22,2024-11-06,Mention billion bed never others.,602.94,Other,Stressed,WEEKEND_SPLURGER
22,2024-11-06,On professional analysis color.,1488.57,Other,Excited,WEEKEND_SPLURGER
22,2024-11-06,People tend weight machine.,1329.45,Other,Excited,WEEKEND_SPLURGER
22,2024-11-07,Approach side model you billion.,1991.84,Other,Excited,WEEKEND_SPLURGER
22,2024-11-07,Hope floor include.,552.4,Other,Neutral,WEEKEND_SPLURGER
22,2024-11-07,Real know our any.,1126.7,Other,Stressed,WEEKEND_SPLURGER
22,2024-11-08,Boy generation.,601.61,Food,Excited,WEEKEND_SPLURGER
22,2024-11-08,Community spring billion price paper.,1168.0,Other,Excited,WEEKEND_SPLURGER
22,2024-11-09,Quite response.,1841.57,Education,Stressed,WEEKEND_SPLURGER
22,2024-11-09,Professional color group.,1967.85,Leisure,Neutral,WEEKEND_SPLURGER
22,2024-11-11,Likely scientist.,402.68,Travel,Excited,WEEKEND_SPLURGER
22,2024-11-12,Their off.,460.12,Leisure,Stressed,WEEKEND_SPLURGER
22,2024-11-12,Write other wear through partner.,18.84,Other,Stressed,WEEKEND_SPLURGER
22,2024-11-14,Leader both rest challenge.,1663.04,Food,Excited,WEEKEND_SPLURGER
22,2024-11-14,Finish right serious.,1621.72,Leisure,Excited,WEEKEND_SPLURGER
22,2024-11-14,Majority none little admit former.,1199.05,Leisure,Neutral,WEEKEND_SPLURGER
22,2024-11-15,Price institution method inside.,947.25,Other,Sad,WEEKEND_SPLURGER
22,2024-11-15,Movement door kind.,1158.02,Travel,Stressed,WEEKEND_SPLURGER
22,2024-11-16,Least ready activity decision ok.,2629.68,Other,Neutral,WEEKEND_SPLURGER
22,2024-11-17,Administration network once.,3113.31,Other,Sad,WEEKEND_SPLURGER
22,2024-11-17,Lead paper middle foreign party.,935.83,Other,Neutral,WEEKEND_SPLURGER
22,2024-11-17,Exist professional.,211.18,Other,Excited,WEEKEND_SPLURGER
22,2024-11-19,Join black.,1525.99,Travel,Excited,WEEKEND_SPLURGER
22,2024-11-19,Question or money.,1275.89,Leisure,Sad,WEEKEND_SPLURGER
22,2024-11-20,Else easy point she.,292.89,Travel,Sad,WEEKEND_SPLURGER
22,2024-11-20,Long identify road speech.,399.2,Other,Excited,WEEKEND_SPLURGER
22,2024-11-20,Quite budget window hour some.,1867.03,Travel,Happy,WEEKEND_SPLURGER
22,2024-11-20,Life police.,1302.03,Other,Happy,WEEKEND_SPLURGER
22,2024-11-21,Child group describe.,1163.38,Leisure,Happy,WEEKEND_SPLURGER
22,2024-11-23,Have decide environment.,872.27,Other,Neutral,WEEKEND_SPLURGER
22,2024-11-23,Determine not view cell seat.,950.7,Food,Excited,WEEKEND_SPLURGER
22,2024-11-23,Four field area young.,1580.72,Education,Excited,WEEKEND_SPLURGER
22,2024-11-23,Country remember smile.,1962.91,Leisure,Excited,WEEKEND_SPLURGER
22,2024-11-24,Store bit responsibility brother.,2002.19,Other,Excited,WEEKEND_SPLURGER
22,2024-11-24,Forward sense cause write right.,3080.47,Other,Excited,WEEKEND_SPLURGER
22,2024-11-25,Which raise american truth.,2049.7,Leisure,Sad,WEEKEND_SPLURGER
22,2024-11-25,Network available mean share.,1210.55,Other,Stressed,WEEKEND_SPLURGER
22,2024-11-25,Name machine tree maybe.,59.08,Education,Happy,WEEKEND_SPLURGER
22,2024-11-27,Turn surface listen.,313.93,Leisure,Sad,WEEKEND_SPLURGER
22,2024-11-27,Together let.,544.22,Education,Sad,WEEKEND_SPLURGER
22,2024-11-28,Determine not view cell seat.,625.51,Food,Happy,WEEKEND_SPLURGER
22,2024-11-29,Word collection those become.,704.8,Leisure,Neutral,WEEKEND_SPLURGER
22,2024-11-29,Agreement us stuff.,1720.67,Travel,Excited,WEEKEND_SPLURGER
22,2024-11-29,Boy generation.,853.11,Food,Excited,WEEKEND_SPLURGER
22,2024-11-30,None pressure lay future stay.,1322.56,Leisure,Excited,WEEKEND_SPLURGER
22,2024-11-30,Baby lawyer growth matter note.,1025.17,Leisure,Happy,WEEKEND_SPLURGER
22,2024-11-30,Pull blue strong wonder.,25.95,Food,Happy,WEEKEND_SPLURGER
22,2024-11-30,Specific onto go.,1784.54,Food,Neutral,WEEKEND_SPLURGER
22,2024-11-30,Detail far church some.,1893.29,Leisure,Excited,WEEKEND_SPLURGER
22,2024-12-02,Picture early send morning.,1051.85,Other,Excited,WEEKEND_SPLURGER
22,2024-12-02,Hand so add mr lawyer.,867.25,Other,Happy,WEEKEND_SPLURGER
22,2024-12-03,Policy mrs.,779.05,Other,Happy,WEEKEND_SPLURGER
22,2024-12-03,Else easy point she.,283.9,Travel,Happy,WEEKEND_SPLURGER
22,2024-12-03,Grow laugh.,259.84,Education,Excited,WEEKEND_SPLURGER
22,2024-12-05,Environment character real middle prove.,1177.19,Other,Neutral,WEEKEND_SPLURGER
22,2024-12-06,Rate society floor long same.,2901.11,Leisure,Excited,WEEKEND_SPLURGER
22,2024-12-07,Allow girl team simply lead.,690.87,Education,Sad,WEEKEND_SPLURGER
22,2024-12-08,Authority interest red must art.,1138.68,Other,Happy,WEEKEND_SPLURGER
22,2024-12-09,President likely truth animal.,121.87,Other,Sad,WEEKEND_SPLURGER
22,2024-12-09,Age war measure whom.,1471.32,Travel,Excited,WEEKEND_SPLURGER
22,2024-12-10,Hold carry rest.,1124.94,Travel,Happy,WEEKEND_SPLURGER
22,2024-12-11,Stuff next write.,1107.08,Other,Neutral,WEEKEND_SPLURGER
22,2024-12-12,Report agreement sport.,1285.82,Food,Neutral,WEEKEND_SPLURGER
22,2024-12-12,Network available mean share.,813.78,Other,Excited,WEEKEND_SPLURGER
22,2024-12-13,Magazine degree husband around.,2051.6,Travel,Happy,WEEKEND_SPLURGER
22,2024-12-13,Ball theory prepare much throughout.,1025.71,Travel,Excited,WEEKEND_SPLURGER
22,2024-12-14,However style.,456.6,Food,Stressed,WEEKEND_SPLURGER
22,2024-12-14,Pattern ahead compare form full.,1584.59,Other,Happy,WEEKEND_SPLURGER
22,2024-12-14,Anyone spend them system.,306.29,Education,Excited,WEEKEND_SPLURGER
22,2024-12-15,Do interesting material.,3273.3,Travel,Neutral,WEEKEND_SPLURGER
22,2024-12-15,She they.,2608.5,Education,Happy,WEEKEND_SPLURGER
22,2024-12-15,Fear approach take case customer.,1836.85,Other,Neutral,WEEKEND_SPLURGER
22,2024-12-15,Side mind question year finish.,1373.36,Food,Neutral,WEEKEND_SPLURGER
22,2024-12-17,Build smile across among situation.,689.49,Other,Happy,WEEKEND_SPLURGER
22,2024-12-18,Material less focus hear.,1877.76,Travel,Neutral,WEEKEND_SPLURGER
22,2024-12-18,Relate day.,179.19,Leisure,Excited,WEEKEND_SPLURGER
22,2024-12-19,Feeling manage as.,1459.39,Other,Excited,WEEKEND_SPLURGER
22,2024-12-19,Special information.,109.07,Food,Happy,WEEKEND_SPLURGER
22,2024-12-20,History professional star wonder.,1000.24,Food,Happy,WEEKEND_SPLURGER
22,2024-12-21,Might necessary former.,813.01,Travel,Neutral,WEEKEND_SPLURGER
22,2024-12-22,Ball theory prepare much throughout.,2467.84,Travel,Sad,WEEKEND_SPLURGER
22,2024-12-23,Cold reason our.,168.63,Leisure,Neutral,WEEKEND_SPLURGER
22,2024-12-24,Try opportunity public.,299.16,Other,Happy,WEEKEND_SPLURGER
22,2024-12-24,Stage someone for power.,820.16,Other,Happy,WEEKEND_SPLURGER
22,2024-12-25,My serious whatever miss seek.,1175.97,Education,Stressed,WEEKEND_SPLURGER
22,2024-12-25,Option goal avoid.,929.1,Leisure,Excited,WEEKEND_SPLURGER
22,2024-12-26,Huge response long.,40.52,Travel,Happy,WEEKEND_SPLURGER
22,2024-12-26,Option oil commercial.,1011.88,Education,Happy,WEEKEND_SPLURGER
22,2024-12-26,Reality fill ok list.,1623.18,Education,Sad,WEEKEND_SPLURGER
22,2024-12-26,Walk cup option store.,1402.52,Education,Happy,WEEKEND_SPLURGER
22,2024-12-27,Space beyond.,935.65,Education,Happy,WEEKEND_SPLURGER
22,2024-12-27,Born itself law west.,1184.68,Other,Happy,WEEKEND_SPLURGER
22,2024-12-27,Scientist do author.,1053.71,Education,Happy,WEEKEND_SPLURGER
22,2024-12-28,Above dog brother morning.,2089.18,Food,Happy,WEEKEND_SPLURGER
22,2024-12-28,Republican reduce sort individual trouble.,2744.49,Travel,Excited,WEEKEND_SPLURGER
22,2024-12-29,Ball theory prepare much throughout.,1286.71,Travel,Excited,WEEKEND_SPLURGER
22,2024-12-30,Bed report item.,1486.17,Leisure,Stressed,WEEKEND_SPLURGER
22,2024-12-30,Resource road do.,490.93,Other,Sad,WEEKEND_SPLURGER
22,2024-12-31,Task she.,1822.85,Other,Happy,WEEKEND_SPLURGER
22,2024-12-31,Maintain assume both long.,1267.47,Other,Neutral,WEEKEND_SPLURGER
22,2025-01-02,State husband.,1795.2,Other,Neutral,WEEKEND_SPLURGER
22,2025-01-02,Old particularly.,1563.79,Other,Happy,WEEKEND_SPLURGER
22,2025-01-02,Prove nor design record.,1261.81,Other,Happy,WEEKEND_SPLURGER
22,2025-01-04,Receive to piece.,798.93,Travel,Happy,WEEKEND_SPLURGER
22,2025-01-04,Current hear claim well two.,1585.73,Travel,Happy,WEEKEND_SPLURGER
22,2025-01-04,Specific whose.,233.04,Other,Sad,WEEKEND_SPLURGER
22,2025-01-04,Yes at seat ok.,2394.61,Other,Excited,WEEKEND_SPLURGER
22,2025-01-05,Identify say on yes.,1405.14,Food,Neutral,WEEKEND_SPLURGER
22,2025-01-05,Network never.,449.14,Food,Happy,WEEKEND_SPLURGER
22,2025-01-07,Relate real major.,1130.71,Leisure,Happy,WEEKEND_SPLURGER
22,2025-01-07,Organization ten seem.,236.17,Travel,Excited,WEEKEND_SPLURGER
22,2025-01-08,Organization ten seem.,145.91,Travel,Excited,WEEKEND_SPLURGER
22,2025-01-09,Course technology site.,1526.23,Leisure,Sad,WEEKEND_SPLURGER
22,2025-01-09,Truth during always those high.,1973.18,Leisure,Happy,WEEKEND_SPLURGER
22,2025-01-10,Those pressure street.,830.32,Other,Happy,WEEKEND_SPLURGER
22,2025-01-11,Career surface these ahead.,2202.79,Leisure,Happy,WEEKEND_SPLURGER
22,2025-01-11,Method everything.,803.83,Leisure,Neutral,WEEKEND_SPLURGER
22,2025-01-12,Member box.,1161.64,Leisure,Happy,WEEKEND_SPLURGER
22,2025-01-12,Authority interest red must art.,847.0,Other,Neutral,WEEKEND_SPLURGER
22,2025-01-13,Base player data whose.,921.33,Leisure,Excited,WEEKEND_SPLURGER
22,2025-01-14,Health image.,518.84,Other,Excited,WEEKEND_SPLURGER
22,2025-01-15,Wish current.,693.17,Education,Neutral,WEEKEND_SPLURGER
22,2025-01-16,What strong line.,13.74,Leisure,Excited,WEEKEND_SPLURGER
22,2025-01-16,Up federal nor note.,411.32,Leisure,Happy,WEEKEND_SPLURGER
22,2025-01-16,Way cold.,500.32,Education,Neutral,WEEKEND_SPLURGER
22,2025-01-17,Actually than modern season.,879.56,Education,Neutral,WEEKEND_SPLURGER
22,2025-01-17,Second full boy.,1068.68,Travel,Stressed,WEEKEND_SPLURGER
22,2025-01-17,To receive education.,431.24,Leisure,Excited,WEEKEND_SPLURGER
22,2025-01-17,Food affect upon these story.,1172.62,Leisure,Sad,WEEKEND_SPLURGER
22,2025-01-19,Player really act friend.,2816.19,Travel,Sad,WEEKEND_SPLURGER
22,2025-01-19,Floor there career.,556.28,Travel,Sad,WEEKEND_SPLURGER
22,2025-01-20,Do interesting material.,2424.92,Travel,Neutral,WEEKEND_SPLURGER
22,2025-01-20,Language however risk work.,1748.86,Leisure,Neutral,WEEKEND_SPLURGER
22,2025-01-20,Current health serious.,215.99,Food,Happy,WEEKEND_SPLURGER
22,2025-01-21,Ahead certainly second everyone.,1029.24,Leisure,Happy,WEEKEND_SPLURGER
22,2025-01-21,Learn talk.,206.47,Other,Excited,WEEKEND_SPLURGER
22,2025-01-21,President girl condition.,92.96,Travel,Stressed,WEEKEND_SPLURGER
22,2025-01-22,Big the cost for leader.,744.92,Leisure,Neutral,WEEKEND_SPLURGER
22,2025-01-22,Base investment.,142.44,Food,Happy,WEEKEND_SPLURGER
22,2025-01-22,Build view.,2039.71,Other,Happy,WEEKEND_SPLURGER
22,2025-01-23,Law read citizen.,419.12,Other,Excited,WEEKEND_SPLURGER
22,2025-01-23,Administration mother in admit.,168.61,Other,Excited,WEEKEND_SPLURGER
22,2025-01-24,Paper beyond indeed.,453.5,Education,Stressed,WEEKEND_SPLURGER
22,2025-01-24,Land region back nor article.,948.84,Other,Excited,WEEKEND_SPLURGER
22,2025-01-25,Edge surface who.,2028.72,Travel,Happy,WEEKEND_SPLURGER
22,2025-01-26,After sister should across treatment.,340.99,Leisure,Sad,WEEKEND_SPLURGER
22,2025-01-27,As second animal summer group.,933.01,Leisure,Happy,WEEKEND_SPLURGER
22,2025-01-27,Drug entire involve.,77.89,Leisure,Sad,WEEKEND_SPLURGER
22,2025-01-28,Include record security.,877.02,Travel,Stressed,WEEKEND_SPLURGER
22,2025-01-28,Cost attorney.,805.43,Travel,Sad,WEEKEND_SPLURGER
22,2025-01-28,Respond into history.,288.52,Other,Excited,WEEKEND_SPLURGER
22,2025-01-30,Easy get every.,143.56,Leisure,Neutral,WEEKEND_SPLURGER
22,2025-01-30,Tv budget system book.,1040.57,Leisure,Neutral,WEEKEND_SPLURGER
22,2025-01-31,Mission put budget house.,98.22,Food,Excited,WEEKEND_SPLURGER
23,2024-08-01,Month whom stage soon.,610.4,Travel,Neutral,WEEKEND_SPLURGER
23,2024-08-01,Instead ahead despite measure ago.,1070.67,Other,Neutral,WEEKEND_SPLURGER
23,2024-08-01,Determine feel article we they.,1407.53,Leisure,Stressed,WEEKEND_SPLURGER
23,2024-08-05,Security arm.,2202.98,Other,Excited,WEEKEND_SPLURGER
23,2024-08-05,Present discussion.,974.17,Education,Stressed,WEEKEND_SPLURGER
23,2024-08-07,Store natural today season.,120.11,Other,Happy,WEEKEND_SPLURGER
23,2024-08-07,Find job where.,331.38,Education,Excited,WEEKEND_SPLURGER
23,2024-08-09,Somebody next ready.,826.31,Other,Excited,WEEKEND_SPLURGER
23,2024-08-09,Picture early send morning.,1535.28,Other,Excited,WEEKEND_SPLURGER
23,2024-08-10,Age cover foreign.,3238.84,Leisure,Excited,WEEKEND_SPLURGER
23,2024-08-10,History drop point audience.,1808.38,Food,Excited,WEEKEND_SPLURGER
23,2024-08-10,What than political up instead.,499.94,Travel,Sad,WEEKEND_SPLURGER
23,2024-08-11,Firm financial.,1948.51,Other,Excited,WEEKEND_SPLURGER
23,2024-08-11,New type pm.,2940.39,Leisure,Neutral,WEEKEND_SPLURGER
23,2024-08-15,Kind appear environment capital explain.,1577.41,Other,Excited,WEEKEND_SPLURGER
23,2024-08-15,True building card.,600.1,Travel,Neutral,WEEKEND_SPLURGER
23,2024-08-15,Else easy point she.,221.24,Travel,Happy,WEEKEND_SPLURGER
23,2024-08-16,Red head window be.,1511.1,Education,Sad,WEEKEND_SPLURGER
23,2024-08-16,Very figure drive special.,1417.95,Other,Excited,WEEKEND_SPLURGER
23,2024-08-17,Public particularly reality.,414.94,Other,Excited,WEEKEND_SPLURGER
23,2024-08-18,Bed recognize store.,891.52,Education,Excited,WEEKEND_SPLURGER
23,2024-08-18,You ready way rule.,1763.35,Food,Happy,WEEKEND_SPLURGER
23,2024-08-19,Ahead picture son.,1330.04,Travel,Neutral,WEEKEND_SPLURGER
23,2024-08-19,Finish right serious.,1411.58,Leisure,Excited,WEEKEND_SPLURGER
23,2024-08-19,Their off.,453.42,Leisure,Stressed,WEEKEND_SPLURGER
23,2024-08-20,Military onto blue activity.,898.62,Other,Excited,WEEKEND_SPLURGER
23,2024-08-21,Between rate name within.,1084.43,Travel,Happy,WEEKEND_SPLURGER
23,2024-08-22,Unit again easy morning four.,260.08,Other,Excited,WEEKEND_SPLURGER
23,2024-08-23,Miss have analysis morning.,1240.23,Leisure,Excited,WEEKEND_SPLURGER
23,2024-08-24,Quite as when.,541.16,Other,Neutral,WEEKEND_SPLURGER
23,2024-08-24,Gas contain interest industry sell.,1010.23,Other,Happy,WEEKEND_SPLURGER
23,2024-08-27,Yet wish certain usually.,887.63,Food,Sad,WEEKEND_SPLURGER
23,2024-08-28,Turn surface listen.,369.73,Leisure,Excited,WEEKEND_SPLURGER
23,2024-08-28,Kind appear environment capital explain.,1906.66,Other,Neutral,WEEKEND_SPLURGER
23,2024-08-28,Live way two.,131.06,Other,Excited,WEEKEND_SPLURGER
23,2024-08-29,Ahead picture son.,1365.83,Travel,Stressed,WEEKEND_SPLURGER
23,2024-08-31,Check purpose young.,1491.6,Leisure,Sad,WEEKEND_SPLURGER
23,2024-09-01,Son rock two.,434.48,Other,Happy,WEEKEND_SPLURGER
23,2024-09-01,Improve simple turn.,2007.55,Other,Happy,WEEKEND_SPLURGER
23,2024-09-03,Marriage participant.,2565.9,Other,Stressed,WEEKEND_SPLURGER
23,2024-09-05,Environmental run head garden box.,786.52,Food,Excited,WEEKEND_SPLURGER
23,2024-09-06,Test they there.,1285.93,Leisure,Neutral,WEEKEND_SPLURGER
23,2024-09-08,Partner sing administration main according.,982.29,Education,Sad,WEEKEND_SPLURGER
23,2024-09-08,Myself so growth time.,1323.0,Food,Excited,WEEKEND_SPLURGER
23,2024-09-11,Worker range feel.,178.05,Leisure,Stressed,WEEKEND_SPLURGER
23,2024-09-15,Look fight.,2316.4,Travel,Excited,WEEKEND_SPLURGER
23,2024-09-15,Shake hand hundred now.,2073.69,Education,Stressed,WEEKEND_SPLURGER
23,2024-09-15,Challenge large wish move.,1701.46,Education,Happy,WEEKEND_SPLURGER
23,2024-09-17,Laugh red man fly charge.,989.97,Travel,Neutral,WEEKEND_SPLURGER
23,2024-09-17,Ahead picture son.,1887.08,Travel,Happy,WEEKEND_SPLURGER
23,2024-09-18,People newspaper stay.,104.3,Other,Excited,WEEKEND_SPLURGER
23,2024-09-18,Really society live camera.,73.94,Travel,Excited,WEEKEND_SPLURGER
23,2024-09-19,Five store ask data.,1652.25,Leisure,Excited,WEEKEND_SPLURGER
23,2024-09-19,Anyone bank kitchen interest parent.,180.2,Travel,Neutral,WEEKEND_SPLURGER
23,2024-09-21,Current hear claim well two.,3200.91,Travel,Excited,WEEKEND_SPLURGER
23,2024-09-21,Hundred challenge reach throughout.,2857.88,Education,Neutral,WEEKEND_SPLURGER
23,2024-09-25,Language budget market president.,424.33,Leisure,Excited,WEEKEND_SPLURGER
23,2024-09-25,Son rock two.,333.49,Other,Excited,WEEKEND_SPLURGER
23,2024-09-27,Already because education break significant.,705.85,Other,Excited,WEEKEND_SPLURGER
23,2024-10-01,Best generation group goal.,1529.94,Other,Excited,WEEKEND_SPLURGER
23,2024-10-04,Address century that wide.,640.08,Leisure,Stressed,WEEKEND_SPLURGER
23,2024-10-04,Condition all blood.,1604.97,Other,Sad,WEEKEND_SPLURGER
23,2024-10-05,Plant event score official now.,2146.31,Other,Happy,WEEKEND_SPLURGER
23,2024-10-06,Have including none.,909.36,Other,Happy,WEEKEND_SPLURGER
23,2024-10-06,American audience fight war whether.,2173.8,Leisure,Neutral,WEEKEND_SPLURGER
23,2024-10-07,Approach about because.,754.72,Leisure,Excited,WEEKEND_SPLURGER
23,2024-10-08,Night various return explain.,551.39,Leisure,Excited,WEEKEND_SPLURGER
23,2024-10-10,Moment red eight hand.,803.31,Other,Neutral,WEEKEND_SPLURGER
23,2024-10-10,Condition again successful.,1647.46,Education,Neutral,WEEKEND_SPLURGER
23,2024-10-14,Feeling manage as.,1064.69,Other,Happy,WEEKEND_SPLURGER
23,2024-10-15,Science drug.,228.19,Travel,Neutral,WEEKEND_SPLURGER
23,2024-10-16,Determine not view cell seat.,973.03,Food,Neutral,WEEKEND_SPLURGER
23,2024-10-17,Nation politics few each southern.,508.58,Education,Stressed,WEEKEND_SPLURGER
23,2024-10-18,Join black.,927.25,Travel,Excited,WEEKEND_SPLURGER
23,2024-10-22,Study fear turn any indicate.,1684.51,Other,Sad,WEEKEND_SPLURGER
23,2024-10-24,Month whom stage soon.,775.64,Travel,Excited,WEEKEND_SPLURGER
23,2024-10-25,Something future they red.,346.45,Leisure,Neutral,WEEKEND_SPLURGER
23,2024-10-25,Act way beat result major.,489.81,Leisure,Neutral,WEEKEND_SPLURGER
23,2024-10-26,East list when.,555.6,Education,Sad,WEEKEND_SPLURGER
23,2024-10-26,Citizen kid generation onto police.,2990.74,Travel,Neutral,WEEKEND_SPLURGER
23,2024-10-27,Door management guess.,3972.19,Leisure,Excited,WEEKEND_SPLURGER
23,2024-10-31,Investment pass drive.,574.94,Food,Excited,WEEKEND_SPLURGER
23,2024-10-31,Live way two.,65.94,Other,Excited,WEEKEND_SPLURGER
23,2024-11-02,Right analysis mention.,1260.9,Leisure,Excited,WEEKEND_SPLURGER
23,2024-11-05,Actually than modern season.,1279.24,Education,Stressed,WEEKEND_SPLURGER
23,2024-11-06,While bring yourself.,114.55,Education,Excited,WEEKEND_SPLURGER
23,2024-11-07,Store natural today season.,202.75,Other,Happy,WEEKEND_SPLURGER
23,2024-11-07,Art green child movie blue.,1495.08,Other,Happy,WEEKEND_SPLURGER
23,2024-11-08,Something fine apply gas sing.,115.86,Other,Sad,WEEKEND_SPLURGER
23,2024-11-08,Ground city still.,1249.24,Other,Neutral,WEEKEND_SPLURGER
23,2024-11-08,Billion land detail exist cover.,2284.59,Other,Happy,WEEKEND_SPLURGER
23,2024-11-08,Cultural allow.,756.38,Other,Happy,WEEKEND_SPLURGER
23,2024-11-09,Fact reason make office.,1065.18,Leisure,Neutral,WEEKEND_SPLURGER
23,2024-11-09,Discussion detail training fund.,2582.7,Other,Neutral,WEEKEND_SPLURGER
23,2024-11-11,Career according.,1358.17,Education,Neutral,WEEKEND_SPLURGER
23,2024-11-12,Method exactly.,285.14,Other,Neutral,WEEKEND_SPLURGER
23,2024-11-18,Career surface these ahead.,1210.79,Leisure,Excited,WEEKEND_SPLURGER
23,2024-11-19,Enter example down anyone occur.,2349.51,Education,Excited,WEEKEND_SPLURGER
23,2024-11-20,Same page ago director.,1902.41,Leisure,Stressed,WEEKEND_SPLURGER
23,2024-11-21,Off southern suddenly.,1786.19,Other,Excited,WEEKEND_SPLURGER
23,2024-11-21,Such final however major.,730.18,Travel,Neutral,WEEKEND_SPLURGER
23,2024-11-22,Claim move.,1187.45,Other,Excited,WEEKEND_SPLURGER
23,2024-11-23,Money modern receive partner.,84.37,Other,Happy,WEEKEND_SPLURGER
23,2024-11-24,Leg themselves away.,1960.53,Food,Stressed,WEEKEND_SPLURGER
23,2024-11-25,Support state.,1005.5,Other,Stressed,WEEKEND_SPLURGER
23,2024-11-26,As second animal summer group.,1598.02,Leisure,Neutral,WEEKEND_SPLURGER
23,2024-11-28,Woman meet report.,1192.25,Food,Excited,WEEKEND_SPLURGER
23,2024-12-01,Week yourself public especially american.,488.29,Leisure,Happy,WEEKEND_SPLURGER
23,2024-12-02,Oil per line create build.,908.8,Leisure,Sad,WEEKEND_SPLURGER
23,2024-12-03,Face his.,2664.52,Leisure,Neutral,WEEKEND_SPLURGER
23,2024-12-04,Current health serious.,438.53,Food,Excited,WEEKEND_SPLURGER
23,2024-12-04,Apply maybe dog yes.,717.0,Leisure,Happy,WEEKEND_SPLURGER
23,2024-12-04,Analysis hair rest wide.,1258.31,Food,Excited,WEEKEND_SPLURGER
23,2024-12-04,Probably conference sure administration debate.,632.08,Food,Excited,WEEKEND_SPLURGER
23,2024-12-06,Else easy point she.,213.46,Travel,Excited,WEEKEND_SPLURGER
23,2024-12-06,Like clear.,934.01,Food,Excited,WEEKEND_SPLURGER
23,2024-12-10,Hand possible relate night.,1047.85,Other,Stressed,WEEKEND_SPLURGER
23,2024-12-15,Help painting always.,40.82,Other,Neutral,WEEKEND_SPLURGER
23,2024-12-15,Store natural today season.,142.16,Other,Neutral,WEEKEND_SPLURGER
23,2024-12-16,Us decade.,946.85,Other,Neutral,WEEKEND_SPLURGER
23,2024-12-17,About usually.,1860.07,Education,Excited,WEEKEND_SPLURGER
23,2024-12-17,Paper memory history office.,1843.04,Leisure,Happy,WEEKEND_SPLURGER
23,2024-12-17,White measure manager range.,201.63,Leisure,Excited,WEEKEND_SPLURGER
23,2024-12-20,Day stock.,1414.19,Leisure,Neutral,WEEKEND_SPLURGER
23,2024-12-23,Heavy staff hotel box.,342.33,Leisure,Neutral,WEEKEND_SPLURGER
23,2024-12-24,Decide cultural start how thank.,1093.5,Education,Excited,WEEKEND_SPLURGER
23,2024-12-25,Keep light fight.,377.93,Leisure,Neutral,WEEKEND_SPLURGER
23,2024-12-26,Fear song save.,162.86,Other,Neutral,WEEKEND_SPLURGER
23,2024-12-30,Doctor news yourself.,62.23,Food,Stressed,WEEKEND_SPLURGER
23,2024-12-31,Security land record.,1250.99,Education,Happy,WEEKEND_SPLURGER
23,2025-01-01,Say other never fact.,368.27,Travel,Sad,WEEKEND_SPLURGER
23,2025-01-02,Nearly care base.,1467.0,Travel,Happy,WEEKEND_SPLURGER
23,2025-01-04,Later happy pull.,2607.9,Other,Happy,WEEKEND_SPLURGER
23,2025-01-05,Democratic recent student specific political.,436.51,Food,Happy,WEEKEND_SPLURGER
23,2025-01-06,Enter example down anyone occur.,2912.29,Education,Sad,WEEKEND_SPLURGER
23,2025-01-09,Democratic station course full.,842.68,Food,Excited,WEEKEND_SPLURGER
23,2025-01-09,Analysis color friend the.,1239.28,Education,Neutral,WEEKEND_SPLURGER
23,2025-01-09,Later week democratic few.,180.94,Other,Sad,WEEKEND_SPLURGER
23,2025-01-11,Project spring of.,945.1,Other,Neutral,WEEKEND_SPLURGER
23,2025-01-11,Mission put budget house.,231.14,Food,Sad,WEEKEND_SPLURGER
23,2025-01-11,Truth thing always possible.,997.8,Food,Excited,WEEKEND_SPLURGER
23,2025-01-12,Huge garden family.,2825.9,Leisure,Excited,WEEKEND_SPLURGER
23,2025-01-12,Security arm.,2158.25,Other,Neutral,WEEKEND_SPLURGER
23,2025-01-13,Partner sing administration main according.,637.71,Education,Excited,WEEKEND_SPLURGER
23,2025-01-13,Focus executive letter possible final.,1292.69,Other,Happy,WEEKEND_SPLURGER
23,2025-01-13,Three certain.,1082.15,Travel,Happy,WEEKEND_SPLURGER
23,2025-01-13,Face build market.,1800.51,Other,Excited,WEEKEND_SPLURGER
23,2025-01-15,New type pm.,1327.53,Leisure,Excited,WEEKEND_SPLURGER
23,2025-01-16,Career three according worker democrat.,2116.47,Food,Stressed,WEEKEND_SPLURGER
23,2025-01-16,Future congress.,972.29,Education,Neutral,WEEKEND_SPLURGER
23,2025-01-17,Base player data whose.,1184.78,Leisure,Excited,WEEKEND_SPLURGER
23,2025-01-17,Give white everybody paper create.,632.26,Leisure,Neutral,WEEKEND_SPLURGER
23,2025-01-18,Task central dinner.,1142.28,Other,Happy,WEEKEND_SPLURGER
23,2025-01-18,Bit appear.,1605.94,Education,Neutral,WEEKEND_SPLURGER
23,2025-01-22,Magazine degree husband around.,2564.74,Travel,Sad,WEEKEND_SPLURGER
23,2025-01-24,Keep cut prevent sound.,747.56,Leisure,Excited,WEEKEND_SPLURGER
23,2025-01-24,Leave opportunity draw during city.,276.0,Travel,Happy,WEEKEND_SPLURGER
23,2025-01-25,Boy generation.,857.1,Food,Excited,WEEKEND_SPLURGER
23,2025-01-26,Try wonder move trade.,1646.68,Travel,Excited,WEEKEND_SPLURGER
23,2025-01-26,Likely push.,868.88,Other,Neutral,WEEKEND_SPLURGER
23,2025-01-27,Tree note responsibility.,546.72,Education,Happy,WEEKEND_SPLURGER
23,2025-01-29,Surface expect several evening town.,406.49,Leisure,Happy,WEEKEND_SPLURGER
23,2025-01-29,Miss have analysis morning.,858.59,Leisure,Excited,WEEKEND_SPLURGER
23,2025-01-31,Call door.,647.7,Leisure,Excited,WEEKEND_SPLURGER
24,2024-08-02,Happy action.,715.74,Leisure,Happy,WEEKEND_SPLURGER
24,2024-08-02,Happy action.,697.81,Leisure,Neutral,WEEKEND_SPLURGER
24,2024-08-02,Election hit yourself wrong want.,522.51,Education,Neutral,WEEKEND_SPLURGER
24,2024-08-04,International effort.,1054.15,Leisure,Happy,WEEKEND_SPLURGER
24,2024-08-05,Citizen kid generation onto police.,2021.62,Travel,Happy,WEEKEND_SPLURGER
24,2024-08-05,Nearly want front shake.,814.49,Leisure,Stressed,WEEKEND_SPLURGER
24,2024-08-08,People newspaper stay.,44.68,Other,Stressed,WEEKEND_SPLURGER
24,2024-08-10,End dog.,1951.68,Other,Neutral,WEEKEND_SPLURGER
24,2024-08-10,Old wall report purpose.,1638.9,Leisure,Excited,WEEKEND_SPLURGER
24,2024-08-11,Whether century quality.,2189.93,Travel,Neutral,WEEKEND_SPLURGER
24,2024-08-12,Race mr.,635.7,Travel,Happy,WEEKEND_SPLURGER
24,2024-08-12,State husband.,975.97,Other,Excited,WEEKEND_SPLURGER
24,2024-08-12,Agreement someone.,1221.25,Other,Happy,WEEKEND_SPLURGER
24,2024-08-12,Believe arrive.,738.84,Leisure,Stressed,WEEKEND_SPLURGER
24,2024-08-13,Why station manager.,1211.96,Travel,Happy,WEEKEND_SPLURGER
24,2024-08-14,Discuss wall ahead scene.,733.03,Education,Neutral,WEEKEND_SPLURGER
24,2024-08-14,Management produce bed stage.,692.15,Other,Happy,WEEKEND_SPLURGER
24,2024-08-14,Space game truth special decision.,1068.44,Travel,Excited,WEEKEND_SPLURGER
24,2024-08-14,Approach side model you billion.,1116.32,Other,Happy,WEEKEND_SPLURGER
24,2024-08-17,Field seat start pm.,1441.75,Leisure,Excited,WEEKEND_SPLURGER
24,2024-08-17,Never condition.,106.24,Leisure,Neutral,WEEKEND_SPLURGER
24,2024-08-17,Ready goal amount.,1429.21,Other,Stressed,WEEKEND_SPLURGER
24,2024-08-19,Public particularly reality.,178.73,Other,Happy,WEEKEND_SPLURGER
24,2024-08-19,Bill beautiful issue.,1201.62,Food,Stressed,WEEKEND_SPLURGER
24,2024-08-19,Race mr.,877.04,Travel,Excited,WEEKEND_SPLURGER
24,2024-08-21,Edge surface who.,1186.17,Travel,Happy,WEEKEND_SPLURGER
24,2024-08-23,Go exactly much food region.,630.1,Food,Excited,WEEKEND_SPLURGER
24,2024-08-23,Even beautiful.,1747.62,Education,Happy,WEEKEND_SPLURGER
24,2024-08-25,Science drug.,616.29,Travel,Excited,WEEKEND_SPLURGER
24,2024-08-25,Way main difficult case.,1378.07,Leisure,Excited,WEEKEND_SPLURGER
24,2024-08-26,Democratic thousand.,432.04,Travel,Happy,WEEKEND_SPLURGER
24,2024-08-26,Talk interest hand.,334.03,Other,Excited,WEEKEND_SPLURGER
24,2024-08-27,Much section investment on gun.,1583.56,Other,Excited,WEEKEND_SPLURGER
24,2024-08-28,Dark mr clearly take.,1333.19,Education,Excited,WEEKEND_SPLURGER
24,2024-08-29,On must certainly.,1087.86,Leisure,Neutral,WEEKEND_SPLURGER
24,2024-08-29,Maybe painting republican.,1394.83,Food,Excited,WEEKEND_SPLURGER
24,2024-08-30,Remember ability.,802.84,Other,Happy,WEEKEND_SPLURGER
24,2024-08-30,Anyone here deep.,73.33,Travel,Sad,WEEKEND_SPLURGER
24,2024-08-31,Course out second carry.,3002.03,Education,Excited,WEEKEND_SPLURGER
24,2024-08-31,Smile cover of pm eight.,655.72,Travel,Excited,WEEKEND_SPLURGER
24,2024-08-31,Create physical share out cold.,383.19,Other,Stressed,WEEKEND_SPLURGER
24,2024-08-31,Law read citizen.,544.31,Other,Excited,WEEKEND_SPLURGER
24,2024-09-02,Name skill medical after them.,818.46,Other,Stressed,WEEKEND_SPLURGER
24,2024-09-03,Fight nice less agree able.,1250.66,Leisure,Stressed,WEEKEND_SPLURGER
24,2024-09-04,People tend weight machine.,369.27,Other,Happy,WEEKEND_SPLURGER
24,2024-09-04,Finish thing.,1089.9,Other,Neutral,WEEKEND_SPLURGER
24,2024-09-05,Grow laugh.,371.24,Education,Stressed,WEEKEND_SPLURGER
24,2024-09-06,Five store ask data.,1899.54,Leisure,Excited,WEEKEND_SPLURGER
24,2024-09-06,Consumer face.,1473.58,Leisure,Excited,WEEKEND_SPLURGER
24,2024-09-06,Also hard expert popular.,269.8,Food,Excited,WEEKEND_SPLURGER
24,2024-09-07,Mission put budget house.,264.35,Food,Excited,WEEKEND_SPLURGER
24,2024-09-08,Spend prove stock school.,2574.92,Food,Happy,WEEKEND_SPLURGER
24,2024-09-08,Risk develop movement size.,915.57,Other,Neutral,WEEKEND_SPLURGER
24,2024-09-10,Score each.,1622.11,Food,Excited,WEEKEND_SPLURGER
24,2024-09-10,Since nothing be apply.,370.02,Other,Happy,WEEKEND_SPLURGER
24,2024-09-10,Doctor population grow bar.,73.0,Food,Excited,WEEKEND_SPLURGER
24,2024-09-12,White likely teacher one.,2571.62,Leisure,Excited,WEEKEND_SPLURGER
24,2024-09-13,That reflect send set fly.,107.1,Leisure,Stressed,WEEKEND_SPLURGER
24,2024-09-13,Cost attorney.,1181.2,Travel,Happy,WEEKEND_SPLURGER
24,2024-09-14,Citizen street region.,901.42,Other,Happy,WEEKEND_SPLURGER
24,2024-09-14,Baby lawyer growth matter note.,2192.6,Leisure,Happy,WEEKEND_SPLURGER
24,2024-09-14,Wonder long consider care.,204.16,Other,Excited,WEEKEND_SPLURGER
24,2024-09-15,Later week democratic few.,424.35,Other,Neutral,WEEKEND_SPLURGER
24,2024-09-15,Sell only manage.,1110.86,Leisure,Happy,WEEKEND_SPLURGER
24,2024-09-15,Affect test.,322.04,Other,Excited,WEEKEND_SPLURGER
24,2024-09-15,Bit appear.,1466.76,Education,Excited,WEEKEND_SPLURGER
24,2024-09-16,Unit again easy morning four.,246.44,Other,Excited,WEEKEND_SPLURGER
24,2024-09-19,Already because education break significant.,1103.0,Other,Happy,WEEKEND_SPLURGER
24,2024-09-19,Result size feel no nothing.,224.07,Other,Sad,WEEKEND_SPLURGER
24,2024-09-19,Condition all blood.,1375.72,Other,Happy,WEEKEND_SPLURGER
24,2024-09-20,Later happy pull.,1150.46,Other,Happy,WEEKEND_SPLURGER
24,2024-09-21,Focus chance.,269.14,Food,Excited,WEEKEND_SPLURGER
24,2024-09-21,Effort drive side human.,844.54,Other,Stressed,WEEKEND_SPLURGER
24,2024-09-22,People education great.,4316.32,Education,Excited,WEEKEND_SPLURGER
24,2024-09-23,Why like impact fly.,1190.41,Other,Happy,WEEKEND_SPLURGER
24,2024-09-23,Those pressure street.,736.26,Other,Neutral,WEEKEND_SPLURGER
24,2024-09-24,Be plan same cause.,2489.73,Other,Stressed,WEEKEND_SPLURGER
24,2024-09-24,Star executive fear.,1727.06,Other,Happy,WEEKEND_SPLURGER
24,2024-09-25,Wonder long consider care.,118.79,Other,Happy,WEEKEND_SPLURGER
24,2024-09-26,Billion land detail exist cover.,1767.34,Other,Neutral,WEEKEND_SPLURGER
24,2024-09-26,Doctor population grow bar.,43.64,Food,Sad,WEEKEND_SPLURGER
24,2024-09-26,Assume campaign assume.,854.68,Leisure,Excited,WEEKEND_SPLURGER
24,2024-09-28,Score each.,1246.74,Food,Happy,WEEKEND_SPLURGER
24,2024-09-28,Apply maybe dog yes.,720.1,Leisure,Happy,WEEKEND_SPLURGER
24,2024-09-29,While same budget.,1794.57,Food,Excited,WEEKEND_SPLURGER
24,2024-09-30,Good house only military.,172.05,Other,Excited,WEEKEND_SPLURGER
24,2024-09-30,During call north attention.,433.59,Other,Neutral,WEEKEND_SPLURGER
24,2024-09-30,Anyone spend them system.,312.07,Education,Neutral,WEEKEND_SPLURGER
24,2024-10-01,Surface expect several evening town.,455.84,Leisure,Neutral,WEEKEND_SPLURGER
24,2024-10-02,Spend prove stock school.,1200.78,Food,Neutral,WEEKEND_SPLURGER
24,2024-10-02,Fear song save.,282.92,Other,Excited,WEEKEND_SPLURGER
24,2024-10-04,Wide exactly.,401.99,Leisure,Excited,WEEKEND_SPLURGER
24,2024-10-09,Law read citizen.,707.27,Other,Excited,WEEKEND_SPLURGER
24,2024-10-10,Involve thousand including.,273.79,Education,Stressed,WEEKEND_SPLURGER
24,2024-10-10,Paper beyond indeed.,954.81,Education,Excited,WEEKEND_SPLURGER
24,2024-10-12,List leg address into their.,1639.82,Travel,Excited,WEEKEND_SPLURGER
24,2024-10-12,Task improve fish.,2553.89,Leisure,Neutral,WEEKEND_SPLURGER
24,2024-10-17,Hair attorney professional.,1599.85,Travel,Neutral,WEEKEND_SPLURGER
24,2024-10-18,Past product make of group.,1515.38,Food,Neutral,WEEKEND_SPLURGER
24,2024-10-22,On must certainly.,1151.63,Leisure,Excited,WEEKEND_SPLURGER
24,2024-10-23,Authority number.,1581.7,Other,Neutral,WEEKEND_SPLURGER
24,2024-10-23,Major bar air set.,164.76,Travel,Excited,WEEKEND_SPLURGER
24,2024-10-23,Child group describe.,1221.11,Leisure,Sad,WEEKEND_SPLURGER
24,2024-10-23,Special information.,181.51,Food,Stressed,WEEKEND_SPLURGER
24,2024-10-25,Carry surface learn.,1438.55,Leisure,Happy,WEEKEND_SPLURGER
24,2024-10-25,Why like impact fly.,1223.02,Other,Excited,WEEKEND_SPLURGER
24,2024-10-26,Finish summer rest feel finally.,938.57,Travel,Happy,WEEKEND_SPLURGER
24,2024-10-29,Land region back nor article.,677.19,Other,Stressed,WEEKEND_SPLURGER
24,2024-10-31,Charge note space when collection.,1020.52,Leisure,Excited,WEEKEND_SPLURGER
24,2024-11-01,Off southern suddenly.,1031.36,Other,Stressed,WEEKEND_SPLURGER
24,2024-11-02,This manage her.,846.46,Other,Neutral,WEEKEND_SPLURGER
24,2024-11-03,Inside machine baby.,538.81,Leisure,Sad,WEEKEND_SPLURGER
24,2024-11-04,Toward child future low.,1381.08,Food,Excited,WEEKEND_SPLURGER
24,2024-11-05,Laugh red man fly charge.,651.89,Travel,Excited,WEEKEND_SPLURGER
24,2024-11-05,Dark mr clearly take.,1569.18,Education,Neutral,WEEKEND_SPLURGER
24,2024-11-08,Effect cultural.,825.39,Food,Stressed,WEEKEND_SPLURGER
24,2024-11-11,Doctor population grow bar.,44.56,Food,Stressed,WEEKEND_SPLURGER
24,2024-11-14,Talk thing rock ever summer.,973.09,Other,Happy,WEEKEND_SPLURGER
24,2024-11-14,Grow laugh.,219.9,Education,Excited,WEEKEND_SPLURGER
24,2024-11-15,Yard foot he share issue.,1334.74,Travel,Excited,WEEKEND_SPLURGER
24,2024-11-15,State none production defense your.,1095.35,Travel,Stressed,WEEKEND_SPLURGER
24,2024-11-16,Character usually agency.,815.61,Leisure,Excited,WEEKEND_SPLURGER
24,2024-11-16,Size republican political.,1604.08,Travel,Stressed,WEEKEND_SPLURGER
24,2024-11-18,Food affect upon these story.,1006.36,Leisure,Excited,WEEKEND_SPLURGER
24,2024-11-20,Attention standard shake more respond.,1282.79,Other,Excited,WEEKEND_SPLURGER
24,2024-11-20,Control piece behavior message wind.,595.52,Other,Neutral,WEEKEND_SPLURGER
24,2024-11-21,Discussion if continue policy.,201.25,Leisure,Happy,WEEKEND_SPLURGER
24,2024-11-22,Section national owner determine detail.,396.87,Other,Happy,WEEKEND_SPLURGER
24,2024-11-24,Land region back nor article.,773.25,Other,Excited,WEEKEND_SPLURGER
24,2024-11-25,Least ready activity decision ok.,1321.11,Other,Neutral,WEEKEND_SPLURGER
24,2024-11-25,Third coach congress husband.,320.02,Leisure,Excited,WEEKEND_SPLURGER
24,2024-11-25,Agreement someone.,1464.96,Other,Stressed,WEEKEND_SPLURGER
24,2024-11-26,Marriage participant.,1711.35,Other,Excited,WEEKEND_SPLURGER
24,2024-11-26,Something fine apply gas sing.,65.45,Other,Excited,WEEKEND_SPLURGER
24,2024-11-27,Strategy face make.,83.52,Other,Happy,WEEKEND_SPLURGER
24,2024-11-29,Yourself successful defense subject.,627.96,Leisure,Neutral,WEEKEND_SPLURGER
24,2024-11-29,Try opportunity public.,178.35,Other,Excited,WEEKEND_SPLURGER
24,2024-11-30,Administration network once.,2686.08,Other,Happy,WEEKEND_SPLURGER
24,2024-11-30,Forget once hope security.,1446.34,Travel,Stressed,WEEKEND_SPLURGER
24,2024-12-03,Heavy law church.,1165.69,Other,Happy,WEEKEND_SPLURGER
24,2024-12-03,Thousand live land hard.,2304.09,Food,Neutral,WEEKEND_SPLURGER
24,2024-12-03,Company left nothing trip.,436.86,Leisure,Excited,WEEKEND_SPLURGER
24,2024-12-04,Paper memory history office.,1558.7,Leisure,Neutral,WEEKEND_SPLURGER
24,2024-12-06,Very figure drive special.,2076.24,Other,Stressed,WEEKEND_SPLURGER
24,2024-12-06,Deep test thought.,1179.92,Other,Excited,WEEKEND_SPLURGER
24,2024-12-06,Above dog brother morning.,1666.35,Food,Sad,WEEKEND_SPLURGER
24,2024-12-08,Letter mind many.,2628.27,Other,Neutral,WEEKEND_SPLURGER
24,2024-12-10,Thought sit identify culture.,1960.05,Travel,Happy,WEEKEND_SPLURGER
24,2024-12-12,New type pm.,1405.5,Leisure,Neutral,WEEKEND_SPLURGER
24,2024-12-12,Either rich agency might.,1823.08,Other,Stressed,WEEKEND_SPLURGER
24,2024-12-14,Important source first him.,211.63,Other,Sad,WEEKEND_SPLURGER
24,2024-12-16,Might necessary former.,931.2,Travel,Excited,WEEKEND_SPLURGER
24,2024-12-16,Law read citizen.,472.91,Other,Excited,WEEKEND_SPLURGER
24,2024-12-17,Expert movement reach man.,563.71,Other,Sad,WEEKEND_SPLURGER
24,2024-12-18,Year him thank trade.,1087.01,Leisure,Excited,WEEKEND_SPLURGER
24,2024-12-20,Movement door kind.,1093.08,Travel,Neutral,WEEKEND_SPLURGER
24,2024-12-21,Evidence enough claim suffer.,304.48,Leisure,Neutral,WEEKEND_SPLURGER
24,2024-12-26,Leave opportunity draw during city.,229.53,Travel,Excited,WEEKEND_SPLURGER
24,2024-12-27,None pressure lay future stay.,473.44,Leisure,Excited,WEEKEND_SPLURGER
24,2024-12-27,Number budget.,774.75,Other,Neutral,WEEKEND_SPLURGER
24,2024-12-27,Difference world deep.,1278.28,Food,Happy,WEEKEND_SPLURGER
24,2024-12-28,Try opportunity public.,348.91,Other,Sad,WEEKEND_SPLURGER
24,2024-12-30,Win group important civil nature.,880.74,Other,Excited,WEEKEND_SPLURGER
24,2024-12-30,Star executive fear.,782.41,Other,Excited,WEEKEND_SPLURGER
24,2024-12-30,Could gun.,1237.91,Leisure,Sad,WEEKEND_SPLURGER
24,2024-12-30,Economic box save.,433.34,Other,Excited,WEEKEND_SPLURGER
24,2024-12-31,Raise hope enjoy most.,1222.29,Leisure,Excited,WEEKEND_SPLURGER
24,2024-12-31,Minute question their rather.,326.84,Food,Happy,WEEKEND_SPLURGER
24,2025-01-04,Statement available win politics.,526.29,Leisure,Neutral,WEEKEND_SPLURGER
24,2025-01-04,Store bit responsibility brother.,1319.25,Other,Neutral,WEEKEND_SPLURGER
24,2025-01-04,Expert movement reach man.,1164.62,Other,Excited,WEEKEND_SPLURGER
24,2025-01-04,Feel color price next.,2582.9,Travel,Excited,WEEKEND_SPLURGER
24,2025-01-04,Feel season similar.,3247.6,Food,Excited,WEEKEND_SPLURGER
24,2025-01-05,Development the inside thought.,1120.48,Education,Happy,WEEKEND_SPLURGER
24,2025-01-05,Write other wear through partner.,36.8,Other,Excited,WEEKEND_SPLURGER
24,2025-01-06,Charge form here.,271.51,Education,Happy,WEEKEND_SPLURGER
24,2025-01-06,White fire cause everybody.,703.6,Education,Neutral,WEEKEND_SPLURGER
24,2025-01-08,Of interview fine.,2139.06,Food,Happy,WEEKEND_SPLURGER
24,2025-01-08,What than political up instead.,454.19,Travel,Stressed,WEEKEND_SPLURGER
24,2025-01-09,Central contain pattern education boy.,1025.99,Leisure,Happy,WEEKEND_SPLURGER
24,2025-01-09,Sure authority increase picture create.,1658.78,Leisure,Excited,WEEKEND_SPLURGER
24,2025-01-09,Few spring raise.,578.81,Travel,Sad,WEEKEND_SPLURGER
24,2025-01-11,Good anything manager think pressure.,398.41,Education,Stressed,WEEKEND_SPLURGER
24,2025-01-13,Door management guess.,2135.01,Leisure,Excited,WEEKEND_SPLURGER
24,2025-01-14,Real know our any.,1468.49,Other,Excited,WEEKEND_SPLURGER
24,2025-01-14,Require bank child.,595.0,Other,Excited,WEEKEND_SPLURGER
24,2025-01-15,Bed recognize store.,412.7,Education,Excited,WEEKEND_SPLURGER
24,2025-01-15,Night various return explain.,483.87,Leisure,Happy,WEEKEND_SPLURGER
24,2025-01-16,Popular available public economy.,926.05,Other,Excited,WEEKEND_SPLURGER
24,2025-01-18,You ready way rule.,1362.16,Food,Sad,WEEKEND_SPLURGER
24,2025-01-19,Size sing tree kitchen.,916.55,Travel,Neutral,WEEKEND_SPLURGER
24,2025-01-21,Turn put professional.,442.74,Other,Excited,WEEKEND_SPLURGER
24,2025-01-21,Should page camera.,361.52,Education,Happy,WEEKEND_SPLURGER
24,2025-01-21,House clear say hope.,1853.55,Leisure,Happy,WEEKEND_SPLURGER
24,2025-01-23,Hand possible relate night.,1249.72,Other,Neutral,WEEKEND_SPLURGER
24,2025-01-23,Approach about because.,543.71,Leisure,Excited,WEEKEND_SPLURGER
24,2025-01-25,House clear say hope.,3946.11,Leisure,Excited,WEEKEND_SPLURGER
24,2025-01-25,Player really act friend.,2487.46,Travel,Neutral,WEEKEND_SPLURGER
24,2025-01-25,Marriage participant.,1676.77,Other,Neutral,WEEKEND_SPLURGER
24,2025-01-26,Building range national focus.,706.86,Leisure,Stressed,WEEKEND_SPLURGER
24,2025-01-27,Decade trade field training.,478.69,Leisure,Excited,WEEKEND_SPLURGER
24,2025-01-28,Actually purpose public.,151.46,Education,Excited,WEEKEND_SPLURGER
24,2025-01-31,Senior difficult put.,592.98,Leisure,Stressed,WEEKEND_SPLURGER
25,2024-08-01,Truth thing always possible.,607.91,Food,Happy,WEEKEND_SPLURGER
25,2024-08-02,Growth appear project.,125.45,Food,Neutral,WEEKEND_SPLURGER
25,2024-08-04,Officer fine.,2680.61,Leisure,Happy,WEEKEND_SPLURGER
25,2024-08-04,Child group describe.,1510.75,Leisure,Excited,WEEKEND_SPLURGER
25,2024-08-05,Quite general there sister.,641.02,Food,Neutral,WEEKEND_SPLURGER
25,2024-08-07,Camera sit environmental though.,2528.22,Other,Happy,WEEKEND_SPLURGER
25,2024-08-09,Arrive society.,850.91,Leisure,Happy,WEEKEND_SPLURGER
25,2024-08-09,Could gun.,1461.26,Leisure,Happy,WEEKEND_SPLURGER
25,2024-08-09,Building range national focus.,525.09,Leisure,Neutral,WEEKEND_SPLURGER
25,2024-08-11,Something fine apply gas sing.,116.08,Other,Excited,WEEKEND_SPLURGER
25,2024-08-11,Reduce hour fish him.,529.57,Leisure,Happy,WEEKEND_SPLURGER
25,2024-08-12,Trip determine as statement.,546.1,Other,Happy,WEEKEND_SPLURGER
25,2024-08-14,Language budget market president.,565.09,Leisure,Excited,WEEKEND_SPLURGER
25,2024-08-14,Each author party full kitchen.,917.23,Food,Excited,WEEKEND_SPLURGER
25,2024-08-15,Very figure drive special.,1616.47,Other,Happy,WEEKEND_SPLURGER
25,2024-08-16,Strategy face make.,139.01,Other,Happy,WEEKEND_SPLURGER
25,2024-08-17,Thing physical might.,3077.64,Other,Happy,WEEKEND_SPLURGER
25,2024-08-18,Approach about because.,809.08,Leisure,Happy,WEEKEND_SPLURGER
25,2024-08-19,Take family chance.,1441.57,Other,Neutral,WEEKEND_SPLURGER
25,2024-08-21,Big the cost for leader.,380.7,Leisure,Stressed,WEEKEND_SPLURGER
25,2024-08-22,Condition all blood.,920.78,Other,Neutral,WEEKEND_SPLURGER
25,2024-08-23,National free.,793.39,Other,Happy,WEEKEND_SPLURGER
25,2024-08-24,North question new.,1985.68,Education,Happy,WEEKEND_SPLURGER
25,2024-08-26,As throughout individual list manager.,1474.53,Other,Neutral,WEEKEND_SPLURGER
25,2024-08-29,Change she tonight.,1071.78,Travel,Excited,WEEKEND_SPLURGER
25,2024-08-29,Career three according worker democrat.,1465.32,Food,Excited,WEEKEND_SPLURGER
25,2024-08-30,Since nothing be apply.,249.06,Other,Excited,WEEKEND_SPLURGER
25,2024-09-01,Quite everyone as generation.,2229.28,Other,Stressed,WEEKEND_SPLURGER
25,2024-09-02,Security land record.,784.69,Education,Happy,WEEKEND_SPLURGER
25,2024-09-03,Size republican political.,810.17,Travel,Happy,WEEKEND_SPLURGER
25,2024-09-04,To receive education.,408.4,Leisure,Neutral,WEEKEND_SPLURGER
25,2024-09-05,Anyone spend them system.,481.26,Education,Excited,WEEKEND_SPLURGER
25,2024-09-05,Like clear.,821.05,Food,Sad,WEEKEND_SPLURGER
25,2024-09-08,Administration network once.,2032.31,Other,Stressed,WEEKEND_SPLURGER
25,2024-09-10,Expert involve oil.,123.51,Education,Excited,WEEKEND_SPLURGER
25,2024-09-11,Among black picture that treat.,1482.48,Education,Excited,WEEKEND_SPLURGER
25,2024-09-13,Decide cultural start how thank.,650.88,Education,Excited,WEEKEND_SPLURGER
25,2024-09-13,Expert movement reach man.,629.51,Other,Neutral,WEEKEND_SPLURGER
25,2024-09-14,Development the inside thought.,1602.79,Education,Happy,WEEKEND_SPLURGER
25,2024-09-17,Scientist do author.,1401.89,Education,Neutral,WEEKEND_SPLURGER
25,2024-09-21,Day stock.,3158.54,Leisure,Excited,WEEKEND_SPLURGER
25,2024-09-22,Right know during someone.,1756.97,Travel,Happy,WEEKEND_SPLURGER
25,2024-09-23,Charge form here.,134.53,Education,Neutral,WEEKEND_SPLURGER
25,2024-09-23,Time surface learn design.,369.28,Other,Excited,WEEKEND_SPLURGER
25,2024-09-25,Present discussion.,834.37,Education,Neutral,WEEKEND_SPLURGER
25,2024-09-25,At decade really issue.,1185.26,Leisure,Excited,WEEKEND_SPLURGER
25,2024-09-26,Until truth feeling view.,321.1,Other,Excited,WEEKEND_SPLURGER
25,2024-09-26,Pattern ahead compare form full.,604.16,Other,Stressed,WEEKEND_SPLURGER
25,2024-09-27,Officer fine.,973.29,Leisure,Excited,WEEKEND_SPLURGER
25,2024-09-28,Beat light the window.,1400.86,Education,Neutral,WEEKEND_SPLURGER
25,2024-10-01,Good house only military.,161.52,Other,Sad,WEEKEND_SPLURGER
25,2024-10-01,Pretty section degree still.,133.04,Other,Happy,WEEKEND_SPLURGER
25,2024-10-01,Sure i pay.,748.63,Other,Neutral,WEEKEND_SPLURGER
25,2024-10-03,Until truth feeling view.,665.82,Other,Happy,WEEKEND_SPLURGER
25,2024-10-03,Quite as when.,686.7,Other,Excited,WEEKEND_SPLURGER
25,2024-10-08,Expert involve oil.,79.57,Education,Excited,WEEKEND_SPLURGER
25,2024-10-09,Age decade mrs data.,427.81,Food,Happy,WEEKEND_SPLURGER
25,2024-10-10,Already because education break significant.,828.16,Other,Neutral,WEEKEND_SPLURGER
25,2024-10-11,Section national owner determine detail.,350.77,Other,Sad,WEEKEND_SPLURGER
25,2024-10-11,Condition again successful.,1504.52,Education,Stressed,WEEKEND_SPLURGER
25,2024-10-14,Activity decide really go.,926.65,Food,Excited,WEEKEND_SPLURGER
25,2024-10-15,Listen whose situation simply officer.,385.77,Education,Excited,WEEKEND_SPLURGER
25,2024-10-15,Section agency lawyer sign them.,2530.48,Other,Neutral,WEEKEND_SPLURGER
25,2024-10-15,Effort drive side human.,506.6,Other,Excited,WEEKEND_SPLURGER
25,2024-10-18,Development middle animal.,205.99,Education,Happy,WEEKEND_SPLURGER
25,2024-10-22,Surface expect several evening town.,303.89,Leisure,Neutral,WEEKEND_SPLURGER
25,2024-10-23,Keep light fight.,352.42,Leisure,Happy,WEEKEND_SPLURGER
25,2024-10-25,International effort.,764.63,Leisure,Excited,WEEKEND_SPLURGER
25,2024-10-25,Explain research.,1875.0,Other,Excited,WEEKEND_SPLURGER
25,2024-10-25,Trip determine as statement.,1181.17,Other,Happy,WEEKEND_SPLURGER
25,2024-10-25,Think live bad total research.,894.4,Leisure,Excited,WEEKEND_SPLURGER
25,2024-10-27,Keep cut prevent sound.,2325.05,Leisure,Sad,WEEKEND_SPLURGER
25,2024-10-28,Thought sit identify culture.,1910.44,Travel,Excited,WEEKEND_SPLURGER
25,2024-10-30,Member box.,1479.89,Leisure,Happy,WEEKEND_SPLURGER
25,2024-10-31,Let stay or focus.,513.13,Other,Sad,WEEKEND_SPLURGER
25,2024-11-02,Authority number.,2437.6,Other,Happy,WEEKEND_SPLURGER
25,2024-11-02,Treatment relate positive.,1280.86,Food,Neutral,WEEKEND_SPLURGER
25,2024-11-02,Somebody son suddenly perform.,256.56,Leisure,Excited,WEEKEND_SPLURGER
25,2024-11-02,Course staff personal space.,2333.33,Leisure,Happy,WEEKEND_SPLURGER
25,2024-11-03,How any federal star.,1134.09,Other,Happy,WEEKEND_SPLURGER
25,2024-11-04,Many themselves minute.,1345.15,Other,Excited,WEEKEND_SPLURGER
25,2024-11-07,Myself so growth time.,928.83,Food,Neutral,WEEKEND_SPLURGER
25,2024-11-07,Network never.,285.97,Food,Excited,WEEKEND_SPLURGER
25,2024-11-09,Call whole.,719.3,Leisure,Neutral,WEEKEND_SPLURGER
25,2024-11-12,Ready goal amount.,730.17,Other,Stressed,WEEKEND_SPLURGER
25,2024-11-13,Along hard need involve among.,261.14,Leisure,Happy,WEEKEND_SPLURGER
25,2024-11-14,Keep cut prevent sound.,851.14,Leisure,Happy,WEEKEND_SPLURGER
25,2024-11-15,Claim move.,2336.74,Other,Neutral,WEEKEND_SPLURGER
25,2024-11-16,Paper memory history office.,1798.69,Leisure,Excited,WEEKEND_SPLURGER
25,2024-11-17,Almost outside middle.,534.96,Other,Sad,WEEKEND_SPLURGER
25,2024-11-17,Line score whether.,3205.22,Travel,Excited,WEEKEND_SPLURGER
25,2024-11-18,Natural together.,725.81,Other,Happy,WEEKEND_SPLURGER
25,2024-11-18,Inside machine baby.,133.04,Leisure,Happy,WEEKEND_SPLURGER
25,2024-11-20,Story case.,1168.45,Leisure,Excited,WEEKEND_SPLURGER
25,2024-11-24,Smile have less.,788.21,Other,Happy,WEEKEND_SPLURGER
25,2024-11-24,Enter capital population.,376.39,Other,Neutral,WEEKEND_SPLURGER
25,2024-11-24,Pattern ahead compare form full.,1573.92,Other,Excited,WEEKEND_SPLURGER
25,2024-11-25,Analysis four capital.,1260.81,Travel,Neutral,WEEKEND_SPLURGER
25,2024-11-26,Win group important civil nature.,827.44,Other,Neutral,WEEKEND_SPLURGER
25,2024-11-26,Technology tend.,149.55,Leisure,Sad,WEEKEND_SPLURGER
25,2024-11-27,Election hit yourself wrong want.,542.49,Education,Happy,WEEKEND_SPLURGER
25,2024-11-27,Difference way type positive phone.,681.81,Education,Neutral,WEEKEND_SPLURGER
25,2024-11-27,Go consider century price.,518.32,Food,Happy,WEEKEND_SPLURGER
25,2024-11-28,High issue deal democratic.,557.23,Education,Neutral,WEEKEND_SPLURGER
25,2024-11-28,Tough animal someone.,1217.12,Leisure,Excited,WEEKEND_SPLURGER
25,2024-11-29,Until choose wife national.,873.1,Education,Stressed,WEEKEND_SPLURGER
25,2024-11-29,Country little reality level.,320.3,Leisure,Happy,WEEKEND_SPLURGER
25,2024-11-30,Go consider century price.,673.09,Food,Happy,WEEKEND_SPLURGER
25,2024-12-01,Safe whole establish.,825.39,Leisure,Stressed,WEEKEND_SPLURGER
25,2024-12-01,Order his oil west school.,3401.14,Food,Excited,WEEKEND_SPLURGER
25,2024-12-01,Smile high open scientist.,3457.97,Food,Neutral,WEEKEND_SPLURGER
25,2024-12-03,Mind door authority outside.,559.7,Travel,Excited,WEEKEND_SPLURGER
25,2024-12-04,Water positive child usually.,493.69,Leisure,Happy,WEEKEND_SPLURGER
25,2024-12-05,Budget remain reduce.,1483.62,Education,Happy,WEEKEND_SPLURGER
25,2024-12-07,Third rich hospital.,250.31,Education,Neutral,WEEKEND_SPLURGER
25,2024-12-07,Discuss wall ahead scene.,1906.98,Education,Happy,WEEKEND_SPLURGER
25,2024-12-08,Walk anything.,770.15,Leisure,Excited,WEEKEND_SPLURGER
25,2024-12-10,Leave bar prevent require.,673.36,Other,Happy,WEEKEND_SPLURGER
25,2024-12-12,Future treat bill choice.,811.27,Other,Stressed,WEEKEND_SPLURGER
25,2024-12-13,Reflect star.,1214.04,Leisure,Stressed,WEEKEND_SPLURGER
25,2024-12-14,Drug happy will young simply.,462.37,Travel,Happy,WEEKEND_SPLURGER
25,2024-12-14,Recent feeling.,2648.88,Leisure,Happy,WEEKEND_SPLURGER
25,2024-12-15,Wife talk beat tax majority.,2307.34,Food,Excited,WEEKEND_SPLURGER
25,2024-12-15,Increase consider.,822.1,Other,Excited,WEEKEND_SPLURGER
25,2024-12-17,Cold reason our.,166.24,Leisure,Sad,WEEKEND_SPLURGER
25,2024-12-17,Miss reduce animal clearly cell.,612.49,Other,Happy,WEEKEND_SPLURGER
25,2024-12-20,Quite general there sister.,1214.68,Food,Excited,WEEKEND_SPLURGER
25,2024-12-21,Officer fine.,2276.31,Leisure,Sad,WEEKEND_SPLURGER
25,2024-12-22,Draw change agree someone.,992.35,Food,Sad,WEEKEND_SPLURGER
25,2024-12-22,Daughter war.,764.11,Leisure,Happy,WEEKEND_SPLURGER
25,2024-12-24,Pattern ahead compare form full.,517.56,Other,Stressed,WEEKEND_SPLURGER
25,2024-12-25,Ahead certainly second everyone.,2078.27,Leisure,Excited,WEEKEND_SPLURGER
25,2024-12-25,Material less focus hear.,818.44,Travel,Sad,WEEKEND_SPLURGER
25,2024-12-26,Idea seek.,74.96,Other,Sad,WEEKEND_SPLURGER
25,2024-12-26,Feeling manage as.,1863.7,Other,Excited,WEEKEND_SPLURGER
25,2024-12-27,Sell include himself produce.,834.01,Other,Stressed,WEEKEND_SPLURGER
25,2024-12-27,Big look tell prepare.,224.72,Leisure,Stressed,WEEKEND_SPLURGER
25,2024-12-28,List leg address into their.,2476.03,Travel,Sad,WEEKEND_SPLURGER
25,2024-12-30,Price my.,787.19,Education,Excited,WEEKEND_SPLURGER
25,2024-12-30,Probably conference sure administration debate.,697.27,Food,Excited,WEEKEND_SPLURGER
25,2025-01-02,Career including late condition opportunity.,368.26,Education,Happy,WEEKEND_SPLURGER
25,2025-01-04,Child group describe.,2739.1,Leisure,Happy,WEEKEND_SPLURGER
25,2025-01-04,Attack mouth rest contain.,1510.41,Travel,Happy,WEEKEND_SPLURGER
25,2025-01-06,Part crime.,1022.32,Food,Excited,WEEKEND_SPLURGER
25,2025-01-06,Guess service this different.,870.5,Leisure,Excited,WEEKEND_SPLURGER
25,2025-01-08,Adult above safe.,930.74,Leisure,Happy,WEEKEND_SPLURGER
25,2025-01-08,Hundred step according.,1124.13,Food,Happy,WEEKEND_SPLURGER
25,2025-01-10,Why like impact fly.,1839.97,Other,Excited,WEEKEND_SPLURGER
25,2025-01-11,Doctor news yourself.,185.73,Food,Happy,WEEKEND_SPLURGER
25,2025-01-13,National back everybody direction budget.,169.91,Other,Excited,WEEKEND_SPLURGER
25,2025-01-13,Second full boy.,954.91,Travel,Happy,WEEKEND_SPLURGER
25,2025-01-14,We especially five network.,2042.53,Food,Sad,WEEKEND_SPLURGER
25,2025-01-19,Approach join stuff future.,3464.35,Education,Happy,WEEKEND_SPLURGER
25,2025-01-20,Effect people.,877.22,Food,Happy,WEEKEND_SPLURGER
25,2025-01-21,None pressure lay future stay.,1151.38,Leisure,Excited,WEEKEND_SPLURGER
25,2025-01-22,Leader operation mean white.,569.46,Education,Sad,WEEKEND_SPLURGER
25,2025-01-23,Management produce bed stage.,520.47,Other,Neutral,WEEKEND_SPLURGER
25,2025-01-24,Occur college herself.,427.13,Other,Excited,WEEKEND_SPLURGER
25,2025-01-25,Form newspaper.,1103.25,Other,Excited,WEEKEND_SPLURGER
25,2025-01-25,Growth appear project.,99.2,Food,Excited,WEEKEND_SPLURGER
25,2025-01-26,Agent say forward us.,1373.56,Education,Excited,WEEKEND_SPLURGER
25,2025-01-26,Song difference part wall require.,1991.98,Leisure,Sad,WEEKEND_SPLURGER
25,2025-01-27,Money a.,285.02,Other,Excited,WEEKEND_SPLURGER
25,2025-01-28,These road.,862.84,Education,Happy,WEEKEND_SPLURGER
25,2025-01-28,Talk interest hand.,907.99,Other,Excited,WEEKEND_SPLURGER
25,2025-01-28,Yet wish certain usually.,1066.28,Food,Happy,WEEKEND_SPLURGER
25,2025-01-28,Positive participant fear blue as.,15.41,Leisure,Stressed,WEEKEND_SPLURGER
25,2025-01-29,Difference world deep.,1806.53,Food,Neutral,WEEKEND_SPLURGER
25,2025-01-29,Method everything.,596.49,Leisure,Excited,WEEKEND_SPLURGER
26,2024-08-01,Future treat bill choice.,382.75,Other,Neutral,WEEKEND_SPLURGER
26,2024-08-02,Tv budget system book.,2459.23,Leisure,Excited,WEEKEND_SPLURGER
26,2024-08-02,Deal information.,1740.49,Food,Happy,WEEKEND_SPLURGER
26,2024-08-04,Ability live.,3694.56,Travel,Neutral,WEEKEND_SPLURGER
26,2024-08-06,Amount bad raise.,826.87,Other,Happy,WEEKEND_SPLURGER
26,2024-08-06,Number budget.,1120.81,Other,Neutral,WEEKEND_SPLURGER
26,2024-08-06,Hear officer.,1379.35,Leisure,Stressed,WEEKEND_SPLURGER
26,2024-08-06,Happen a point here control.,261.59,Other,Excited,WEEKEND_SPLURGER
26,2024-08-07,Turn both in animal.,2422.2,Leisure,Neutral,WEEKEND_SPLURGER
26,2024-08-07,Stuff avoid.,675.11,Other,Excited,WEEKEND_SPLURGER
26,2024-08-07,Example decision garden.,198.17,Leisure,Happy,WEEKEND_SPLURGER
26,2024-08-08,I fund.,548.48,Leisure,Stressed,WEEKEND_SPLURGER
26,2024-08-09,Us perhaps lawyer interest star.,795.84,Other,Neutral,WEEKEND_SPLURGER
26,2024-08-11,Such final however major.,2291.89,Travel,Happy,WEEKEND_SPLURGER
26,2024-08-11,Material produce station visit environmental.,1453.38,Other,Stressed,WEEKEND_SPLURGER
26,2024-08-11,North question new.,2385.15,Education,Excited,WEEKEND_SPLURGER
26,2024-08-13,Public particularly reality.,287.72,Other,Neutral,WEEKEND_SPLURGER
26,2024-08-15,Art green child movie blue.,1407.32,Other,Excited,WEEKEND_SPLURGER
26,2024-08-15,Country little reality level.,327.23,Leisure,Excited,WEEKEND_SPLURGER
26,2024-08-17,Inside big minute.,337.7,Leisure,Neutral,WEEKEND_SPLURGER
26,2024-08-17,Day already hold.,760.26,Other,Sad,WEEKEND_SPLURGER
26,2024-08-17,Not friend federal forget bit.,1769.75,Other,Excited,WEEKEND_SPLURGER
26,2024-08-20,Look fight.,1386.89,Travel,Stressed,WEEKEND_SPLURGER
26,2024-08-21,And student give score agree.,1519.23,Other,Happy,WEEKEND_SPLURGER
26,2024-08-22,Industry impact certainly.,750.6,Other,Sad,WEEKEND_SPLURGER
26,2024-08-23,Book toward.,1004.17,Leisure,Happy,WEEKEND_SPLURGER
26,2024-08-23,Them key.,1579.42,Travel,Excited,WEEKEND_SPLURGER
26,2024-08-23,Church own stage.,1124.15,Travel,Excited,WEEKEND_SPLURGER
26,2024-08-23,List already positive experience television.,2432.58,Leisure,Excited,WEEKEND_SPLURGER
26,2024-08-23,Forward would finish around.,785.62,Food,Neutral,WEEKEND_SPLURGER
26,2024-08-24,Pressure hospital significant.,161.08,Travel,Sad,WEEKEND_SPLURGER
26,2024-08-28,Challenge large wish move.,738.5,Education,Neutral,WEEKEND_SPLURGER
26,2024-08-29,Positive question especially.,1219.83,Food,Neutral,WEEKEND_SPLURGER
26,2024-08-29,Right analysis mention.,503.26,Leisure,Excited,WEEKEND_SPLURGER
26,2024-08-30,Exist theory.,791.18,Other,Stressed,WEEKEND_SPLURGER
26,2024-08-30,Partner sing administration main according.,378.87,Education,Neutral,WEEKEND_SPLURGER
26,2024-08-31,Why station manager.,1820.93,Travel,Excited,WEEKEND_SPLURGER
26,2024-09-01,Might necessary former.,1747.37,Travel,Excited,WEEKEND_SPLURGER
26,2024-09-01,Respond into history.,367.46,Other,Excited,WEEKEND_SPLURGER
26,2024-09-02,Including let result spend.,1245.63,Travel,Happy,WEEKEND_SPLURGER
26,2024-09-03,Ever day.,974.01,Leisure,Happy,WEEKEND_SPLURGER
26,2024-09-03,Gas contain interest industry sell.,776.64,Other,Sad,WEEKEND_SPLURGER
26,2024-09-05,East list when.,1005.13,Education,Excited,WEEKEND_SPLURGER
26,2024-09-05,Within prove full.,348.45,Education,Excited,WEEKEND_SPLURGER
26,2024-09-05,Scientist i doctor.,680.23,Education,Excited,WEEKEND_SPLURGER
26,2024-09-06,Popular available public economy.,1142.29,Other,Excited,WEEKEND_SPLURGER
26,2024-09-07,Act way beat result major.,1038.06,Leisure,Stressed,WEEKEND_SPLURGER
26,2024-09-07,Since him four.,2859.08,Education,Excited,WEEKEND_SPLURGER
26,2024-09-07,Lawyer writer health.,4175.27,Education,Neutral,WEEKEND_SPLURGER
26,2024-09-07,Program decade home which view.,783.36,Travel,Neutral,WEEKEND_SPLURGER
26,2024-09-07,Ahead certainly second everyone.,3493.57,Leisure,Excited,WEEKEND_SPLURGER
26,2024-09-07,Rest or.,3573.49,Travel,Excited,WEEKEND_SPLURGER
26,2024-09-08,Account assume prove similar ten.,3660.58,Education,Excited,WEEKEND_SPLURGER
26,2024-09-09,Market specific property coach.,609.53,Leisure,Happy,WEEKEND_SPLURGER
26,2024-09-09,Democrat hundred.,136.22,Other,Excited,WEEKEND_SPLURGER
26,2024-09-09,Member box.,587.69,Leisure,Neutral,WEEKEND_SPLURGER
26,2024-09-11,Reach step son.,613.64,Other,Excited,WEEKEND_SPLURGER
26,2024-09-11,Manager bar send really.,1696.87,Travel,Happy,WEEKEND_SPLURGER
26,2024-09-11,Position make society behavior.,352.9,Travel,Excited,WEEKEND_SPLURGER
26,2024-09-11,Southern evening ask republican.,1571.07,Other,Happy,WEEKEND_SPLURGER
26,2024-09-12,Feel special.,1571.27,Other,Sad,WEEKEND_SPLURGER
26,2024-09-12,Fact reason make office.,719.69,Leisure,Sad,WEEKEND_SPLURGER
26,2024-09-13,Finish without.,75.0,Other,Neutral,WEEKEND_SPLURGER
26,2024-09-14,Course out second carry.,3200.62,Education,Excited,WEEKEND_SPLURGER
26,2024-09-14,Effort drive side human.,1135.04,Other,Excited,WEEKEND_SPLURGER
26,2024-09-15,Play recently sure somebody.,2731.46,Leisure,Excited,WEEKEND_SPLURGER
26,2024-09-15,Your less social form.,1741.41,Food,Excited,WEEKEND_SPLURGER
26,2024-09-16,Tv budget system book.,1835.18,Leisure,Happy,WEEKEND_SPLURGER
26,2024-09-17,Health image.,523.3,Other,Stressed,WEEKEND_SPLURGER
26,2024-09-17,Wonder long consider care.,252.99,Other,Excited,WEEKEND_SPLURGER
26,2024-09-18,While bring yourself.,86.99,Education,Neutral,WEEKEND_SPLURGER
26,2024-09-18,President chance hotel through.,1787.89,Other,Sad,WEEKEND_SPLURGER
26,2024-09-19,How trip learn enter.,1083.38,Food,Neutral,WEEKEND_SPLURGER
26,2024-09-19,Former able public trade.,712.33,Food,Excited,WEEKEND_SPLURGER
26,2024-09-20,Discussion black follow.,446.3,Leisure,Happy,WEEKEND_SPLURGER
26,2024-09-21,Major bar air set.,490.68,Travel,Happy,WEEKEND_SPLURGER
26,2024-09-22,On professional analysis color.,1546.09,Other,Excited,WEEKEND_SPLURGER
26,2024-09-22,Realize property show either.,212.02,Other,Stressed,WEEKEND_SPLURGER
26,2024-09-23,Let back three.,763.41,Leisure,Neutral,WEEKEND_SPLURGER
26,2024-09-25,Call whole.,1182.2,Leisure,Sad,WEEKEND_SPLURGER
26,2024-09-26,Land region back nor article.,557.5,Other,Excited,WEEKEND_SPLURGER
26,2024-09-26,Same page ago director.,911.57,Leisure,Happy,WEEKEND_SPLURGER
26,2024-09-27,Method exactly.,223.01,Other,Happy,WEEKEND_SPLURGER
26,2024-09-28,Well mission situation result.,2978.86,Travel,Excited,WEEKEND_SPLURGER
26,2024-09-29,Church own stage.,605.37,Travel,Excited,WEEKEND_SPLURGER
26,2024-09-30,Indicate herself.,627.18,Leisure,Neutral,WEEKEND_SPLURGER
26,2024-10-02,Leave run goal cause.,902.55,Other,Sad,WEEKEND_SPLURGER
26,2024-10-06,Technology tend.,220.97,Leisure,Neutral,WEEKEND_SPLURGER
26,2024-10-06,Leave run goal cause.,1013.54,Other,Neutral,WEEKEND_SPLURGER
26,2024-10-07,Surface usually.,410.14,Education,Happy,WEEKEND_SPLURGER
26,2024-10-09,Western order accept wide prevent.,3035.99,Travel,Neutral,WEEKEND_SPLURGER
26,2024-10-10,Listen whose situation simply officer.,273.74,Education,Stressed,WEEKEND_SPLURGER
26,2024-10-11,Month whom stage soon.,940.12,Travel,Neutral,WEEKEND_SPLURGER
26,2024-10-12,Reflect star.,1634.76,Leisure,Excited,WEEKEND_SPLURGER
26,2024-10-12,Position make society behavior.,877.33,Travel,Excited,WEEKEND_SPLURGER
26,2024-10-13,Ready goal amount.,1566.56,Other,Stressed,WEEKEND_SPLURGER
26,2024-10-13,Democratic recent student specific political.,573.15,Food,Neutral,WEEKEND_SPLURGER
26,2024-10-13,Week real course school everybody.,1987.95,Education,Happy,WEEKEND_SPLURGER
26,2024-10-13,Nature country.,467.81,Other,Excited,WEEKEND_SPLURGER
26,2024-10-13,Nor character recent.,2600.68,Travel,Sad,WEEKEND_SPLURGER
26,2024-10-14,Security arm.,2625.0,Other,Happy,WEEKEND_SPLURGER
26,2024-10-14,Boy other foot best.,666.74,Leisure,Excited,WEEKEND_SPLURGER
26,2024-10-14,Exist theory.,1057.45,Other,Happy,WEEKEND_SPLURGER
26,2024-10-15,Upon very act perform.,2215.76,Leisure,Excited,WEEKEND_SPLURGER
26,2024-10-15,Moment red eight hand.,907.6,Other,Neutral,WEEKEND_SPLURGER
26,2024-10-16,Across involve fall.,1547.85,Travel,Neutral,WEEKEND_SPLURGER
26,2024-10-17,Me system church whether.,535.65,Travel,Happy,WEEKEND_SPLURGER
26,2024-10-17,Go exactly much food region.,667.66,Food,Stressed,WEEKEND_SPLURGER
26,2024-10-17,Some quickly truth view response.,1687.86,Leisure,Happy,WEEKEND_SPLURGER
26,2024-10-17,Us decade.,1521.86,Other,Stressed,WEEKEND_SPLURGER
26,2024-10-17,Should page camera.,415.17,Education,Excited,WEEKEND_SPLURGER
26,2024-10-18,Church community.,631.05,Travel,Excited,WEEKEND_SPLURGER
26,2024-10-18,Assume campaign assume.,1148.83,Leisure,Excited,WEEKEND_SPLURGER
26,2024-10-18,Gas human create also.,95.52,Education,Excited,WEEKEND_SPLURGER
26,2024-10-21,Smile have less.,301.67,Other,Stressed,WEEKEND_SPLURGER
26,2024-10-21,Rest or.,2213.13,Travel,Stressed,WEEKEND_SPLURGER
26,2024-10-21,Player really act friend.,490.68,Travel,Excited,WEEKEND_SPLURGER
26,2024-10-21,Not friend federal forget bit.,947.02,Other,Happy,WEEKEND_SPLURGER
26,2024-10-23,Control bill.,1649.71,Other,Happy,WEEKEND_SPLURGER
26,2024-10-23,Future congress.,866.01,Education,Sad,WEEKEND_SPLURGER
26,2024-10-24,My some skin ball thing.,382.32,Education,Excited,WEEKEND_SPLURGER
26,2024-10-25,People newspaper stay.,73.49,Other,Stressed,WEEKEND_SPLURGER
26,2024-10-25,Not friend federal forget bit.,959.02,Other,Excited,WEEKEND_SPLURGER
26,2024-10-26,Future choice whatever from.,1457.96,Food,Neutral,WEEKEND_SPLURGER
26,2024-10-27,Develop staff least figure.,952.77,Other,Excited,WEEKEND_SPLURGER
26,2024-10-28,Democratic thousand.,943.91,Travel,Neutral,WEEKEND_SPLURGER
26,2024-10-28,Whose other.,564.75,Other,Happy,WEEKEND_SPLURGER
26,2024-10-28,Hand possible relate night.,419.88,Other,Happy,WEEKEND_SPLURGER
26,2024-10-29,Find job where.,336.81,Education,Excited,WEEKEND_SPLURGER
26,2024-10-30,Account assume prove similar ten.,1435.4,Education,Sad,WEEKEND_SPLURGER
26,2024-10-31,Wish current.,507.41,Education,Happy,WEEKEND_SPLURGER
26,2024-11-01,Main opportunity particularly question.,827.65,Other,Sad,WEEKEND_SPLURGER
26,2024-11-03,Look fight.,3433.79,Travel,Happy,WEEKEND_SPLURGER
26,2024-11-03,Remain seven marriage.,2020.06,Food,Happy,WEEKEND_SPLURGER
26,2024-11-03,Hand so add mr lawyer.,1840.53,Other,Excited,WEEKEND_SPLURGER
26,2024-11-04,Movement door kind.,1079.26,Travel,Neutral,WEEKEND_SPLURGER
26,2024-11-04,Item treat area.,1816.53,Travel,Excited,WEEKEND_SPLURGER
26,2024-11-04,Recent couple cost girl run.,489.42,Leisure,Excited,WEEKEND_SPLURGER
26,2024-11-05,Future choice whatever from.,856.37,Food,Excited,WEEKEND_SPLURGER
26,2024-11-06,Why though decide bank likely.,153.22,Other,Happy,WEEKEND_SPLURGER
26,2024-11-07,First blood accept final.,723.04,Leisure,Excited,WEEKEND_SPLURGER
26,2024-11-09,Human see.,875.25,Other,Sad,WEEKEND_SPLURGER
26,2024-11-09,Sell include himself produce.,717.97,Other,Happy,WEEKEND_SPLURGER
26,2024-11-10,Sometimes while sense window.,1449.33,Leisure,Excited,WEEKEND_SPLURGER
26,2024-11-11,Some quickly truth view response.,1239.16,Leisure,Excited,WEEKEND_SPLURGER
26,2024-11-12,Somebody next ready.,394.49,Other,Happy,WEEKEND_SPLURGER
26,2024-11-13,Month whom stage soon.,907.51,Travel,Happy,WEEKEND_SPLURGER
26,2024-11-14,Doctor mr.,124.08,Education,Happy,WEEKEND_SPLURGER
26,2024-11-15,Investment pass drive.,726.79,Food,Neutral,WEEKEND_SPLURGER
26,2024-11-15,My some skin ball thing.,543.99,Education,Sad,WEEKEND_SPLURGER
26,2024-11-15,Paper memory history office.,1247.99,Leisure,Sad,WEEKEND_SPLURGER
26,2024-11-15,Deal beyond almost.,921.2,Leisure,Neutral,WEEKEND_SPLURGER
26,2024-11-15,Member box.,765.19,Leisure,Excited,WEEKEND_SPLURGER
26,2024-11-16,Mission put budget house.,249.38,Food,Neutral,WEEKEND_SPLURGER
26,2024-11-17,Better republican stock bank.,470.09,Other,Neutral,WEEKEND_SPLURGER
26,2024-11-18,Conference trade population agreement.,857.4,Other,Neutral,WEEKEND_SPLURGER
26,2024-11-21,Side mind question year finish.,875.56,Food,Stressed,WEEKEND_SPLURGER
26,2024-11-22,Scientist able teach.,833.0,Other,Happy,WEEKEND_SPLURGER
26,2024-11-22,High issue deal democratic.,956.78,Education,Stressed,WEEKEND_SPLURGER
26,2024-11-22,Day stock.,1944.46,Leisure,Excited,WEEKEND_SPLURGER
26,2024-11-22,Expert involve oil.,59.21,Education,Sad,WEEKEND_SPLURGER
26,2024-11-22,By field move.,527.75,Food,Neutral,WEEKEND_SPLURGER
26,2024-11-23,Hair attorney professional.,3055.56,Travel,Excited,WEEKEND_SPLURGER
26,2024-11-23,Money modern receive partner.,84.97,Other,Sad,WEEKEND_SPLURGER
26,2024-11-23,Because career course.,2214.0,Travel,Excited,WEEKEND_SPLURGER
26,2024-11-23,Western tend candidate day.,2158.69,Other,Neutral,WEEKEND_SPLURGER
26,2024-11-25,So draw food company.,422.45,Travel,Stressed,WEEKEND_SPLURGER
26,2024-11-26,Easy get every.,215.1,Leisure,Neutral,WEEKEND_SPLURGER
26,2024-11-26,Talk thing rock ever summer.,1287.82,Other,Excited,WEEKEND_SPLURGER
26,2024-11-26,Into notice necessary true message.,658.63,Leisure,Happy,WEEKEND_SPLURGER
26,2024-11-27,Strong student green.,684.59,Other,Happy,WEEKEND_SPLURGER
26,2024-11-27,Network fact talk.,73.7,Leisure,Neutral,WEEKEND_SPLURGER
26,2024-11-29,Born itself law west.,813.84,Other,Excited,WEEKEND_SPLURGER
26,2024-11-30,Beautiful beyond sell.,269.43,Food,Excited,WEEKEND_SPLURGER
26,2024-11-30,Account assume prove similar ten.,2409.84,Education,Excited,WEEKEND_SPLURGER
26,2024-11-30,Hear officer.,1884.28,Leisure,Excited,WEEKEND_SPLURGER
26,2024-12-01,Never effect fill general relationship.,2316.75,Leisure,Happy,WEEKEND_SPLURGER
26,2024-12-02,Involve thousand including.,615.47,Education,Happy,WEEKEND_SPLURGER
26,2024-12-03,Brother let.,1083.76,Leisure,Excited,WEEKEND_SPLURGER
26,2024-12-04,Together let.,606.65,Education,Excited,WEEKEND_SPLURGER
26,2024-12-04,Scientist necessary into.,1325.49,Other,Excited,WEEKEND_SPLURGER
26,2024-12-04,Note discuss discussion reach grow.,513.78,Food,Excited,WEEKEND_SPLURGER
26,2024-12-05,Result sound.,959.15,Leisure,Stressed,WEEKEND_SPLURGER
26,2024-12-06,Space beyond.,1038.34,Education,Happy,WEEKEND_SPLURGER
26,2024-12-06,Fish either boy between collection.,314.71,Food,Excited,WEEKEND_SPLURGER
26,2024-12-08,Discussion if continue policy.,237.75,Leisure,Stressed,WEEKEND_SPLURGER
26,2024-12-09,Ever day.,678.92,Leisure,Neutral,WEEKEND_SPLURGER
26,2024-12-10,Mission put budget house.,246.26,Food,Neutral,WEEKEND_SPLURGER
26,2024-12-12,Ground city still.,834.52,Other,Happy,WEEKEND_SPLURGER
26,2024-12-12,Heavy class story side speak.,1004.9,Leisure,Stressed,WEEKEND_SPLURGER
26,2024-12-13,Deal information.,1131.85,Food,Neutral,WEEKEND_SPLURGER
26,2024-12-13,Instead ahead despite measure ago.,1374.78,Other,Happy,WEEKEND_SPLURGER
26,2024-12-14,Somebody prepare few sound.,821.99,Leisure,Happy,WEEKEND_SPLURGER
26,2024-12-15,Image movie who debate.,1305.67,Leisure,Neutral,WEEKEND_SPLURGER
26,2024-12-16,Throughout leader bag.,737.56,Other,Stressed,WEEKEND_SPLURGER
26,2024-12-16,Decade trade field training.,1125.28,Leisure,Neutral,WEEKEND_SPLURGER
26,2024-12-17,Country little reality level.,353.43,Leisure,Neutral,WEEKEND_SPLURGER
26,2024-12-17,Kid industry.,128.29,Education,Happy,WEEKEND_SPLURGER
26,2024-12-18,Southern evening ask republican.,1454.15,Other,Neutral,WEEKEND_SPLURGER
26,2024-12-19,Quite everyone as generation.,2381.08,Other,Neutral,WEEKEND_SPLURGER
26,2024-12-20,Society dark product make.,15.94,Leisure,Happy,WEEKEND_SPLURGER
26,2024-12-20,Computer always his.,433.73,Food,Excited,WEEKEND_SPLURGER
26,2024-12-21,Evening ahead smile.,1046.73,Leisure,Stressed,WEEKEND_SPLURGER
26,2024-12-22,Oil per line create build.,1357.1,Leisure,Sad,WEEKEND_SPLURGER
26,2024-12-22,East list when.,1853.6,Education,Neutral,WEEKEND_SPLURGER
26,2024-12-22,Good anything manager think pressure.,299.9,Education,Sad,WEEKEND_SPLURGER
26,2024-12-23,Walk cup option store.,1530.84,Education,Happy,WEEKEND_SPLURGER
26,2024-12-24,Ask imagine my.,768.78,Travel,Neutral,WEEKEND_SPLURGER
26,2024-12-24,Benefit suggest page southern.,535.15,Leisure,Stressed,WEEKEND_SPLURGER
26,2024-12-25,Improve them wait.,2645.34,Travel,Neutral,WEEKEND_SPLURGER
26,2024-12-26,Finish summer rest feel finally.,681.45,Travel,Stressed,WEEKEND_SPLURGER
26,2024-12-27,Miss reduce animal clearly cell.,671.44,Other,Happy,WEEKEND_SPLURGER
26,2024-12-28,Learn talk.,364.2,Other,Sad,WEEKEND_SPLURGER
26,2024-12-28,Smile peace apply.,2751.71,Food,Happy,WEEKEND_SPLURGER
26,2024-12-29,Benefit suggest page southern.,768.9,Leisure,Neutral,WEEKEND_SPLURGER
26,2024-12-30,Bar professor power.,554.24,Leisure,Happy,WEEKEND_SPLURGER
26,2024-12-30,Between rate name within.,903.69,Travel,Neutral,WEEKEND_SPLURGER
26,2025-01-01,Condition all blood.,2635.0,Other,Neutral,WEEKEND_SPLURGER
26,2025-01-02,Kind appear environment capital explain.,1553.94,Other,Neutral,WEEKEND_SPLURGER
26,2025-01-02,Popular lead with.,1874.82,Leisure,Excited,WEEKEND_SPLURGER
26,2025-01-03,Soldier meeting building.,909.42,Travel,Excited,WEEKEND_SPLURGER
26,2025-01-06,Detail far church some.,780.15,Leisure,Excited,WEEKEND_SPLURGER
26,2025-01-06,History drop point audience.,1092.99,Food,Neutral,WEEKEND_SPLURGER
26,2025-01-08,Effect people.,1058.04,Food,Excited,WEEKEND_SPLURGER
26,2025-01-10,Capital program story mention majority.,401.57,Travel,Happy,WEEKEND_SPLURGER
26,2025-01-11,Have including none.,2044.6,Other,Excited,WEEKEND_SPLURGER
26,2025-01-11,Yet wish certain usually.,789.43,Food,Excited,WEEKEND_SPLURGER
26,2025-01-12,Born itself law west.,2234.97,Other,Neutral,WEEKEND_SPLURGER
26,2025-01-13,Quite as when.,365.95,Other,Happy,WEEKEND_SPLURGER
26,2025-01-13,Individual analysis.,392.17,Leisure,Neutral,WEEKEND_SPLURGER
26,2025-01-13,Live seat.,1618.11,Leisure,Neutral,WEEKEND_SPLURGER
26,2025-01-13,Good house only military.,259.92,Other,Sad,WEEKEND_SPLURGER
26,2025-01-13,Look fight.,1095.34,Travel,Sad,WEEKEND_SPLURGER
26,2025-01-15,Already argue.,323.57,Other,Neutral,WEEKEND_SPLURGER
26,2025-01-15,Cell city not not the.,282.12,Other,Excited,WEEKEND_SPLURGER
26,2025-01-18,My some skin ball thing.,539.94,Education,Neutral,WEEKEND_SPLURGER
26,2025-01-18,Woman daughter hospital move.,848.62,Other,Happy,WEEKEND_SPLURGER
26,2025-01-18,Line score whether.,1501.68,Travel,Stressed,WEEKEND_SPLURGER
26,2025-01-18,Nature performance yeah.,1091.62,Other,Sad,WEEKEND_SPLURGER
26,2025-01-18,Activity including single right.,928.39,Leisure,Stressed,WEEKEND_SPLURGER
26,2025-01-18,Woman daughter hospital move.,1241.62,Other,Excited,WEEKEND_SPLURGER
26,2025-01-19,These road.,784.81,Education,Happy,WEEKEND_SPLURGER
26,2025-01-20,Law read citizen.,495.17,Other,Neutral,WEEKEND_SPLURGER
26,2025-01-21,True help.,123.19,Other,Stressed,WEEKEND_SPLURGER
26,2025-01-21,Good house only military.,251.15,Other,Happy,WEEKEND_SPLURGER
26,2025-01-22,Treatment relate positive.,1568.26,Food,Sad,WEEKEND_SPLURGER
26,2025-01-24,Language budget market president.,610.82,Leisure,Neutral,WEEKEND_SPLURGER
26,2025-01-24,Us decade.,1269.9,Other,Happy,WEEKEND_SPLURGER
26,2025-01-25,Already because education break significant.,909.43,Other,Sad,WEEKEND_SPLURGER
26,2025-01-25,Mind door authority outside.,856.12,Travel,Happy,WEEKEND_SPLURGER
26,2025-01-26,Senior difficult put.,913.77,Leisure,Happy,WEEKEND_SPLURGER
26,2025-01-26,Child ball store process.,2026.82,Other,Neutral,WEEKEND_SPLURGER
26,2025-01-28,Building range national focus.,537.42,Leisure,Neutral,WEEKEND_SPLURGER
26,2025-01-29,World enter.,812.6,Other,Excited,WEEKEND_SPLURGER
26,2025-01-29,Pattern ahead compare form full.,1059.99,Other,Sad,WEEKEND_SPLURGER
26,2025-01-29,There institution actually.,1379.11,Leisure,Neutral,WEEKEND_SPLURGER
26,2025-01-30,Discuss religious.,1040.16,Leisure,Excited,WEEKEND_SPLURGER
26,2025-01-31,Camera sit environmental though.,1250.12,Other,Happy,WEEKEND_SPLURGER
27,2024-08-02,Eight bed fill.,909.0,Food,Excited,WEEKEND_SPLURGER
27,2024-08-03,Group never.,588.33,Food,Happy,WEEKEND_SPLURGER
27,2024-08-04,Picture approach chance none fight.,3674.6,Travel,Stressed,WEEKEND_SPLURGER
27,2024-08-04,Concern significant.,2379.93,Travel,Neutral,WEEKEND_SPLURGER
27,2024-08-04,Such final however major.,2818.25,Travel,Excited,WEEKEND_SPLURGER
27,2024-08-05,Let stay or focus.,738.12,Other,Happy,WEEKEND_SPLURGER
27,2024-08-05,Unit hold.,244.03,Education,Excited,WEEKEND_SPLURGER
27,2024-08-05,Relate real major.,505.36,Leisure,Happy,WEEKEND_SPLURGER
27,2024-08-07,Rate society floor long same.,1733.41,Leisure,Excited,WEEKEND_SPLURGER
27,2024-08-08,Choice prepare.,1812.46,Other,Stressed,WEEKEND_SPLURGER
27,2024-08-08,Agent say forward us.,1372.08,Education,Sad,WEEKEND_SPLURGER
27,2024-08-08,Resource road do.,439.61,Other,Neutral,WEEKEND_SPLURGER
27,2024-08-09,Look fight.,897.89,Travel,Neutral,WEEKEND_SPLURGER
27,2024-08-11,Despite sound receive let.,741.36,Education,Excited,WEEKEND_SPLURGER
27,2024-08-11,Peace race i.,1612.46,Other,Happy,WEEKEND_SPLURGER
27,2024-08-12,Camera sit environmental though.,707.21,Other,Neutral,WEEKEND_SPLURGER
27,2024-08-13,Join black.,1198.57,Travel,Happy,WEEKEND_SPLURGER
27,2024-08-14,Receive region however.,1492.25,Food,Neutral,WEEKEND_SPLURGER
27,2024-08-14,Human public health.,299.5,Education,Excited,WEEKEND_SPLURGER
27,2024-08-15,Agent say forward us.,1064.13,Education,Neutral,WEEKEND_SPLURGER
27,2024-08-16,Inside machine baby.,188.43,Leisure,Neutral,WEEKEND_SPLURGER
27,2024-08-17,Pretty least if.,3060.81,Education,Happy,WEEKEND_SPLURGER
27,2024-08-17,Project can.,2612.26,Food,Happy,WEEKEND_SPLURGER
27,2024-08-18,Begin deep police wife.,1199.1,Travel,Neutral,WEEKEND_SPLURGER
27,2024-08-18,Since him four.,2470.32,Education,Excited,WEEKEND_SPLURGER
27,2024-08-18,Economic represent stock.,1737.08,Education,Neutral,WEEKEND_SPLURGER
27,2024-08-18,Food affect upon these story.,1332.42,Leisure,Stressed,WEEKEND_SPLURGER
27,2024-08-20,Simply century the.,1104.13,Leisure,Excited,WEEKEND_SPLURGER
27,2024-08-20,Cost attorney.,778.08,Travel,Excited,WEEKEND_SPLURGER
27,2024-08-20,Gas with policy cut.,2270.46,Travel,Neutral,WEEKEND_SPLURGER
27,2024-08-21,Best physical always small almost.,1010.84,Leisure,Excited,WEEKEND_SPLURGER
27,2024-08-22,Statement position either.,1080.47,Travel,Neutral,WEEKEND_SPLURGER
27,2024-08-22,People education great.,1355.58,Education,Happy,WEEKEND_SPLURGER
27,2024-08-24,Us decade.,2540.63,Other,Neutral,WEEKEND_SPLURGER
27,2024-08-25,Material produce station visit environmental.,1607.76,Other,Excited,WEEKEND_SPLURGER
27,2024-08-25,Leg themselves away.,2275.31,Food,Excited,WEEKEND_SPLURGER
27,2024-08-25,Course out second carry.,3384.51,Education,Excited,WEEKEND_SPLURGER
27,2024-08-26,Cost attorney.,1069.73,Travel,Excited,WEEKEND_SPLURGER
27,2024-08-26,People education great.,1911.84,Education,Neutral,WEEKEND_SPLURGER
27,2024-08-26,Its develop until watch.,1180.59,Food,Excited,WEEKEND_SPLURGER
27,2024-08-27,Quite budget window hour some.,1145.99,Travel,Stressed,WEEKEND_SPLURGER
27,2024-08-27,Hold carry rest.,748.24,Travel,Excited,WEEKEND_SPLURGER
27,2024-08-27,Computer always his.,470.77,Food,Happy,WEEKEND_SPLURGER
27,2024-08-28,Paper beyond indeed.,625.95,Education,Happy,WEEKEND_SPLURGER
27,2024-08-28,With young think there assume.,1496.49,Education,Neutral,WEEKEND_SPLURGER
27,2024-08-28,Administration mother in admit.,522.53,Other,Sad,WEEKEND_SPLURGER
27,2024-08-29,Hand so add mr lawyer.,699.99,Other,Excited,WEEKEND_SPLURGER
27,2024-08-29,Keep cut prevent sound.,421.64,Leisure,Neutral,WEEKEND_SPLURGER
27,2024-08-29,We especially five network.,1596.3,Food,Neutral,WEEKEND_SPLURGER
27,2024-08-30,Much rich think.,1067.13,Other,Excited,WEEKEND_SPLURGER
27,2024-08-30,Discuss wall ahead scene.,1185.51,Education,Neutral,WEEKEND_SPLURGER
27,2024-08-30,Seven here sell story.,590.93,Other,Excited,WEEKEND_SPLURGER
27,2024-08-31,Management game.,1586.29,Education,Happy,WEEKEND_SPLURGER
27,2024-08-31,Weight take.,1707.87,Education,Excited,WEEKEND_SPLURGER
27,2024-08-31,We cold deep.,83.64,Travel,Happy,WEEKEND_SPLURGER
27,2024-08-31,Expert movement reach man.,757.68,Other,Neutral,WEEKEND_SPLURGER
27,2024-09-01,Bed recognize store.,784.52,Education,Excited,WEEKEND_SPLURGER
27,2024-09-01,Recent couple cost girl run.,1678.12,Leisure,Stressed,WEEKEND_SPLURGER
27,2024-09-01,Account assume prove similar ten.,1764.06,Education,Excited,WEEKEND_SPLURGER
27,2024-09-01,Face morning.,1314.37,Education,Excited,WEEKEND_SPLURGER
27,2024-09-02,Picture approach chance none fight.,986.94,Travel,Excited,WEEKEND_SPLURGER
27,2024-09-02,Discussion if continue policy.,115.53,Leisure,Stressed,WEEKEND_SPLURGER
27,2024-09-03,Fact reason make office.,402.55,Leisure,Excited,WEEKEND_SPLURGER
27,2024-09-03,Gas contain interest industry sell.,754.92,Other,Happy,WEEKEND_SPLURGER
27,2024-09-04,Southern evening ask republican.,1239.35,Other,Excited,WEEKEND_SPLURGER
27,2024-09-04,Institution whatever yet.,250.98,Leisure,Neutral,WEEKEND_SPLURGER
27,2024-09-04,On must certainly.,1358.06,Leisure,Neutral,WEEKEND_SPLURGER
27,2024-09-05,Quite response.,1039.15,Education,Happy,WEEKEND_SPLURGER
27,2024-09-05,Allow girl team simply lead.,715.55,Education,Excited,WEEKEND_SPLURGER
27,2024-09-06,Management sense technology check civil.,455.52,Leisure,Excited,WEEKEND_SPLURGER
27,2024-09-06,Letter environment easy.,424.22,Other,Happy,WEEKEND_SPLURGER
27,2024-09-06,Almost outside middle.,735.71,Other,Stressed,WEEKEND_SPLURGER
27,2024-09-07,Success teach mrs beat.,2169.63,Other,Excited,WEEKEND_SPLURGER
27,2024-09-07,Allow girl team simply lead.,1636.58,Education,Excited,WEEKEND_SPLURGER
27,2024-09-07,My some skin ball thing.,937.68,Education,Excited,WEEKEND_SPLURGER
27,2024-09-09,Focus executive letter possible final.,1079.0,Other,Neutral,WEEKEND_SPLURGER
27,2024-09-11,Four field area young.,1669.84,Education,Excited,WEEKEND_SPLURGER
27,2024-09-11,Big the cost for leader.,450.67,Leisure,Neutral,WEEKEND_SPLURGER
27,2024-09-11,Study fear turn any indicate.,818.62,Other,Excited,WEEKEND_SPLURGER
27,2024-09-11,Technology tend.,200.0,Leisure,Neutral,WEEKEND_SPLURGER
27,2024-09-12,Character usually agency.,872.47,Leisure,Stressed,WEEKEND_SPLURGER
27,2024-09-13,Wide cut player wind.,763.5,Travel,Excited,WEEKEND_SPLURGER
27,2024-09-13,Lead few yourself.,1283.35,Travel,Neutral,WEEKEND_SPLURGER
27,2024-09-14,American audience fight war whether.,2327.86,Leisure,Excited,WEEKEND_SPLURGER
27,2024-09-15,Memory challenge lawyer business.,2752.93,Food,Happy,WEEKEND_SPLURGER
27,2024-09-15,Method exactly.,349.32,Other,Happy,WEEKEND_SPLURGER
27,2024-09-16,Their off.,666.66,Leisure,Happy,WEEKEND_SPLURGER
27,2024-09-16,Dark camera realize.,157.44,Travel,Neutral,WEEKEND_SPLURGER
27,2024-09-17,Box organization.,888.85,Leisure,Sad,WEEKEND_SPLURGER
27,2024-09-17,Miss have analysis morning.,1375.81,Leisure,Stressed,WEEKEND_SPLURGER
27,2024-09-18,Financial popular short like.,1251.55,Leisure,Neutral,WEEKEND_SPLURGER
27,2024-09-18,Woman whose already.,1169.84,Leisure,Excited,WEEKEND_SPLURGER
27,2024-09-19,During call north attention.,424.07,Other,Stressed,WEEKEND_SPLURGER
27,2024-09-19,Scene almost leave.,1166.99,Leisure,Neutral,WEEKEND_SPLURGER
27,2024-09-20,Choice father why often.,1450.87,Food,Happy,WEEKEND_SPLURGER
27,2024-09-20,People tend weight machine.,1038.22,Other,Neutral,WEEKEND_SPLURGER
27,2024-09-21,Gas teacher national weight all.,1595.19,Travel,Excited,WEEKEND_SPLURGER
27,2024-09-21,Evening ahead smile.,423.67,Leisure,Excited,WEEKEND_SPLURGER
27,2024-09-22,Computer prove amount population.,2655.05,Travel,Neutral,WEEKEND_SPLURGER
27,2024-09-23,Analysis four capital.,1349.56,Travel,Neutral,WEEKEND_SPLURGER
27,2024-09-24,Low happy oil which bag.,268.31,Food,Neutral,WEEKEND_SPLURGER
27,2024-09-24,Eye something.,911.59,Food,Excited,WEEKEND_SPLURGER
27,2024-09-25,Something fine apply gas sing.,62.78,Other,Neutral,WEEKEND_SPLURGER
27,2024-09-25,Body lead there there early.,1275.84,Other,Excited,WEEKEND_SPLURGER
27,2024-09-26,Decision where foreign trial.,557.96,Leisure,Sad,WEEKEND_SPLURGER
27,2024-09-26,People tend weight machine.,1031.28,Other,Excited,WEEKEND_SPLURGER
27,2024-09-27,Finally shoulder land.,245.12,Other,Excited,WEEKEND_SPLURGER
27,2024-09-28,Simply century the.,883.21,Leisure,Happy,WEEKEND_SPLURGER
27,2024-09-28,Smile cover of pm eight.,475.08,Travel,Neutral,WEEKEND_SPLURGER
27,2024-09-29,Smile have less.,474.25,Other,Stressed,WEEKEND_SPLURGER
27,2024-09-29,Than condition republican.,1202.66,Travel,Excited,WEEKEND_SPLURGER
27,2024-10-01,Home even.,297.32,Education,Neutral,WEEKEND_SPLURGER
27,2024-10-04,Attack mouth rest contain.,1144.4,Travel,Neutral,WEEKEND_SPLURGER
27,2024-10-04,Cup hundred rather.,344.49,Education,Happy,WEEKEND_SPLURGER
27,2024-10-06,Democrat hundred.,189.55,Other,Excited,WEEKEND_SPLURGER
27,2024-10-06,How staff.,425.24,Leisure,Excited,WEEKEND_SPLURGER
27,2024-10-09,There institution actually.,1845.38,Leisure,Happy,WEEKEND_SPLURGER
27,2024-10-09,Space game truth special decision.,581.77,Travel,Neutral,WEEKEND_SPLURGER
27,2024-10-09,Item yet ever quite.,505.57,Travel,Stressed,WEEKEND_SPLURGER
27,2024-10-10,So draw food company.,710.97,Travel,Sad,WEEKEND_SPLURGER
27,2024-10-11,Charge form here.,131.83,Education,Excited,WEEKEND_SPLURGER
27,2024-10-11,Prove nor design record.,420.73,Other,Neutral,WEEKEND_SPLURGER
27,2024-10-11,Including let result spend.,1697.71,Travel,Neutral,WEEKEND_SPLURGER
27,2024-10-12,Eight bed fill.,2086.01,Food,Excited,WEEKEND_SPLURGER
27,2024-10-12,Institution whatever yet.,384.66,Leisure,Stressed,WEEKEND_SPLURGER
27,2024-10-12,As throughout individual list manager.,2859.91,Other,Excited,WEEKEND_SPLURGER
27,2024-10-13,Picture early send morning.,1945.76,Other,Excited,WEEKEND_SPLURGER
27,2024-10-14,Help painting always.,19.7,Other,Excited,WEEKEND_SPLURGER
27,2024-10-14,Onto site both change note.,172.97,Other,Happy,WEEKEND_SPLURGER
27,2024-10-14,Week yourself public especially american.,492.46,Leisure,Neutral,WEEKEND_SPLURGER
27,2024-10-17,Ahead picture son.,1248.26,Travel,Happy,WEEKEND_SPLURGER
27,2024-10-17,Financial popular short like.,935.12,Leisure,Stressed,WEEKEND_SPLURGER
27,2024-10-17,Miss have analysis morning.,1168.02,Leisure,Stressed,WEEKEND_SPLURGER
27,2024-10-18,Score moment second.,724.81,Travel,Excited,WEEKEND_SPLURGER
27,2024-10-19,Pass range appear home player.,468.61,Education,Happy,WEEKEND_SPLURGER
27,2024-10-19,Fear approach take case customer.,1754.0,Other,Happy,WEEKEND_SPLURGER
27,2024-10-20,Carry surface learn.,2222.07,Leisure,Neutral,WEEKEND_SPLURGER
27,2024-10-20,Owner memory argue project.,1098.62,Other,Happy,WEEKEND_SPLURGER
27,2024-10-21,Choice father why often.,1295.46,Food,Excited,WEEKEND_SPLURGER
27,2024-10-22,Already because education break significant.,1004.51,Other,Neutral,WEEKEND_SPLURGER
27,2024-10-23,Size republican political.,1329.66,Travel,Sad,WEEKEND_SPLURGER
27,2024-10-26,Into notice necessary true message.,604.59,Leisure,Stressed,WEEKEND_SPLURGER
27,2024-10-27,What than political up instead.,607.34,Travel,Neutral,WEEKEND_SPLURGER
27,2024-10-27,Source husband.,281.22,Leisure,Neutral,WEEKEND_SPLURGER
27,2024-10-29,Thing physical might.,1827.6,Other,Happy,WEEKEND_SPLURGER
27,2024-10-29,Key place tree.,872.52,Other,Excited,WEEKEND_SPLURGER
27,2024-10-29,Step rate feeling rate.,24.59,Food,Neutral,WEEKEND_SPLURGER
27,2024-10-30,Sort what.,117.6,Education,Neutral,WEEKEND_SPLURGER
27,2024-10-30,Identify say on yes.,984.79,Food,Excited,WEEKEND_SPLURGER
27,2024-10-30,Information scene again country.,675.79,Leisure,Excited,WEEKEND_SPLURGER
27,2024-10-31,Item yet ever quite.,185.68,Travel,Stressed,WEEKEND_SPLURGER
27,2024-10-31,Network fact talk.,137.72,Leisure,Excited,WEEKEND_SPLURGER
27,2024-10-31,Military onto blue activity.,656.54,Other,Excited,WEEKEND_SPLURGER
27,2024-11-01,Democratic recent student specific political.,476.33,Food,Excited,WEEKEND_SPLURGER
27,2024-11-01,Day already hold.,457.09,Other,Excited,WEEKEND_SPLURGER
27,2024-11-01,Say dog drug enter.,1594.81,Food,Neutral,WEEKEND_SPLURGER
27,2024-11-01,About usually.,2908.1,Education,Stressed,WEEKEND_SPLURGER
27,2024-11-01,Race return pretty young.,1297.46,Travel,Neutral,WEEKEND_SPLURGER
27,2024-11-02,He participant right.,538.42,Leisure,Happy,WEEKEND_SPLURGER
27,2024-11-02,Hard knowledge enjoy let.,2955.41,Leisure,Stressed,WEEKEND_SPLURGER
27,2024-11-03,Likely outside because.,4777.65,Leisure,Happy,WEEKEND_SPLURGER
27,2024-11-04,Clear single expect.,229.49,Education,Happy,WEEKEND_SPLURGER
27,2024-11-04,Within woman.,1022.55,Food,Sad,WEEKEND_SPLURGER
27,2024-11-06,Charge form here.,205.97,Education,Happy,WEEKEND_SPLURGER
27,2024-11-07,While same budget.,932.26,Food,Happy,WEEKEND_SPLURGER
27,2024-11-10,Somebody prepare few sound.,654.96,Leisure,Excited,WEEKEND_SPLURGER
27,2024-11-10,Cell city not not the.,288.04,Other,Happy,WEEKEND_SPLURGER
27,2024-11-11,Yes at seat ok.,1395.2,Other,Excited,WEEKEND_SPLURGER
27,2024-11-11,Real art.,1069.12,Food,Happy,WEEKEND_SPLURGER
27,2024-11-12,Down occur.,2034.31,Food,Sad,WEEKEND_SPLURGER
27,2024-11-12,Good anything manager think pressure.,134.18,Education,Sad,WEEKEND_SPLURGER
27,2024-11-13,Popular lead with.,1191.21,Leisure,Stressed,WEEKEND_SPLURGER
27,2024-11-13,Election conference when.,467.2,Leisure,Neutral,WEEKEND_SPLURGER
27,2024-11-14,Draw police.,1053.56,Leisure,Neutral,WEEKEND_SPLURGER
27,2024-11-15,National back everybody direction budget.,97.48,Other,Sad,WEEKEND_SPLURGER
27,2024-11-16,Career including late condition opportunity.,965.49,Education,Neutral,WEEKEND_SPLURGER
27,2024-11-17,Hard knowledge enjoy let.,2214.29,Leisure,Happy,WEEKEND_SPLURGER
27,2024-11-17,East list when.,2376.34,Education,Happy,WEEKEND_SPLURGER
27,2024-11-17,On professional analysis color.,1121.21,Other,Excited,WEEKEND_SPLURGER
27,2024-11-18,Edge building court.,66.95,Travel,Happy,WEEKEND_SPLURGER
27,2024-11-19,Attack mouth rest contain.,1042.22,Travel,Stressed,WEEKEND_SPLURGER
27,2024-11-20,Fall care.,867.13,Other,Happy,WEEKEND_SPLURGER
27,2024-11-21,Fall care.,755.31,Other,Excited,WEEKEND_SPLURGER
27,2024-11-21,Investment pass drive.,222.83,Food,Stressed,WEEKEND_SPLURGER
27,2024-11-22,Be plan same cause.,1090.64,Other,Excited,WEEKEND_SPLURGER
27,2024-11-22,Short for late education.,612.76,Leisure,Neutral,WEEKEND_SPLURGER
27,2024-11-25,Nature performance yeah.,429.49,Other,Happy,WEEKEND_SPLURGER
27,2024-11-25,Quite general there sister.,1106.94,Food,Stressed,WEEKEND_SPLURGER
27,2024-11-26,Big look tell prepare.,269.11,Leisure,Sad,WEEKEND_SPLURGER
27,2024-11-27,Central contain pattern education boy.,688.4,Leisure,Neutral,WEEKEND_SPLURGER
27,2024-11-28,Stage threat our.,224.27,Other,Stressed,WEEKEND_SPLURGER
27,2024-11-29,While same budget.,918.93,Food,Stressed,WEEKEND_SPLURGER
27,2024-11-30,Form newspaper.,1024.87,Other,Neutral,WEEKEND_SPLURGER
27,2024-11-30,Address century that wide.,1840.3,Leisure,Excited,WEEKEND_SPLURGER
27,2024-11-30,Identify material.,659.48,Other,Neutral,WEEKEND_SPLURGER
27,2024-11-30,Something population loss physical.,1455.04,Leisure,Stressed,WEEKEND_SPLURGER
27,2024-12-01,Yet wish certain usually.,1696.64,Food,Excited,WEEKEND_SPLURGER
27,2024-12-02,Tree imagine machine.,1936.56,Food,Excited,WEEKEND_SPLURGER
27,2024-12-02,Unit hold.,342.72,Education,Stressed,WEEKEND_SPLURGER
27,2024-12-03,Art green child movie blue.,1606.26,Other,Neutral,WEEKEND_SPLURGER
27,2024-12-03,Authority interest red must art.,485.0,Other,Neutral,WEEKEND_SPLURGER
27,2024-12-04,Also available concern edge.,279.75,Food,Stressed,WEEKEND_SPLURGER
27,2024-12-04,Age war measure whom.,1458.03,Travel,Neutral,WEEKEND_SPLURGER
27,2024-12-05,Turn both in animal.,1767.91,Leisure,Neutral,WEEKEND_SPLURGER
27,2024-12-05,None whose.,1055.83,Leisure,Excited,WEEKEND_SPLURGER
27,2024-12-05,Car risk.,642.67,Food,Sad,WEEKEND_SPLURGER
27,2024-12-06,Wrong difficult range.,1376.37,Travel,Happy,WEEKEND_SPLURGER
27,2024-12-06,Energy always.,352.67,Travel,Excited,WEEKEND_SPLURGER
27,2024-12-06,Lawyer writer health.,2099.1,Education,Excited,WEEKEND_SPLURGER
27,2024-12-07,In seven building hard.,97.59,Other,Sad,WEEKEND_SPLURGER
27,2024-12-07,State among rest national wrong.,3136.67,Food,Neutral,WEEKEND_SPLURGER
27,2024-12-08,Brother let.,2839.72,Leisure,Excited,WEEKEND_SPLURGER
27,2024-12-08,Heavy law church.,895.99,Other,Neutral,WEEKEND_SPLURGER
27,2024-12-09,Resource road do.,610.85,Other,Sad,WEEKEND_SPLURGER
27,2024-12-10,Instead writer.,423.61,Education,Stressed,WEEKEND_SPLURGER
27,2024-12-10,Something population loss physical.,1286.32,Leisure,Happy,WEEKEND_SPLURGER
27,2024-12-10,Have including none.,1203.82,Other,Happy,WEEKEND_SPLURGER
27,2024-12-10,Happy action.,1005.74,Leisure,Sad,WEEKEND_SPLURGER
27,2024-12-11,Believe product eat generation put.,856.26,Leisure,Excited,WEEKEND_SPLURGER
27,2024-12-12,Difference attention whatever american.,188.64,Food,Stressed,WEEKEND_SPLURGER
27,2024-12-12,Money a.,238.77,Other,Happy,WEEKEND_SPLURGER
27,2024-12-12,Lose modern return simple herself.,1661.72,Leisure,Stressed,WEEKEND_SPLURGER
27,2024-12-13,Be plan same cause.,2585.07,Other,Excited,WEEKEND_SPLURGER
27,2024-12-14,Close month parent who up.,1708.52,Leisure,Happy,WEEKEND_SPLURGER
27,2024-12-14,Bed food possible represent.,302.45,Leisure,Excited,WEEKEND_SPLURGER
27,2024-12-15,Time surface learn design.,1230.79,Other,Excited,WEEKEND_SPLURGER
27,2024-12-15,Management game.,1366.53,Education,Stressed,WEEKEND_SPLURGER
27,2024-12-16,Project can.,943.42,Food,Stressed,WEEKEND_SPLURGER
27,2024-12-18,Good anything manager think pressure.,350.56,Education,Happy,WEEKEND_SPLURGER
27,2024-12-20,Try wonder move trade.,913.97,Travel,Neutral,WEEKEND_SPLURGER
27,2024-12-20,Somebody son suddenly perform.,100.22,Leisure,Excited,WEEKEND_SPLURGER
27,2024-12-21,Heavy staff hotel box.,975.05,Leisure,Neutral,WEEKEND_SPLURGER
27,2024-12-22,Senior service large under.,1440.22,Travel,Happy,WEEKEND_SPLURGER
27,2024-12-23,Effort drive side human.,346.59,Other,Stressed,WEEKEND_SPLURGER
27,2024-12-24,However style.,831.46,Food,Neutral,WEEKEND_SPLURGER
27,2024-12-26,Art green child movie blue.,1325.41,Other,Happy,WEEKEND_SPLURGER
27,2024-12-27,Draw police.,1170.43,Leisure,Excited,WEEKEND_SPLURGER
27,2024-12-27,After sister should across treatment.,253.03,Leisure,Stressed,WEEKEND_SPLURGER
27,2024-12-27,Leader both rest challenge.,1085.59,Food,Excited,WEEKEND_SPLURGER
27,2024-12-27,Property let.,425.61,Leisure,Stressed,WEEKEND_SPLURGER
27,2024-12-27,Program decade home which view.,372.84,Travel,Excited,WEEKEND_SPLURGER
27,2024-12-27,Democrat cost evidence third.,384.81,Education,Happy,WEEKEND_SPLURGER
27,2024-12-29,People newspaper stay.,87.54,Other,Excited,WEEKEND_SPLURGER
27,2024-12-29,Wrong difficult.,1168.26,Leisure,Excited,WEEKEND_SPLURGER
27,2024-12-30,Identify say on yes.,1192.11,Food,Happy,WEEKEND_SPLURGER
27,2024-12-30,Hand possible relate night.,481.7,Other,Excited,WEEKEND_SPLURGER
27,2024-12-30,Economic represent stock.,934.18,Education,Happy,WEEKEND_SPLURGER
27,2024-12-31,Challenge large wish move.,730.81,Education,Happy,WEEKEND_SPLURGER
27,2024-12-31,Wrong school federal from.,770.57,Leisure,Happy,WEEKEND_SPLURGER
27,2025-01-01,Economic represent stock.,1612.2,Education,Neutral,WEEKEND_SPLURGER
27,2025-01-01,Drive nation heart nearly season.,544.8,Travel,Stressed,WEEKEND_SPLURGER
27,2025-01-01,Edge building court.,136.38,Travel,Excited,WEEKEND_SPLURGER
27,2025-01-02,Investment local above move.,1455.99,Leisure,Happy,WEEKEND_SPLURGER
27,2025-01-02,Truth thing always possible.,589.6,Food,Happy,WEEKEND_SPLURGER
27,2025-01-04,Military onto blue activity.,1192.52,Other,Excited,WEEKEND_SPLURGER
27,2025-01-05,Begin hundred truth.,1265.39,Other,Sad,WEEKEND_SPLURGER
27,2025-01-08,Hand so add mr lawyer.,1329.99,Other,Sad,WEEKEND_SPLURGER
27,2025-01-08,Mission put budget house.,228.68,Food,Neutral,WEEKEND_SPLURGER
27,2025-01-08,People tend weight machine.,1165.33,Other,Happy,WEEKEND_SPLURGER
27,2025-01-10,Itself free source.,967.7,Travel,Excited,WEEKEND_SPLURGER
27,2025-01-11,Sure i pay.,1119.99,Other,Happy,WEEKEND_SPLURGER
27,2025-01-12,A value lot.,1586.81,Leisure,Excited,WEEKEND_SPLURGER
27,2025-01-16,Receive case past only drug.,37.07,Other,Stressed,WEEKEND_SPLURGER
27,2025-01-16,Ahead from quickly identify.,545.64,Education,Excited,WEEKEND_SPLURGER
27,2025-01-18,On someone rise read.,3094.68,Leisure,Neutral,WEEKEND_SPLURGER
27,2025-01-18,Doctor population grow bar.,107.73,Food,Neutral,WEEKEND_SPLURGER
27,2025-01-19,Bill eight community.,189.69,Other,Neutral,WEEKEND_SPLURGER
27,2025-01-20,Call door.,636.53,Leisure,Sad,WEEKEND_SPLURGER
27,2025-01-20,Name skill medical after them.,612.03,Other,Sad,WEEKEND_SPLURGER
27,2025-01-20,Forward would finish around.,1129.58,Food,Neutral,WEEKEND_SPLURGER
27,2025-01-21,Determine not view cell seat.,486.03,Food,Neutral,WEEKEND_SPLURGER
27,2025-01-21,Doctor mr.,78.11,Education,Excited,WEEKEND_SPLURGER
27,2025-01-21,Nature performance yeah.,466.08,Other,Happy,WEEKEND_SPLURGER
27,2025-01-23,Democratic recent student specific political.,433.32,Food,Excited,WEEKEND_SPLURGER
27,2025-01-23,Hundred step according.,979.95,Food,Neutral,WEEKEND_SPLURGER
27,2025-01-23,Deal beyond almost.,656.35,Leisure,Happy,WEEKEND_SPLURGER
27,2025-01-23,Fear approach take case customer.,1325.51,Other,Happy,WEEKEND_SPLURGER
27,2025-01-24,True help.,84.78,Other,Excited,WEEKEND_SPLURGER
27,2025-01-24,Institution whatever yet.,178.96,Leisure,Happy,WEEKEND_SPLURGER
27,2025-01-24,Four field area young.,1247.05,Education,Sad,WEEKEND_SPLURGER
27,2025-01-24,Color store over some.,1074.94,Leisure,Happy,WEEKEND_SPLURGER
27,2025-01-24,Billion land detail exist cover.,1076.71,Other,Excited,WEEKEND_SPLURGER
27,2025-01-25,Car much will.,1758.59,Other,Happy,WEEKEND_SPLURGER
27,2025-01-25,Born itself law west.,1261.28,Other,Stressed,WEEKEND_SPLURGER
27,2025-01-25,Item yet ever quite.,477.96,Travel,Sad,WEEKEND_SPLURGER
27,2025-01-25,Leave run goal cause.,599.24,Other,Excited,WEEKEND_SPLURGER
27,2025-01-26,Something story attorney summer.,1899.95,Food,Stressed,WEEKEND_SPLURGER
27,2025-01-26,Star executive fear.,1978.69,Other,Happy,WEEKEND_SPLURGER
27,2025-01-27,Training account evidence month.,602.63,Leisure,Excited,WEEKEND_SPLURGER
27,2025-01-28,While bring yourself.,137.83,Education,Neutral,WEEKEND_SPLURGER
27,2025-01-29,Gas contain interest industry sell.,1130.49,Other,Excited,WEEKEND_SPLURGER
27,2025-01-29,Machine son television.,227.7,Travel,Excited,WEEKEND_SPLURGER
27,2025-01-30,Assume campaign assume.,1379.51,Leisure,Stressed,WEEKEND_SPLURGER
27,2025-01-30,Woman daughter hospital move.,669.79,Other,Sad,WEEKEND_SPLURGER
27,2025-01-31,Shake hand hundred now.,1833.52,Education,Neutral,WEEKEND_SPLURGER
28,2024-08-05,Store bit responsibility brother.,1022.02,Other,Excited,WEEKEND_SPLURGER
28,2024-08-05,You without every.,458.01,Leisure,Excited,WEEKEND_SPLURGER
28,2024-08-06,Onto site both change note.,406.05,Other,Excited,WEEKEND_SPLURGER
28,2024-08-06,Bed recognize store.,753.22,Education,Neutral,WEEKEND_SPLURGER
28,2024-08-06,Nearly need behavior.,1267.76,Travel,Happy,WEEKEND_SPLURGER
28,2024-08-07,Particularly score order modern.,1034.49,Education,Happy,WEEKEND_SPLURGER
28,2024-08-08,Child ball store process.,1846.96,Other,Happy,WEEKEND_SPLURGER
28,2024-08-09,Much rich think.,504.2,Other,Stressed,WEEKEND_SPLURGER
28,2024-08-09,Network never.,283.42,Food,Happy,WEEKEND_SPLURGER
28,2024-08-10,Fact reason make office.,1519.26,Leisure,Neutral,WEEKEND_SPLURGER
28,2024-08-10,Go consider century price.,633.23,Food,Neutral,WEEKEND_SPLURGER
28,2024-08-12,Return or for.,581.89,Leisure,Neutral,WEEKEND_SPLURGER
28,2024-08-13,After sister should across treatment.,370.28,Leisure,Sad,WEEKEND_SPLURGER
28,2024-08-15,Leader both rest challenge.,1222.62,Food,Happy,WEEKEND_SPLURGER
28,2024-08-15,Quite as when.,380.72,Other,Happy,WEEKEND_SPLURGER
28,2024-08-16,Drug entire involve.,166.69,Leisure,Neutral,WEEKEND_SPLURGER
28,2024-08-17,Within set region beyond.,2413.76,Other,Stressed,WEEKEND_SPLURGER
28,2024-08-18,Fish either boy between collection.,432.31,Food,Neutral,WEEKEND_SPLURGER
28,2024-08-20,Year him thank trade.,1411.92,Leisure,Sad,WEEKEND_SPLURGER
28,2024-08-20,Something population loss physical.,1778.5,Leisure,Neutral,WEEKEND_SPLURGER
28,2024-08-20,Five indicate chance heavy senior.,913.35,Education,Excited,WEEKEND_SPLURGER
28,2024-08-22,Tell brother defense list second.,819.55,Other,Excited,WEEKEND_SPLURGER
28,2024-08-24,Officer fine.,2404.57,Leisure,Sad,WEEKEND_SPLURGER
28,2024-08-25,Nothing behavior sort recognize.,4157.25,Education,Excited,WEEKEND_SPLURGER
28,2024-08-25,Activity including single right.,695.38,Leisure,Stressed,WEEKEND_SPLURGER
28,2024-08-25,Agreement someone.,1408.75,Other,Happy,WEEKEND_SPLURGER
28,2024-08-26,Child ball store process.,1320.39,Other,Excited,WEEKEND_SPLURGER
28,2024-08-26,Window music evening know.,373.12,Leisure,Sad,WEEKEND_SPLURGER
28,2024-08-29,First blood accept final.,562.86,Leisure,Happy,WEEKEND_SPLURGER
28,2024-08-30,Hold carry rest.,1736.19,Travel,Stressed,WEEKEND_SPLURGER
28,2024-08-31,Likely scientist.,1207.03,Travel,Excited,WEEKEND_SPLURGER
28,2024-09-02,Kid industry.,79.46,Education,Stressed,WEEKEND_SPLURGER
28,2024-09-04,Throughout leader bag.,851.66,Other,Excited,WEEKEND_SPLURGER
28,2024-09-09,Career according.,960.93,Education,Neutral,WEEKEND_SPLURGER
28,2024-09-10,Enjoy instead dream.,1782.27,Other,Excited,WEEKEND_SPLURGER
28,2024-09-12,Herself law.,1354.91,Leisure,Happy,WEEKEND_SPLURGER
28,2024-09-12,Professional color group.,1314.37,Leisure,Happy,WEEKEND_SPLURGER
28,2024-09-13,Message seek civil all.,692.48,Travel,Happy,WEEKEND_SPLURGER
28,2024-09-15,Learn talk.,135.31,Other,Happy,WEEKEND_SPLURGER
28,2024-09-16,Training account evidence month.,953.08,Leisure,Excited,WEEKEND_SPLURGER
28,2024-09-17,Song difference part wall require.,1569.57,Leisure,Excited,WEEKEND_SPLURGER
28,2024-09-21,Step rate feeling rate.,24.22,Food,Neutral,WEEKEND_SPLURGER
28,2024-09-21,Quite as when.,1005.18,Other,Happy,WEEKEND_SPLURGER
28,2024-09-21,First next popular.,262.58,Travel,Happy,WEEKEND_SPLURGER
28,2024-09-22,Better republican stock bank.,185.21,Other,Sad,WEEKEND_SPLURGER
28,2024-09-23,Southern evening ask republican.,1216.04,Other,Happy,WEEKEND_SPLURGER
28,2024-09-24,Smile cover of pm eight.,562.4,Travel,Excited,WEEKEND_SPLURGER
28,2024-09-27,Line score whether.,468.86,Travel,Excited,WEEKEND_SPLURGER
28,2024-09-30,Him fight american music change.,1143.38,Leisure,Excited,WEEKEND_SPLURGER
28,2024-10-02,Country little reality level.,450.24,Leisure,Excited,WEEKEND_SPLURGER
28,2024-10-03,Offer bed it skill challenge.,574.85,Other,Happy,WEEKEND_SPLURGER
28,2024-10-04,Should page camera.,526.73,Education,Sad,WEEKEND_SPLURGER
28,2024-10-06,Pressure those.,1051.62,Leisure,Stressed,WEEKEND_SPLURGER
28,2024-10-07,Improve them wait.,2128.31,Travel,Excited,WEEKEND_SPLURGER
28,2024-10-07,Tell soon executive.,294.71,Other,Happy,WEEKEND_SPLURGER
28,2024-10-08,Economic box save.,545.42,Other,Happy,WEEKEND_SPLURGER
28,2024-10-09,Outside with each animal.,1309.61,Travel,Happy,WEEKEND_SPLURGER
28,2024-10-12,Smile peace apply.,1123.38,Food,Happy,WEEKEND_SPLURGER
28,2024-10-13,Unit again easy morning four.,346.67,Other,Neutral,WEEKEND_SPLURGER
28,2024-10-15,Tree note responsibility.,1264.11,Education,Happy,WEEKEND_SPLURGER
28,2024-10-16,Me system church whether.,431.37,Travel,Stressed,WEEKEND_SPLURGER
28,2024-10-16,Scene almost leave.,1270.71,Leisure,Happy,WEEKEND_SPLURGER
28,2024-10-16,Style real far.,1370.2,Leisure,Sad,WEEKEND_SPLURGER
28,2024-10-17,Expert involve oil.,153.1,Education,Neutral,WEEKEND_SPLURGER
28,2024-10-17,Benefit suggest page southern.,464.93,Leisure,Excited,WEEKEND_SPLURGER
28,2024-10-17,Across nothing.,1532.25,Food,Excited,WEEKEND_SPLURGER
28,2024-10-18,How any federal star.,540.86,Other,Neutral,WEEKEND_SPLURGER
28,2024-10-19,Face morning.,3187.9,Education,Excited,WEEKEND_SPLURGER
28,2024-10-19,Improve them wait.,2288.64,Travel,Happy,WEEKEND_SPLURGER
28,2024-10-20,Three certain.,1703.24,Travel,Sad,WEEKEND_SPLURGER
28,2024-10-20,Executive beyond create dinner conference.,760.11,Other,Excited,WEEKEND_SPLURGER
28,2024-10-21,Approach side model you billion.,887.13,Other,Neutral,WEEKEND_SPLURGER
28,2024-10-22,History professional star wonder.,1685.34,Food,Excited,WEEKEND_SPLURGER
28,2024-10-22,Future choice whatever from.,882.29,Food,Stressed,WEEKEND_SPLURGER
28,2024-10-23,Concern ability reduce.,1063.46,Travel,Neutral,WEEKEND_SPLURGER
28,2024-10-23,Account assume prove similar ten.,2633.97,Education,Excited,WEEKEND_SPLURGER
28,2024-10-26,Research month instead.,2345.72,Leisure,Happy,WEEKEND_SPLURGER
28,2024-10-26,Magazine join.,136.76,Other,Neutral,WEEKEND_SPLURGER
28,2024-10-26,Management game.,1442.62,Education,Sad,WEEKEND_SPLURGER
28,2024-10-26,Quite general there sister.,3129.49,Food,Stressed,WEEKEND_SPLURGER
28,2024-10-27,Police two.,1807.52,Other,Excited,WEEKEND_SPLURGER
28,2024-10-27,Wife talk beat tax majority.,937.53,Food,Sad,WEEKEND_SPLURGER
28,2024-10-28,Boy different chance enter.,109.82,Education,Happy,WEEKEND_SPLURGER
28,2024-10-28,Seven here sell story.,316.73,Other,Happy,WEEKEND_SPLURGER
28,2024-10-29,Road product wait.,810.49,Education,Stressed,WEEKEND_SPLURGER
28,2024-10-29,Within prove full.,202.46,Education,Excited,WEEKEND_SPLURGER
28,2024-10-30,She they.,966.24,Education,Stressed,WEEKEND_SPLURGER
28,2024-10-31,Cell city not not the.,151.6,Other,Happy,WEEKEND_SPLURGER
28,2024-11-02,Realize property show either.,313.74,Other,Stressed,WEEKEND_SPLURGER
28,2024-11-02,Walk now often.,3052.96,Other,Sad,WEEKEND_SPLURGER
28,2024-11-05,Some quickly truth view response.,1726.78,Leisure,Neutral,WEEKEND_SPLURGER
28,2024-11-05,Personal often.,1659.77,Travel,Happy,WEEKEND_SPLURGER
28,2024-11-05,Weight take.,2394.6,Education,Neutral,WEEKEND_SPLURGER
28,2024-11-06,Nature country.,206.84,Other,Neutral,WEEKEND_SPLURGER
28,2024-11-07,Human public health.,577.12,Education,Stressed,WEEKEND_SPLURGER
28,2024-11-08,Health image.,595.16,Other,Happy,WEEKEND_SPLURGER
28,2024-11-08,Worker range feel.,155.6,Leisure,Sad,WEEKEND_SPLURGER
28,2024-11-09,Sing message board mean.,272.84,Leisure,Neutral,WEEKEND_SPLURGER
28,2024-11-11,Race mr.,581.17,Travel,Neutral,WEEKEND_SPLURGER
28,2024-11-11,Quite budget window hour some.,693.7,Travel,Excited,WEEKEND_SPLURGER
28,2024-11-14,Dark camera realize.,513.39,Travel,Excited,WEEKEND_SPLURGER
28,2024-11-15,Door management guess.,1154.46,Leisure,Excited,WEEKEND_SPLURGER
28,2024-11-16,Pattern size spend.,3402.61,Leisure,Happy,WEEKEND_SPLURGER
28,2024-11-17,Wrong difficult.,1163.7,Leisure,Happy,WEEKEND_SPLURGER
28,2024-11-18,Past feeling nature.,888.7,Food,Excited,WEEKEND_SPLURGER
28,2024-11-18,President chance hotel through.,1151.56,Other,Excited,WEEKEND_SPLURGER
28,2024-11-19,Leave run goal cause.,1202.28,Other,Sad,WEEKEND_SPLURGER
28,2024-11-19,Difference world deep.,1652.11,Food,Happy,WEEKEND_SPLURGER
28,2024-11-19,Above company media next me.,590.54,Other,Happy,WEEKEND_SPLURGER
28,2024-11-20,Ball theory prepare much throughout.,1345.63,Travel,Excited,WEEKEND_SPLURGER
28,2024-11-22,Eye something.,1242.77,Food,Excited,WEEKEND_SPLURGER
28,2024-11-24,Town glass road.,3656.45,Other,Excited,WEEKEND_SPLURGER
28,2024-11-25,Point appear including.,1158.7,Leisure,Excited,WEEKEND_SPLURGER
28,2024-11-26,Likely push.,468.12,Other,Excited,WEEKEND_SPLURGER
28,2024-11-26,Later week democratic few.,180.34,Other,Happy,WEEKEND_SPLURGER
28,2024-11-28,Already argue.,467.59,Other,Excited,WEEKEND_SPLURGER
28,2024-11-29,Success teach mrs beat.,962.23,Other,Excited,WEEKEND_SPLURGER
28,2024-11-29,Expert involve oil.,74.49,Education,Neutral,WEEKEND_SPLURGER
28,2024-11-30,Firm financial.,2623.41,Other,Excited,WEEKEND_SPLURGER
28,2024-11-30,American audience fight war whether.,1495.09,Leisure,Excited,WEEKEND_SPLURGER
28,2024-12-03,Quite general there sister.,1237.55,Food,Excited,WEEKEND_SPLURGER
28,2024-12-04,Heavy what least mouth national.,147.9,Food,Excited,WEEKEND_SPLURGER
28,2024-12-04,Body lead there there early.,1783.89,Other,Stressed,WEEKEND_SPLURGER
28,2024-12-04,Law agree appear political.,1925.17,Food,Neutral,WEEKEND_SPLURGER
28,2024-12-04,Sell include himself produce.,1017.2,Other,Excited,WEEKEND_SPLURGER
28,2024-12-05,Doctor news yourself.,98.24,Food,Happy,WEEKEND_SPLURGER
28,2024-12-05,Enough threat score.,110.38,Food,Excited,WEEKEND_SPLURGER
28,2024-12-06,Yet wish certain usually.,570.51,Food,Excited,WEEKEND_SPLURGER
28,2024-12-06,Draw police.,947.48,Leisure,Stressed,WEEKEND_SPLURGER
28,2024-12-06,Together knowledge.,1142.73,Leisure,Neutral,WEEKEND_SPLURGER
28,2024-12-07,Personal often.,1800.58,Travel,Excited,WEEKEND_SPLURGER
28,2024-12-08,Baby lawyer growth matter note.,2582.49,Leisure,Excited,WEEKEND_SPLURGER
28,2024-12-08,Grow laugh.,1238.55,Education,Neutral,WEEKEND_SPLURGER
28,2024-12-08,Firm financial.,3019.95,Other,Happy,WEEKEND_SPLURGER
28,2024-12-10,Take family chance.,1316.25,Other,Excited,WEEKEND_SPLURGER
28,2024-12-10,Concern significant.,315.28,Travel,Neutral,WEEKEND_SPLURGER
28,2024-12-11,Ever day.,1179.52,Leisure,Happy,WEEKEND_SPLURGER
28,2024-12-12,Raise several west side admit.,1556.73,Other,Neutral,WEEKEND_SPLURGER
28,2024-12-14,Year him thank trade.,1955.5,Leisure,Excited,WEEKEND_SPLURGER
28,2024-12-16,Consider time economic high.,668.54,Education,Happy,WEEKEND_SPLURGER
28,2024-12-16,Us perhaps lawyer interest star.,421.32,Other,Happy,WEEKEND_SPLURGER
28,2024-12-17,Meet seem population.,487.73,Education,Excited,WEEKEND_SPLURGER
28,2024-12-17,Simply century the.,946.57,Leisure,Neutral,WEEKEND_SPLURGER
28,2024-12-17,Offer work home.,88.14,Education,Happy,WEEKEND_SPLURGER
28,2024-12-17,Project can.,746.76,Food,Stressed,WEEKEND_SPLURGER
28,2024-12-18,Very figure drive special.,2268.73,Other,Sad,WEEKEND_SPLURGER
28,2024-12-19,Car indeed nor next.,1607.36,Travel,Sad,WEEKEND_SPLURGER
28,2024-12-20,Quite budget window hour some.,1054.92,Travel,Happy,WEEKEND_SPLURGER
28,2024-12-21,Improve them wait.,4210.37,Travel,Neutral,WEEKEND_SPLURGER
28,2024-12-22,Strong mind from.,20.56,Leisure,Excited,WEEKEND_SPLURGER
28,2024-12-24,Nation politics few each southern.,1061.78,Education,Happy,WEEKEND_SPLURGER
28,2024-12-24,Bed report item.,923.13,Leisure,Happy,WEEKEND_SPLURGER
28,2024-12-24,Yard foot he share issue.,1158.69,Travel,Sad,WEEKEND_SPLURGER
28,2024-12-25,Reflect star.,1137.82,Leisure,Happy,WEEKEND_SPLURGER
28,2024-12-25,Throughout leader bag.,731.5,Other,Sad,WEEKEND_SPLURGER
28,2024-12-25,Method everything.,728.4,Leisure,Stressed,WEEKEND_SPLURGER
28,2024-12-25,Day fact modern.,418.51,Education,Neutral,WEEKEND_SPLURGER
28,2024-12-27,Ahead picture son.,2063.79,Travel,Neutral,WEEKEND_SPLURGER
28,2024-12-28,Three certain.,1254.92,Travel,Excited,WEEKEND_SPLURGER
28,2024-12-29,And national spend.,1927.83,Food,Neutral,WEEKEND_SPLURGER
28,2024-12-30,Decade trade field training.,447.44,Leisure,Excited,WEEKEND_SPLURGER
28,2024-12-30,Personal often.,1048.91,Travel,Happy,WEEKEND_SPLURGER
28,2024-12-30,Food affect upon these story.,665.99,Leisure,Excited,WEEKEND_SPLURGER
28,2024-12-30,Feel special.,913.33,Other,Sad,WEEKEND_SPLURGER
28,2025-01-02,Fish late pattern.,742.78,Other,Neutral,WEEKEND_SPLURGER
28,2025-01-05,Four field area young.,2079.03,Education,Neutral,WEEKEND_SPLURGER
28,2025-01-05,Gas contain interest industry sell.,553.02,Other,Excited,WEEKEND_SPLURGER
28,2025-01-07,Less into per big.,1267.72,Food,Happy,WEEKEND_SPLURGER
28,2025-01-07,College manage fund.,421.74,Other,Stressed,WEEKEND_SPLURGER
28,2025-01-07,Each author party full kitchen.,599.24,Food,Happy,WEEKEND_SPLURGER
28,2025-01-07,Build view.,2152.79,Other,Happy,WEEKEND_SPLURGER
28,2025-01-08,Story case.,974.31,Leisure,Happy,WEEKEND_SPLURGER
28,2025-01-08,Network never.,265.74,Food,Sad,WEEKEND_SPLURGER
28,2025-01-10,During call north attention.,587.48,Other,Neutral,WEEKEND_SPLURGER
28,2025-01-13,Beautiful beyond sell.,150.97,Food,Excited,WEEKEND_SPLURGER
28,2025-01-14,Mention billion bed never others.,715.02,Other,Excited,WEEKEND_SPLURGER
28,2025-01-16,Believe product eat generation put.,990.21,Leisure,Stressed,WEEKEND_SPLURGER
28,2025-01-16,Window research his.,555.24,Leisure,Sad,WEEKEND_SPLURGER
28,2025-01-16,Machine son television.,195.3,Travel,Excited,WEEKEND_SPLURGER
28,2025-01-17,Stage someone for power.,1174.44,Other,Excited,WEEKEND_SPLURGER
28,2025-01-17,Open million house enough.,919.48,Leisure,Happy,WEEKEND_SPLURGER
28,2025-01-17,Decade trade field training.,521.87,Leisure,Excited,WEEKEND_SPLURGER
28,2025-01-17,None pressure lay future stay.,1480.5,Leisure,Neutral,WEEKEND_SPLURGER
28,2025-01-18,Blue agent find.,1580.04,Leisure,Excited,WEEKEND_SPLURGER
28,2025-01-19,Decide cultural start how thank.,1034.96,Education,Excited,WEEKEND_SPLURGER
28,2025-01-20,Doctor news yourself.,122.51,Food,Neutral,WEEKEND_SPLURGER
28,2025-01-20,Decide similar office.,1587.12,Leisure,Excited,WEEKEND_SPLURGER
28,2025-01-21,Couple general pretty show.,645.77,Food,Sad,WEEKEND_SPLURGER
28,2025-01-21,Star executive fear.,1201.93,Other,Happy,WEEKEND_SPLURGER
28,2025-01-23,Heavy class story side speak.,1170.47,Leisure,Excited,WEEKEND_SPLURGER
28,2025-01-24,While total spend.,165.05,Education,Excited,WEEKEND_SPLURGER
28,2025-01-24,Sell only manage.,1126.8,Leisure,Happy,WEEKEND_SPLURGER
28,2025-01-26,Organization visit finally.,410.05,Education,Excited,WEEKEND_SPLURGER
28,2025-01-28,Anyone here deep.,55.58,Travel,Neutral,WEEKEND_SPLURGER
28,2025-01-28,Determine not view cell seat.,1007.85,Food,Excited,WEEKEND_SPLURGER
28,2025-01-31,Opportunity lead see.,1085.9,Education,Stressed,WEEKEND_SPLURGER
28,2025-01-31,Picture approach chance none fight.,1098.22,Travel,Sad,WEEKEND_SPLURGER
29,2024-08-01,As throughout individual list manager.,1142.35,Other,Neutral,WEEKEND_SPLURGER
29,2024-08-03,Find job where.,425.53,Education,Sad,WEEKEND_SPLURGER
29,2024-08-06,Control piece behavior message wind.,606.06,Other,Sad,WEEKEND_SPLURGER
29,2024-08-06,Technology pay tree.,436.94,Education,Neutral,WEEKEND_SPLURGER
29,2024-08-06,State among rest national wrong.,614.88,Food,Happy,WEEKEND_SPLURGER
29,2024-08-06,Concern significant.,688.99,Travel,Excited,WEEKEND_SPLURGER
29,2024-08-08,Strong mind from.,15.44,Leisure,Sad,WEEKEND_SPLURGER
29,2024-08-08,Food affect upon these story.,700.29,Leisure,Excited,WEEKEND_SPLURGER
29,2024-08-08,Short indicate police.,476.82,Other,Sad,WEEKEND_SPLURGER
29,2024-08-09,List already positive experience television.,1419.78,Leisure,Happy,WEEKEND_SPLURGER
29,2024-08-09,End bit game thousand.,32.79,Leisure,Neutral,WEEKEND_SPLURGER
29,2024-08-10,Say other never fact.,250.71,Travel,Excited,WEEKEND_SPLURGER
29,2024-08-11,Section agency lawyer sign them.,2828.08,Other,Excited,WEEKEND_SPLURGER
29,2024-08-13,Soon including important.,868.0,Education,Excited,WEEKEND_SPLURGER
29,2024-08-14,Section agency lawyer sign them.,2397.99,Other,Excited,WEEKEND_SPLURGER
29,2024-08-14,Tv budget system book.,2002.13,Leisure,Happy,WEEKEND_SPLURGER
29,2024-08-15,Ground city still.,751.95,Other,Happy,WEEKEND_SPLURGER
29,2024-08-15,Wonder long consider care.,140.72,Other,Sad,WEEKEND_SPLURGER
29,2024-08-16,General final knowledge.,472.74,Food,Stressed,WEEKEND_SPLURGER
29,2024-08-17,Small control see the.,897.8,Travel,Excited,WEEKEND_SPLURGER
29,2024-08-17,Billion morning draw.,475.77,Travel,Excited,WEEKEND_SPLURGER
29,2024-08-17,He participant right.,337.98,Leisure,Happy,WEEKEND_SPLURGER
29,2024-08-21,Bank price north first end.,185.72,Other,Excited,WEEKEND_SPLURGER
29,2024-08-22,Stage threat our.,265.2,Other,Excited,WEEKEND_SPLURGER
29,2024-08-22,Listen whose situation simply officer.,553.21,Education,Neutral,WEEKEND_SPLURGER
29,2024-08-22,She join house.,345.74,Leisure,Happy,WEEKEND_SPLURGER
29,2024-08-23,Audience throw four allow international.,693.52,Travel,Excited,WEEKEND_SPLURGER
29,2024-08-24,Price my.,3482.31,Education,Happy,WEEKEND_SPLURGER
29,2024-08-24,Current health serious.,556.17,Food,Excited,WEEKEND_SPLURGER
29,2024-08-24,Authority number.,2771.23,Other,Excited,WEEKEND_SPLURGER
29,2024-08-26,Window research his.,251.35,Leisure,Excited,WEEKEND_SPLURGER
29,2024-08-28,Reach under.,978.19,Other,Excited,WEEKEND_SPLURGER
29,2024-08-29,Half president structure might.,837.76,Leisure,Excited,WEEKEND_SPLURGER
29,2024-08-29,Call animal approach factor want.,54.87,Travel,Happy,WEEKEND_SPLURGER
29,2024-08-29,Third coach congress husband.,370.22,Leisure,Excited,WEEKEND_SPLURGER
29,2024-08-30,Television argue mouth.,1133.88,Education,Excited,WEEKEND_SPLURGER
29,2024-08-31,Home even.,538.17,Education,Neutral,WEEKEND_SPLURGER
29,2024-09-01,City usually ever.,2568.72,Leisure,Happy,WEEKEND_SPLURGER
29,2024-09-01,Network outside parent.,1848.55,Other,Neutral,WEEKEND_SPLURGER
29,2024-09-03,Food affect upon these story.,1997.27,Leisure,Excited,WEEKEND_SPLURGER
29,2024-09-04,Stuff next write.,2004.16,Other,Neutral,WEEKEND_SPLURGER
29,2024-09-04,Idea seek.,184.63,Other,Happy,WEEKEND_SPLURGER
29,2024-09-04,Turn both in animal.,2426.18,Leisure,Excited,WEEKEND_SPLURGER
29,2024-09-05,Course technology site.,2258.87,Leisure,Neutral,WEEKEND_SPLURGER
29,2024-09-06,Program decade home which view.,574.91,Travel,Excited,WEEKEND_SPLURGER
29,2024-09-07,Enter capital population.,837.75,Other,Happy,WEEKEND_SPLURGER
29,2024-09-07,Voice american seven discussion.,422.94,Leisure,Happy,WEEKEND_SPLURGER
29,2024-09-08,Ago race quite hour.,1699.22,Food,Excited,WEEKEND_SPLURGER
29,2024-09-08,Paper beyond indeed.,1510.29,Education,Sad,WEEKEND_SPLURGER
29,2024-09-10,Skill successful and.,29.18,Other,Neutral,WEEKEND_SPLURGER
29,2024-09-10,Lead few yourself.,1775.76,Travel,Happy,WEEKEND_SPLURGER
29,2024-09-11,Yes at seat ok.,3157.99,Other,Happy,WEEKEND_SPLURGER
29,2024-09-11,Let stay or focus.,492.1,Other,Excited,WEEKEND_SPLURGER
29,2024-09-11,Anyone bank kitchen interest parent.,261.08,Travel,Neutral,WEEKEND_SPLURGER
29,2024-09-13,Part management.,596.62,Education,Neutral,WEEKEND_SPLURGER
29,2024-09-14,Machine son television.,298.51,Travel,Neutral,WEEKEND_SPLURGER
29,2024-09-14,Claim move.,1688.45,Other,Happy,WEEKEND_SPLURGER
29,2024-09-15,Wide exactly.,681.68,Leisure,Neutral,WEEKEND_SPLURGER
29,2024-09-16,Be move fly open.,136.18,Other,Excited,WEEKEND_SPLURGER
29,2024-09-17,Tough animal someone.,1196.08,Leisure,Excited,WEEKEND_SPLURGER
29,2024-09-19,Born itself law west.,609.53,Other,Neutral,WEEKEND_SPLURGER
29,2024-09-20,Truth during always those high.,2153.82,Leisure,Excited,WEEKEND_SPLURGER
29,2024-09-20,Win central.,830.02,Other,Stressed,WEEKEND_SPLURGER
29,2024-09-21,Brother southern project learn.,1448.91,Leisure,Sad,WEEKEND_SPLURGER
29,2024-09-21,Low happy oil which bag.,304.45,Food,Excited,WEEKEND_SPLURGER
29,2024-09-21,Food affect upon these story.,3589.7,Leisure,Sad,WEEKEND_SPLURGER
29,2024-09-22,Race to television loss.,1733.78,Other,Excited,WEEKEND_SPLURGER
29,2024-09-23,Have decide environment.,950.14,Other,Excited,WEEKEND_SPLURGER
29,2024-09-24,Book toward.,2403.01,Leisure,Happy,WEEKEND_SPLURGER
29,2024-09-24,Example decision garden.,110.67,Leisure,Stressed,WEEKEND_SPLURGER
29,2024-09-25,Increase consider.,565.58,Other,Excited,WEEKEND_SPLURGER
29,2024-09-27,Remain seven marriage.,877.52,Food,Happy,WEEKEND_SPLURGER
29,2024-09-28,Close month parent who up.,892.41,Leisure,Stressed,WEEKEND_SPLURGER
29,2024-09-30,She join house.,252.14,Leisure,Stressed,WEEKEND_SPLURGER
29,2024-09-30,Car risk.,392.81,Food,Stressed,WEEKEND_SPLURGER
29,2024-09-30,College manage fund.,304.76,Other,Excited,WEEKEND_SPLURGER
29,2024-09-30,Available defense.,655.46,Leisure,Excited,WEEKEND_SPLURGER
29,2024-09-30,Office of remember individual.,5.63,Other,Happy,WEEKEND_SPLURGER
29,2024-09-30,While same budget.,816.45,Food,Neutral,WEEKEND_SPLURGER
29,2024-10-01,Scientist necessary into.,966.91,Other,Stressed,WEEKEND_SPLURGER
29,2024-10-01,Difference attention whatever american.,325.05,Food,Sad,WEEKEND_SPLURGER
29,2024-10-01,Decide similar office.,1114.56,Leisure,Happy,WEEKEND_SPLURGER
29,2024-10-02,Approach about because.,512.35,Leisure,Happy,WEEKEND_SPLURGER
29,2024-10-03,Oil per line create build.,1545.09,Leisure,Happy,WEEKEND_SPLURGER
29,2024-10-03,Effect cultural.,442.75,Food,Neutral,WEEKEND_SPLURGER
29,2024-10-04,Open million house enough.,934.81,Leisure,Excited,WEEKEND_SPLURGER
29,2024-10-04,Go exactly much food region.,803.26,Food,Sad,WEEKEND_SPLURGER
29,2024-10-05,Start house ahead raise.,3278.12,Other,Excited,WEEKEND_SPLURGER
29,2024-10-05,Inside big minute.,266.07,Leisure,Excited,WEEKEND_SPLURGER
29,2024-10-05,Time surface learn design.,1590.75,Other,Happy,WEEKEND_SPLURGER
29,2024-10-06,Car fast positive.,1173.38,Other,Happy,WEEKEND_SPLURGER
29,2024-10-06,And student give score agree.,1925.98,Other,Neutral,WEEKEND_SPLURGER
29,2024-10-06,Call door.,2436.25,Leisure,Happy,WEEKEND_SPLURGER
29,2024-10-07,Control bill.,1205.61,Other,Neutral,WEEKEND_SPLURGER
29,2024-10-08,Night various return explain.,421.19,Leisure,Excited,WEEKEND_SPLURGER
29,2024-10-08,Big the cost for leader.,594.03,Leisure,Excited,WEEKEND_SPLURGER
29,2024-10-09,Opportunity lead see.,1707.42,Education,Excited,WEEKEND_SPLURGER
29,2024-10-10,Place offer.,279.46,Leisure,Happy,WEEKEND_SPLURGER
29,2024-10-10,Task central dinner.,451.79,Other,Stressed,WEEKEND_SPLURGER
29,2024-10-11,Particular condition man.,183.53,Leisure,Stressed,WEEKEND_SPLURGER
29,2024-10-11,Bring agent pay detail group.,965.82,Food,Stressed,WEEKEND_SPLURGER
29,2024-10-12,Leave bar prevent require.,1643.55,Other,Happy,WEEKEND_SPLURGER
29,2024-10-13,Project spring of.,2065.21,Other,Neutral,WEEKEND_SPLURGER
29,2024-10-16,Choice prepare.,2236.23,Other,Excited,WEEKEND_SPLURGER
29,2024-10-16,Senior difficult put.,815.77,Leisure,Neutral,WEEKEND_SPLURGER
29,2024-10-16,More road development about.,1246.56,Travel,Excited,WEEKEND_SPLURGER
29,2024-10-17,We cold deep.,111.92,Travel,Neutral,WEEKEND_SPLURGER
29,2024-10-18,Never majority cell.,28.49,Other,Happy,WEEKEND_SPLURGER
29,2024-10-18,Huge garden family.,1883.25,Leisure,Excited,WEEKEND_SPLURGER
29,2024-10-19,Remember carry.,107.21,Other,Sad,WEEKEND_SPLURGER
29,2024-10-19,Smile high open scientist.,2682.57,Food,Stressed,WEEKEND_SPLURGER
29,2024-10-20,Somebody son suddenly perform.,154.33,Leisure,Sad,WEEKEND_SPLURGER
29,2024-10-20,Paper memory history office.,2681.86,Leisure,Happy,WEEKEND_SPLURGER
29,2024-10-20,Happy action.,1146.93,Leisure,Happy,WEEKEND_SPLURGER
29,2024-10-21,Itself free source.,683.46,Travel,Excited,WEEKEND_SPLURGER
29,2024-10-21,Small control see the.,609.34,Travel,Happy,WEEKEND_SPLURGER
29,2024-10-21,Try wonder move trade.,920.54,Travel,Neutral,WEEKEND_SPLURGER
29,2024-10-21,Remember nearly face feel.,1056.77,Travel,Neutral,WEEKEND_SPLURGER
29,2024-10-23,Store bit responsibility brother.,1974.5,Other,Happy,WEEKEND_SPLURGER
29,2024-10-23,Pattern size spend.,2102.47,Leisure,Excited,WEEKEND_SPLURGER
29,2024-10-24,Citizen street region.,270.53,Other,Excited,WEEKEND_SPLURGER
29,2024-10-25,About usually.,2315.63,Education,Sad,WEEKEND_SPLURGER
29,2024-10-30,Hundred step according.,824.62,Food,Excited,WEEKEND_SPLURGER
29,2024-11-01,Paper memory history office.,1300.22,Leisure,Excited,WEEKEND_SPLURGER
29,2024-11-01,Affect test.,470.22,Other,Excited,WEEKEND_SPLURGER
29,2024-11-02,Senior difficult put.,950.5,Leisure,Happy,WEEKEND_SPLURGER
29,2024-11-02,Message seek civil all.,1297.96,Travel,Sad,WEEKEND_SPLURGER
29,2024-11-03,Live seat.,2424.14,Leisure,Stressed,WEEKEND_SPLURGER
29,2024-11-03,Its develop until watch.,3348.82,Food,Excited,WEEKEND_SPLURGER
29,2024-11-04,Moment red eight hand.,751.86,Other,Excited,WEEKEND_SPLURGER
29,2024-11-05,Western order accept wide prevent.,1732.81,Travel,Neutral,WEEKEND_SPLURGER
29,2024-11-07,Ago race quite hour.,928.4,Food,Happy,WEEKEND_SPLURGER
29,2024-11-08,Reality fill ok list.,2447.7,Education,Neutral,WEEKEND_SPLURGER
29,2024-11-08,Break wait.,1390.58,Other,Happy,WEEKEND_SPLURGER
29,2024-11-09,Support possible.,956.89,Other,Neutral,WEEKEND_SPLURGER
29,2024-11-09,Find lay deal lot.,3510.14,Other,Stressed,WEEKEND_SPLURGER
29,2024-11-10,Road product wait.,1208.23,Education,Neutral,WEEKEND_SPLURGER
29,2024-11-11,Draw change agree someone.,727.51,Food,Excited,WEEKEND_SPLURGER
29,2024-11-11,Market specific property coach.,505.33,Leisure,Excited,WEEKEND_SPLURGER
29,2024-11-12,Form newspaper.,493.83,Other,Excited,WEEKEND_SPLURGER
29,2024-11-13,Bring agent pay detail group.,998.07,Food,Excited,WEEKEND_SPLURGER
29,2024-11-13,Field a spring.,1220.54,Education,Neutral,WEEKEND_SPLURGER
29,2024-11-13,Focus chance.,136.06,Food,Neutral,WEEKEND_SPLURGER
29,2024-11-14,More road development about.,1925.72,Travel,Neutral,WEEKEND_SPLURGER
29,2024-11-14,Peace wind guess.,402.98,Other,Excited,WEEKEND_SPLURGER
29,2024-11-14,Military onto blue activity.,715.43,Other,Stressed,WEEKEND_SPLURGER
29,2024-11-14,Source onto provide.,277.05,Other,Neutral,WEEKEND_SPLURGER
29,2024-11-15,Order his oil west school.,2640.11,Food,Neutral,WEEKEND_SPLURGER
29,2024-11-16,Individual analysis.,1089.4,Leisure,Excited,WEEKEND_SPLURGER
29,2024-11-17,Project spring of.,1343.21,Other,Excited,WEEKEND_SPLURGER
29,2024-11-17,Take family chance.,1345.28,Other,Excited,WEEKEND_SPLURGER
29,2024-11-17,Whether century quality.,2576.81,Travel,Happy,WEEKEND_SPLURGER
29,2024-11-17,Actually than modern season.,1711.87,Education,Happy,WEEKEND_SPLURGER
29,2024-11-20,Paper memory history office.,1535.99,Leisure,Sad,WEEKEND_SPLURGER
29,2024-11-20,Help painting always.,37.5,Other,Excited,WEEKEND_SPLURGER
29,2024-11-20,Week yourself public especially american.,719.62,Leisure,Excited,WEEKEND_SPLURGER
29,2024-11-21,Pressure those.,465.04,Leisure,Neutral,WEEKEND_SPLURGER
29,2024-11-21,Decision where foreign trial.,617.75,Leisure,Happy,WEEKEND_SPLURGER
29,2024-11-22,Soldier meeting building.,504.4,Travel,Happy,WEEKEND_SPLURGER
29,2024-11-22,Kid industry.,95.45,Education,Excited,WEEKEND_SPLURGER
29,2024-11-24,Try opportunity public.,369.39,Other,Stressed,WEEKEND_SPLURGER
29,2024-11-25,Above dog brother morning.,1691.77,Food,Neutral,WEEKEND_SPLURGER
29,2024-11-27,List leg address into their.,1362.46,Travel,Sad,WEEKEND_SPLURGER
29,2024-11-27,Name skill medical after them.,755.26,Other,Excited,WEEKEND_SPLURGER
29,2024-11-27,Good house only military.,322.2,Other,Happy,WEEKEND_SPLURGER
29,2024-11-28,Into notice necessary true message.,284.5,Leisure,Happy,WEEKEND_SPLURGER
29,2024-11-29,Tell brother defense list second.,593.55,Other,Neutral,WEEKEND_SPLURGER
29,2024-11-30,Fact huge fight.,1813.85,Leisure,Excited,WEEKEND_SPLURGER
29,2024-11-30,Actually than modern season.,1594.79,Education,Happy,WEEKEND_SPLURGER
29,2024-12-01,Something population loss physical.,2026.69,Leisure,Happy,WEEKEND_SPLURGER
29,2024-12-03,Begin treat stage this.,2376.75,Other,Neutral,WEEKEND_SPLURGER
29,2024-12-03,Buy tax.,1267.92,Food,Stressed,WEEKEND_SPLURGER
29,2024-12-04,How any federal star.,176.86,Other,Excited,WEEKEND_SPLURGER
29,2024-12-04,Find job where.,460.71,Education,Neutral,WEEKEND_SPLURGER
29,2024-12-06,Decision where foreign trial.,1363.95,Leisure,Excited,WEEKEND_SPLURGER
29,2024-12-06,Drug entire involve.,138.96,Leisure,Happy,WEEKEND_SPLURGER
29,2024-12-07,Instead ahead despite measure ago.,1640.37,Other,Excited,WEEKEND_SPLURGER
29,2024-12-08,Against only.,2774.16,Education,Sad,WEEKEND_SPLURGER
29,2024-12-11,Development middle animal.,202.09,Education,Happy,WEEKEND_SPLURGER
29,2024-12-12,Return or for.,1133.08,Leisure,Excited,WEEKEND_SPLURGER
29,2024-12-12,Phone ever back experience.,945.44,Other,Excited,WEEKEND_SPLURGER
29,2024-12-13,Something future they red.,267.73,Leisure,Sad,WEEKEND_SPLURGER
29,2024-12-15,Huge garden family.,2908.95,Leisure,Neutral,WEEKEND_SPLURGER
29,2024-12-15,Brother southern project learn.,2352.91,Leisure,Stressed,WEEKEND_SPLURGER
29,2024-12-15,Administration network once.,3700.73,Other,Stressed,WEEKEND_SPLURGER
29,2024-12-18,State among rest national wrong.,2706.75,Food,Neutral,WEEKEND_SPLURGER
29,2024-12-19,None whose.,1012.38,Leisure,Sad,WEEKEND_SPLURGER
29,2024-12-19,Good anything manager think pressure.,158.93,Education,Sad,WEEKEND_SPLURGER
29,2024-12-20,Art green child movie blue.,969.58,Other,Neutral,WEEKEND_SPLURGER
29,2024-12-21,State husband.,959.56,Other,Excited,WEEKEND_SPLURGER
29,2024-12-22,Boy other foot best.,2902.58,Leisure,Excited,WEEKEND_SPLURGER
29,2024-12-23,Keep yes.,120.29,Education,Excited,WEEKEND_SPLURGER
29,2024-12-25,Very figure drive special.,2254.36,Other,Happy,WEEKEND_SPLURGER
29,2024-12-25,Child ball store process.,1149.27,Other,Stressed,WEEKEND_SPLURGER
29,2024-12-26,Woman whose already.,1225.56,Leisure,Excited,WEEKEND_SPLURGER
29,2024-12-27,Picture approach chance none fight.,1005.76,Travel,Excited,WEEKEND_SPLURGER
29,2024-12-28,Pretty skin main program.,1500.8,Education,Happy,WEEKEND_SPLURGER
29,2024-12-29,Week yourself public especially american.,616.62,Leisure,Neutral,WEEKEND_SPLURGER
29,2024-12-30,National back everybody direction budget.,112.85,Other,Sad,WEEKEND_SPLURGER
29,2024-12-31,Or phone.,2082.22,Food,Stressed,WEEKEND_SPLURGER
29,2025-01-01,Management game.,761.38,Education,Excited,WEEKEND_SPLURGER
29,2025-01-01,Why station manager.,1131.12,Travel,Excited,WEEKEND_SPLURGER
29,2025-01-02,Challenge organization floor road southern.,898.5,Travel,Happy,WEEKEND_SPLURGER
29,2025-01-02,Not teach believe month.,153.23,Travel,Happy,WEEKEND_SPLURGER
29,2025-01-03,Strong mind from.,30.68,Leisure,Happy,WEEKEND_SPLURGER
29,2025-01-04,Stuff avoid.,2377.0,Other,Excited,WEEKEND_SPLURGER
29,2025-01-05,Begin treat stage this.,2116.39,Other,Stressed,WEEKEND_SPLURGER
29,2025-01-08,Scientist necessary into.,1255.41,Other,Excited,WEEKEND_SPLURGER
29,2025-01-08,Million kind everything young.,2191.89,Food,Excited,WEEKEND_SPLURGER
29,2025-01-08,Sometimes while sense window.,1360.64,Leisure,Excited,WEEKEND_SPLURGER
29,2025-01-09,Radio product.,1319.29,Food,Sad,WEEKEND_SPLURGER
29,2025-01-09,Tree note responsibility.,287.11,Education,Stressed,WEEKEND_SPLURGER
29,2025-01-10,Three certain.,1115.05,Travel,Neutral,WEEKEND_SPLURGER
29,2025-01-11,Above dog brother morning.,4014.97,Food,Excited,WEEKEND_SPLURGER
29,2025-01-11,Bring agent pay detail group.,937.26,Food,Happy,WEEKEND_SPLURGER
29,2025-01-12,Strong mind from.,14.36,Leisure,Excited,WEEKEND_SPLURGER
29,2025-01-12,My some skin ball thing.,524.97,Education,Excited,WEEKEND_SPLURGER
29,2025-01-12,Development provide dark daughter.,1233.7,Food,Neutral,WEEKEND_SPLURGER
29,2025-01-12,Above company media next me.,1258.01,Other,Happy,WEEKEND_SPLURGER
29,2025-01-12,Pretty skin main program.,5216.56,Education,Happy,WEEKEND_SPLURGER
29,2025-01-13,Task she.,2175.96,Other,Excited,WEEKEND_SPLURGER
29,2025-01-13,All important shoulder she.,1901.09,Other,Excited,WEEKEND_SPLURGER
29,2025-01-13,Analysis hair rest wide.,1416.91,Food,Sad,WEEKEND_SPLURGER
29,2025-01-13,Exist theory.,2088.56,Other,Happy,WEEKEND_SPLURGER
29,2025-01-14,Career including late condition opportunity.,826.99,Education,Stressed,WEEKEND_SPLURGER
29,2025-01-16,Worker range feel.,236.31,Leisure,Happy,WEEKEND_SPLURGER
29,2025-01-16,Yourself successful defense subject.,767.75,Leisure,Excited,WEEKEND_SPLURGER
29,2025-01-17,Heavy what least mouth national.,102.47,Food,Happy,WEEKEND_SPLURGER
29,2025-01-17,Describe paper.,468.59,Other,Excited,WEEKEND_SPLURGER
29,2025-01-18,Wide exactly.,857.66,Leisure,Neutral,WEEKEND_SPLURGER
29,2025-01-19,Low happy oil which bag.,260.08,Food,Neutral,WEEKEND_SPLURGER
29,2025-01-19,Community spring billion price paper.,2241.19,Other,Neutral,WEEKEND_SPLURGER
29,2025-01-22,Improve them wait.,2182.85,Travel,Happy,WEEKEND_SPLURGER
29,2025-01-23,Child group describe.,1716.89,Leisure,Sad,WEEKEND_SPLURGER
29,2025-01-23,Laugh red man fly charge.,995.01,Travel,Excited,WEEKEND_SPLURGER
29,2025-01-23,Pressure hospital significant.,227.92,Travel,Happy,WEEKEND_SPLURGER
29,2025-01-23,Course out second carry.,1791.24,Education,Happy,WEEKEND_SPLURGER
29,2025-01-23,Democratic station course full.,1691.77,Food,Stressed,WEEKEND_SPLURGER
29,2025-01-24,Something population loss physical.,824.2,Leisure,Sad,WEEKEND_SPLURGER
29,2025-01-25,Water fight security tough gas.,3807.43,Leisure,Sad,WEEKEND_SPLURGER
29,2025-01-26,Bring animal also you.,1397.89,Food,Excited,WEEKEND_SPLURGER
29,2025-01-27,Seven here sell story.,1448.34,Other,Happy,WEEKEND_SPLURGER
29,2025-01-27,Research visit program suddenly doctor.,1361.56,Leisure,Excited,WEEKEND_SPLURGER
29,2025-01-27,Better republican stock bank.,144.56,Other,Excited,WEEKEND_SPLURGER
29,2025-01-30,Bad argue side girl.,1126.09,Food,Excited,WEEKEND_SPLURGER
29,2025-01-31,Edge building court.,63.83,Travel,Sad,WEEKEND_SPLURGER
29,2025-01-31,Child group describe.,947.5,Leisure,Neutral,WEEKEND_SPLURGER
30,2024-08-02,Scientist i doctor.,396.81,Education,Excited,WEEKEND_SPLURGER
30,2024-08-02,What strong line.,11.52,Leisure,Happy,WEEKEND_SPLURGER
30,2024-08-02,Threat church big day couple.,1674.41,Food,Happy,WEEKEND_SPLURGER
30,2024-08-03,Pattern size spend.,3782.64,Leisure,Neutral,WEEKEND_SPLURGER
30,2024-08-04,Car fast positive.,1145.03,Other,Excited,WEEKEND_SPLURGER
30,2024-08-06,Town glass road.,1794.07,Other,Neutral,WEEKEND_SPLURGER
30,2024-08-07,Senior service large under.,1718.22,Travel,Excited,WEEKEND_SPLURGER
30,2024-08-08,Feeling manage as.,1516.92,Other,Neutral,WEEKEND_SPLURGER
30,2024-08-08,Door management guess.,1895.96,Leisure,Happy,WEEKEND_SPLURGER
30,2024-08-10,Above others.,3446.52,Food,Excited,WEEKEND_SPLURGER
30,2024-08-11,Rest or.,5587.78,Travel,Happy,WEEKEND_SPLURGER
30,2024-08-11,Sell include himself produce.,1237.48,Other,Neutral,WEEKEND_SPLURGER
30,2024-08-12,Week yourself public especially american.,452.14,Leisure,Happy,WEEKEND_SPLURGER
30,2024-08-12,Likely push.,763.09,Other,Happy,WEEKEND_SPLURGER
30,2024-08-12,American audience fight war whether.,967.55,Leisure,Excited,WEEKEND_SPLURGER
30,2024-08-13,Leave run goal cause.,595.09,Other,Excited,WEEKEND_SPLURGER
30,2024-08-14,Technology tend.,183.03,Leisure,Neutral,WEEKEND_SPLURGER
30,2024-08-14,Allow girl team simply lead.,368.75,Education,Sad,WEEKEND_SPLURGER
30,2024-08-14,Position interest.,196.81,Leisure,Happy,WEEKEND_SPLURGER
30,2024-08-15,People newspaper stay.,83.29,Other,Excited,WEEKEND_SPLURGER
30,2024-08-16,Its develop until watch.,1263.95,Food,Stressed,WEEKEND_SPLURGER
30,2024-08-19,Third rich hospital.,90.9,Education,Excited,WEEKEND_SPLURGER
30,2024-08-19,Push east never size fight.,393.23,Travel,Happy,WEEKEND_SPLURGER
30,2024-08-20,Create physical share out cold.,153.06,Other,Neutral,WEEKEND_SPLURGER
30,2024-08-21,Factor past language day theory.,1256.43,Education,Neutral,WEEKEND_SPLURGER
30,2024-08-22,Individual analysis.,317.21,Leisure,Happy,WEEKEND_SPLURGER
30,2024-08-23,Wall act special.,1846.9,Travel,Sad,WEEKEND_SPLURGER
30,2024-08-23,Gas human create also.,184.29,Education,Happy,WEEKEND_SPLURGER
30,2024-08-23,Law read citizen.,312.3,Other,Neutral,WEEKEND_SPLURGER
30,2024-08-24,Perhaps order answer blue structure.,2040.4,Other,Excited,WEEKEND_SPLURGER
30,2024-08-24,Door end fire.,2769.14,Travel,Stressed,WEEKEND_SPLURGER
30,2024-08-25,Movement door kind.,1172.99,Travel,Excited,WEEKEND_SPLURGER
30,2024-08-25,Song risk bad.,3553.33,Travel,Neutral,WEEKEND_SPLURGER
30,2024-08-25,Evening ahead smile.,1397.18,Leisure,Neutral,WEEKEND_SPLURGER
30,2024-08-28,Wrong difficult range.,1457.36,Travel,Excited,WEEKEND_SPLURGER
30,2024-08-29,Security land record.,937.35,Education,Happy,WEEKEND_SPLURGER
30,2024-08-30,Fear yourself last.,199.09,Leisure,Excited,WEEKEND_SPLURGER
30,2024-08-30,Hope floor include.,428.78,Other,Happy,WEEKEND_SPLURGER
30,2024-08-31,Way cold.,709.14,Education,Neutral,WEEKEND_SPLURGER
30,2024-08-31,Bring animal also you.,1380.27,Food,Excited,WEEKEND_SPLURGER
30,2024-08-31,Security arm.,1993.38,Other,Neutral,WEEKEND_SPLURGER
30,2024-09-01,Lay color.,539.56,Food,Excited,WEEKEND_SPLURGER
30,2024-09-01,Feel color price next.,3346.82,Travel,Excited,WEEKEND_SPLURGER
30,2024-09-02,Teach cause mrs.,220.2,Leisure,Neutral,WEEKEND_SPLURGER
30,2024-09-03,Resource road do.,1105.39,Other,Stressed,WEEKEND_SPLURGER
30,2024-09-03,Realize property show either.,219.2,Other,Excited,WEEKEND_SPLURGER
30,2024-09-03,Born same usually.,1505.62,Leisure,Sad,WEEKEND_SPLURGER
30,2024-09-03,Store natural today season.,93.06,Other,Happy,WEEKEND_SPLURGER
30,2024-09-03,Determine feel article we they.,1024.26,Leisure,Neutral,WEEKEND_SPLURGER
30,2024-09-04,Thing industry participant realize.,1452.98,Leisure,Excited,WEEKEND_SPLURGER
30,2024-09-06,Skill successful and.,13.87,Other,Neutral,WEEKEND_SPLURGER
30,2024-09-07,Strong mind from.,26.63,Leisure,Neutral,WEEKEND_SPLURGER
30,2024-09-07,Analysis hair rest wide.,1492.88,Food,Happy,WEEKEND_SPLURGER
30,2024-09-08,Democratic recent student specific political.,616.39,Food,Happy,WEEKEND_SPLURGER
30,2024-09-08,Boy other foot best.,2104.51,Leisure,Happy,WEEKEND_SPLURGER
30,2024-09-08,Remain seven marriage.,573.46,Food,Sad,WEEKEND_SPLURGER
30,2024-09-09,Entire hotel.,2076.29,Other,Stressed,WEEKEND_SPLURGER
30,2024-09-09,White likely teacher one.,1193.46,Leisure,Happy,WEEKEND_SPLURGER
30,2024-09-11,Outside with each animal.,1651.09,Travel,Happy,WEEKEND_SPLURGER
30,2024-09-11,Quite general there sister.,2623.85,Food,Excited,WEEKEND_SPLURGER
30,2024-09-12,Across involve fall.,836.19,Travel,Excited,WEEKEND_SPLURGER
30,2024-09-13,Trip determine as statement.,1310.95,Other,Sad,WEEKEND_SPLURGER
30,2024-09-13,Material produce station visit environmental.,659.43,Other,Stressed,WEEKEND_SPLURGER
30,2024-09-13,Yourself successful defense subject.,732.57,Leisure,Neutral,WEEKEND_SPLURGER
30,2024-09-15,Difference attention whatever american.,279.72,Food,Excited,WEEKEND_SPLURGER
30,2024-09-15,Moment eat personal.,3149.27,Other,Neutral,WEEKEND_SPLURGER
30,2024-09-16,Support state.,1765.67,Other,Excited,WEEKEND_SPLURGER
30,2024-09-16,Play move each left establish.,895.69,Education,Excited,WEEKEND_SPLURGER
30,2024-09-16,Be move fly open.,243.47,Other,Sad,WEEKEND_SPLURGER
30,2024-09-16,Leg rest interest.,1440.62,Other,Sad,WEEKEND_SPLURGER
30,2024-09-18,Security land record.,906.87,Education,Excited,WEEKEND_SPLURGER
30,2024-09-18,Significant up still management.,1461.28,Leisure,Excited,WEEKEND_SPLURGER
30,2024-09-18,Pass range appear home player.,435.3,Education,Happy,WEEKEND_SPLURGER
30,2024-09-21,Section national owner determine detail.,532.68,Other,Excited,WEEKEND_SPLURGER
30,2024-09-22,Long identify road speech.,354.52,Other,Sad,WEEKEND_SPLURGER
30,2024-09-22,Arrive society.,1427.49,Leisure,Happy,WEEKEND_SPLURGER
30,2024-09-22,Computer always his.,656.16,Food,Excited,WEEKEND_SPLURGER
30,2024-09-23,People education great.,1438.16,Education,Happy,WEEKEND_SPLURGER
30,2024-09-24,Try wonder move trade.,1128.58,Travel,Sad,WEEKEND_SPLURGER
30,2024-09-24,Lead few yourself.,2534.1,Travel,Happy,WEEKEND_SPLURGER
30,2024-09-24,Them key.,1006.92,Travel,Excited,WEEKEND_SPLURGER
30,2024-09-25,Drive nation heart nearly season.,285.7,Travel,Neutral,WEEKEND_SPLURGER
30,2024-09-27,Word collection those become.,701.67,Leisure,Excited,WEEKEND_SPLURGER
30,2024-09-28,My compare also argue.,3433.21,Travel,Excited,WEEKEND_SPLURGER
30,2024-09-30,Bill beautiful issue.,836.12,Food,Excited,WEEKEND_SPLURGER
30,2024-09-30,Peace race i.,775.82,Other,Happy,WEEKEND_SPLURGER
30,2024-10-01,Real small.,1941.74,Education,Excited,WEEKEND_SPLURGER
30,2024-10-03,Leg sport until argue.,1898.58,Food,Neutral,WEEKEND_SPLURGER
30,2024-10-03,College manage fund.,443.74,Other,Neutral,WEEKEND_SPLURGER
30,2024-10-04,Sell only manage.,1024.43,Leisure,Neutral,WEEKEND_SPLURGER
30,2024-10-05,Well left.,1955.5,Other,Happy,WEEKEND_SPLURGER
30,2024-10-05,Material less focus hear.,1281.33,Travel,Excited,WEEKEND_SPLURGER
30,2024-10-06,Pattern wrong kind certainly.,645.22,Other,Excited,WEEKEND_SPLURGER
30,2024-10-06,Technology pay tree.,590.29,Education,Sad,WEEKEND_SPLURGER
30,2024-10-06,Bad argue side girl.,1283.56,Food,Neutral,WEEKEND_SPLURGER
30,2024-10-06,Network outside parent.,3845.53,Other,Neutral,WEEKEND_SPLURGER
30,2024-10-07,Question now key show.,1099.5,Other,Happy,WEEKEND_SPLURGER
30,2024-10-07,Environment character real middle prove.,809.33,Other,Excited,WEEKEND_SPLURGER
30,2024-10-07,Paper beyond indeed.,922.82,Education,Stressed,WEEKEND_SPLURGER
30,2024-10-08,Break wait.,1323.67,Other,Excited,WEEKEND_SPLURGER
30,2024-10-08,Consumer face.,832.33,Leisure,Excited,WEEKEND_SPLURGER
30,2024-10-08,Yeah far within.,880.01,Other,Excited,WEEKEND_SPLURGER
30,2024-10-09,All important shoulder she.,1916.91,Other,Excited,WEEKEND_SPLURGER
30,2024-10-11,Nice maintain present cultural.,291.85,Other,Happy,WEEKEND_SPLURGER
30,2024-10-12,Relate real major.,2146.51,Leisure,Excited,WEEKEND_SPLURGER
30,2024-10-12,Bad argue side girl.,2560.1,Food,Neutral,WEEKEND_SPLURGER
30,2024-10-12,Gas contain interest industry sell.,823.69,Other,Excited,WEEKEND_SPLURGER
30,2024-10-12,Wide exactly.,554.15,Leisure,Excited,WEEKEND_SPLURGER
30,2024-10-12,Course staff personal space.,2290.59,Leisure,Excited,WEEKEND_SPLURGER
30,2024-10-12,Paper beyond indeed.,1370.53,Education,Excited,WEEKEND_SPLURGER
30,2024-10-13,Break wait.,2353.08,Other,Happy,WEEKEND_SPLURGER
30,2024-10-14,Oil per line create build.,1254.67,Leisure,Happy,WEEKEND_SPLURGER
30,2024-10-16,Whether century quality.,2999.32,Travel,Excited,WEEKEND_SPLURGER
30,2024-10-17,Lose modern return simple herself.,1391.88,Leisure,Stressed,WEEKEND_SPLURGER
30,2024-10-19,Along attention piece tv young.,2333.3,Leisure,Excited,WEEKEND_SPLURGER
30,2024-10-20,Should page camera.,463.79,Education,Sad,WEEKEND_SPLURGER
30,2024-10-20,Age cover foreign.,2913.72,Leisure,Sad,WEEKEND_SPLURGER
30,2024-10-20,Source husband.,178.13,Leisure,Excited,WEEKEND_SPLURGER
30,2024-10-21,Buy tax.,1959.32,Food,Sad,WEEKEND_SPLURGER
30,2024-10-22,Sit enter perhaps however.,1120.7,Leisure,Excited,WEEKEND_SPLURGER
30,2024-10-22,Try opportunity public.,237.13,Other,Sad,WEEKEND_SPLURGER
30,2024-10-22,Wide cut player wind.,787.82,Travel,Happy,WEEKEND_SPLURGER
30,2024-10-23,Try opportunity public.,278.89,Other,Neutral,WEEKEND_SPLURGER
30,2024-10-24,Member box.,873.28,Leisure,Happy,WEEKEND_SPLURGER
30,2024-10-24,Condition again successful.,1015.21,Education,Sad,WEEKEND_SPLURGER
30,2024-10-25,Improve them wait.,739.73,Travel,Neutral,WEEKEND_SPLURGER
30,2024-10-26,Write other wear through partner.,36.81,Other,Excited,WEEKEND_SPLURGER
30,2024-10-29,Budget remain reduce.,1959.56,Education,Excited,WEEKEND_SPLURGER
30,2024-10-30,True culture.,261.64,Education,Happy,WEEKEND_SPLURGER
30,2024-10-31,Hair attorney professional.,2010.41,Travel,Neutral,WEEKEND_SPLURGER
30,2024-10-31,Member box.,441.61,Leisure,Excited,WEEKEND_SPLURGER
30,2024-11-01,Wall act special.,1867.01,Travel,Neutral,WEEKEND_SPLURGER
30,2024-11-03,Wall act special.,2744.19,Travel,Happy,WEEKEND_SPLURGER
30,2024-11-03,Never condition.,73.97,Leisure,Neutral,WEEKEND_SPLURGER
30,2024-11-03,Citizen street region.,1116.26,Other,Excited,WEEKEND_SPLURGER
30,2024-11-03,Scientist able teach.,1791.12,Other,Neutral,WEEKEND_SPLURGER
30,2024-11-04,Career including late condition opportunity.,902.76,Education,Happy,WEEKEND_SPLURGER
30,2024-11-06,Citizen kid generation onto police.,2140.79,Travel,Stressed,WEEKEND_SPLURGER
30,2024-11-06,City offer financial data.,673.48,Travel,Excited,WEEKEND_SPLURGER
30,2024-11-06,College manage fund.,388.89,Other,Happy,WEEKEND_SPLURGER
30,2024-11-07,Break wait.,939.06,Other,Neutral,WEEKEND_SPLURGER
30,2024-11-08,Activity including single right.,583.79,Leisure,Neutral,WEEKEND_SPLURGER
30,2024-11-08,Local director become.,945.11,Other,Happy,WEEKEND_SPLURGER
30,2024-11-09,Perhaps order answer blue structure.,2888.7,Other,Happy,WEEKEND_SPLURGER
30,2024-11-10,Authority interest red must art.,941.4,Other,Neutral,WEEKEND_SPLURGER
30,2024-11-10,Condition again successful.,2918.97,Education,Neutral,WEEKEND_SPLURGER
30,2024-11-11,Bed recognize store.,605.73,Education,Excited,WEEKEND_SPLURGER
30,2024-11-11,Within prove full.,696.86,Education,Stressed,WEEKEND_SPLURGER
30,2024-11-12,Smile high open scientist.,1701.32,Food,Stressed,WEEKEND_SPLURGER
30,2024-11-13,Scientist necessary into.,1492.12,Other,Stressed,WEEKEND_SPLURGER
30,2024-11-15,Right analysis mention.,536.35,Leisure,Neutral,WEEKEND_SPLURGER
30,2024-11-16,Easy get every.,185.34,Leisure,Happy,WEEKEND_SPLURGER
30,2024-11-17,Law read citizen.,1061.22,Other,Happy,WEEKEND_SPLURGER
30,2024-11-17,Whether century quality.,2668.99,Travel,Sad,WEEKEND_SPLURGER
30,2024-11-18,Of interview fine.,2095.86,Food,Excited,WEEKEND_SPLURGER
30,2024-11-19,Sell only manage.,1050.21,Leisure,Neutral,WEEKEND_SPLURGER
30,2024-11-19,Throughout would century television congress.,220.39,Education,Neutral,WEEKEND_SPLURGER
30,2024-11-19,Child group describe.,1097.85,Leisure,Excited,WEEKEND_SPLURGER
30,2024-11-19,True building card.,413.94,Travel,Neutral,WEEKEND_SPLURGER
30,2024-11-20,Attack mouth rest contain.,1181.47,Travel,Sad,WEEKEND_SPLURGER
30,2024-11-20,Section agency lawyer sign them.,1473.68,Other,Excited,WEEKEND_SPLURGER
30,2024-11-20,Case expert stop.,1193.73,Travel,Stressed,WEEKEND_SPLURGER
30,2024-11-21,Main opportunity particularly question.,546.32,Other,Happy,WEEKEND_SPLURGER
30,2024-11-22,Bed report item.,814.83,Leisure,Excited,WEEKEND_SPLURGER
30,2024-11-23,Result size feel no nothing.,639.01,Other,Happy,WEEKEND_SPLURGER
30,2024-11-24,Its develop until watch.,2054.44,Food,Happy,WEEKEND_SPLURGER
30,2024-11-24,Democrat cost evidence third.,395.66,Education,Sad,WEEKEND_SPLURGER
30,2024-11-25,Require bank child.,489.0,Other,Excited,WEEKEND_SPLURGER
30,2024-11-25,Play recently sure somebody.,1564.81,Leisure,Happy,WEEKEND_SPLURGER
30,2024-11-26,Value car team nothing.,600.71,Education,Excited,WEEKEND_SPLURGER
30,2024-11-26,As second animal summer group.,1370.75,Leisure,Neutral,WEEKEND_SPLURGER
30,2024-11-26,Smile high open scientist.,1726.25,Food,Happy,WEEKEND_SPLURGER
30,2024-11-28,Nice maintain present cultural.,553.93,Other,Stressed,WEEKEND_SPLURGER
30,2024-11-28,Above company media next me.,726.96,Other,Happy,WEEKEND_SPLURGER
30,2024-11-29,Section national owner determine detail.,477.51,Other,Happy,WEEKEND_SPLURGER
30,2024-11-29,Pretty section degree still.,90.47,Other,Happy,WEEKEND_SPLURGER
30,2024-11-29,Those pressure street.,822.52,Other,Stressed,WEEKEND_SPLURGER
30,2024-11-30,Dog late eat.,81.79,Travel,Sad,WEEKEND_SPLURGER
30,2024-12-01,I fund.,712.53,Leisure,Happy,WEEKEND_SPLURGER
30,2024-12-03,North question new.,772.22,Education,Excited,WEEKEND_SPLURGER
30,2024-12-04,She they.,1533.73,Education,Happy,WEEKEND_SPLURGER
30,2024-12-04,Beautiful beyond sell.,206.04,Food,Stressed,WEEKEND_SPLURGER
30,2024-12-04,Health image.,1010.96,Other,Excited,WEEKEND_SPLURGER
30,2024-12-05,Site girl into have media.,973.1,Leisure,Happy,WEEKEND_SPLURGER
30,2024-12-05,Image movie who debate.,629.54,Leisure,Excited,WEEKEND_SPLURGER
30,2024-12-05,What strong line.,12.88,Leisure,Excited,WEEKEND_SPLURGER
30,2024-12-05,Security unit executive.,271.49,Food,Excited,WEEKEND_SPLURGER
30,2024-12-05,Walk anything.,845.03,Leisure,Sad,WEEKEND_SPLURGER
30,2024-12-06,Organization visit finally.,108.46,Education,Excited,WEEKEND_SPLURGER
30,2024-12-06,Value thing these.,829.79,Education,Happy,WEEKEND_SPLURGER
30,2024-12-07,Billion morning draw.,324.23,Travel,Stressed,WEEKEND_SPLURGER
30,2024-12-08,Democratic thousand.,1923.56,Travel,Stressed,WEEKEND_SPLURGER
30,2024-12-09,Heavy law church.,1691.97,Other,Happy,WEEKEND_SPLURGER
30,2024-12-10,Learn talk.,148.9,Other,Neutral,WEEKEND_SPLURGER
30,2024-12-11,Within woman.,2444.39,Food,Neutral,WEEKEND_SPLURGER
30,2024-12-13,Box organization.,1393.2,Leisure,Neutral,WEEKEND_SPLURGER
30,2024-12-13,On must certainly.,1167.87,Leisure,Excited,WEEKEND_SPLURGER
30,2024-12-14,Place offer.,933.68,Leisure,Happy,WEEKEND_SPLURGER
30,2024-12-19,Individual analysis.,519.27,Leisure,Sad,WEEKEND_SPLURGER
30,2024-12-21,Likely scientist.,965.77,Travel,Neutral,WEEKEND_SPLURGER
30,2024-12-21,Evidence enough claim suffer.,297.53,Leisure,Neutral,WEEKEND_SPLURGER
30,2024-12-22,Price my.,1943.44,Education,Neutral,WEEKEND_SPLURGER
30,2024-12-22,Myself so growth time.,527.26,Food,Happy,WEEKEND_SPLURGER
30,2024-12-23,City offer financial data.,519.0,Travel,Excited,WEEKEND_SPLURGER
30,2024-12-23,Some quickly truth view response.,1106.77,Leisure,Happy,WEEKEND_SPLURGER
30,2024-12-24,Turn put professional.,1066.35,Other,Stressed,WEEKEND_SPLURGER
30,2024-12-24,Tree note responsibility.,1324.54,Education,Happy,WEEKEND_SPLURGER
30,2024-12-25,Law agree appear political.,863.21,Food,Stressed,WEEKEND_SPLURGER
30,2024-12-27,Pull blue strong wonder.,23.78,Food,Neutral,WEEKEND_SPLURGER
30,2024-12-28,Science drug.,495.65,Travel,Neutral,WEEKEND_SPLURGER
30,2024-12-28,Need finally when.,2315.67,Leisure,Excited,WEEKEND_SPLURGER
30,2024-12-28,Task improve fish.,2936.83,Leisure,Stressed,WEEKEND_SPLURGER
30,2024-12-30,Cut yard knowledge.,493.37,Travel,Excited,WEEKEND_SPLURGER
30,2024-12-31,Success here television key.,860.63,Other,Happy,WEEKEND_SPLURGER
30,2024-12-31,Week yourself public especially american.,704.44,Leisure,Happy,WEEKEND_SPLURGER
30,2025-01-01,Improve simple turn.,1849.29,Other,Happy,WEEKEND_SPLURGER
30,2025-01-01,Democratic mention generation.,1481.25,Leisure,Excited,WEEKEND_SPLURGER
30,2025-01-01,Yet wish certain usually.,860.86,Food,Neutral,WEEKEND_SPLURGER
30,2025-01-01,Industry impact certainly.,681.51,Other,Sad,WEEKEND_SPLURGER
30,2025-01-02,She they.,1027.68,Education,Neutral,WEEKEND_SPLURGER
30,2025-01-02,Picture early send morning.,776.82,Other,Sad,WEEKEND_SPLURGER
30,2025-01-03,Together let.,579.75,Education,Excited,WEEKEND_SPLURGER
30,2025-01-04,Take family chance.,3208.39,Other,Excited,WEEKEND_SPLURGER
30,2025-01-06,Wish candidate have no.,1879.2,Education,Neutral,WEEKEND_SPLURGER
30,2025-01-06,Training occur could painting.,738.11,Travel,Neutral,WEEKEND_SPLURGER
30,2025-01-07,Clear single expect.,541.81,Education,Happy,WEEKEND_SPLURGER
30,2025-01-08,East list when.,804.31,Education,Excited,WEEKEND_SPLURGER
30,2025-01-10,Begin treat stage this.,2320.22,Other,Happy,WEEKEND_SPLURGER
30,2025-01-12,Lay color.,359.79,Food,Excited,WEEKEND_SPLURGER
30,2025-01-13,Major bar air set.,324.46,Travel,Excited,WEEKEND_SPLURGER
30,2025-01-13,Shake hand hundred now.,1606.91,Education,Happy,WEEKEND_SPLURGER
30,2025-01-15,Yeah term.,346.92,Education,Excited,WEEKEND_SPLURGER
30,2025-01-15,Authority interest red must art.,529.39,Other,Happy,WEEKEND_SPLURGER
30,2025-01-16,Him note painting quickly.,203.82,Other,Excited,WEEKEND_SPLURGER
30,2025-01-16,Identify say on yes.,1416.13,Food,Happy,WEEKEND_SPLURGER
30,2025-01-16,Maintain assume both long.,1498.85,Other,Happy,WEEKEND_SPLURGER
30,2025-01-17,Part crime.,1073.58,Food,Sad,WEEKEND_SPLURGER
30,2025-01-18,Door management guess.,2586.08,Leisure,Neutral,WEEKEND_SPLURGER
30,2025-01-19,Star executive fear.,2717.56,Other,Neutral,WEEKEND_SPLURGER
30,2025-01-19,Raise hope enjoy most.,3428.55,Leisure,Excited,WEEKEND_SPLURGER
30,2025-01-20,Couple raise she child.,1607.83,Other,Excited,WEEKEND_SPLURGER
30,2025-01-21,Stage bad know of.,1934.7,Other,Neutral,WEEKEND_SPLURGER
30,2025-01-21,Quite budget window hour some.,1240.57,Travel,Excited,WEEKEND_SPLURGER
30,2025-01-22,Box service develop game.,1501.84,Other,Neutral,WEEKEND_SPLURGER
30,2025-01-22,What than political up instead.,709.83,Travel,Sad,WEEKEND_SPLURGER
30,2025-01-23,Should page camera.,457.27,Education,Stressed,WEEKEND_SPLURGER
30,2025-01-23,Not friend federal forget bit.,585.6,Other,Excited,WEEKEND_SPLURGER
30,2025-01-23,Why outside.,475.41,Travel,Excited,WEEKEND_SPLURGER
30,2025-01-25,Anyone spend them system.,366.08,Education,Happy,WEEKEND_SPLURGER
30,2025-01-28,Inside big minute.,121.99,Leisure,Stressed,WEEKEND_SPLURGER
30,2025-01-29,Up federal nor note.,671.68,Leisure,Stressed,WEEKEND_SPLURGER
30,2025-01-29,Huge garden family.,1699.14,Leisure,Sad,WEEKEND_SPLURGER
30,2025-01-29,Focus executive letter possible final.,1283.96,Other,Neutral,WEEKEND_SPLURGER
30,2025-01-29,Course staff personal space.,1455.78,Leisure,Happy,WEEKEND_SPLURGER
30,2025-01-29,Life police.,1270.82,Other,Excited,WEEKEND_SPLURGER
30,2025-01-30,Smile peace apply.,957.01,Food,Happy,WEEKEND_SPLURGER
30,2025-01-30,President likely truth animal.,127.77,Other,Excited,WEEKEND_SPLURGER
30,2025-01-31,White fire cause everybody.,628.13,Education,Excited,WEEKEND_SPLURGER
31,2024-08-02,Likely push.,809.64,Other,Stressed,SUBSCRIPTION_HOARDER
31,2024-08-04,Us perhaps lawyer interest star.,612.67,Other,Neutral,SUBSCRIPTION_HOARDER
31,2024-08-04,Network outside parent.,1785.09,Other,Sad,SUBSCRIPTION_HOARDER
31,2024-08-05,Shake hand hundred now.,1884.37,Education,Neutral,SUBSCRIPTION_HOARDER
31,2024-08-05,Goal talk sit party.,1367.93,Education,Happy,SUBSCRIPTION_HOARDER
31,2024-08-05,Television argue mouth.,2551.97,Education,Neutral,SUBSCRIPTION_HOARDER
31,2024-08-07,Compare system white magazine after.,1208.82,Travel,Neutral,SUBSCRIPTION_HOARDER
31,2024-08-11,Agreement red way nor none.,558.64,Other,Neutral,SUBSCRIPTION_HOARDER
31,2024-08-12,Finally relate model.,547.86,Travel,Neutral,SUBSCRIPTION_HOARDER
31,2024-08-12,None pressure lay future stay.,466.13,Leisure,Sad,SUBSCRIPTION_HOARDER
31,2024-08-13,Space beyond.,1038.95,Education,Neutral,SUBSCRIPTION_HOARDER
31,2024-08-20,Dinner article hit mission whole.,449.89,Travel,Neutral,SUBSCRIPTION_HOARDER
31,2024-08-21,And national spend.,1548.94,Food,Excited,SUBSCRIPTION_HOARDER
31,2024-08-21,Size sing tree kitchen.,1741.24,Travel,Sad,SUBSCRIPTION_HOARDER
31,2024-08-21,Human see.,300.37,Other,Stressed,SUBSCRIPTION_HOARDER
31,2024-08-22,People tend weight machine.,724.3,Other,Neutral,SUBSCRIPTION_HOARDER
31,2024-08-22,Consider here grow agreement.,219.16,Food,Neutral,SUBSCRIPTION_HOARDER
31,2024-08-23,Night various return explain.,534.85,Leisure,Neutral,SUBSCRIPTION_HOARDER
31,2024-08-24,Check clearly follow remember generation.,442.93,Education,Happy,SUBSCRIPTION_HOARDER
31,2024-08-25,Above others.,2329.2,Food,Neutral,SUBSCRIPTION_HOARDER
31,2024-08-28,National back everybody direction budget.,311.5,Other,Happy,SUBSCRIPTION_HOARDER
31,2024-08-28,Oil per line create build.,2095.02,Leisure,Neutral,SUBSCRIPTION_HOARDER
31,2024-08-29,Southern evening ask republican.,1729.15,Other,Neutral,SUBSCRIPTION_HOARDER
31,2024-08-30,Third rich hospital.,55.73,Education,Happy,SUBSCRIPTION_HOARDER
31,2024-08-30,Leader operation mean white.,470.04,Education,Stressed,SUBSCRIPTION_HOARDER
31,2024-09-02,Tree imagine machine.,2468.37,Food,Neutral,SUBSCRIPTION_HOARDER
31,2024-09-02,Despite off consumer second.,842.74,Leisure,Neutral,SUBSCRIPTION_HOARDER
31,2024-09-04,Mind door authority outside.,1196.62,Travel,Happy,SUBSCRIPTION_HOARDER
31,2024-09-08,Believe arrive.,427.48,Leisure,Stressed,SUBSCRIPTION_HOARDER
31,2024-09-09,Home even.,212.92,Education,Neutral,SUBSCRIPTION_HOARDER
31,2024-09-13,Evidence conference capital office.,326.23,Other,Stressed,SUBSCRIPTION_HOARDER
31,2024-09-15,History professional star wonder.,1000.39,Food,Stressed,SUBSCRIPTION_HOARDER
31,2024-09-16,Leg themselves away.,1022.81,Food,Excited,SUBSCRIPTION_HOARDER
31,2024-09-17,Beat light the window.,1129.9,Education,Neutral,SUBSCRIPTION_HOARDER
31,2024-09-17,Stuff avoid.,914.67,Other,Neutral,SUBSCRIPTION_HOARDER
31,2024-09-17,Best generation group goal.,1683.47,Other,Neutral,SUBSCRIPTION_HOARDER
31,2024-09-18,Like clear.,580.95,Food,Happy,SUBSCRIPTION_HOARDER
31,2024-09-18,Talk interest hand.,1572.67,Other,Neutral,SUBSCRIPTION_HOARDER
31,2024-09-23,Soldier meeting building.,859.88,Travel,Excited,SUBSCRIPTION_HOARDER
31,2024-09-24,News need task mind.,1558.66,Travel,Neutral,SUBSCRIPTION_HOARDER
31,2024-09-27,Skin name door production back.,298.22,Food,Sad,SUBSCRIPTION_HOARDER
31,2024-10-03,Quite response.,1364.0,Education,Neutral,SUBSCRIPTION_HOARDER
31,2024-10-04,Never majority cell.,42.96,Other,Stressed,SUBSCRIPTION_HOARDER
31,2024-10-05,Able customer figure.,1318.38,Travel,Neutral,SUBSCRIPTION_HOARDER
31,2024-10-06,Voice american seven discussion.,204.44,Leisure,Stressed,SUBSCRIPTION_HOARDER
31,2024-10-07,Mr suggest issue.,1432.45,Food,Happy,SUBSCRIPTION_HOARDER
31,2024-10-14,Marriage participant.,2044.35,Other,Neutral,SUBSCRIPTION_HOARDER
31,2024-10-15,Better republican stock bank.,150.99,Other,Stressed,SUBSCRIPTION_HOARDER
31,2024-10-16,Not friend federal forget bit.,1196.87,Other,Stressed,SUBSCRIPTION_HOARDER
31,2024-10-16,Many themselves minute.,1386.7,Other,Stressed,SUBSCRIPTION_HOARDER
31,2024-10-16,Bar professor power.,751.39,Leisure,Happy,SUBSCRIPTION_HOARDER
31,2024-10-17,Born same usually.,1452.9,Leisure,Neutral,SUBSCRIPTION_HOARDER
31,2024-10-17,Ever day.,827.05,Leisure,Neutral,SUBSCRIPTION_HOARDER
31,2024-10-20,Unit again easy morning four.,257.97,Other,Neutral,SUBSCRIPTION_HOARDER
31,2024-10-27,Foreign husband believe word local.,675.88,Travel,Happy,SUBSCRIPTION_HOARDER
31,2024-10-27,Surface usually.,592.49,Education,Neutral,SUBSCRIPTION_HOARDER
31,2024-10-30,Player really act friend.,1386.52,Travel,Stressed,SUBSCRIPTION_HOARDER
31,2024-11-01,Apply maybe dog yes.,1025.11,Leisure,Neutral,SUBSCRIPTION_HOARDER
31,2024-11-03,Seven project chance road.,895.21,Leisure,Neutral,SUBSCRIPTION_HOARDER
31,2024-11-09,Pass range appear home player.,318.44,Education,Happy,SUBSCRIPTION_HOARDER
31,2024-11-10,Movement door kind.,677.59,Travel,Neutral,SUBSCRIPTION_HOARDER
31,2024-11-10,Popular available public economy.,1141.39,Other,Neutral,SUBSCRIPTION_HOARDER
31,2024-11-12,Carry surface learn.,1193.16,Leisure,Neutral,SUBSCRIPTION_HOARDER
31,2024-11-14,Down occur.,1125.55,Food,Happy,SUBSCRIPTION_HOARDER
31,2024-11-15,Reach step son.,1021.01,Other,Stressed,SUBSCRIPTION_HOARDER
31,2024-11-17,Police two.,2105.33,Other,Neutral,SUBSCRIPTION_HOARDER
31,2024-11-17,Budget remain reduce.,1452.62,Education,Happy,SUBSCRIPTION_HOARDER
31,2024-11-18,Better republican stock bank.,219.2,Other,Stressed,SUBSCRIPTION_HOARDER
31,2024-11-18,Financial popular short like.,873.09,Leisure,Stressed,SUBSCRIPTION_HOARDER
31,2024-11-20,Including let result spend.,1883.18,Travel,Excited,SUBSCRIPTION_HOARDER
31,2024-11-20,Day fact modern.,421.74,Education,Excited,SUBSCRIPTION_HOARDER
31,2024-11-20,National back everybody direction budget.,256.65,Other,Neutral,SUBSCRIPTION_HOARDER
31,2024-11-24,Fear yourself last.,257.27,Leisure,Excited,SUBSCRIPTION_HOARDER
31,2024-11-25,Goal talk sit party.,735.06,Education,Neutral,SUBSCRIPTION_HOARDER
31,2024-11-26,Radio product.,730.66,Food,Sad,SUBSCRIPTION_HOARDER
31,2024-11-27,Southern evening ask republican.,2413.64,Other,Happy,SUBSCRIPTION_HOARDER
31,2024-11-27,Ready goal amount.,668.09,Other,Neutral,SUBSCRIPTION_HOARDER
31,2024-11-27,Car fast positive.,588.89,Other,Neutral,SUBSCRIPTION_HOARDER
31,2024-11-28,Short indicate police.,477.82,Other,Neutral,SUBSCRIPTION_HOARDER
31,2024-12-01,Local director become.,1142.46,Other,Stressed,SUBSCRIPTION_HOARDER
31,2024-12-01,North question new.,1157.22,Education,Sad,SUBSCRIPTION_HOARDER
31,2024-12-03,Lawyer writer health.,2769.18,Education,Stressed,SUBSCRIPTION_HOARDER
31,2024-12-05,Turn surface listen.,348.27,Leisure,Neutral,SUBSCRIPTION_HOARDER
31,2024-12-07,Happy action.,564.19,Leisure,Happy,SUBSCRIPTION_HOARDER
31,2024-12-09,Movement door kind.,895.74,Travel,Happy,SUBSCRIPTION_HOARDER
31,2024-12-10,Able teach certain candidate economy.,74.63,Education,Happy,SUBSCRIPTION_HOARDER
31,2024-12-10,Course technology site.,1441.32,Leisure,Excited,SUBSCRIPTION_HOARDER
31,2024-12-12,Wonder long consider care.,127.97,Other,Happy,SUBSCRIPTION_HOARDER
31,2024-12-13,Result sound.,701.28,Leisure,Stressed,SUBSCRIPTION_HOARDER
31,2024-12-13,Quite general there sister.,1394.54,Food,Sad,SUBSCRIPTION_HOARDER
31,2024-12-15,Save network item one under.,2289.77,Leisure,Stressed,SUBSCRIPTION_HOARDER
31,2024-12-20,Democratic recent student specific political.,422.5,Food,Happy,SUBSCRIPTION_HOARDER
31,2024-12-24,With young think there assume.,1424.15,Education,Neutral,SUBSCRIPTION_HOARDER
31,2024-12-24,Cost attorney.,1386.19,Travel,Happy,SUBSCRIPTION_HOARDER
31,2024-12-28,Push east never size fight.,219.61,Travel,Neutral,SUBSCRIPTION_HOARDER
31,2024-12-29,Above dog brother morning.,1836.39,Food,Happy,SUBSCRIPTION_HOARDER
31,2025-01-02,Space beyond.,776.42,Education,Stressed,SUBSCRIPTION_HOARDER
31,2025-01-02,Tree note responsibility.,1384.58,Education,Neutral,SUBSCRIPTION_HOARDER
31,2025-01-05,Miss reduce animal clearly cell.,1090.13,Other,Stressed,SUBSCRIPTION_HOARDER
31,2025-01-05,Decade trade field training.,989.72,Leisure,Neutral,SUBSCRIPTION_HOARDER
31,2025-01-06,Thought sit identify culture.,2221.28,Travel,Sad,SUBSCRIPTION_HOARDER
31,2025-01-07,Stop later reveal both.,1911.62,Leisure,Happy,SUBSCRIPTION_HOARDER
31,2025-01-09,Likely scientist.,762.26,Travel,Neutral,SUBSCRIPTION_HOARDER
31,2025-01-09,Impact full our smile.,487.22,Leisure,Neutral,SUBSCRIPTION_HOARDER
31,2025-01-13,Mean common.,309.07,Travel,Neutral,SUBSCRIPTION_HOARDER
31,2025-01-13,Check clearly follow remember generation.,541.94,Education,Stressed,SUBSCRIPTION_HOARDER
31,2025-01-15,Fish evening avoid dark.,1085.83,Leisure,Neutral,SUBSCRIPTION_HOARDER
31,2025-01-16,History drop point audience.,774.92,Food,Sad,SUBSCRIPTION_HOARDER
31,2025-01-17,Feeling manage as.,1576.97,Other,Sad,SUBSCRIPTION_HOARDER
31,2025-01-17,Enough threat score.,129.11,Food,Stressed,SUBSCRIPTION_HOARDER
31,2025-01-19,She they.,976.94,Education,Neutral,SUBSCRIPTION_HOARDER
31,2025-01-20,Few spring raise.,613.75,Travel,Happy,SUBSCRIPTION_HOARDER
31,2025-01-20,Respond into history.,346.29,Other,Neutral,SUBSCRIPTION_HOARDER
31,2025-01-20,Create physical share out cold.,207.6,Other,Sad,SUBSCRIPTION_HOARDER
31,2025-01-21,Cell city not not the.,208.84,Other,Neutral,SUBSCRIPTION_HOARDER
31,2025-01-23,Throughout leader bag.,741.88,Other,Neutral,SUBSCRIPTION_HOARDER
31,2025-01-23,Security land record.,960.8,Education,Stressed,SUBSCRIPTION_HOARDER
31,2025-01-24,Point be shoulder price great.,2061.73,Leisure,Happy,SUBSCRIPTION_HOARDER
31,2025-01-24,Human public health.,248.26,Education,Neutral,SUBSCRIPTION_HOARDER
31,2025-01-25,Doctor mr.,159.57,Education,Neutral,SUBSCRIPTION_HOARDER
31,2025-01-26,Size republican political.,1301.35,Travel,Happy,SUBSCRIPTION_HOARDER
31,2025-01-28,Simply century the.,751.01,Leisure,Neutral,SUBSCRIPTION_HOARDER
31,2025-01-30,Focus indicate result.,223.81,Other,Happy,SUBSCRIPTION_HOARDER
32,2024-08-02,Positive question especially.,1304.89,Food,Happy,SUBSCRIPTION_HOARDER
32,2024-08-03,Positive participant fear blue as.,16.27,Leisure,Stressed,SUBSCRIPTION_HOARDER
32,2024-08-03,People tend weight machine.,1061.03,Other,Neutral,SUBSCRIPTION_HOARDER
32,2024-08-05,Feel special.,1692.69,Other,Stressed,SUBSCRIPTION_HOARDER
32,2024-08-05,Sort knowledge analysis together court.,441.81,Leisure,Neutral,SUBSCRIPTION_HOARDER
32,2024-08-06,Cultural allow.,1152.23,Other,Neutral,SUBSCRIPTION_HOARDER
32,2024-08-06,Care drug data position two.,447.94,Food,Neutral,SUBSCRIPTION_HOARDER
32,2024-08-06,Heavy staff hotel box.,650.76,Leisure,Neutral,SUBSCRIPTION_HOARDER
32,2024-08-08,Scientist do author.,1904.83,Education,Sad,SUBSCRIPTION_HOARDER
32,2024-08-09,Try opportunity public.,360.31,Other,Stressed,SUBSCRIPTION_HOARDER
32,2024-08-10,Cut yard knowledge.,761.14,Travel,Neutral,SUBSCRIPTION_HOARDER
32,2024-08-11,While total spend.,109.84,Education,Neutral,SUBSCRIPTION_HOARDER
32,2024-08-12,Wall act special.,1147.57,Travel,Neutral,SUBSCRIPTION_HOARDER
32,2024-08-13,Near risk.,776.94,Other,Neutral,SUBSCRIPTION_HOARDER
32,2024-08-13,Soon including important.,1416.48,Education,Excited,SUBSCRIPTION_HOARDER
32,2024-08-14,Finish summer rest feel finally.,1009.14,Travel,Neutral,SUBSCRIPTION_HOARDER
32,2024-08-16,Outside with each animal.,703.29,Travel,Excited,SUBSCRIPTION_HOARDER
32,2024-08-17,Day stock.,1610.49,Leisure,Excited,SUBSCRIPTION_HOARDER
32,2024-08-17,Carry surface learn.,1490.22,Leisure,Neutral,SUBSCRIPTION_HOARDER
32,2024-08-18,Group never.,230.9,Food,Neutral,SUBSCRIPTION_HOARDER
32,2024-08-22,Hear officer.,675.41,Leisure,Excited,SUBSCRIPTION_HOARDER
32,2024-08-22,Drug entire involve.,69.66,Leisure,Happy,SUBSCRIPTION_HOARDER
32,2024-08-23,Item treat area.,1640.77,Travel,Happy,SUBSCRIPTION_HOARDER
32,2024-08-23,Analysis color friend the.,2042.51,Education,Stressed,SUBSCRIPTION_HOARDER
32,2024-08-26,Cold reason our.,171.24,Leisure,Stressed,SUBSCRIPTION_HOARDER
32,2024-08-26,Career according.,992.76,Education,Neutral,SUBSCRIPTION_HOARDER
32,2024-08-27,Radio product.,1080.23,Food,Stressed,SUBSCRIPTION_HOARDER
32,2024-08-27,Report agreement sport.,1718.68,Food,Neutral,SUBSCRIPTION_HOARDER
32,2024-08-27,Drug happy will young simply.,345.77,Travel,Stressed,SUBSCRIPTION_HOARDER
32,2024-08-27,Something population loss physical.,1072.28,Leisure,Sad,SUBSCRIPTION_HOARDER
32,2024-08-28,Security unit executive.,131.26,Food,Happy,SUBSCRIPTION_HOARDER
32,2024-08-29,Something future they red.,379.59,Leisure,Neutral,SUBSCRIPTION_HOARDER
32,2024-08-30,Talk thing rock ever summer.,806.06,Other,Excited,SUBSCRIPTION_HOARDER
32,2024-08-30,Yeah term.,303.04,Education,Neutral,SUBSCRIPTION_HOARDER
32,2024-08-30,Born itself law west.,968.33,Other,Neutral,SUBSCRIPTION_HOARDER
32,2024-08-31,Including let result spend.,1100.62,Travel,Sad,SUBSCRIPTION_HOARDER
32,2024-08-31,Walk now often.,1097.2,Other,Sad,SUBSCRIPTION_HOARDER
32,2024-09-01,Network fact talk.,154.89,Leisure,Neutral,SUBSCRIPTION_HOARDER
32,2024-09-03,Indicate herself.,648.1,Leisure,Stressed,SUBSCRIPTION_HOARDER
32,2024-09-03,Hope floor include.,342.77,Other,Stressed,SUBSCRIPTION_HOARDER
32,2024-09-05,Begin deep police wife.,587.73,Travel,Sad,SUBSCRIPTION_HOARDER
32,2024-09-05,Best generation group goal.,1159.39,Other,Neutral,SUBSCRIPTION_HOARDER
32,2024-09-07,Future treat bill choice.,785.71,Other,Neutral,SUBSCRIPTION_HOARDER
32,2024-09-07,Take family chance.,1344.63,Other,Neutral,SUBSCRIPTION_HOARDER
32,2024-09-07,Town glass road.,1136.87,Other,Stressed,SUBSCRIPTION_HOARDER
32,2024-09-08,Sort knowledge analysis together court.,184.2,Leisure,Neutral,SUBSCRIPTION_HOARDER
32,2024-09-08,Increase consider.,712.19,Other,Happy,SUBSCRIPTION_HOARDER
32,2024-09-09,Less into per big.,1404.25,Food,Stressed,SUBSCRIPTION_HOARDER
32,2024-09-09,Hear officer.,962.6,Leisure,Neutral,SUBSCRIPTION_HOARDER
32,2024-09-10,Nearly need behavior.,978.46,Travel,Excited,SUBSCRIPTION_HOARDER
32,2024-09-10,Begin deep police wife.,872.68,Travel,Neutral,SUBSCRIPTION_HOARDER
32,2024-09-10,Task central dinner.,651.39,Other,Neutral,SUBSCRIPTION_HOARDER
32,2024-09-11,Art green child movie blue.,1585.61,Other,Neutral,SUBSCRIPTION_HOARDER
32,2024-09-11,Point be shoulder price great.,1372.67,Leisure,Sad,SUBSCRIPTION_HOARDER
32,2024-09-12,History drop point audience.,1097.29,Food,Excited,SUBSCRIPTION_HOARDER
32,2024-09-12,Country remember smile.,1231.64,Leisure,Stressed,SUBSCRIPTION_HOARDER
32,2024-09-13,Future choice whatever from.,1427.19,Food,Stressed,SUBSCRIPTION_HOARDER
32,2024-09-14,Conference trade population agreement.,1434.07,Other,Neutral,SUBSCRIPTION_HOARDER
32,2024-09-14,Source husband.,174.98,Leisure,Neutral,SUBSCRIPTION_HOARDER
32,2024-09-18,Stop later reveal both.,1160.46,Leisure,Stressed,SUBSCRIPTION_HOARDER
32,2024-09-19,Probably conference sure administration debate.,626.69,Food,Happy,SUBSCRIPTION_HOARDER
32,2024-09-21,Agent say forward us.,1553.93,Education,Neutral,SUBSCRIPTION_HOARDER
32,2024-09-21,Keep yes.,161.9,Education,Neutral,SUBSCRIPTION_HOARDER
32,2024-09-21,Near risk.,775.93,Other,Neutral,SUBSCRIPTION_HOARDER
32,2024-09-22,Strategy fight institution.,788.17,Other,Neutral,SUBSCRIPTION_HOARDER
32,2024-09-23,Old particularly.,887.73,Other,Neutral,SUBSCRIPTION_HOARDER
32,2024-09-23,Give white everybody paper create.,668.55,Leisure,Stressed,SUBSCRIPTION_HOARDER
32,2024-09-26,Ahead picture son.,1805.84,Travel,Happy,SUBSCRIPTION_HOARDER
32,2024-09-27,Sort knowledge analysis together court.,275.68,Leisure,Happy,SUBSCRIPTION_HOARDER
32,2024-09-28,Method everything.,471.83,Leisure,Excited,SUBSCRIPTION_HOARDER
32,2024-09-28,Focus indicate result.,210.93,Other,Excited,SUBSCRIPTION_HOARDER
32,2024-09-29,Window research his.,483.95,Leisure,Happy,SUBSCRIPTION_HOARDER
32,2024-09-29,Heart determine likely.,888.9,Other,Sad,SUBSCRIPTION_HOARDER
32,2024-09-30,Challenge large wish move.,781.18,Education,Happy,SUBSCRIPTION_HOARDER
32,2024-10-01,While bring yourself.,206.02,Education,Neutral,SUBSCRIPTION_HOARDER
32,2024-10-02,Live seat.,1647.9,Leisure,Stressed,SUBSCRIPTION_HOARDER
32,2024-10-02,Democrat hundred.,179.58,Other,Sad,SUBSCRIPTION_HOARDER
32,2024-10-02,Section national owner determine detail.,447.26,Other,Stressed,SUBSCRIPTION_HOARDER
32,2024-10-06,Never majority cell.,43.51,Other,Excited,SUBSCRIPTION_HOARDER
32,2024-10-06,Color store over some.,780.44,Leisure,Excited,SUBSCRIPTION_HOARDER
32,2024-10-08,Least ready activity decision ok.,1137.9,Other,Neutral,SUBSCRIPTION_HOARDER
32,2024-10-08,Car much will.,1758.81,Other,Neutral,SUBSCRIPTION_HOARDER
32,2024-10-08,Car fast positive.,718.12,Other,Stressed,SUBSCRIPTION_HOARDER
32,2024-10-12,As high you more wife.,406.26,Education,Neutral,SUBSCRIPTION_HOARDER
32,2024-10-13,Wide exactly.,362.75,Leisure,Sad,SUBSCRIPTION_HOARDER
32,2024-10-13,Begin treat stage this.,1660.62,Other,Excited,SUBSCRIPTION_HOARDER
32,2024-10-14,Risk develop movement size.,529.36,Other,Happy,SUBSCRIPTION_HOARDER
32,2024-10-14,Eye south wife interest.,1420.86,Leisure,Excited,SUBSCRIPTION_HOARDER
32,2024-10-15,Significant up still management.,1923.68,Leisure,Sad,SUBSCRIPTION_HOARDER
32,2024-10-15,Maintain former campaign pretty beyond.,219.81,Food,Neutral,SUBSCRIPTION_HOARDER
32,2024-10-17,On must certainly.,1643.02,Leisure,Happy,SUBSCRIPTION_HOARDER
32,2024-10-17,Something story attorney summer.,1286.28,Food,Neutral,SUBSCRIPTION_HOARDER
32,2024-10-20,Democratic station course full.,1717.34,Food,Stressed,SUBSCRIPTION_HOARDER
32,2024-10-25,Able teach certain candidate economy.,72.14,Education,Stressed,SUBSCRIPTION_HOARDER
32,2024-10-25,Ask imagine my.,878.63,Travel,Stressed,SUBSCRIPTION_HOARDER
32,2024-10-26,Do interesting material.,1678.09,Travel,Neutral,SUBSCRIPTION_HOARDER
32,2024-10-26,Short indicate police.,279.62,Other,Excited,SUBSCRIPTION_HOARDER
32,2024-10-27,Win central.,957.19,Other,Happy,SUBSCRIPTION_HOARDER
32,2024-10-27,Fear yourself last.,342.99,Leisure,Happy,SUBSCRIPTION_HOARDER
32,2024-10-28,Specific onto go.,433.1,Food,Neutral,SUBSCRIPTION_HOARDER
32,2024-10-28,Call animal approach factor want.,74.14,Travel,Neutral,SUBSCRIPTION_HOARDER
32,2024-10-30,Change she tonight.,1312.69,Travel,Excited,SUBSCRIPTION_HOARDER
32,2024-10-31,Bed recognize store.,711.37,Education,Neutral,SUBSCRIPTION_HOARDER
32,2024-10-31,Order his oil west school.,1539.48,Food,Sad,SUBSCRIPTION_HOARDER
32,2024-11-01,Lawyer writer health.,2725.98,Education,Sad,SUBSCRIPTION_HOARDER
32,2024-11-01,Enter capital population.,475.12,Other,Neutral,SUBSCRIPTION_HOARDER
32,2024-11-01,Agreement someone.,819.65,Other,Neutral,SUBSCRIPTION_HOARDER
32,2024-11-01,Focus executive letter possible final.,2057.59,Other,Stressed,SUBSCRIPTION_HOARDER
32,2024-11-02,Born same usually.,1595.38,Leisure,Neutral,SUBSCRIPTION_HOARDER
32,2024-11-04,Seven project chance road.,1348.41,Leisure,Neutral,SUBSCRIPTION_HOARDER
32,2024-11-08,With young think there assume.,858.84,Education,Excited,SUBSCRIPTION_HOARDER
32,2024-11-09,Choice father why often.,1051.12,Food,Neutral,SUBSCRIPTION_HOARDER
32,2024-11-11,Score each.,1443.24,Food,Sad,SUBSCRIPTION_HOARDER
32,2024-11-13,Off southern suddenly.,1661.82,Other,Sad,SUBSCRIPTION_HOARDER
32,2024-11-14,Nearly need behavior.,985.5,Travel,Stressed,SUBSCRIPTION_HOARDER
32,2024-11-15,Hundred bad that second develop.,1216.81,Leisure,Neutral,SUBSCRIPTION_HOARDER
32,2024-11-15,Three certain.,1017.1,Travel,Excited,SUBSCRIPTION_HOARDER
32,2024-11-15,Control bill.,849.73,Other,Neutral,SUBSCRIPTION_HOARDER
32,2024-11-15,Common anyone.,182.46,Leisure,Happy,SUBSCRIPTION_HOARDER
32,2024-11-15,Realize property show either.,183.06,Other,Happy,SUBSCRIPTION_HOARDER
32,2024-11-15,Gas human create also.,177.55,Education,Excited,SUBSCRIPTION_HOARDER
32,2024-11-16,Call animal approach factor want.,85.73,Travel,Happy,SUBSCRIPTION_HOARDER
32,2024-11-17,Consider time economic high.,1410.35,Education,Happy,SUBSCRIPTION_HOARDER
32,2024-11-17,Like clear.,748.26,Food,Happy,SUBSCRIPTION_HOARDER
32,2024-11-18,Specific onto go.,540.78,Food,Happy,SUBSCRIPTION_HOARDER
32,2024-11-19,Lose modern return simple herself.,1252.76,Leisure,Happy,SUBSCRIPTION_HOARDER
32,2024-11-19,Feeling manage as.,1679.3,Other,Excited,SUBSCRIPTION_HOARDER
32,2024-11-20,Finally shoulder land.,465.21,Other,Neutral,SUBSCRIPTION_HOARDER
32,2024-11-20,Especially unit office almost.,1562.67,Other,Excited,SUBSCRIPTION_HOARDER
32,2024-11-21,Church own stage.,876.18,Travel,Neutral,SUBSCRIPTION_HOARDER
32,2024-11-21,We especially five network.,1233.45,Food,Happy,SUBSCRIPTION_HOARDER
32,2024-11-21,Home even.,269.83,Education,Stressed,SUBSCRIPTION_HOARDER
32,2024-11-22,Administration mother in admit.,397.22,Other,Stressed,SUBSCRIPTION_HOARDER
32,2024-11-22,Sort knowledge analysis together court.,434.13,Leisure,Stressed,SUBSCRIPTION_HOARDER
32,2024-11-22,Question now key show.,900.89,Other,Excited,SUBSCRIPTION_HOARDER
32,2024-11-23,Majority none little admit former.,1733.78,Leisure,Happy,SUBSCRIPTION_HOARDER
32,2024-11-24,Security unit executive.,203.74,Food,Neutral,SUBSCRIPTION_HOARDER
32,2024-11-26,List leg address into their.,1328.09,Travel,Neutral,SUBSCRIPTION_HOARDER
32,2024-11-26,Thing physical might.,1700.87,Other,Stressed,SUBSCRIPTION_HOARDER
32,2024-11-27,Truth thing always possible.,400.98,Food,Neutral,SUBSCRIPTION_HOARDER
32,2024-11-28,Society dark product make.,10.48,Leisure,Excited,SUBSCRIPTION_HOARDER
32,2024-11-29,We cold deep.,64.96,Travel,Neutral,SUBSCRIPTION_HOARDER
32,2024-11-29,Do interesting material.,1909.58,Travel,Excited,SUBSCRIPTION_HOARDER
32,2024-11-29,Play recently sure somebody.,1216.42,Leisure,Neutral,SUBSCRIPTION_HOARDER
32,2024-11-30,None pressure lay future stay.,845.98,Leisure,Excited,SUBSCRIPTION_HOARDER
32,2024-11-30,Woman daughter hospital move.,428.91,Other,Neutral,SUBSCRIPTION_HOARDER
32,2024-11-30,Life police.,572.58,Other,Sad,SUBSCRIPTION_HOARDER
32,2024-12-02,Water fight security tough gas.,2504.68,Leisure,Neutral,SUBSCRIPTION_HOARDER
32,2024-12-03,Lose modern return simple herself.,1394.37,Leisure,Sad,SUBSCRIPTION_HOARDER
32,2024-12-03,Couple raise she child.,1321.74,Other,Neutral,SUBSCRIPTION_HOARDER
32,2024-12-03,Peace wind guess.,431.54,Other,Happy,SUBSCRIPTION_HOARDER
32,2024-12-03,Third letter sort reveal seven.,1830.09,Leisure,Neutral,SUBSCRIPTION_HOARDER
32,2024-12-03,Technology pay tree.,446.65,Education,Sad,SUBSCRIPTION_HOARDER
32,2024-12-04,Difference attention whatever american.,221.77,Food,Excited,SUBSCRIPTION_HOARDER
32,2024-12-05,Old wall report purpose.,504.08,Leisure,Neutral,SUBSCRIPTION_HOARDER
32,2024-12-05,Past feeling nature.,1405.12,Food,Excited,SUBSCRIPTION_HOARDER
32,2024-12-05,Walk cup option store.,1509.31,Education,Neutral,SUBSCRIPTION_HOARDER
32,2024-12-06,Score moment second.,598.7,Travel,Neutral,SUBSCRIPTION_HOARDER
32,2024-12-07,Network fact talk.,182.65,Leisure,Neutral,SUBSCRIPTION_HOARDER
32,2024-12-08,Church own stage.,744.01,Travel,Stressed,SUBSCRIPTION_HOARDER
32,2024-12-08,Art green child movie blue.,2214.14,Other,Stressed,SUBSCRIPTION_HOARDER
32,2024-12-08,Boy different chance enter.,195.42,Education,Excited,SUBSCRIPTION_HOARDER
32,2024-12-08,Turn both in animal.,1889.15,Leisure,Stressed,SUBSCRIPTION_HOARDER
32,2024-12-10,Nearly want front shake.,1043.24,Leisure,Neutral,SUBSCRIPTION_HOARDER
32,2024-12-10,Edge building court.,58.89,Travel,Neutral,SUBSCRIPTION_HOARDER
32,2024-12-11,Heart determine likely.,707.67,Other,Neutral,SUBSCRIPTION_HOARDER
32,2024-12-11,End bit game thousand.,57.69,Leisure,Happy,SUBSCRIPTION_HOARDER
32,2024-12-14,Cultural right cover large work.,2204.01,Other,Stressed,SUBSCRIPTION_HOARDER
32,2024-12-14,Present discussion.,646.93,Education,Neutral,SUBSCRIPTION_HOARDER
32,2024-12-16,Hear officer.,1219.03,Leisure,Neutral,SUBSCRIPTION_HOARDER
32,2024-12-20,Technology pay tree.,297.87,Education,Neutral,SUBSCRIPTION_HOARDER
32,2024-12-20,Indicate herself.,567.62,Leisure,Stressed,SUBSCRIPTION_HOARDER
32,2024-12-21,Their off.,520.0,Leisure,Happy,SUBSCRIPTION_HOARDER
32,2024-12-21,Development middle animal.,270.82,Education,Neutral,SUBSCRIPTION_HOARDER
32,2024-12-22,Identify say on yes.,1635.82,Food,Sad,SUBSCRIPTION_HOARDER
32,2024-12-22,Be plan same cause.,1594.56,Other,Neutral,SUBSCRIPTION_HOARDER
32,2024-12-24,Water tonight pressure.,1068.25,Other,Neutral,SUBSCRIPTION_HOARDER
32,2024-12-26,Despite energy company.,466.36,Travel,Happy,SUBSCRIPTION_HOARDER
32,2024-12-27,Close month parent who up.,2221.87,Leisure,Stressed,SUBSCRIPTION_HOARDER
32,2024-12-28,Lose modern return simple herself.,1947.95,Leisure,Stressed,SUBSCRIPTION_HOARDER
32,2024-12-29,Condition all blood.,720.17,Other,Neutral,SUBSCRIPTION_HOARDER
32,2024-12-30,Affect marriage present a.,1335.43,Education,Neutral,SUBSCRIPTION_HOARDER
32,2024-12-31,Base investment.,177.58,Food,Neutral,SUBSCRIPTION_HOARDER
32,2025-01-02,Special information.,214.43,Food,Happy,SUBSCRIPTION_HOARDER
32,2025-01-02,Seven here sell story.,1115.79,Other,Stressed,SUBSCRIPTION_HOARDER
32,2025-01-03,Along attention piece tv young.,1636.1,Leisure,Sad,SUBSCRIPTION_HOARDER
32,2025-01-04,Fact huge fight.,1593.63,Leisure,Excited,SUBSCRIPTION_HOARDER
32,2025-01-04,Call animal approach factor want.,96.54,Travel,Neutral,SUBSCRIPTION_HOARDER
32,2025-01-04,Half president structure might.,1335.84,Leisure,Happy,SUBSCRIPTION_HOARDER
32,2025-01-06,Up federal nor note.,585.03,Leisure,Neutral,SUBSCRIPTION_HOARDER
32,2025-01-07,Source husband.,271.39,Leisure,Sad,SUBSCRIPTION_HOARDER
32,2025-01-07,Economic represent stock.,1839.4,Education,Neutral,SUBSCRIPTION_HOARDER
32,2025-01-08,Fish evening avoid dark.,1289.24,Leisure,Neutral,SUBSCRIPTION_HOARDER
32,2025-01-09,Bank price north first end.,226.98,Other,Excited,SUBSCRIPTION_HOARDER
32,2025-01-09,Improve them wait.,1791.66,Travel,Sad,SUBSCRIPTION_HOARDER
32,2025-01-09,Write other wear through partner.,15.4,Other,Stressed,SUBSCRIPTION_HOARDER
32,2025-01-13,Item treat area.,1487.58,Travel,Neutral,SUBSCRIPTION_HOARDER
32,2025-01-13,Doctor mr.,121.93,Education,Stressed,SUBSCRIPTION_HOARDER
32,2025-01-13,Quickly new another general poor.,429.37,Travel,Excited,SUBSCRIPTION_HOARDER
32,2025-01-14,Site girl into have media.,1927.04,Leisure,Excited,SUBSCRIPTION_HOARDER
32,2025-01-14,Behavior here.,930.38,Education,Stressed,SUBSCRIPTION_HOARDER
32,2025-01-15,Result size feel no nothing.,431.12,Other,Happy,SUBSCRIPTION_HOARDER
32,2025-01-16,Couple raise she child.,1698.51,Other,Excited,SUBSCRIPTION_HOARDER
32,2025-01-18,Future choice whatever from.,812.05,Food,Neutral,SUBSCRIPTION_HOARDER
32,2025-01-18,Serious reveal left social fine.,1249.65,Travel,Neutral,SUBSCRIPTION_HOARDER
32,2025-01-19,Attention standard shake more respond.,881.82,Other,Neutral,SUBSCRIPTION_HOARDER
32,2025-01-20,Building range national focus.,468.65,Leisure,Neutral,SUBSCRIPTION_HOARDER
32,2025-01-21,Religious across.,439.73,Other,Neutral,SUBSCRIPTION_HOARDER
32,2025-01-21,Teach cause mrs.,127.62,Leisure,Excited,SUBSCRIPTION_HOARDER
32,2025-01-22,Near risk.,884.58,Other,Neutral,SUBSCRIPTION_HOARDER
32,2025-01-23,Across nothing.,2362.46,Food,Neutral,SUBSCRIPTION_HOARDER
32,2025-01-24,Since him four.,2361.84,Education,Neutral,SUBSCRIPTION_HOARDER
32,2025-01-24,Apply less.,180.65,Food,Stressed,SUBSCRIPTION_HOARDER
32,2025-01-26,White likely teacher one.,1892.01,Leisure,Sad,SUBSCRIPTION_HOARDER
32,2025-01-27,Career three according worker democrat.,1238.21,Food,Stressed,SUBSCRIPTION_HOARDER
32,2025-01-28,You without every.,260.87,Leisure,Happy,SUBSCRIPTION_HOARDER
32,2025-01-29,Build smile across among situation.,1155.1,Other,Neutral,SUBSCRIPTION_HOARDER
32,2025-01-30,Good lay coach.,643.76,Education,Neutral,SUBSCRIPTION_HOARDER
32,2025-01-30,Herself law.,1383.5,Leisure,Neutral,SUBSCRIPTION_HOARDER
32,2025-01-30,Career including late condition opportunity.,799.49,Education,Neutral,SUBSCRIPTION_HOARDER
32,2025-01-31,Play move each left establish.,1105.92,Education,Happy,SUBSCRIPTION_HOARDER
32,2025-01-31,Leg themselves away.,893.46,Food,Sad,SUBSCRIPTION_HOARDER
32,2025-01-31,Something fine apply gas sing.,82.08,Other,Excited,SUBSCRIPTION_HOARDER
33,2024-08-02,Occur college herself.,630.75,Other,Neutral,SUBSCRIPTION_HOARDER
33,2024-08-03,Else easy point she.,286.19,Travel,Stressed,SUBSCRIPTION_HOARDER
33,2024-08-06,Huge response long.,48.56,Travel,Neutral,SUBSCRIPTION_HOARDER
33,2024-08-08,Support state.,2066.21,Other,Neutral,SUBSCRIPTION_HOARDER
33,2024-08-09,Sure i pay.,695.9,Other,Excited,SUBSCRIPTION_HOARDER
33,2024-08-10,Build smile across among situation.,973.73,Other,Neutral,SUBSCRIPTION_HOARDER
33,2024-08-10,Gas with policy cut.,1902.72,Travel,Neutral,SUBSCRIPTION_HOARDER
33,2024-08-11,Tree note responsibility.,1365.47,Education,Happy,SUBSCRIPTION_HOARDER
33,2024-08-13,Something fine apply gas sing.,110.9,Other,Excited,SUBSCRIPTION_HOARDER
33,2024-08-15,Something fine apply gas sing.,63.03,Other,Neutral,SUBSCRIPTION_HOARDER
33,2024-08-16,Might necessary former.,723.31,Travel,Excited,SUBSCRIPTION_HOARDER
33,2024-08-16,Side mind question year finish.,714.88,Food,Neutral,SUBSCRIPTION_HOARDER
33,2024-08-16,Attention attack technology.,162.6,Other,Neutral,SUBSCRIPTION_HOARDER
33,2024-08-20,Anyone spend them system.,276.85,Education,Stressed,SUBSCRIPTION_HOARDER
33,2024-08-21,Answer just.,2037.09,Leisure,Sad,SUBSCRIPTION_HOARDER
33,2024-08-22,Board its.,398.59,Leisure,Neutral,SUBSCRIPTION_HOARDER
33,2024-08-24,Water fight security tough gas.,1413.32,Leisure,Excited,SUBSCRIPTION_HOARDER
33,2024-08-24,We cold deep.,79.27,Travel,Excited,SUBSCRIPTION_HOARDER
33,2024-08-26,Skill successful and.,17.96,Other,Sad,SUBSCRIPTION_HOARDER
33,2024-08-27,Approach side model you billion.,1383.37,Other,Stressed,SUBSCRIPTION_HOARDER
33,2024-08-29,Firm financial.,1025.1,Other,Excited,SUBSCRIPTION_HOARDER
33,2024-08-29,Give that individual of not.,575.9,Education,Stressed,SUBSCRIPTION_HOARDER
33,2024-08-31,Above dog brother morning.,1314.72,Food,Neutral,SUBSCRIPTION_HOARDER
33,2024-08-31,Those pressure street.,529.77,Other,Neutral,SUBSCRIPTION_HOARDER
33,2024-08-31,Popular available public economy.,979.0,Other,Happy,SUBSCRIPTION_HOARDER
33,2024-08-31,Growth appear project.,104.06,Food,Excited,SUBSCRIPTION_HOARDER
33,2024-09-01,Instead ahead despite measure ago.,1703.91,Other,Stressed,SUBSCRIPTION_HOARDER
33,2024-09-01,Current hear claim well two.,2299.31,Travel,Happy,SUBSCRIPTION_HOARDER
33,2024-09-02,Beyond family movement hospital back.,1906.8,Other,Stressed,SUBSCRIPTION_HOARDER
33,2024-09-02,Participant price.,2240.89,Other,Excited,SUBSCRIPTION_HOARDER
33,2024-09-03,Report agreement sport.,1928.42,Food,Neutral,SUBSCRIPTION_HOARDER
33,2024-09-03,Outside with each animal.,655.18,Travel,Neutral,SUBSCRIPTION_HOARDER
33,2024-09-05,Machine son television.,225.84,Travel,Neutral,SUBSCRIPTION_HOARDER
33,2024-09-06,Side mind question year finish.,1166.18,Food,Sad,SUBSCRIPTION_HOARDER
33,2024-09-07,Account ten sing.,1629.76,Food,Stressed,SUBSCRIPTION_HOARDER
33,2024-09-07,Dark mr clearly take.,1357.78,Education,Neutral,SUBSCRIPTION_HOARDER
33,2024-09-08,Join black.,1387.15,Travel,Happy,SUBSCRIPTION_HOARDER
33,2024-09-09,Sort what.,155.19,Education,Sad,SUBSCRIPTION_HOARDER
33,2024-09-10,Detail far church some.,1729.2,Leisure,Neutral,SUBSCRIPTION_HOARDER
33,2024-09-10,More road development about.,1700.47,Travel,Stressed,SUBSCRIPTION_HOARDER
33,2024-09-11,Yourself successful defense subject.,1380.18,Leisure,Happy,SUBSCRIPTION_HOARDER
33,2024-09-12,Peace wind guess.,426.84,Other,Sad,SUBSCRIPTION_HOARDER
33,2024-09-19,Effort drive side human.,757.06,Other,Neutral,SUBSCRIPTION_HOARDER
33,2024-09-20,So draw food company.,962.92,Travel,Sad,SUBSCRIPTION_HOARDER
33,2024-09-22,Into notice necessary true message.,330.09,Leisure,Neutral,SUBSCRIPTION_HOARDER
33,2024-09-24,Shake hand hundred now.,1301.4,Education,Sad,SUBSCRIPTION_HOARDER
33,2024-09-24,Four field area young.,1719.28,Education,Happy,SUBSCRIPTION_HOARDER
33,2024-09-24,Sometimes while sense window.,749.87,Leisure,Neutral,SUBSCRIPTION_HOARDER
33,2024-09-29,Woman meet report.,1225.05,Food,Neutral,SUBSCRIPTION_HOARDER
33,2024-09-30,Box organization.,1027.69,Leisure,Neutral,SUBSCRIPTION_HOARDER
33,2024-10-01,Ability live.,1623.2,Travel,Happy,SUBSCRIPTION_HOARDER
33,2024-10-03,Real small.,1460.72,Education,Neutral,SUBSCRIPTION_HOARDER
33,2024-10-06,Country little reality level.,292.43,Leisure,Stressed,SUBSCRIPTION_HOARDER
33,2024-10-06,Strategy face make.,65.47,Other,Happy,SUBSCRIPTION_HOARDER
33,2024-10-07,Financial popular short like.,1507.35,Leisure,Neutral,SUBSCRIPTION_HOARDER
33,2024-10-11,Main opportunity particularly question.,1084.2,Other,Neutral,SUBSCRIPTION_HOARDER
33,2024-10-12,Lose modern return simple herself.,1086.54,Leisure,Stressed,SUBSCRIPTION_HOARDER
33,2024-10-12,Big look tell prepare.,377.05,Leisure,Happy,SUBSCRIPTION_HOARDER
33,2024-10-14,Pattern size spend.,1973.49,Leisure,Excited,SUBSCRIPTION_HOARDER
33,2024-10-15,Firm financial.,1999.92,Other,Neutral,SUBSCRIPTION_HOARDER
33,2024-10-15,Try wonder move trade.,868.23,Travel,Sad,SUBSCRIPTION_HOARDER
33,2024-10-16,Strong student green.,1421.21,Other,Neutral,SUBSCRIPTION_HOARDER
33,2024-10-16,Machine son television.,145.37,Travel,Happy,SUBSCRIPTION_HOARDER
33,2024-10-17,Help usually thank wonder draw.,95.02,Leisure,Sad,SUBSCRIPTION_HOARDER
33,2024-10-17,Moment red eight hand.,852.03,Other,Neutral,SUBSCRIPTION_HOARDER
33,2024-10-17,Walk anything.,374.56,Leisure,Happy,SUBSCRIPTION_HOARDER
33,2024-10-17,Require bank child.,529.76,Other,Neutral,SUBSCRIPTION_HOARDER
33,2024-10-18,Financial popular short like.,816.53,Leisure,Sad,SUBSCRIPTION_HOARDER
33,2024-10-19,Spend prove stock school.,1170.21,Food,Neutral,SUBSCRIPTION_HOARDER
33,2024-10-20,House clear say hope.,1833.77,Leisure,Neutral,SUBSCRIPTION_HOARDER
33,2024-10-20,Fish evening avoid dark.,719.49,Leisure,Excited,SUBSCRIPTION_HOARDER
33,2024-10-23,National back everybody direction budget.,217.96,Other,Neutral,SUBSCRIPTION_HOARDER
33,2024-10-25,Day stock.,1540.32,Leisure,Neutral,SUBSCRIPTION_HOARDER
33,2024-10-26,Since nothing be apply.,291.81,Other,Neutral,SUBSCRIPTION_HOARDER
33,2024-10-27,Anyone here deep.,94.73,Travel,Neutral,SUBSCRIPTION_HOARDER
33,2024-10-28,Age war measure whom.,757.16,Travel,Neutral,SUBSCRIPTION_HOARDER
33,2024-10-28,Learn talk.,196.33,Other,Happy,SUBSCRIPTION_HOARDER
33,2024-10-29,Let stay or focus.,556.75,Other,Stressed,SUBSCRIPTION_HOARDER
33,2024-10-30,Left available.,957.74,Education,Excited,SUBSCRIPTION_HOARDER
33,2024-11-01,Than physical live reason.,1606.45,Other,Neutral,SUBSCRIPTION_HOARDER
33,2024-11-03,People education great.,2085.29,Education,Neutral,SUBSCRIPTION_HOARDER
33,2024-11-03,Cause field education child.,1476.41,Other,Stressed,SUBSCRIPTION_HOARDER
33,2024-11-03,Instead writer.,364.86,Education,Stressed,SUBSCRIPTION_HOARDER
33,2024-11-04,Feel special.,1268.71,Other,Neutral,SUBSCRIPTION_HOARDER
33,2024-11-04,Difference way type positive phone.,588.25,Education,Sad,SUBSCRIPTION_HOARDER
33,2024-11-04,Cost attorney.,1144.77,Travel,Neutral,SUBSCRIPTION_HOARDER
33,2024-11-05,Development provide dark daughter.,2279.59,Food,Neutral,SUBSCRIPTION_HOARDER
33,2024-11-08,Girl suddenly.,1955.88,Other,Neutral,SUBSCRIPTION_HOARDER
33,2024-11-09,Training occur could painting.,1013.1,Travel,Stressed,SUBSCRIPTION_HOARDER
33,2024-11-10,Sort what.,144.49,Education,Happy,SUBSCRIPTION_HOARDER
33,2024-11-11,Fear song save.,360.31,Other,Neutral,SUBSCRIPTION_HOARDER
33,2024-11-11,Dinner article hit mission whole.,517.51,Travel,Neutral,SUBSCRIPTION_HOARDER
33,2024-11-12,Organization ten seem.,141.4,Travel,Stressed,SUBSCRIPTION_HOARDER
33,2024-11-12,Weight take.,2082.64,Education,Neutral,SUBSCRIPTION_HOARDER
33,2024-11-12,Turn both in animal.,2155.74,Leisure,Neutral,SUBSCRIPTION_HOARDER
33,2024-11-13,Couple general pretty show.,1044.31,Food,Neutral,SUBSCRIPTION_HOARDER
33,2024-11-14,Gas contain interest industry sell.,772.51,Other,Happy,SUBSCRIPTION_HOARDER
33,2024-11-15,Short indicate police.,345.61,Other,Neutral,SUBSCRIPTION_HOARDER
33,2024-11-16,About usually.,1026.8,Education,Happy,SUBSCRIPTION_HOARDER
33,2024-11-17,Manager bar send really.,1667.44,Travel,Stressed,SUBSCRIPTION_HOARDER
33,2024-11-17,Quite general there sister.,1867.18,Food,Sad,SUBSCRIPTION_HOARDER
33,2024-11-17,Bill beautiful issue.,927.91,Food,Happy,SUBSCRIPTION_HOARDER
33,2024-11-17,Land region back nor article.,954.64,Other,Neutral,SUBSCRIPTION_HOARDER
33,2024-11-20,Movie stop.,1620.37,Other,Excited,SUBSCRIPTION_HOARDER
33,2024-11-21,Clear single expect.,345.14,Education,Stressed,SUBSCRIPTION_HOARDER
33,2024-11-22,Cultural right cover large work.,1565.73,Other,Happy,SUBSCRIPTION_HOARDER
33,2024-11-23,Age decade mrs data.,661.78,Food,Sad,SUBSCRIPTION_HOARDER
33,2024-11-23,Pressure hospital significant.,232.91,Travel,Happy,SUBSCRIPTION_HOARDER
33,2024-11-23,Account assume prove similar ten.,1716.67,Education,Excited,SUBSCRIPTION_HOARDER
33,2024-11-25,Mind door authority outside.,1131.4,Travel,Neutral,SUBSCRIPTION_HOARDER
33,2024-11-25,Understand none.,291.63,Leisure,Neutral,SUBSCRIPTION_HOARDER
33,2024-11-25,Second full boy.,790.76,Travel,Sad,SUBSCRIPTION_HOARDER
33,2024-11-26,Bar professor power.,737.28,Leisure,Sad,SUBSCRIPTION_HOARDER
33,2024-11-30,Song difference part wall require.,1339.42,Leisure,Stressed,SUBSCRIPTION_HOARDER
33,2024-11-30,Maintain assume both long.,1233.28,Other,Excited,SUBSCRIPTION_HOARDER
33,2024-12-03,Task central dinner.,651.82,Other,Neutral,SUBSCRIPTION_HOARDER
33,2024-12-04,Team republican very plan cut.,853.43,Education,Stressed,SUBSCRIPTION_HOARDER
33,2024-12-06,Course technology site.,2458.92,Leisure,Neutral,SUBSCRIPTION_HOARDER
33,2024-12-08,Weight take.,1239.68,Education,Neutral,SUBSCRIPTION_HOARDER
33,2024-12-08,On must certainly.,1406.68,Leisure,Stressed,SUBSCRIPTION_HOARDER
33,2024-12-08,Include record security.,476.92,Travel,Happy,SUBSCRIPTION_HOARDER
33,2024-12-09,Citizen street region.,330.19,Other,Neutral,SUBSCRIPTION_HOARDER
33,2024-12-10,Natural together.,862.33,Other,Neutral,SUBSCRIPTION_HOARDER
33,2024-12-11,Stage someone for power.,1141.59,Other,Neutral,SUBSCRIPTION_HOARDER
33,2024-12-11,Nature performance yeah.,374.27,Other,Neutral,SUBSCRIPTION_HOARDER
33,2024-12-12,Place offer.,335.94,Leisure,Stressed,SUBSCRIPTION_HOARDER
33,2024-12-12,Look fight.,1032.21,Travel,Sad,SUBSCRIPTION_HOARDER
33,2024-12-12,Have including none.,890.62,Other,Neutral,SUBSCRIPTION_HOARDER
33,2024-12-12,Why station manager.,1366.94,Travel,Neutral,SUBSCRIPTION_HOARDER
33,2024-12-12,There institution actually.,1774.2,Leisure,Neutral,SUBSCRIPTION_HOARDER
33,2024-12-13,Race to television loss.,929.68,Other,Excited,SUBSCRIPTION_HOARDER
33,2024-12-14,Soldier meeting building.,1315.93,Travel,Happy,SUBSCRIPTION_HOARDER
33,2024-12-14,Marriage participant.,1884.11,Other,Stressed,SUBSCRIPTION_HOARDER
33,2024-12-15,While bring yourself.,128.04,Education,Stressed,SUBSCRIPTION_HOARDER
33,2024-12-16,Yourself successful defense subject.,730.2,Leisure,Stressed,SUBSCRIPTION_HOARDER
33,2024-12-17,Step rate feeling rate.,35.77,Food,Happy,SUBSCRIPTION_HOARDER
33,2024-12-17,Development middle animal.,344.83,Education,Sad,SUBSCRIPTION_HOARDER
33,2024-12-18,Describe paper.,799.62,Other,Neutral,SUBSCRIPTION_HOARDER
33,2024-12-20,Ever day.,869.84,Leisure,Happy,SUBSCRIPTION_HOARDER
33,2024-12-20,Heart determine likely.,656.78,Other,Neutral,SUBSCRIPTION_HOARDER
33,2024-12-22,Them key.,1068.17,Travel,Neutral,SUBSCRIPTION_HOARDER
33,2024-12-22,Girl suddenly.,1008.47,Other,Neutral,SUBSCRIPTION_HOARDER
33,2024-12-23,Say other never fact.,318.76,Travel,Happy,SUBSCRIPTION_HOARDER
33,2024-12-25,Forget once hope security.,1782.6,Travel,Neutral,SUBSCRIPTION_HOARDER
33,2024-12-25,Each author party full kitchen.,865.08,Food,Happy,SUBSCRIPTION_HOARDER
33,2024-12-25,Activity including single right.,605.6,Leisure,Sad,SUBSCRIPTION_HOARDER
33,2024-12-26,This manage her.,750.79,Other,Excited,SUBSCRIPTION_HOARDER
33,2024-12-27,Arrive budget education at property.,600.99,Leisure,Stressed,SUBSCRIPTION_HOARDER
33,2024-12-28,Receive region however.,667.05,Food,Neutral,SUBSCRIPTION_HOARDER
33,2024-12-28,Already argue.,358.5,Other,Sad,SUBSCRIPTION_HOARDER
33,2024-12-29,Outside with each animal.,797.52,Travel,Neutral,SUBSCRIPTION_HOARDER
33,2024-12-30,Fall analysis.,553.63,Travel,Neutral,SUBSCRIPTION_HOARDER
33,2024-12-31,Kind appear environment capital explain.,945.51,Other,Neutral,SUBSCRIPTION_HOARDER
33,2025-01-02,Investment pass drive.,730.45,Food,Stressed,SUBSCRIPTION_HOARDER
33,2025-01-04,Draw change agree someone.,734.29,Food,Happy,SUBSCRIPTION_HOARDER
33,2025-01-06,Meet seem population.,575.96,Education,Happy,SUBSCRIPTION_HOARDER
33,2025-01-07,Picture early send morning.,1520.7,Other,Sad,SUBSCRIPTION_HOARDER
33,2025-01-08,Couple general pretty show.,829.41,Food,Sad,SUBSCRIPTION_HOARDER
33,2025-01-08,Sort knowledge analysis together court.,376.63,Leisure,Neutral,SUBSCRIPTION_HOARDER
33,2025-01-09,Network never.,281.34,Food,Sad,SUBSCRIPTION_HOARDER
33,2025-01-10,Bit appear.,1045.07,Education,Stressed,SUBSCRIPTION_HOARDER
33,2025-01-10,Door end fire.,985.79,Travel,Neutral,SUBSCRIPTION_HOARDER
33,2025-01-12,Administration network once.,1637.88,Other,Excited,SUBSCRIPTION_HOARDER
33,2025-01-12,Science drug.,213.76,Travel,Neutral,SUBSCRIPTION_HOARDER
33,2025-01-14,Paper memory history office.,1733.47,Leisure,Happy,SUBSCRIPTION_HOARDER
33,2025-01-14,Teach cause mrs.,180.48,Leisure,Stressed,SUBSCRIPTION_HOARDER
33,2025-01-14,Fish evening avoid dark.,1391.76,Leisure,Happy,SUBSCRIPTION_HOARDER
33,2025-01-17,Task she.,1296.95,Other,Happy,SUBSCRIPTION_HOARDER
33,2025-01-17,Shake hand hundred now.,2357.06,Education,Stressed,SUBSCRIPTION_HOARDER
33,2025-01-18,Military onto blue activity.,663.29,Other,Happy,SUBSCRIPTION_HOARDER
33,2025-01-18,Tree imagine machine.,1195.98,Food,Excited,SUBSCRIPTION_HOARDER
33,2025-01-20,Quality throughout.,1568.69,Other,Happy,SUBSCRIPTION_HOARDER
33,2025-01-21,Task improve fish.,1914.55,Leisure,Excited,SUBSCRIPTION_HOARDER
33,2025-01-22,Nearly want front shake.,726.57,Leisure,Sad,SUBSCRIPTION_HOARDER
33,2025-01-24,Pull blue strong wonder.,29.45,Food,Excited,SUBSCRIPTION_HOARDER
33,2025-01-25,Idea seek.,121.26,Other,Excited,SUBSCRIPTION_HOARDER
33,2025-01-26,Whose other.,815.51,Other,Neutral,SUBSCRIPTION_HOARDER
33,2025-01-27,Network outside parent.,2006.05,Other,Neutral,SUBSCRIPTION_HOARDER
33,2025-01-27,Organization visit finally.,233.62,Education,Sad,SUBSCRIPTION_HOARDER
33,2025-01-28,Recent feeling.,1482.45,Leisure,Happy,SUBSCRIPTION_HOARDER
33,2025-01-30,My compare also argue.,1032.13,Travel,Sad,SUBSCRIPTION_HOARDER
33,2025-01-30,Case expert stop.,1204.13,Travel,Sad,SUBSCRIPTION_HOARDER
33,2025-01-30,Million kind everything young.,1287.88,Food,Neutral,SUBSCRIPTION_HOARDER
33,2025-01-30,Ability live.,1747.44,Travel,Excited,SUBSCRIPTION_HOARDER
33,2025-01-30,Serious produce.,801.34,Other,Neutral,SUBSCRIPTION_HOARDER
33,2025-01-31,Itself free source.,764.67,Travel,Happy,SUBSCRIPTION_HOARDER
34,2024-08-01,Card star avoid nothing.,206.77,Food,Neutral,SUBSCRIPTION_HOARDER
34,2024-08-01,Finally shoulder land.,280.3,Other,Neutral,SUBSCRIPTION_HOARDER
34,2024-08-01,Present discussion.,1278.64,Education,Stressed,SUBSCRIPTION_HOARDER
34,2024-08-05,Offer bed it skill challenge.,639.98,Other,Stressed,SUBSCRIPTION_HOARDER
34,2024-08-05,Score each.,1463.81,Food,Happy,SUBSCRIPTION_HOARDER
34,2024-08-05,Decide similar office.,765.67,Leisure,Neutral,SUBSCRIPTION_HOARDER
34,2024-08-06,Wrong difficult.,1311.41,Leisure,Stressed,SUBSCRIPTION_HOARDER
34,2024-08-07,Task central dinner.,898.45,Other,Neutral,SUBSCRIPTION_HOARDER
34,2024-08-07,Training occur could painting.,1886.4,Travel,Neutral,SUBSCRIPTION_HOARDER
34,2024-08-07,Agent say forward us.,2416.47,Education,Happy,SUBSCRIPTION_HOARDER
34,2024-08-08,Together knowledge.,1247.7,Leisure,Neutral,SUBSCRIPTION_HOARDER
34,2024-08-08,Grow laugh.,603.42,Education,Stressed,SUBSCRIPTION_HOARDER
34,2024-08-11,Society common stay ready.,915.23,Leisure,Neutral,SUBSCRIPTION_HOARDER
34,2024-08-12,Against only.,1028.42,Education,Excited,SUBSCRIPTION_HOARDER
34,2024-08-12,Sit enter perhaps however.,1231.59,Leisure,Neutral,SUBSCRIPTION_HOARDER
34,2024-08-12,Increase consider.,531.97,Other,Happy,SUBSCRIPTION_HOARDER
34,2024-08-12,Cost attorney.,1259.31,Travel,Happy,SUBSCRIPTION_HOARDER
34,2024-08-13,He participant right.,175.35,Leisure,Happy,SUBSCRIPTION_HOARDER
34,2024-08-14,Serious reveal left social fine.,1379.55,Travel,Sad,SUBSCRIPTION_HOARDER
34,2024-08-14,Understand none.,375.84,Leisure,Happy,SUBSCRIPTION_HOARDER
34,2024-08-15,On professional analysis color.,998.27,Other,Neutral,SUBSCRIPTION_HOARDER
34,2024-08-16,Western order accept wide prevent.,1275.21,Travel,Happy,SUBSCRIPTION_HOARDER
34,2024-08-16,Leave opportunity draw during city.,187.77,Travel,Stressed,SUBSCRIPTION_HOARDER
34,2024-08-16,Evening ahead smile.,583.97,Leisure,Neutral,SUBSCRIPTION_HOARDER
34,2024-08-17,Could gun.,1472.09,Leisure,Stressed,SUBSCRIPTION_HOARDER
34,2024-08-18,Car indeed nor next.,1162.87,Travel,Happy,SUBSCRIPTION_HOARDER
34,2024-08-18,Month whom stage soon.,527.23,Travel,Neutral,SUBSCRIPTION_HOARDER
34,2024-08-22,Because career course.,1200.31,Travel,Neutral,SUBSCRIPTION_HOARDER
34,2024-08-22,Drug entire involve.,128.43,Leisure,Excited,SUBSCRIPTION_HOARDER
34,2024-08-22,Pretty skin main program.,2022.13,Education,Stressed,SUBSCRIPTION_HOARDER
34,2024-08-23,Program sport her.,231.01,Education,Neutral,SUBSCRIPTION_HOARDER
34,2024-08-23,Couple city you level.,976.6,Travel,Neutral,SUBSCRIPTION_HOARDER
34,2024-08-23,Wrong difficult range.,1224.11,Travel,Happy,SUBSCRIPTION_HOARDER
34,2024-08-23,Machine son television.,120.35,Travel,Stressed,SUBSCRIPTION_HOARDER
34,2024-08-24,Hard knowledge enjoy let.,1787.62,Leisure,Stressed,SUBSCRIPTION_HOARDER
34,2024-08-26,Good lay coach.,584.12,Education,Happy,SUBSCRIPTION_HOARDER
34,2024-08-26,Participant price.,1172.7,Other,Happy,SUBSCRIPTION_HOARDER
34,2024-08-26,Win group important civil nature.,1014.57,Other,Sad,SUBSCRIPTION_HOARDER
34,2024-08-30,And national spend.,1384.69,Food,Neutral,SUBSCRIPTION_HOARDER
34,2024-08-30,Current hear claim well two.,1171.06,Travel,Stressed,SUBSCRIPTION_HOARDER
34,2024-08-31,Place offer.,353.15,Leisure,Neutral,SUBSCRIPTION_HOARDER
34,2024-08-31,Receive to piece.,437.51,Travel,Neutral,SUBSCRIPTION_HOARDER
34,2024-09-01,Scientist do author.,2013.83,Education,Excited,SUBSCRIPTION_HOARDER
34,2024-09-01,Already argue.,556.11,Other,Sad,SUBSCRIPTION_HOARDER
34,2024-09-01,Western tend candidate day.,784.11,Other,Excited,SUBSCRIPTION_HOARDER
34,2024-09-02,Executive beyond create dinner conference.,615.35,Other,Sad,SUBSCRIPTION_HOARDER
34,2024-09-03,Be fire.,56.13,Leisure,Happy,SUBSCRIPTION_HOARDER
34,2024-09-05,Moment eat personal.,1795.4,Other,Neutral,SUBSCRIPTION_HOARDER
34,2024-09-05,Analysis color friend the.,1667.97,Education,Sad,SUBSCRIPTION_HOARDER
34,2024-09-06,In seven building hard.,64.2,Other,Happy,SUBSCRIPTION_HOARDER
34,2024-09-06,Factor past language day theory.,981.93,Education,Neutral,SUBSCRIPTION_HOARDER
34,2024-09-06,A value lot.,763.97,Leisure,Neutral,SUBSCRIPTION_HOARDER
34,2024-09-06,Identify material.,976.43,Other,Neutral,SUBSCRIPTION_HOARDER
34,2024-09-06,Heart still building.,1306.97,Food,Happy,SUBSCRIPTION_HOARDER
34,2024-09-08,Career surface these ahead.,1714.04,Leisure,Neutral,SUBSCRIPTION_HOARDER
34,2024-09-09,Whatever late specific.,631.17,Other,Stressed,SUBSCRIPTION_HOARDER
34,2024-09-11,White likely teacher one.,1859.27,Leisure,Stressed,SUBSCRIPTION_HOARDER
34,2024-09-12,Play move each left establish.,808.05,Education,Neutral,SUBSCRIPTION_HOARDER
34,2024-09-12,As music film move.,745.8,Education,Neutral,SUBSCRIPTION_HOARDER
34,2024-09-13,Be fire.,68.17,Leisure,Stressed,SUBSCRIPTION_HOARDER
34,2024-09-13,Like clear.,1039.08,Food,Stressed,SUBSCRIPTION_HOARDER
34,2024-09-13,Short indicate police.,419.4,Other,Excited,SUBSCRIPTION_HOARDER
34,2024-09-16,Gun seven music despite show.,745.16,Food,Happy,SUBSCRIPTION_HOARDER
34,2024-09-16,Receive to piece.,420.48,Travel,Stressed,SUBSCRIPTION_HOARDER
34,2024-09-16,Up federal nor note.,489.17,Leisure,Stressed,SUBSCRIPTION_HOARDER
34,2024-09-16,Security unit executive.,135.43,Food,Sad,SUBSCRIPTION_HOARDER
34,2024-09-16,Evidence conference capital office.,340.23,Other,Neutral,SUBSCRIPTION_HOARDER
34,2024-09-18,Science drug.,495.91,Travel,Excited,SUBSCRIPTION_HOARDER
34,2024-09-19,Difference way type positive phone.,634.46,Education,Sad,SUBSCRIPTION_HOARDER
34,2024-09-21,World enter.,1517.96,Other,Neutral,SUBSCRIPTION_HOARDER
34,2024-09-22,Finish increase economy middle public.,1132.97,Travel,Happy,SUBSCRIPTION_HOARDER
34,2024-09-22,Land day name small.,1382.17,Food,Excited,SUBSCRIPTION_HOARDER
34,2024-09-23,What than political up instead.,340.16,Travel,Neutral,SUBSCRIPTION_HOARDER
34,2024-09-24,Development provide dark daughter.,1484.08,Food,Neutral,SUBSCRIPTION_HOARDER
34,2024-09-25,Because career course.,1385.71,Travel,Stressed,SUBSCRIPTION_HOARDER
34,2024-09-29,Network never.,320.85,Food,Neutral,SUBSCRIPTION_HOARDER
34,2024-09-29,Resource road do.,940.93,Other,Happy,SUBSCRIPTION_HOARDER
34,2024-09-30,Art whether between several personal.,565.5,Travel,Neutral,SUBSCRIPTION_HOARDER
34,2024-10-01,Individual analysis.,814.05,Leisure,Happy,SUBSCRIPTION_HOARDER
34,2024-10-02,Hope floor include.,575.72,Other,Excited,SUBSCRIPTION_HOARDER
34,2024-10-02,Leave bar prevent require.,2024.24,Other,Happy,SUBSCRIPTION_HOARDER
34,2024-10-03,Thing physical might.,1933.23,Other,Neutral,SUBSCRIPTION_HOARDER
34,2024-10-04,Million night your.,1297.21,Other,Neutral,SUBSCRIPTION_HOARDER
34,2024-10-05,Yard foot he share issue.,2168.08,Travel,Neutral,SUBSCRIPTION_HOARDER
34,2024-10-05,Program sport her.,207.04,Education,Neutral,SUBSCRIPTION_HOARDER
34,2024-10-06,Tough animal someone.,1157.49,Leisure,Stressed,SUBSCRIPTION_HOARDER
34,2024-10-08,Adult above safe.,932.83,Leisure,Sad,SUBSCRIPTION_HOARDER
34,2024-10-08,Week real course school everybody.,1493.46,Education,Sad,SUBSCRIPTION_HOARDER
34,2024-10-09,Cut yard knowledge.,712.59,Travel,Excited,SUBSCRIPTION_HOARDER
34,2024-10-10,He we recent music.,2264.4,Food,Stressed,SUBSCRIPTION_HOARDER
34,2024-10-11,Company option character land space.,819.51,Leisure,Neutral,SUBSCRIPTION_HOARDER
34,2024-10-11,Citizen ahead method.,1579.08,Travel,Happy,SUBSCRIPTION_HOARDER
34,2024-10-12,Guess service this different.,1475.68,Leisure,Neutral,SUBSCRIPTION_HOARDER
34,2024-10-12,Present discussion.,688.97,Education,Excited,SUBSCRIPTION_HOARDER
34,2024-10-13,Like clear.,468.37,Food,Neutral,SUBSCRIPTION_HOARDER
34,2024-10-14,Learn talk.,183.63,Other,Neutral,SUBSCRIPTION_HOARDER
34,2024-10-16,Statement available win politics.,824.4,Leisure,Stressed,SUBSCRIPTION_HOARDER
34,2024-10-16,Reach step son.,1021.14,Other,Happy,SUBSCRIPTION_HOARDER
34,2024-10-17,Good house only military.,269.92,Other,Sad,SUBSCRIPTION_HOARDER
34,2024-10-18,Within prove full.,397.68,Education,Neutral,SUBSCRIPTION_HOARDER
34,2024-10-18,Improve them wait.,1733.19,Travel,Happy,SUBSCRIPTION_HOARDER
34,2024-10-19,Later son almost.,784.81,Food,Sad,SUBSCRIPTION_HOARDER
34,2024-10-19,Important source first him.,131.69,Other,Neutral,SUBSCRIPTION_HOARDER
34,2024-10-21,Main board population.,334.25,Leisure,Stressed,SUBSCRIPTION_HOARDER
34,2024-10-21,At decade really issue.,1215.52,Leisure,Happy,SUBSCRIPTION_HOARDER
34,2024-10-21,Despite energy company.,530.7,Travel,Stressed,SUBSCRIPTION_HOARDER
34,2024-10-22,Right know during someone.,1306.18,Travel,Neutral,SUBSCRIPTION_HOARDER
34,2024-10-22,Character usually agency.,543.43,Leisure,Stressed,SUBSCRIPTION_HOARDER
34,2024-10-23,Well left.,1180.85,Other,Happy,SUBSCRIPTION_HOARDER
34,2024-10-23,Begin deep police wife.,688.75,Travel,Happy,SUBSCRIPTION_HOARDER
34,2024-10-26,Billion morning draw.,155.69,Travel,Sad,SUBSCRIPTION_HOARDER
34,2024-10-26,Day fact modern.,444.68,Education,Stressed,SUBSCRIPTION_HOARDER
34,2024-10-27,Car indeed nor next.,1287.66,Travel,Excited,SUBSCRIPTION_HOARDER
34,2024-10-29,Hear certainly most not.,1466.99,Other,Neutral,SUBSCRIPTION_HOARDER
34,2024-10-29,First next popular.,122.14,Travel,Stressed,SUBSCRIPTION_HOARDER
34,2024-11-04,Discussion black follow.,715.95,Leisure,Happy,SUBSCRIPTION_HOARDER
34,2024-11-05,Democratic recent student specific political.,476.29,Food,Stressed,SUBSCRIPTION_HOARDER
34,2024-11-05,Eight bed fill.,2280.92,Food,Neutral,SUBSCRIPTION_HOARDER
34,2024-11-06,Book economic.,167.98,Education,Stressed,SUBSCRIPTION_HOARDER
34,2024-11-06,Administration network once.,2388.63,Other,Stressed,SUBSCRIPTION_HOARDER
34,2024-11-07,Organization ten seem.,115.46,Travel,Happy,SUBSCRIPTION_HOARDER
34,2024-11-08,Administration mother in admit.,481.21,Other,Excited,SUBSCRIPTION_HOARDER
34,2024-11-08,Course staff personal space.,1145.33,Leisure,Sad,SUBSCRIPTION_HOARDER
34,2024-11-10,Girl suddenly.,1122.11,Other,Neutral,SUBSCRIPTION_HOARDER
34,2024-11-10,Clear single expect.,462.84,Education,Neutral,SUBSCRIPTION_HOARDER
34,2024-11-11,Worker range feel.,256.01,Leisure,Happy,SUBSCRIPTION_HOARDER
34,2024-11-13,Group never.,438.13,Food,Stressed,SUBSCRIPTION_HOARDER
34,2024-11-13,Within set region beyond.,2864.61,Other,Happy,SUBSCRIPTION_HOARDER
34,2024-11-13,Old wall report purpose.,996.57,Leisure,Happy,SUBSCRIPTION_HOARDER
34,2024-11-13,Goal talk sit party.,1356.09,Education,Stressed,SUBSCRIPTION_HOARDER
34,2024-11-13,Expert movement reach man.,741.81,Other,Neutral,SUBSCRIPTION_HOARDER
34,2024-11-14,Car much will.,1081.79,Other,Happy,SUBSCRIPTION_HOARDER
34,2024-11-15,Moment eat personal.,1343.92,Other,Happy,SUBSCRIPTION_HOARDER
34,2024-11-15,Three certain.,1481.2,Travel,Neutral,SUBSCRIPTION_HOARDER
34,2024-11-16,Tv budget system book.,1355.1,Leisure,Excited,SUBSCRIPTION_HOARDER
34,2024-11-17,Receive to piece.,361.08,Travel,Neutral,SUBSCRIPTION_HOARDER
34,2024-11-19,Drug happy will young simply.,305.1,Travel,Neutral,SUBSCRIPTION_HOARDER
34,2024-11-20,New type pm.,1772.68,Leisure,Excited,SUBSCRIPTION_HOARDER
34,2024-11-22,Leave bar prevent require.,973.63,Other,Neutral,SUBSCRIPTION_HOARDER
34,2024-11-22,Open million house enough.,1273.33,Leisure,Sad,SUBSCRIPTION_HOARDER
34,2024-11-23,New type pm.,1856.17,Leisure,Happy,SUBSCRIPTION_HOARDER
34,2024-11-23,Despite off consumer second.,702.59,Leisure,Excited,SUBSCRIPTION_HOARDER
34,2024-11-24,White likely teacher one.,1328.2,Leisure,Stressed,SUBSCRIPTION_HOARDER
34,2024-11-24,Decide cultural start how thank.,1029.99,Education,Neutral,SUBSCRIPTION_HOARDER
34,2024-11-24,White measure manager range.,217.88,Leisure,Excited,SUBSCRIPTION_HOARDER
34,2024-11-26,While same budget.,605.68,Food,Happy,SUBSCRIPTION_HOARDER
34,2024-11-27,Money a.,290.79,Other,Neutral,SUBSCRIPTION_HOARDER
34,2024-11-27,Likely scientist.,513.22,Travel,Sad,SUBSCRIPTION_HOARDER
34,2024-11-30,Unit again easy morning four.,222.06,Other,Happy,SUBSCRIPTION_HOARDER
34,2024-11-30,Adult above safe.,645.17,Leisure,Neutral,SUBSCRIPTION_HOARDER
34,2024-12-02,Hand possible relate night.,890.23,Other,Excited,SUBSCRIPTION_HOARDER
34,2024-12-02,Attention standard shake more respond.,1036.28,Other,Stressed,SUBSCRIPTION_HOARDER
34,2024-12-02,Image movie who debate.,528.5,Leisure,Happy,SUBSCRIPTION_HOARDER
34,2024-12-04,Old wall report purpose.,729.8,Leisure,Happy,SUBSCRIPTION_HOARDER
34,2024-12-04,Field seat start pm.,1665.04,Leisure,Neutral,SUBSCRIPTION_HOARDER
34,2024-12-05,Concern ability reduce.,1564.33,Travel,Excited,SUBSCRIPTION_HOARDER
34,2024-12-07,Keep yes.,206.08,Education,Stressed,SUBSCRIPTION_HOARDER
34,2024-12-07,Bed food possible represent.,216.36,Leisure,Stressed,SUBSCRIPTION_HOARDER
34,2024-12-08,Table trade various risk art.,1420.47,Education,Sad,SUBSCRIPTION_HOARDER
34,2024-12-08,People newspaper stay.,43.97,Other,Neutral,SUBSCRIPTION_HOARDER
34,2024-12-09,Sign wall.,768.17,Leisure,Excited,SUBSCRIPTION_HOARDER
34,2024-12-09,Dog late eat.,55.36,Travel,Neutral,SUBSCRIPTION_HOARDER
34,2024-12-12,Hand so add mr lawyer.,616.58,Other,Neutral,SUBSCRIPTION_HOARDER
34,2024-12-14,Security unit executive.,129.9,Food,Neutral,SUBSCRIPTION_HOARDER
34,2024-12-15,Night various return explain.,473.91,Leisure,Neutral,SUBSCRIPTION_HOARDER
34,2024-12-15,Fear approach take case customer.,1201.02,Other,Happy,SUBSCRIPTION_HOARDER
34,2024-12-15,Later happy pull.,1503.4,Other,Stressed,SUBSCRIPTION_HOARDER
34,2024-12-16,Draw change agree someone.,1058.34,Food,Neutral,SUBSCRIPTION_HOARDER
34,2024-12-17,Home even.,254.85,Education,Neutral,SUBSCRIPTION_HOARDER
34,2024-12-17,Carry fly water cut fire.,59.48,Education,Stressed,SUBSCRIPTION_HOARDER
34,2024-12-17,Training account evidence month.,1084.87,Leisure,Excited,SUBSCRIPTION_HOARDER
34,2024-12-17,Understand none.,418.1,Leisure,Stressed,SUBSCRIPTION_HOARDER
34,2024-12-19,Woman meet report.,2317.95,Food,Happy,SUBSCRIPTION_HOARDER
34,2024-12-20,Finish thing.,354.68,Other,Neutral,SUBSCRIPTION_HOARDER
34,2024-12-20,Medical nearly.,610.97,Leisure,Stressed,SUBSCRIPTION_HOARDER
34,2024-12-21,Scientist will begin.,1022.46,Other,Neutral,SUBSCRIPTION_HOARDER
34,2024-12-21,Because career course.,2502.08,Travel,Neutral,SUBSCRIPTION_HOARDER
34,2024-12-21,Ago race quite hour.,734.56,Food,Stressed,SUBSCRIPTION_HOARDER
34,2024-12-22,Tough animal someone.,809.17,Leisure,Neutral,SUBSCRIPTION_HOARDER
34,2024-12-22,Attention standard shake more respond.,1067.57,Other,Stressed,SUBSCRIPTION_HOARDER
34,2024-12-23,Cell city not not the.,161.15,Other,Neutral,SUBSCRIPTION_HOARDER
34,2024-12-23,Reach under.,997.63,Other,Happy,SUBSCRIPTION_HOARDER
34,2024-12-24,Should page camera.,530.97,Education,Stressed,SUBSCRIPTION_HOARDER
34,2024-12-24,Group never.,524.22,Food,Neutral,SUBSCRIPTION_HOARDER
34,2024-12-25,Find lay deal lot.,1492.54,Other,Excited,SUBSCRIPTION_HOARDER
34,2024-12-25,Safe whole establish.,666.35,Leisure,Stressed,SUBSCRIPTION_HOARDER
34,2024-12-26,Wrong difficult range.,1369.67,Travel,Excited,SUBSCRIPTION_HOARDER
34,2024-12-27,Happen a point here control.,160.88,Other,Neutral,SUBSCRIPTION_HOARDER
34,2024-12-28,Company option character land space.,694.57,Leisure,Stressed,SUBSCRIPTION_HOARDER
34,2024-12-29,Program decade home which view.,539.09,Travel,Sad,SUBSCRIPTION_HOARDER
34,2024-12-29,Carry surface learn.,1395.93,Leisure,Happy,SUBSCRIPTION_HOARDER
34,2024-12-29,Seven project chance road.,1277.44,Leisure,Neutral,SUBSCRIPTION_HOARDER
34,2024-12-29,Long identify road speech.,473.42,Other,Neutral,SUBSCRIPTION_HOARDER
34,2024-12-31,Leg rest interest.,2131.63,Other,Stressed,SUBSCRIPTION_HOARDER
34,2025-01-01,Forward would finish around.,2516.09,Food,Neutral,SUBSCRIPTION_HOARDER
34,2025-01-03,Which raise american truth.,2064.9,Leisure,Excited,SUBSCRIPTION_HOARDER
34,2025-01-03,Four field area young.,1384.11,Education,Happy,SUBSCRIPTION_HOARDER
34,2025-01-05,City offer financial data.,628.25,Travel,Neutral,SUBSCRIPTION_HOARDER
34,2025-01-06,Difference world deep.,2395.98,Food,Stressed,SUBSCRIPTION_HOARDER
34,2025-01-06,Church community.,561.18,Travel,Excited,SUBSCRIPTION_HOARDER
34,2025-01-07,Beautiful beyond sell.,120.69,Food,Happy,SUBSCRIPTION_HOARDER
34,2025-01-07,Him fight american music change.,1188.24,Leisure,Stressed,SUBSCRIPTION_HOARDER
34,2025-01-09,Expect writer myself management.,1337.03,Leisure,Stressed,SUBSCRIPTION_HOARDER
34,2025-01-09,Million kind everything young.,1046.0,Food,Neutral,SUBSCRIPTION_HOARDER
34,2025-01-10,Let stay or focus.,695.98,Other,Neutral,SUBSCRIPTION_HOARDER
34,2025-01-10,Give that individual of not.,783.23,Education,Stressed,SUBSCRIPTION_HOARDER
34,2025-01-10,Evidence conference capital office.,446.67,Other,Neutral,SUBSCRIPTION_HOARDER
34,2025-01-12,Despite energy company.,661.22,Travel,Neutral,SUBSCRIPTION_HOARDER
34,2025-01-13,Serious produce.,1255.36,Other,Stressed,SUBSCRIPTION_HOARDER
34,2025-01-13,Face morning.,1459.14,Education,Neutral,SUBSCRIPTION_HOARDER
34,2025-01-14,Car much will.,1832.73,Other,Happy,SUBSCRIPTION_HOARDER
34,2025-01-15,Fish either boy between collection.,332.98,Food,Stressed,SUBSCRIPTION_HOARDER
34,2025-01-16,Truth thing always possible.,392.02,Food,Stressed,SUBSCRIPTION_HOARDER
34,2025-01-18,Do interesting material.,2407.65,Travel,Stressed,SUBSCRIPTION_HOARDER
34,2025-01-18,Benefit suggest page southern.,292.38,Leisure,Happy,SUBSCRIPTION_HOARDER
34,2025-01-19,Feel special.,1400.52,Other,Sad,SUBSCRIPTION_HOARDER
34,2025-01-20,We especially five network.,1186.34,Food,Neutral,SUBSCRIPTION_HOARDER
34,2025-01-21,While bring yourself.,109.47,Education,Stressed,SUBSCRIPTION_HOARDER
34,2025-01-22,There institution actually.,1519.65,Leisure,Happy,SUBSCRIPTION_HOARDER
34,2025-01-26,What than political up instead.,206.38,Travel,Stressed,SUBSCRIPTION_HOARDER
34,2025-01-28,Treatment relate positive.,925.45,Food,Neutral,SUBSCRIPTION_HOARDER
34,2025-01-29,Day already hold.,403.72,Other,Excited,SUBSCRIPTION_HOARDER
34,2025-01-29,Treatment relate positive.,680.91,Food,Stressed,SUBSCRIPTION_HOARDER
34,2025-01-30,White likely teacher one.,1372.78,Leisure,Sad,SUBSCRIPTION_HOARDER
35,2024-08-01,Mention billion bed never others.,615.9,Other,Happy,SUBSCRIPTION_HOARDER
35,2024-08-01,Short for late education.,500.25,Leisure,Excited,SUBSCRIPTION_HOARDER
35,2024-08-02,Recognize media goal.,90.66,Other,Happy,SUBSCRIPTION_HOARDER
35,2024-08-02,All important shoulder she.,1625.06,Other,Stressed,SUBSCRIPTION_HOARDER
35,2024-08-02,Yard foot he share issue.,2209.51,Travel,Neutral,SUBSCRIPTION_HOARDER
35,2024-08-03,Dinner article hit mission whole.,816.03,Travel,Neutral,SUBSCRIPTION_HOARDER
35,2024-08-03,Something story attorney summer.,1094.12,Food,Excited,SUBSCRIPTION_HOARDER
35,2024-08-03,Later happy pull.,1068.32,Other,Excited,SUBSCRIPTION_HOARDER
35,2024-08-03,Your ever woman way avoid.,71.03,Food,Happy,SUBSCRIPTION_HOARDER
35,2024-08-04,Cut yard knowledge.,706.15,Travel,Happy,SUBSCRIPTION_HOARDER
35,2024-08-05,Close month parent who up.,1911.45,Leisure,Sad,SUBSCRIPTION_HOARDER
35,2024-08-06,Exist professional.,117.2,Other,Neutral,SUBSCRIPTION_HOARDER
35,2024-08-06,He we recent music.,1696.03,Food,Sad,SUBSCRIPTION_HOARDER
35,2024-08-07,Information scene again country.,1078.43,Leisure,Happy,SUBSCRIPTION_HOARDER
35,2024-08-07,Many themselves minute.,1720.04,Other,Neutral,SUBSCRIPTION_HOARDER
35,2024-08-07,Rate society floor long same.,3014.82,Leisure,Sad,SUBSCRIPTION_HOARDER
35,2024-08-08,Agent say forward us.,2030.85,Education,Neutral,SUBSCRIPTION_HOARDER
35,2024-08-08,Question or money.,1717.44,Leisure,Neutral,SUBSCRIPTION_HOARDER
35,2024-08-09,Together whether about.,385.38,Food,Neutral,SUBSCRIPTION_HOARDER
35,2024-08-10,Question or money.,1230.84,Leisure,Happy,SUBSCRIPTION_HOARDER
35,2024-08-12,Career surface these ahead.,903.73,Leisure,Neutral,SUBSCRIPTION_HOARDER
35,2024-08-13,Check purpose young.,703.67,Leisure,Stressed,SUBSCRIPTION_HOARDER
35,2024-08-14,Seven project chance road.,1043.72,Leisure,Neutral,SUBSCRIPTION_HOARDER
35,2024-08-14,Southern front.,1521.21,Travel,Neutral,SUBSCRIPTION_HOARDER
35,2024-08-14,Policy mrs.,509.84,Other,Excited,SUBSCRIPTION_HOARDER
35,2024-08-15,Relate day.,93.43,Leisure,Happy,SUBSCRIPTION_HOARDER
35,2024-08-15,Medical nearly.,573.64,Leisure,Neutral,SUBSCRIPTION_HOARDER
35,2024-08-16,Deep test thought.,860.09,Other,Stressed,SUBSCRIPTION_HOARDER
35,2024-08-16,First next popular.,254.63,Travel,Happy,SUBSCRIPTION_HOARDER
35,2024-08-17,Arrive budget education at property.,701.8,Leisure,Happy,SUBSCRIPTION_HOARDER
35,2024-08-17,Success teach mrs beat.,1217.54,Other,Excited,SUBSCRIPTION_HOARDER
35,2024-08-17,White likely teacher one.,1573.03,Leisure,Excited,SUBSCRIPTION_HOARDER
35,2024-08-17,Rather type thousand show.,838.74,Leisure,Neutral,SUBSCRIPTION_HOARDER
35,2024-08-17,Institution whatever yet.,342.81,Leisure,Neutral,SUBSCRIPTION_HOARDER
35,2024-08-18,News need task mind.,1599.3,Travel,Neutral,SUBSCRIPTION_HOARDER
35,2024-08-19,Place offer.,427.59,Leisure,Neutral,SUBSCRIPTION_HOARDER
35,2024-08-20,Professor beat window.,591.8,Leisure,Stressed,SUBSCRIPTION_HOARDER
35,2024-08-20,Be move fly open.,275.71,Other,Sad,SUBSCRIPTION_HOARDER
35,2024-08-21,Be fire.,34.45,Leisure,Stressed,SUBSCRIPTION_HOARDER
35,2024-08-21,We cold deep.,104.59,Travel,Neutral,SUBSCRIPTION_HOARDER
35,2024-08-22,Ready goal amount.,971.03,Other,Neutral,SUBSCRIPTION_HOARDER
35,2024-08-24,Realize property show either.,224.58,Other,Excited,SUBSCRIPTION_HOARDER
35,2024-08-25,Couple general pretty show.,578.27,Food,Stressed,SUBSCRIPTION_HOARDER
35,2024-08-25,Yeah far within.,806.37,Other,Sad,SUBSCRIPTION_HOARDER
35,2024-08-25,Listen against coach.,827.42,Food,Sad,SUBSCRIPTION_HOARDER
35,2024-08-26,Space game truth special decision.,1656.56,Travel,Neutral,SUBSCRIPTION_HOARDER
35,2024-08-27,Western order accept wide prevent.,2503.64,Travel,Sad,SUBSCRIPTION_HOARDER
35,2024-08-27,Statement position either.,1045.63,Travel,Happy,SUBSCRIPTION_HOARDER
35,2024-08-28,Beat light the window.,1650.1,Education,Excited,SUBSCRIPTION_HOARDER
35,2024-08-28,People tend weight machine.,1006.17,Other,Neutral,SUBSCRIPTION_HOARDER
35,2024-08-29,Play move each left establish.,1177.13,Education,Neutral,SUBSCRIPTION_HOARDER
35,2024-09-01,Southern front.,1402.18,Travel,Stressed,SUBSCRIPTION_HOARDER
35,2024-09-01,Develop staff least figure.,740.59,Other,Happy,SUBSCRIPTION_HOARDER
35,2024-09-01,Along hard need involve among.,502.77,Leisure,Sad,SUBSCRIPTION_HOARDER
35,2024-09-01,So draw food company.,447.88,Travel,Happy,SUBSCRIPTION_HOARDER
35,2024-09-02,Song difference part wall require.,1821.91,Leisure,Excited,SUBSCRIPTION_HOARDER
35,2024-09-02,Me system church whether.,493.34,Travel,Neutral,SUBSCRIPTION_HOARDER
35,2024-09-02,Second full boy.,1016.78,Travel,Neutral,SUBSCRIPTION_HOARDER
35,2024-09-02,Program sport her.,373.37,Education,Neutral,SUBSCRIPTION_HOARDER
35,2024-09-04,True culture.,438.66,Education,Sad,SUBSCRIPTION_HOARDER
35,2024-09-12,Apply maybe dog yes.,474.4,Leisure,Neutral,SUBSCRIPTION_HOARDER
35,2024-09-13,Fight nice less agree able.,1908.28,Leisure,Neutral,SUBSCRIPTION_HOARDER
35,2024-09-14,There institution actually.,1263.78,Leisure,Stressed,SUBSCRIPTION_HOARDER
35,2024-09-14,He we recent music.,1386.69,Food,Happy,SUBSCRIPTION_HOARDER
35,2024-09-15,Soon including important.,1629.02,Education,Happy,SUBSCRIPTION_HOARDER
35,2024-09-19,Best physical always small almost.,936.6,Leisure,Neutral,SUBSCRIPTION_HOARDER
35,2024-09-19,Fact reason make office.,501.12,Leisure,Neutral,SUBSCRIPTION_HOARDER
35,2024-09-19,White likely teacher one.,1290.43,Leisure,Happy,SUBSCRIPTION_HOARDER
35,2024-09-19,Into notice necessary true message.,584.49,Leisure,Neutral,SUBSCRIPTION_HOARDER
35,2024-09-19,Specific whose.,168.13,Other,Excited,SUBSCRIPTION_HOARDER
35,2024-09-19,Along attention piece tv young.,1545.17,Leisure,Neutral,SUBSCRIPTION_HOARDER
35,2024-09-19,Wrong school federal from.,934.24,Leisure,Neutral,SUBSCRIPTION_HOARDER
35,2024-09-20,Say dog drug enter.,1819.18,Food,Sad,SUBSCRIPTION_HOARDER
35,2024-09-20,Nearly need behavior.,777.04,Travel,Neutral,SUBSCRIPTION_HOARDER
35,2024-09-23,Word collection those become.,1344.55,Leisure,Excited,SUBSCRIPTION_HOARDER
35,2024-09-23,My compare also argue.,1642.66,Travel,Neutral,SUBSCRIPTION_HOARDER
35,2024-09-26,Day already hold.,291.24,Other,Excited,SUBSCRIPTION_HOARDER
35,2024-09-26,Popular lead with.,1470.06,Leisure,Stressed,SUBSCRIPTION_HOARDER
35,2024-09-27,Might necessary former.,711.05,Travel,Happy,SUBSCRIPTION_HOARDER
35,2024-09-27,Good anything manager think pressure.,223.46,Education,Neutral,SUBSCRIPTION_HOARDER
35,2024-09-28,Never majority cell.,34.87,Other,Happy,SUBSCRIPTION_HOARDER
35,2024-09-29,Until choose wife national.,1487.78,Education,Neutral,SUBSCRIPTION_HOARDER
35,2024-09-29,War push thousand book half.,880.91,Other,Happy,SUBSCRIPTION_HOARDER
35,2024-09-30,Order his oil west school.,1567.23,Food,Sad,SUBSCRIPTION_HOARDER
35,2024-10-01,Heart still building.,1213.43,Food,Neutral,SUBSCRIPTION_HOARDER
35,2024-10-02,Mention billion bed never others.,682.4,Other,Neutral,SUBSCRIPTION_HOARDER
35,2024-10-03,Plant event score official now.,1488.23,Other,Sad,SUBSCRIPTION_HOARDER
35,2024-10-03,Pretty section degree still.,237.23,Other,Happy,SUBSCRIPTION_HOARDER
35,2024-10-04,Future choice whatever from.,1228.14,Food,Happy,SUBSCRIPTION_HOARDER
35,2024-10-04,Effect cultural.,626.22,Food,Stressed,SUBSCRIPTION_HOARDER
35,2024-10-05,Above company media next me.,716.63,Other,Stressed,SUBSCRIPTION_HOARDER
35,2024-10-06,Support state.,1548.66,Other,Excited,SUBSCRIPTION_HOARDER
35,2024-10-06,Fish either boy between collection.,327.66,Food,Stressed,SUBSCRIPTION_HOARDER
35,2024-10-09,Seven here sell story.,1607.74,Other,Neutral,SUBSCRIPTION_HOARDER
35,2024-10-10,Development the inside thought.,566.06,Education,Neutral,SUBSCRIPTION_HOARDER
35,2024-10-10,Million night your.,1281.61,Other,Neutral,SUBSCRIPTION_HOARDER
35,2024-10-11,Brother southern project learn.,1438.36,Leisure,Excited,SUBSCRIPTION_HOARDER
35,2024-10-11,Current hear claim well two.,1738.2,Travel,Sad,SUBSCRIPTION_HOARDER
35,2024-10-11,Fight nice less agree able.,1726.52,Leisure,Neutral,SUBSCRIPTION_HOARDER
35,2024-10-11,Material produce station visit environmental.,697.98,Other,Neutral,SUBSCRIPTION_HOARDER
35,2024-10-15,Wide cut player wind.,874.24,Travel,Excited,SUBSCRIPTION_HOARDER
35,2024-10-17,Ability live.,963.42,Travel,Stressed,SUBSCRIPTION_HOARDER
35,2024-10-17,Key place tree.,837.11,Other,Neutral,SUBSCRIPTION_HOARDER
35,2024-10-19,Wrong difficult range.,1103.41,Travel,Neutral,SUBSCRIPTION_HOARDER
35,2024-10-20,Serious produce.,1261.53,Other,Neutral,SUBSCRIPTION_HOARDER
35,2024-10-20,Unit hold.,382.23,Education,Excited,SUBSCRIPTION_HOARDER
35,2024-10-21,Boy other foot best.,745.06,Leisure,Neutral,SUBSCRIPTION_HOARDER
35,2024-10-22,Ability live.,1249.71,Travel,Neutral,SUBSCRIPTION_HOARDER
35,2024-10-22,Their off.,509.72,Leisure,Happy,SUBSCRIPTION_HOARDER
35,2024-10-24,Walk cup option store.,1602.76,Education,Happy,SUBSCRIPTION_HOARDER
35,2024-10-24,Might necessary former.,1065.9,Travel,Excited,SUBSCRIPTION_HOARDER
35,2024-10-24,Around there water.,596.08,Food,Neutral,SUBSCRIPTION_HOARDER
35,2024-10-25,General final knowledge.,733.56,Food,Neutral,SUBSCRIPTION_HOARDER
35,2024-10-25,Cut yard knowledge.,583.81,Travel,Stressed,SUBSCRIPTION_HOARDER
35,2024-10-25,Song risk bad.,1273.38,Travel,Neutral,SUBSCRIPTION_HOARDER
35,2024-10-26,Consumer face.,909.83,Leisure,Stressed,SUBSCRIPTION_HOARDER
35,2024-10-27,Money modern receive partner.,36.47,Other,Stressed,SUBSCRIPTION_HOARDER
35,2024-10-27,Well left.,905.63,Other,Excited,SUBSCRIPTION_HOARDER
35,2024-10-27,Window music evening know.,222.96,Leisure,Stressed,SUBSCRIPTION_HOARDER
35,2024-10-30,Road product wait.,1472.31,Education,Neutral,SUBSCRIPTION_HOARDER
35,2024-10-30,Drive nation heart nearly season.,506.94,Travel,Neutral,SUBSCRIPTION_HOARDER
35,2024-10-31,Day fact modern.,259.99,Education,Sad,SUBSCRIPTION_HOARDER
35,2024-10-31,Best generation group goal.,1392.98,Other,Sad,SUBSCRIPTION_HOARDER
35,2024-11-01,Common anyone.,219.16,Leisure,Happy,SUBSCRIPTION_HOARDER
35,2024-11-01,Board its.,321.64,Leisure,Neutral,SUBSCRIPTION_HOARDER
35,2024-11-03,Skin name door production back.,434.49,Food,Excited,SUBSCRIPTION_HOARDER
35,2024-11-05,Anyone bank kitchen interest parent.,153.23,Travel,Neutral,SUBSCRIPTION_HOARDER
35,2024-11-05,Future treat bill choice.,625.58,Other,Neutral,SUBSCRIPTION_HOARDER
35,2024-11-06,Yes at seat ok.,3309.92,Other,Neutral,SUBSCRIPTION_HOARDER
35,2024-11-07,Network never.,264.51,Food,Stressed,SUBSCRIPTION_HOARDER
35,2024-11-08,Wife talk beat tax majority.,1290.94,Food,Neutral,SUBSCRIPTION_HOARDER
35,2024-11-09,During call north attention.,668.47,Other,Sad,SUBSCRIPTION_HOARDER
35,2024-11-09,Despite off consumer second.,566.28,Leisure,Neutral,SUBSCRIPTION_HOARDER
35,2024-11-10,Your ever woman way avoid.,125.76,Food,Excited,SUBSCRIPTION_HOARDER
35,2024-11-11,Couple raise she child.,1622.79,Other,Neutral,SUBSCRIPTION_HOARDER
35,2024-11-13,Land region back nor article.,1396.19,Other,Neutral,SUBSCRIPTION_HOARDER
35,2024-11-14,Entire hotel.,1674.43,Other,Happy,SUBSCRIPTION_HOARDER
35,2024-11-14,Build smile across among situation.,574.41,Other,Neutral,SUBSCRIPTION_HOARDER
35,2024-11-16,Never condition.,74.32,Leisure,Neutral,SUBSCRIPTION_HOARDER
35,2024-11-16,Why like impact fly.,1836.94,Other,Happy,SUBSCRIPTION_HOARDER
35,2024-11-17,Democratic station course full.,1512.84,Food,Sad,SUBSCRIPTION_HOARDER
35,2024-11-18,Yard foot he share issue.,1606.56,Travel,Neutral,SUBSCRIPTION_HOARDER
35,2024-11-18,Yeah term.,365.73,Education,Neutral,SUBSCRIPTION_HOARDER
35,2024-11-19,Compare system white magazine after.,1677.57,Travel,Happy,SUBSCRIPTION_HOARDER
35,2024-11-19,Picture early send morning.,1414.63,Other,Neutral,SUBSCRIPTION_HOARDER
35,2024-11-19,Control piece behavior message wind.,528.52,Other,Happy,SUBSCRIPTION_HOARDER
35,2024-11-21,Woman whose already.,1391.31,Leisure,Stressed,SUBSCRIPTION_HOARDER
35,2024-11-22,Tv budget system book.,2006.35,Leisure,Sad,SUBSCRIPTION_HOARDER
35,2024-11-22,Girl suddenly.,2023.99,Other,Neutral,SUBSCRIPTION_HOARDER
35,2024-11-22,New type pm.,1298.96,Leisure,Neutral,SUBSCRIPTION_HOARDER
35,2024-11-23,Plant event score official now.,1306.54,Other,Neutral,SUBSCRIPTION_HOARDER
35,2024-11-23,Carry surface learn.,1622.72,Leisure,Excited,SUBSCRIPTION_HOARDER
35,2024-11-24,Future treat bill choice.,635.61,Other,Happy,SUBSCRIPTION_HOARDER
35,2024-11-25,Base investment.,171.84,Food,Neutral,SUBSCRIPTION_HOARDER
35,2024-11-25,Buy tax.,989.34,Food,Sad,SUBSCRIPTION_HOARDER
35,2024-11-25,President likely truth animal.,125.02,Other,Neutral,SUBSCRIPTION_HOARDER
35,2024-11-26,Face build market.,1727.23,Other,Sad,SUBSCRIPTION_HOARDER
35,2024-11-27,Specific onto go.,568.94,Food,Stressed,SUBSCRIPTION_HOARDER
35,2024-11-27,Fall analysis.,458.71,Travel,Neutral,SUBSCRIPTION_HOARDER
35,2024-11-28,Law agree appear political.,1512.48,Food,Happy,SUBSCRIPTION_HOARDER
35,2024-11-30,Really society live camera.,62.69,Travel,Stressed,SUBSCRIPTION_HOARDER
35,2024-11-30,Billion morning draw.,206.53,Travel,Neutral,SUBSCRIPTION_HOARDER
35,2024-12-01,Truth during always those high.,2036.0,Leisure,Excited,SUBSCRIPTION_HOARDER
35,2024-12-04,With young think there assume.,2078.75,Education,Happy,SUBSCRIPTION_HOARDER
35,2024-12-05,Could gun.,1587.68,Leisure,Happy,SUBSCRIPTION_HOARDER
35,2024-12-05,By field move.,689.97,Food,Happy,SUBSCRIPTION_HOARDER
35,2024-12-05,Leg sport until argue.,2257.4,Food,Excited,SUBSCRIPTION_HOARDER
35,2024-12-05,Item treat area.,1612.76,Travel,Neutral,SUBSCRIPTION_HOARDER
35,2024-12-07,Central contain pattern education boy.,583.73,Leisure,Neutral,SUBSCRIPTION_HOARDER
35,2024-12-08,Inside big minute.,157.99,Leisure,Neutral,SUBSCRIPTION_HOARDER
35,2024-12-09,Above company media next me.,680.85,Other,Happy,SUBSCRIPTION_HOARDER
35,2024-12-11,Affect machine.,958.13,Education,Neutral,SUBSCRIPTION_HOARDER
35,2024-12-11,Unit again easy morning four.,416.33,Other,Sad,SUBSCRIPTION_HOARDER
35,2024-12-11,Onto site both change note.,178.46,Other,Stressed,SUBSCRIPTION_HOARDER
35,2024-12-12,He participant right.,283.13,Leisure,Sad,SUBSCRIPTION_HOARDER
35,2024-12-12,Mention billion bed never others.,609.62,Other,Neutral,SUBSCRIPTION_HOARDER
35,2024-12-15,Course staff personal space.,810.4,Leisure,Stressed,SUBSCRIPTION_HOARDER
35,2024-12-15,Age war measure whom.,1178.75,Travel,Happy,SUBSCRIPTION_HOARDER
35,2024-12-16,Mean common.,334.24,Travel,Stressed,SUBSCRIPTION_HOARDER
35,2024-12-16,Fact reason make office.,451.19,Leisure,Stressed,SUBSCRIPTION_HOARDER
35,2024-12-20,Building range national focus.,744.55,Leisure,Neutral,SUBSCRIPTION_HOARDER
35,2024-12-21,Gas human create also.,139.61,Education,Happy,SUBSCRIPTION_HOARDER
35,2024-12-22,Keep light fight.,181.04,Leisure,Neutral,SUBSCRIPTION_HOARDER
35,2024-12-22,Language budget market president.,675.94,Leisure,Happy,SUBSCRIPTION_HOARDER
35,2024-12-23,Particularly score order modern.,824.07,Education,Stressed,SUBSCRIPTION_HOARDER
35,2024-12-23,Focus executive letter possible final.,1633.07,Other,Neutral,SUBSCRIPTION_HOARDER
35,2024-12-24,City usually ever.,1606.03,Leisure,Excited,SUBSCRIPTION_HOARDER
35,2024-12-24,Camera sit environmental though.,2105.84,Other,Excited,SUBSCRIPTION_HOARDER
35,2024-12-25,Walk anything.,665.01,Leisure,Neutral,SUBSCRIPTION_HOARDER
35,2024-12-25,Board notice later thus.,1574.03,Food,Neutral,SUBSCRIPTION_HOARDER
35,2024-12-27,Ago race quite hour.,820.46,Food,Neutral,SUBSCRIPTION_HOARDER
35,2024-12-29,Reflect star.,614.31,Leisure,Sad,SUBSCRIPTION_HOARDER
35,2024-12-29,My some skin ball thing.,367.01,Education,Happy,SUBSCRIPTION_HOARDER
35,2024-12-30,Face rate.,1163.48,Other,Stressed,SUBSCRIPTION_HOARDER
35,2024-12-30,Partner sing administration main according.,520.11,Education,Neutral,SUBSCRIPTION_HOARDER
35,2024-12-31,Like clear.,819.08,Food,Happy,SUBSCRIPTION_HOARDER
35,2025-01-01,Door end fire.,1253.93,Travel,Neutral,SUBSCRIPTION_HOARDER
35,2025-01-01,Create physical share out cold.,227.17,Other,Stressed,SUBSCRIPTION_HOARDER
35,2025-01-01,More road development about.,2054.89,Travel,Neutral,SUBSCRIPTION_HOARDER
35,2025-01-01,Something story attorney summer.,1242.88,Food,Sad,SUBSCRIPTION_HOARDER
35,2025-01-02,First next popular.,162.07,Travel,Stressed,SUBSCRIPTION_HOARDER
35,2025-01-03,Economic box save.,373.18,Other,Neutral,SUBSCRIPTION_HOARDER
35,2025-01-03,Strategy face make.,103.13,Other,Happy,SUBSCRIPTION_HOARDER
35,2025-01-04,White fire cause everybody.,852.48,Education,Neutral,SUBSCRIPTION_HOARDER
35,2025-01-05,Real art.,1280.16,Food,Happy,SUBSCRIPTION_HOARDER
35,2025-01-05,Decade trade field training.,991.43,Leisure,Neutral,SUBSCRIPTION_HOARDER
35,2025-01-06,Something future they red.,515.42,Leisure,Stressed,SUBSCRIPTION_HOARDER
35,2025-01-06,Institution whatever yet.,336.84,Leisure,Stressed,SUBSCRIPTION_HOARDER
35,2025-01-06,Could gun.,1129.86,Leisure,Neutral,SUBSCRIPTION_HOARDER
35,2025-01-06,I fund.,1137.16,Leisure,Sad,SUBSCRIPTION_HOARDER
35,2025-01-07,Couple city you level.,1277.12,Travel,Neutral,SUBSCRIPTION_HOARDER
35,2025-01-08,Hard knowledge enjoy let.,1804.57,Leisure,Sad,SUBSCRIPTION_HOARDER
35,2025-01-08,Within prove full.,577.53,Education,Happy,SUBSCRIPTION_HOARDER
35,2025-01-08,Keep light fight.,289.25,Leisure,Stressed,SUBSCRIPTION_HOARDER
35,2025-01-08,Behavior here.,1104.51,Education,Stressed,SUBSCRIPTION_HOARDER
35,2025-01-08,Focus chance.,145.62,Food,Stressed,SUBSCRIPTION_HOARDER
35,2025-01-08,Indicate herself.,445.2,Leisure,Happy,SUBSCRIPTION_HOARDER
35,2025-01-10,Five store ask data.,1045.08,Leisure,Excited,SUBSCRIPTION_HOARDER
35,2025-01-11,Growth appear project.,91.75,Food,Stressed,SUBSCRIPTION_HOARDER
35,2025-01-11,Hundred challenge reach throughout.,2403.87,Education,Stressed,SUBSCRIPTION_HOARDER
35,2025-01-12,Study fear turn any indicate.,609.03,Other,Neutral,SUBSCRIPTION_HOARDER
35,2025-01-13,Theory tend.,1453.17,Other,Excited,SUBSCRIPTION_HOARDER
35,2025-01-14,Single blood continue.,263.1,Leisure,Neutral,SUBSCRIPTION_HOARDER
35,2025-01-14,Third coach congress husband.,743.62,Leisure,Happy,SUBSCRIPTION_HOARDER
35,2025-01-14,Method exactly.,363.29,Other,Neutral,SUBSCRIPTION_HOARDER
35,2025-01-14,Actually purpose public.,253.48,Education,Neutral,SUBSCRIPTION_HOARDER
35,2025-01-16,Test they there.,1336.69,Leisure,Stressed,SUBSCRIPTION_HOARDER
35,2025-01-16,View know develop after.,737.64,Food,Neutral,SUBSCRIPTION_HOARDER
35,2025-01-17,Network outside parent.,1970.54,Other,Excited,SUBSCRIPTION_HOARDER
35,2025-01-19,Identify material.,722.26,Other,Neutral,SUBSCRIPTION_HOARDER
35,2025-01-20,Call door.,1142.24,Leisure,Excited,SUBSCRIPTION_HOARDER
35,2025-01-20,Floor there career.,614.04,Travel,Neutral,SUBSCRIPTION_HOARDER
35,2025-01-20,Myself so growth time.,883.25,Food,Stressed,SUBSCRIPTION_HOARDER
35,2025-01-20,Ahead from quickly identify.,414.22,Education,Stressed,SUBSCRIPTION_HOARDER
35,2025-01-20,Hundred step according.,689.98,Food,Excited,SUBSCRIPTION_HOARDER
35,2025-01-21,Newspaper indicate other.,1414.81,Travel,Neutral,SUBSCRIPTION_HOARDER
35,2025-01-21,Management produce bed stage.,467.43,Other,Happy,SUBSCRIPTION_HOARDER
35,2025-01-21,Result sound.,828.77,Leisure,Happy,SUBSCRIPTION_HOARDER
35,2025-01-22,Central contain pattern education boy.,1480.93,Leisure,Neutral,SUBSCRIPTION_HOARDER
35,2025-01-22,Budget remain reduce.,1586.5,Education,Stressed,SUBSCRIPTION_HOARDER
35,2025-01-22,Activity decide really go.,1571.37,Food,Excited,SUBSCRIPTION_HOARDER
35,2025-01-22,Or friend.,1464.03,Leisure,Excited,SUBSCRIPTION_HOARDER
35,2025-01-22,General agency bit.,1248.24,Leisure,Happy,SUBSCRIPTION_HOARDER
35,2025-01-24,Never condition.,69.32,Leisure,Happy,SUBSCRIPTION_HOARDER
35,2025-01-25,Together whether about.,447.82,Food,Happy,SUBSCRIPTION_HOARDER
35,2025-01-25,Democrat hundred.,166.69,Other,Neutral,SUBSCRIPTION_HOARDER
35,2025-01-25,Let stay or focus.,817.03,Other,Sad,SUBSCRIPTION_HOARDER
35,2025-01-26,Soon including important.,1154.93,Education,Neutral,SUBSCRIPTION_HOARDER
35,2025-01-26,Strong mind from.,21.15,Leisure,Sad,SUBSCRIPTION_HOARDER
35,2025-01-28,Model police finally girl.,252.78,Leisure,Happy,SUBSCRIPTION_HOARDER
35,2025-01-28,Leave opportunity draw during city.,267.73,Travel,Happy,SUBSCRIPTION_HOARDER
35,2025-01-28,Car indeed nor next.,727.72,Travel,Neutral,SUBSCRIPTION_HOARDER
35,2025-01-29,Gas contain interest industry sell.,506.47,Other,Sad,SUBSCRIPTION_HOARDER
35,2025-01-29,Task central dinner.,703.1,Other,Stressed,SUBSCRIPTION_HOARDER
35,2025-01-30,Style real far.,942.49,Leisure,Stressed,SUBSCRIPTION_HOARDER
35,2025-01-31,Camera sit environmental though.,1625.05,Other,Neutral,SUBSCRIPTION_HOARDER
36,2024-08-01,Hard knowledge enjoy let.,1888.66,Leisure,Neutral,SUBSCRIPTION_HOARDER
36,2024-08-02,There institution actually.,1360.72,Leisure,Neutral,SUBSCRIPTION_HOARDER
36,2024-08-03,Growth appear project.,79.76,Food,Stressed,SUBSCRIPTION_HOARDER
36,2024-08-03,Agreement someone.,1558.85,Other,Happy,SUBSCRIPTION_HOARDER
36,2024-08-06,Finish without.,55.32,Other,Stressed,SUBSCRIPTION_HOARDER
36,2024-08-06,Professor beat window.,922.2,Leisure,Neutral,SUBSCRIPTION_HOARDER
36,2024-08-08,Military onto blue activity.,395.17,Other,Happy,SUBSCRIPTION_HOARDER
36,2024-08-08,Democratic recent student specific political.,426.19,Food,Stressed,SUBSCRIPTION_HOARDER
36,2024-08-10,Thing physical might.,2321.91,Other,Neutral,SUBSCRIPTION_HOARDER
36,2024-08-11,Difference way type positive phone.,385.26,Education,Stressed,SUBSCRIPTION_HOARDER
36,2024-08-11,Section national owner determine detail.,369.74,Other,Neutral,SUBSCRIPTION_HOARDER
36,2024-08-12,Above dog brother morning.,1789.49,Food,Neutral,SUBSCRIPTION_HOARDER
36,2024-08-12,Especially unit office almost.,779.4,Other,Neutral,SUBSCRIPTION_HOARDER
36,2024-08-12,Tv budget system book.,1050.78,Leisure,Stressed,SUBSCRIPTION_HOARDER
36,2024-08-14,Increase consider.,754.18,Other,Sad,SUBSCRIPTION_HOARDER
36,2024-08-14,Same page ago director.,1408.41,Leisure,Happy,SUBSCRIPTION_HOARDER
36,2024-08-15,Fear fact.,399.27,Leisure,Happy,SUBSCRIPTION_HOARDER
36,2024-08-16,Economic represent stock.,2388.02,Education,Neutral,SUBSCRIPTION_HOARDER
36,2024-08-17,Have decide environment.,684.07,Other,Neutral,SUBSCRIPTION_HOARDER
36,2024-08-17,Play move each left establish.,1170.66,Education,Happy,SUBSCRIPTION_HOARDER
36,2024-08-18,Despite energy company.,790.72,Travel,Stressed,SUBSCRIPTION_HOARDER
36,2024-08-19,Agent say forward us.,1341.69,Education,Happy,SUBSCRIPTION_HOARDER
36,2024-08-21,Leg rest interest.,1792.75,Other,Neutral,SUBSCRIPTION_HOARDER
36,2024-08-22,Hundred step according.,513.21,Food,Stressed,SUBSCRIPTION_HOARDER
36,2024-08-22,Draw change agree someone.,871.02,Food,Stressed,SUBSCRIPTION_HOARDER
36,2024-08-26,Already argue.,240.54,Other,Neutral,SUBSCRIPTION_HOARDER
36,2024-08-27,Sell only manage.,1092.34,Leisure,Excited,SUBSCRIPTION_HOARDER
36,2024-08-29,How staff.,189.03,Leisure,Stressed,SUBSCRIPTION_HOARDER
36,2024-08-30,However style.,707.4,Food,Excited,SUBSCRIPTION_HOARDER
36,2024-08-31,Fish either boy between collection.,333.67,Food,Neutral,SUBSCRIPTION_HOARDER
36,2024-09-02,Management produce bed stage.,382.72,Other,Stressed,SUBSCRIPTION_HOARDER
36,2024-09-02,Let back three.,569.95,Leisure,Happy,SUBSCRIPTION_HOARDER
36,2024-09-03,End dog.,1475.25,Other,Stressed,SUBSCRIPTION_HOARDER
36,2024-09-04,Right analysis mention.,899.43,Leisure,Happy,SUBSCRIPTION_HOARDER
36,2024-09-05,Rate society floor long same.,2435.85,Leisure,Stressed,SUBSCRIPTION_HOARDER
36,2024-09-05,Even beautiful.,1997.02,Education,Neutral,SUBSCRIPTION_HOARDER
36,2024-09-06,Write other wear through partner.,30.65,Other,Neutral,SUBSCRIPTION_HOARDER
36,2024-09-06,Talk interest hand.,918.2,Other,Stressed,SUBSCRIPTION_HOARDER
36,2024-09-07,President girl condition.,74.12,Travel,Neutral,SUBSCRIPTION_HOARDER
36,2024-09-07,Like clear.,547.84,Food,Happy,SUBSCRIPTION_HOARDER
36,2024-09-07,Line score whether.,1174.42,Travel,Stressed,SUBSCRIPTION_HOARDER
36,2024-09-08,Leg rest interest.,1556.13,Other,Stressed,SUBSCRIPTION_HOARDER
36,2024-09-10,Gas teacher national weight all.,1364.7,Travel,Neutral,SUBSCRIPTION_HOARDER
36,2024-09-11,Build view.,1369.82,Other,Neutral,SUBSCRIPTION_HOARDER
36,2024-09-12,Option goal avoid.,1047.9,Leisure,Neutral,SUBSCRIPTION_HOARDER
36,2024-09-13,International effort.,1130.64,Leisure,Happy,SUBSCRIPTION_HOARDER
36,2024-09-14,Question now key show.,770.4,Other,Neutral,SUBSCRIPTION_HOARDER
36,2024-09-14,Because career course.,1922.01,Travel,Neutral,SUBSCRIPTION_HOARDER
36,2024-09-15,Way cold.,652.3,Education,Stressed,SUBSCRIPTION_HOARDER
36,2024-09-15,Church own stage.,1031.04,Travel,Neutral,SUBSCRIPTION_HOARDER
36,2024-09-15,Leg themselves away.,1407.72,Food,Stressed,SUBSCRIPTION_HOARDER
36,2024-09-17,Off southern suddenly.,980.09,Other,Neutral,SUBSCRIPTION_HOARDER
36,2024-09-17,Live seat.,2175.65,Leisure,Neutral,SUBSCRIPTION_HOARDER
36,2024-09-18,We especially five network.,2432.41,Food,Happy,SUBSCRIPTION_HOARDER
36,2024-09-18,Say other never fact.,324.71,Travel,Excited,SUBSCRIPTION_HOARDER
36,2024-09-18,President chance hotel through.,1699.4,Other,Sad,SUBSCRIPTION_HOARDER
36,2024-09-19,Religious order.,1653.82,Travel,Stressed,SUBSCRIPTION_HOARDER
36,2024-09-19,Difference way type positive phone.,521.87,Education,Stressed,SUBSCRIPTION_HOARDER
36,2024-09-20,Security unit executive.,122.34,Food,Stressed,SUBSCRIPTION_HOARDER
36,2024-09-20,Career surface these ahead.,996.79,Leisure,Neutral,SUBSCRIPTION_HOARDER
36,2024-09-20,Moment red eight hand.,448.66,Other,Stressed,SUBSCRIPTION_HOARDER
36,2024-09-20,Value thing these.,1039.02,Education,Neutral,SUBSCRIPTION_HOARDER
36,2024-09-21,Water tonight pressure.,716.66,Other,Neutral,SUBSCRIPTION_HOARDER
36,2024-09-21,Likely push.,339.11,Other,Stressed,SUBSCRIPTION_HOARDER
36,2024-09-21,Development the inside thought.,629.69,Education,Neutral,SUBSCRIPTION_HOARDER
36,2024-09-22,Technology pay tree.,220.11,Education,Stressed,SUBSCRIPTION_HOARDER
36,2024-09-23,Right analysis mention.,682.25,Leisure,Neutral,SUBSCRIPTION_HOARDER
36,2024-09-23,Dark camera realize.,278.84,Travel,Happy,SUBSCRIPTION_HOARDER
36,2024-09-23,Billion land detail exist cover.,1494.53,Other,Stressed,SUBSCRIPTION_HOARDER
36,2024-09-24,Stuff next write.,1593.54,Other,Stressed,SUBSCRIPTION_HOARDER
36,2024-09-25,Thought sit identify culture.,1312.34,Travel,Excited,SUBSCRIPTION_HOARDER
36,2024-09-26,Consider here grow agreement.,296.88,Food,Sad,SUBSCRIPTION_HOARDER
36,2024-09-26,She they.,576.67,Education,Neutral,SUBSCRIPTION_HOARDER
36,2024-09-26,Involve thousand including.,620.6,Education,Stressed,SUBSCRIPTION_HOARDER
36,2024-09-27,Bill eight community.,149.19,Other,Neutral,SUBSCRIPTION_HOARDER
36,2024-09-28,Thing physical might.,1436.87,Other,Neutral,SUBSCRIPTION_HOARDER
36,2024-09-28,Anyone here deep.,85.56,Travel,Stressed,SUBSCRIPTION_HOARDER
36,2024-09-30,Old wall report purpose.,649.3,Leisure,Neutral,SUBSCRIPTION_HOARDER
36,2024-09-30,Letter environment easy.,371.42,Other,Happy,SUBSCRIPTION_HOARDER
36,2024-10-01,Language budget market president.,596.88,Leisure,Happy,SUBSCRIPTION_HOARDER
36,2024-10-01,End dog.,1652.35,Other,Neutral,SUBSCRIPTION_HOARDER
36,2024-10-02,Church community.,519.94,Travel,Neutral,SUBSCRIPTION_HOARDER
36,2024-10-02,Able customer figure.,871.53,Travel,Neutral,SUBSCRIPTION_HOARDER
36,2024-10-02,Ago race quite hour.,1343.63,Food,Stressed,SUBSCRIPTION_HOARDER
36,2024-10-03,Knowledge fight car smile commercial.,44.02,Leisure,Happy,SUBSCRIPTION_HOARDER
36,2024-10-05,Table trade various risk art.,2248.34,Education,Excited,SUBSCRIPTION_HOARDER
36,2024-10-07,Truth thing always possible.,538.74,Food,Neutral,SUBSCRIPTION_HOARDER
36,2024-10-07,Single blood continue.,294.96,Leisure,Neutral,SUBSCRIPTION_HOARDER
36,2024-10-08,Including let result spend.,1019.36,Travel,Neutral,SUBSCRIPTION_HOARDER
36,2024-10-11,Project can.,1270.86,Food,Neutral,SUBSCRIPTION_HOARDER
36,2024-10-12,Item treat area.,1494.24,Travel,Excited,SUBSCRIPTION_HOARDER
36,2024-10-14,There decision measure.,1020.68,Leisure,Neutral,SUBSCRIPTION_HOARDER
36,2024-10-14,Behavior here.,1219.35,Education,Sad,SUBSCRIPTION_HOARDER
36,2024-10-15,Space game truth special decision.,2151.57,Travel,Happy,SUBSCRIPTION_HOARDER
36,2024-10-15,Support possible.,338.94,Other,Stressed,SUBSCRIPTION_HOARDER
36,2024-10-16,History drop point audience.,1512.48,Food,Excited,SUBSCRIPTION_HOARDER
36,2024-10-18,Language budget market president.,440.53,Leisure,Excited,SUBSCRIPTION_HOARDER
36,2024-10-18,Soon including important.,1419.12,Education,Happy,SUBSCRIPTION_HOARDER
36,2024-10-19,Thus several animal phone.,684.26,Leisure,Sad,SUBSCRIPTION_HOARDER
36,2024-10-19,Wrong difficult.,1380.96,Leisure,Happy,SUBSCRIPTION_HOARDER
36,2024-10-19,Story case.,1029.43,Leisure,Happy,SUBSCRIPTION_HOARDER
36,2024-10-21,Above others.,2229.0,Food,Happy,SUBSCRIPTION_HOARDER
36,2024-10-22,Into notice necessary true message.,414.02,Leisure,Neutral,SUBSCRIPTION_HOARDER
36,2024-10-23,Wall act special.,1817.01,Travel,Neutral,SUBSCRIPTION_HOARDER
36,2024-10-24,Join black.,1503.0,Travel,Happy,SUBSCRIPTION_HOARDER
36,2024-10-24,Year him thank trade.,1365.73,Leisure,Neutral,SUBSCRIPTION_HOARDER
36,2024-10-24,Positive participant fear blue as.,28.67,Leisure,Happy,SUBSCRIPTION_HOARDER
36,2024-10-25,Good anything manager think pressure.,239.95,Education,Neutral,SUBSCRIPTION_HOARDER
36,2024-10-26,State husband.,1459.34,Other,Stressed,SUBSCRIPTION_HOARDER
36,2024-10-26,To receive education.,394.7,Leisure,Neutral,SUBSCRIPTION_HOARDER
36,2024-10-27,Hear certainly most not.,1156.03,Other,Stressed,SUBSCRIPTION_HOARDER
36,2024-10-27,Reflect star.,892.18,Leisure,Excited,SUBSCRIPTION_HOARDER
36,2024-10-28,Day stock.,1063.57,Leisure,Neutral,SUBSCRIPTION_HOARDER
36,2024-10-30,State among rest national wrong.,863.39,Food,Neutral,SUBSCRIPTION_HOARDER
36,2024-10-31,Begin deep police wife.,553.88,Travel,Sad,SUBSCRIPTION_HOARDER
36,2024-10-31,Table trade various risk art.,1313.87,Education,Neutral,SUBSCRIPTION_HOARDER
36,2024-11-01,Lead paper middle foreign party.,436.65,Other,Neutral,SUBSCRIPTION_HOARDER
36,2024-11-01,Long identify road speech.,776.84,Other,Excited,SUBSCRIPTION_HOARDER
36,2024-11-03,Miss reduce animal clearly cell.,1243.97,Other,Neutral,SUBSCRIPTION_HOARDER
36,2024-11-03,Race return pretty young.,1371.98,Travel,Neutral,SUBSCRIPTION_HOARDER
36,2024-11-04,Along hard need involve among.,320.27,Leisure,Stressed,SUBSCRIPTION_HOARDER
36,2024-11-04,Could gun.,1591.99,Leisure,Neutral,SUBSCRIPTION_HOARDER
36,2024-11-04,Affect test.,450.68,Other,Excited,SUBSCRIPTION_HOARDER
36,2024-11-04,Church own stage.,624.32,Travel,Neutral,SUBSCRIPTION_HOARDER
36,2024-11-04,She join house.,506.41,Leisure,Neutral,SUBSCRIPTION_HOARDER
36,2024-11-05,Boy different chance enter.,190.82,Education,Stressed,SUBSCRIPTION_HOARDER
36,2024-11-05,At decade really issue.,1501.43,Leisure,Sad,SUBSCRIPTION_HOARDER
36,2024-11-05,Offer bed it skill challenge.,938.96,Other,Stressed,SUBSCRIPTION_HOARDER
36,2024-11-06,Choice prepare.,2204.66,Other,Neutral,SUBSCRIPTION_HOARDER
36,2024-11-08,Price institution method inside.,1328.54,Other,Neutral,SUBSCRIPTION_HOARDER
36,2024-11-10,Peace wind guess.,347.03,Other,Neutral,SUBSCRIPTION_HOARDER
36,2024-11-11,Think live bad total research.,1218.11,Leisure,Stressed,SUBSCRIPTION_HOARDER
36,2024-11-11,Born same usually.,838.68,Leisure,Neutral,SUBSCRIPTION_HOARDER
36,2024-11-16,Gas human create also.,197.68,Education,Happy,SUBSCRIPTION_HOARDER
36,2024-11-17,Finish summer rest feel finally.,794.63,Travel,Stressed,SUBSCRIPTION_HOARDER
36,2024-11-17,Gas teacher national weight all.,1132.6,Travel,Neutral,SUBSCRIPTION_HOARDER
36,2024-11-18,Me system church whether.,381.21,Travel,Neutral,SUBSCRIPTION_HOARDER
36,2024-11-20,Together knowledge.,1287.53,Leisure,Neutral,SUBSCRIPTION_HOARDER
36,2024-11-20,Beat light the window.,891.89,Education,Sad,SUBSCRIPTION_HOARDER
36,2024-11-21,Ask window full.,1433.08,Food,Neutral,SUBSCRIPTION_HOARDER
36,2024-11-22,Police two.,1523.62,Other,Happy,SUBSCRIPTION_HOARDER
36,2024-11-22,Face build market.,1166.49,Other,Stressed,SUBSCRIPTION_HOARDER
36,2024-11-24,Decision where foreign trial.,1132.04,Leisure,Happy,SUBSCRIPTION_HOARDER
36,2024-11-25,Movie stop.,1339.33,Other,Neutral,SUBSCRIPTION_HOARDER
36,2024-11-25,How any federal star.,492.9,Other,Excited,SUBSCRIPTION_HOARDER
36,2024-11-27,Help painting always.,25.77,Other,Excited,SUBSCRIPTION_HOARDER
36,2024-11-28,Partner sing administration main according.,738.25,Education,Neutral,SUBSCRIPTION_HOARDER
36,2024-11-28,People newspaper stay.,62.89,Other,Neutral,SUBSCRIPTION_HOARDER
36,2024-11-28,Positive question especially.,1639.58,Food,Excited,SUBSCRIPTION_HOARDER
36,2024-11-29,Thank avoid man drive.,1642.83,Leisure,Neutral,SUBSCRIPTION_HOARDER
36,2024-11-29,Cut yard knowledge.,807.58,Travel,Stressed,SUBSCRIPTION_HOARDER
36,2024-11-30,Billion land detail exist cover.,1691.03,Other,Stressed,SUBSCRIPTION_HOARDER
36,2024-11-30,With young think there assume.,1005.44,Education,Neutral,SUBSCRIPTION_HOARDER
36,2024-12-02,Some quickly truth view response.,1641.3,Leisure,Neutral,SUBSCRIPTION_HOARDER
36,2024-12-02,Likely outside because.,1934.66,Leisure,Excited,SUBSCRIPTION_HOARDER
36,2024-12-04,Us perhaps lawyer interest star.,735.52,Other,Excited,SUBSCRIPTION_HOARDER
36,2024-12-05,Behind front attack song little.,1240.59,Education,Neutral,SUBSCRIPTION_HOARDER
36,2024-12-05,Us decade.,1810.86,Other,Sad,SUBSCRIPTION_HOARDER
36,2024-12-06,Environment character real middle prove.,898.41,Other,Neutral,SUBSCRIPTION_HOARDER
36,2024-12-08,Finish summer rest feel finally.,954.23,Travel,Happy,SUBSCRIPTION_HOARDER
36,2024-12-09,Up federal nor note.,479.34,Leisure,Neutral,SUBSCRIPTION_HOARDER
36,2024-12-09,Law agree appear political.,1804.61,Food,Excited,SUBSCRIPTION_HOARDER
36,2024-12-09,Ball theory prepare much throughout.,1784.87,Travel,Happy,SUBSCRIPTION_HOARDER
36,2024-12-10,Administration mother in admit.,230.42,Other,Happy,SUBSCRIPTION_HOARDER
36,2024-12-10,Provide car throughout american.,1824.61,Leisure,Stressed,SUBSCRIPTION_HOARDER
36,2024-12-11,Television argue mouth.,1317.64,Education,Stressed,SUBSCRIPTION_HOARDER
36,2024-12-11,Ask imagine my.,1036.57,Travel,Neutral,SUBSCRIPTION_HOARDER
36,2024-12-11,Ahead picture son.,1140.22,Travel,Neutral,SUBSCRIPTION_HOARDER
36,2024-12-13,Activity including single right.,494.51,Leisure,Neutral,SUBSCRIPTION_HOARDER
36,2024-12-13,Arrive society.,1264.23,Leisure,Excited,SUBSCRIPTION_HOARDER
36,2024-12-15,Hear certainly most not.,1530.89,Other,Neutral,SUBSCRIPTION_HOARDER
36,2024-12-16,Current hear claim well two.,1628.27,Travel,Neutral,SUBSCRIPTION_HOARDER
36,2024-12-17,Fish evening avoid dark.,1413.99,Leisure,Happy,SUBSCRIPTION_HOARDER
36,2024-12-19,Inside machine baby.,229.3,Leisure,Happy,SUBSCRIPTION_HOARDER
36,2024-12-20,Age cover foreign.,2166.27,Leisure,Stressed,SUBSCRIPTION_HOARDER
36,2024-12-21,Lay color.,433.36,Food,Stressed,SUBSCRIPTION_HOARDER
36,2024-12-22,Enter capital population.,608.43,Other,Neutral,SUBSCRIPTION_HOARDER
36,2024-12-23,Order his oil west school.,2240.11,Food,Happy,SUBSCRIPTION_HOARDER
36,2024-12-25,Require bank child.,677.89,Other,Happy,SUBSCRIPTION_HOARDER
36,2024-12-27,Leave run goal cause.,669.63,Other,Stressed,SUBSCRIPTION_HOARDER
36,2024-12-27,Nature performance yeah.,532.62,Other,Neutral,SUBSCRIPTION_HOARDER
36,2024-12-28,Memory challenge lawyer business.,1574.69,Food,Neutral,SUBSCRIPTION_HOARDER
36,2024-12-28,Minute question their rather.,364.69,Food,Neutral,SUBSCRIPTION_HOARDER
36,2024-12-28,Nor character recent.,1546.51,Travel,Excited,SUBSCRIPTION_HOARDER
36,2024-12-28,Occur live take media hot.,846.94,Leisure,Neutral,SUBSCRIPTION_HOARDER
36,2024-12-28,Risk develop movement size.,803.21,Other,Happy,SUBSCRIPTION_HOARDER
36,2024-12-28,Police two.,1477.15,Other,Stressed,SUBSCRIPTION_HOARDER
36,2024-12-29,Big the cost for leader.,919.61,Leisure,Neutral,SUBSCRIPTION_HOARDER
36,2024-12-29,Stuff agreement professional team foot.,754.21,Other,Sad,SUBSCRIPTION_HOARDER
36,2025-01-01,Conference trade population agreement.,1480.34,Other,Neutral,SUBSCRIPTION_HOARDER
36,2025-01-01,Doctor population grow bar.,69.88,Food,Sad,SUBSCRIPTION_HOARDER
36,2025-01-02,Let back three.,994.26,Leisure,Stressed,SUBSCRIPTION_HOARDER
36,2025-01-05,Less into per big.,1836.41,Food,Stressed,SUBSCRIPTION_HOARDER
36,2025-01-05,Court movie cell.,1587.12,Travel,Neutral,SUBSCRIPTION_HOARDER
36,2025-01-05,Example decision garden.,181.68,Leisure,Excited,SUBSCRIPTION_HOARDER
36,2025-01-06,Decade trade field training.,914.97,Leisure,Neutral,SUBSCRIPTION_HOARDER
36,2025-01-07,Heavy staff hotel box.,331.52,Leisure,Excited,SUBSCRIPTION_HOARDER
36,2025-01-07,Tree note responsibility.,855.4,Education,Sad,SUBSCRIPTION_HOARDER
36,2025-01-09,World enter.,1903.2,Other,Excited,SUBSCRIPTION_HOARDER
36,2025-01-09,You ready way rule.,767.04,Food,Stressed,SUBSCRIPTION_HOARDER
36,2025-01-10,Citizen kid generation onto police.,1856.08,Travel,Neutral,SUBSCRIPTION_HOARDER
36,2025-01-11,Fall care.,1357.54,Other,Excited,SUBSCRIPTION_HOARDER
36,2025-01-11,My some skin ball thing.,547.03,Education,Neutral,SUBSCRIPTION_HOARDER
36,2025-01-11,Not teach believe month.,134.84,Travel,Neutral,SUBSCRIPTION_HOARDER
36,2025-01-13,Water fight security tough gas.,2009.45,Leisure,Neutral,SUBSCRIPTION_HOARDER
36,2025-01-14,Pretty skin main program.,2184.22,Education,Stressed,SUBSCRIPTION_HOARDER
36,2025-01-14,Above company media next me.,966.71,Other,Neutral,SUBSCRIPTION_HOARDER
36,2025-01-15,Doctor mr.,146.29,Education,Excited,SUBSCRIPTION_HOARDER
36,2025-01-16,Expect writer myself management.,1048.43,Leisure,Sad,SUBSCRIPTION_HOARDER
36,2025-01-17,Nearly want front shake.,490.39,Leisure,Neutral,SUBSCRIPTION_HOARDER
36,2025-01-17,Movement door kind.,658.0,Travel,Neutral,SUBSCRIPTION_HOARDER
36,2025-01-18,Name skill medical after them.,1086.32,Other,Excited,SUBSCRIPTION_HOARDER
36,2025-01-21,Threat church big day couple.,891.7,Food,Happy,SUBSCRIPTION_HOARDER
36,2025-01-21,Enter example down anyone occur.,2000.45,Education,Excited,SUBSCRIPTION_HOARDER
36,2025-01-25,Hard knowledge enjoy let.,2066.67,Leisure,Excited,SUBSCRIPTION_HOARDER
36,2025-01-25,Site girl into have media.,1513.04,Leisure,Stressed,SUBSCRIPTION_HOARDER
36,2025-01-25,Feel color price next.,1394.3,Travel,Neutral,SUBSCRIPTION_HOARDER
36,2025-01-25,Evening ahead smile.,467.45,Leisure,Stressed,SUBSCRIPTION_HOARDER
36,2025-01-25,Us decade.,1148.7,Other,Happy,SUBSCRIPTION_HOARDER
36,2025-01-25,Strong student green.,950.89,Other,Happy,SUBSCRIPTION_HOARDER
36,2025-01-30,Real know our any.,600.95,Other,Stressed,SUBSCRIPTION_HOARDER
36,2025-01-30,Couple general pretty show.,555.11,Food,Neutral,SUBSCRIPTION_HOARDER
36,2025-01-31,Quite everyone as generation.,2101.75,Other,Stressed,SUBSCRIPTION_HOARDER
37,2024-08-02,Quickly new another general poor.,573.61,Travel,Neutral,SUBSCRIPTION_HOARDER
37,2024-08-03,Personal often.,481.51,Travel,Neutral,SUBSCRIPTION_HOARDER
37,2024-08-03,Something fine apply gas sing.,82.75,Other,Neutral,SUBSCRIPTION_HOARDER
37,2024-08-03,Democratic station course full.,1593.85,Food,Stressed,SUBSCRIPTION_HOARDER
37,2024-08-04,Minute question their rather.,458.29,Food,Neutral,SUBSCRIPTION_HOARDER
37,2024-08-06,Develop staff least figure.,786.72,Other,Neutral,SUBSCRIPTION_HOARDER
37,2024-08-07,Down occur.,1806.93,Food,Excited,SUBSCRIPTION_HOARDER
37,2024-08-07,Water tonight pressure.,1094.13,Other,Happy,SUBSCRIPTION_HOARDER
37,2024-08-08,Development provide dark daughter.,1817.87,Food,Neutral,SUBSCRIPTION_HOARDER
37,2024-08-09,Receive to piece.,395.72,Travel,Neutral,SUBSCRIPTION_HOARDER
37,2024-08-09,Machine son television.,223.7,Travel,Neutral,SUBSCRIPTION_HOARDER
37,2024-08-10,Team republican very plan cut.,526.28,Education,Happy,SUBSCRIPTION_HOARDER
37,2024-08-11,Approach about because.,331.0,Leisure,Neutral,SUBSCRIPTION_HOARDER
37,2024-08-12,Land day name small.,1749.0,Food,Excited,SUBSCRIPTION_HOARDER
37,2024-08-12,Myself so growth time.,784.21,Food,Happy,SUBSCRIPTION_HOARDER
37,2024-08-15,Nearly want front shake.,753.71,Leisure,Neutral,SUBSCRIPTION_HOARDER
37,2024-08-17,Me brother lot candidate owner.,725.68,Leisure,Stressed,SUBSCRIPTION_HOARDER
37,2024-08-17,Can mouth discover.,366.51,Leisure,Neutral,SUBSCRIPTION_HOARDER
37,2024-08-18,Girl suddenly.,2220.57,Other,Happy,SUBSCRIPTION_HOARDER
37,2024-08-18,Method everything.,457.76,Leisure,Happy,SUBSCRIPTION_HOARDER
37,2024-08-18,Energy always.,460.37,Travel,Excited,SUBSCRIPTION_HOARDER
37,2024-08-18,Decision where foreign trial.,940.37,Leisure,Neutral,SUBSCRIPTION_HOARDER
37,2024-08-19,More road development about.,1425.8,Travel,Neutral,SUBSCRIPTION_HOARDER
37,2024-08-20,Raise several west side admit.,1152.79,Other,Stressed,SUBSCRIPTION_HOARDER
37,2024-08-20,Eight bed fill.,2156.32,Food,Stressed,SUBSCRIPTION_HOARDER
37,2024-08-21,Face morning.,1166.31,Education,Happy,SUBSCRIPTION_HOARDER
37,2024-08-22,Member box.,530.95,Leisure,Sad,SUBSCRIPTION_HOARDER
37,2024-08-22,Call whole.,1354.98,Leisure,Sad,SUBSCRIPTION_HOARDER
37,2024-08-24,Fish either boy between collection.,388.86,Food,Stressed,SUBSCRIPTION_HOARDER
37,2024-08-24,Career three according worker democrat.,1499.84,Food,Neutral,SUBSCRIPTION_HOARDER
37,2024-08-25,Walk now often.,1693.35,Other,Excited,SUBSCRIPTION_HOARDER
37,2024-08-26,Walk cup option store.,841.95,Education,Excited,SUBSCRIPTION_HOARDER
37,2024-08-27,Turn put professional.,530.11,Other,Happy,SUBSCRIPTION_HOARDER
37,2024-08-27,Buy tax.,1005.48,Food,Happy,SUBSCRIPTION_HOARDER
37,2024-08-28,Officer forward trouble.,1053.06,Education,Sad,SUBSCRIPTION_HOARDER
37,2024-08-29,Race to television loss.,926.28,Other,Neutral,SUBSCRIPTION_HOARDER
37,2024-08-31,Also hard expert popular.,222.56,Food,Sad,SUBSCRIPTION_HOARDER
37,2024-09-01,Door management guess.,1890.82,Leisure,Stressed,SUBSCRIPTION_HOARDER
37,2024-09-02,Eye something.,2055.48,Food,Stressed,SUBSCRIPTION_HOARDER
37,2024-09-03,Could gun.,1675.93,Leisure,Stressed,SUBSCRIPTION_HOARDER
37,2024-09-03,Professional color group.,955.5,Leisure,Happy,SUBSCRIPTION_HOARDER
37,2024-09-05,Field a spring.,1071.75,Education,Neutral,SUBSCRIPTION_HOARDER
37,2024-09-05,Throughout would century television congress.,106.61,Education,Happy,SUBSCRIPTION_HOARDER
37,2024-09-05,Choice father why often.,1383.2,Food,Neutral,SUBSCRIPTION_HOARDER
37,2024-09-06,Scientist necessary into.,1597.43,Other,Happy,SUBSCRIPTION_HOARDER
37,2024-09-08,Within prove full.,393.93,Education,Stressed,SUBSCRIPTION_HOARDER
37,2024-09-09,Million night your.,859.8,Other,Neutral,SUBSCRIPTION_HOARDER
37,2024-09-10,Might necessary former.,843.65,Travel,Neutral,SUBSCRIPTION_HOARDER
37,2024-09-10,Care run there leg.,455.59,Leisure,Neutral,SUBSCRIPTION_HOARDER
37,2024-09-10,Stage bad know of.,1149.41,Other,Neutral,SUBSCRIPTION_HOARDER
37,2024-09-12,International effort.,1001.2,Leisure,Neutral,SUBSCRIPTION_HOARDER
37,2024-09-13,Wrong difficult.,1371.61,Leisure,Stressed,SUBSCRIPTION_HOARDER
37,2024-09-13,Democratic thousand.,1406.77,Travel,Stressed,SUBSCRIPTION_HOARDER
37,2024-09-14,Gas contain interest industry sell.,656.39,Other,Happy,SUBSCRIPTION_HOARDER
37,2024-09-15,Activity including single right.,594.9,Leisure,Excited,SUBSCRIPTION_HOARDER
37,2024-09-15,Among black picture that treat.,790.49,Education,Happy,SUBSCRIPTION_HOARDER
37,2024-09-15,Picture evidence.,711.67,Leisure,Happy,SUBSCRIPTION_HOARDER
37,2024-09-16,Career according.,1546.81,Education,Happy,SUBSCRIPTION_HOARDER
37,2024-09-17,Executive beyond create dinner conference.,925.28,Other,Neutral,SUBSCRIPTION_HOARDER
37,2024-09-18,Floor there career.,510.11,Travel,Neutral,SUBSCRIPTION_HOARDER
37,2024-09-18,Nice maintain present cultural.,759.49,Other,Happy,SUBSCRIPTION_HOARDER
37,2024-09-18,Story activity.,251.1,Other,Stressed,SUBSCRIPTION_HOARDER
37,2024-09-20,Safe whole establish.,507.57,Leisure,Neutral,SUBSCRIPTION_HOARDER
37,2024-09-20,Find job where.,340.06,Education,Stressed,SUBSCRIPTION_HOARDER
37,2024-09-21,Peace wind guess.,408.76,Other,Neutral,SUBSCRIPTION_HOARDER
37,2024-09-21,City offer financial data.,528.94,Travel,Stressed,SUBSCRIPTION_HOARDER
37,2024-09-21,You without every.,385.3,Leisure,Stressed,SUBSCRIPTION_HOARDER
37,2024-09-22,List already positive experience television.,1593.99,Leisure,Happy,SUBSCRIPTION_HOARDER
37,2024-09-22,And student give score agree.,1411.19,Other,Neutral,SUBSCRIPTION_HOARDER
37,2024-09-22,Letter mind many.,1393.81,Other,Neutral,SUBSCRIPTION_HOARDER
37,2024-09-22,Difference world deep.,1174.07,Food,Excited,SUBSCRIPTION_HOARDER
37,2024-09-23,Rate society floor long same.,1346.81,Leisure,Neutral,SUBSCRIPTION_HOARDER
37,2024-09-23,You ready way rule.,1358.47,Food,Neutral,SUBSCRIPTION_HOARDER
37,2024-09-23,Idea seek.,132.38,Other,Excited,SUBSCRIPTION_HOARDER
37,2024-09-25,Thought sit identify culture.,2292.91,Travel,Excited,SUBSCRIPTION_HOARDER
37,2024-09-27,Before relationship plant.,323.32,Other,Neutral,SUBSCRIPTION_HOARDER
37,2024-09-28,Conference matter wear physical site.,285.85,Leisure,Sad,SUBSCRIPTION_HOARDER
37,2024-09-28,Compare system white magazine after.,743.76,Travel,Stressed,SUBSCRIPTION_HOARDER
37,2024-09-28,Old wall report purpose.,445.36,Leisure,Neutral,SUBSCRIPTION_HOARDER
37,2024-09-29,Have decide environment.,704.82,Other,Stressed,SUBSCRIPTION_HOARDER
37,2024-09-29,Prove nor design record.,698.85,Other,Excited,SUBSCRIPTION_HOARDER
37,2024-09-29,Reality fill ok list.,1495.8,Education,Neutral,SUBSCRIPTION_HOARDER
37,2024-10-01,Project spring of.,1126.8,Other,Happy,SUBSCRIPTION_HOARDER
37,2024-10-03,Well left.,1387.37,Other,Stressed,SUBSCRIPTION_HOARDER
37,2024-10-03,Truth thing always possible.,687.53,Food,Happy,SUBSCRIPTION_HOARDER
37,2024-10-04,He participant right.,224.8,Leisure,Sad,SUBSCRIPTION_HOARDER
37,2024-10-04,Position make society behavior.,646.58,Travel,Neutral,SUBSCRIPTION_HOARDER
37,2024-10-06,Or phone.,1254.26,Food,Neutral,SUBSCRIPTION_HOARDER
37,2024-10-07,Control bill.,1220.17,Other,Neutral,SUBSCRIPTION_HOARDER
37,2024-10-09,Wall act special.,2357.73,Travel,Happy,SUBSCRIPTION_HOARDER
37,2024-10-10,Fish late pattern.,518.53,Other,Neutral,SUBSCRIPTION_HOARDER
37,2024-10-10,Foreign husband believe word local.,774.88,Travel,Sad,SUBSCRIPTION_HOARDER
37,2024-10-10,Professional color group.,1177.84,Leisure,Neutral,SUBSCRIPTION_HOARDER
37,2024-10-10,Nearly want front shake.,949.3,Leisure,Happy,SUBSCRIPTION_HOARDER
37,2024-10-12,Brother let.,1508.42,Leisure,Neutral,SUBSCRIPTION_HOARDER
37,2024-10-12,Call animal approach factor want.,68.82,Travel,Excited,SUBSCRIPTION_HOARDER
37,2024-10-13,Part management.,533.11,Education,Sad,SUBSCRIPTION_HOARDER
37,2024-10-14,Leave bar prevent require.,1130.65,Other,Happy,SUBSCRIPTION_HOARDER
37,2024-10-14,Apply less.,349.3,Food,Neutral,SUBSCRIPTION_HOARDER
37,2024-10-15,Tree imagine machine.,1421.19,Food,Stressed,SUBSCRIPTION_HOARDER
37,2024-10-16,Why outside.,685.61,Travel,Neutral,SUBSCRIPTION_HOARDER
37,2024-10-16,Country remember smile.,1975.69,Leisure,Excited,SUBSCRIPTION_HOARDER
37,2024-10-16,Exist professional.,184.09,Other,Happy,SUBSCRIPTION_HOARDER
37,2024-10-17,Win central.,937.82,Other,Happy,SUBSCRIPTION_HOARDER
37,2024-10-17,Treatment relate positive.,1202.29,Food,Sad,SUBSCRIPTION_HOARDER
37,2024-10-18,Window music evening know.,375.01,Leisure,Neutral,SUBSCRIPTION_HOARDER
37,2024-10-19,Mission put budget house.,128.77,Food,Happy,SUBSCRIPTION_HOARDER
37,2024-10-19,Teach cause mrs.,213.21,Leisure,Happy,SUBSCRIPTION_HOARDER
37,2024-10-20,Bed food possible represent.,253.18,Leisure,Happy,SUBSCRIPTION_HOARDER
37,2024-10-21,Answer just.,1358.4,Leisure,Neutral,SUBSCRIPTION_HOARDER
37,2024-10-23,Food affect upon these story.,1058.89,Leisure,Neutral,SUBSCRIPTION_HOARDER
37,2024-10-23,Mean common.,389.19,Travel,Happy,SUBSCRIPTION_HOARDER
37,2024-10-23,Against only.,1508.18,Education,Neutral,SUBSCRIPTION_HOARDER
37,2024-10-24,Task improve fish.,1617.66,Leisure,Neutral,SUBSCRIPTION_HOARDER
37,2024-10-24,Have including none.,711.62,Other,Neutral,SUBSCRIPTION_HOARDER
37,2024-10-24,Clear single expect.,601.7,Education,Neutral,SUBSCRIPTION_HOARDER
37,2024-10-24,Since him four.,2010.5,Education,Stressed,SUBSCRIPTION_HOARDER
37,2024-10-25,Choice father why often.,980.58,Food,Neutral,SUBSCRIPTION_HOARDER
37,2024-10-26,Night various return explain.,713.29,Leisure,Neutral,SUBSCRIPTION_HOARDER
37,2024-10-26,Day stock.,1824.82,Leisure,Stressed,SUBSCRIPTION_HOARDER
37,2024-10-27,Foreign husband believe word local.,1011.35,Travel,Happy,SUBSCRIPTION_HOARDER
37,2024-10-28,Determine feel article we they.,556.82,Leisure,Stressed,SUBSCRIPTION_HOARDER
37,2024-10-28,Organization visit finally.,250.31,Education,Happy,SUBSCRIPTION_HOARDER
37,2024-10-30,Why like impact fly.,1967.31,Other,Happy,SUBSCRIPTION_HOARDER
37,2024-10-31,Fear fact.,377.44,Leisure,Neutral,SUBSCRIPTION_HOARDER
37,2024-11-01,Evening ahead smile.,385.08,Leisure,Excited,SUBSCRIPTION_HOARDER
37,2024-11-03,Key place tree.,958.12,Other,Stressed,SUBSCRIPTION_HOARDER
37,2024-11-03,Almost outside middle.,625.0,Other,Neutral,SUBSCRIPTION_HOARDER
37,2024-11-03,Partner sing administration main according.,776.3,Education,Stressed,SUBSCRIPTION_HOARDER
37,2024-11-04,World enter.,1982.97,Other,Neutral,SUBSCRIPTION_HOARDER
37,2024-11-06,Sit enter perhaps however.,1365.73,Leisure,Neutral,SUBSCRIPTION_HOARDER
37,2024-11-06,Picture early send morning.,1135.49,Other,Excited,SUBSCRIPTION_HOARDER
37,2024-11-07,Behind front attack song little.,1315.91,Education,Neutral,SUBSCRIPTION_HOARDER
37,2024-11-07,Decide similar office.,947.0,Leisure,Happy,SUBSCRIPTION_HOARDER
37,2024-11-07,Home even.,332.97,Education,Happy,SUBSCRIPTION_HOARDER
37,2024-11-08,As throughout individual list manager.,1427.31,Other,Neutral,SUBSCRIPTION_HOARDER
37,2024-11-09,Walk cup option store.,1000.99,Education,Stressed,SUBSCRIPTION_HOARDER
37,2024-11-09,Result many pattern.,693.71,Other,Happy,SUBSCRIPTION_HOARDER
37,2024-11-09,Mean common.,243.17,Travel,Excited,SUBSCRIPTION_HOARDER
37,2024-11-09,Marriage participant.,2365.15,Other,Neutral,SUBSCRIPTION_HOARDER
37,2024-11-09,Whatever late specific.,637.52,Other,Neutral,SUBSCRIPTION_HOARDER
37,2024-11-10,Question now key show.,915.29,Other,Sad,SUBSCRIPTION_HOARDER
37,2024-11-11,Decide cultural start how thank.,941.18,Education,Excited,SUBSCRIPTION_HOARDER
37,2024-11-12,Above company media next me.,706.27,Other,Stressed,SUBSCRIPTION_HOARDER
37,2024-11-12,Something population loss physical.,891.08,Leisure,Neutral,SUBSCRIPTION_HOARDER
37,2024-11-12,Somebody prepare few sound.,578.83,Leisure,Neutral,SUBSCRIPTION_HOARDER
37,2024-11-13,Occur live take media hot.,1149.9,Leisure,Stressed,SUBSCRIPTION_HOARDER
37,2024-11-13,Above others.,2214.19,Food,Excited,SUBSCRIPTION_HOARDER
37,2024-11-14,Risk develop movement size.,648.69,Other,Happy,SUBSCRIPTION_HOARDER
37,2024-11-14,Near risk.,763.92,Other,Neutral,SUBSCRIPTION_HOARDER
37,2024-11-15,Program decade home which view.,395.16,Travel,Excited,SUBSCRIPTION_HOARDER
37,2024-11-15,Create physical share out cold.,234.32,Other,Happy,SUBSCRIPTION_HOARDER
37,2024-11-16,Strategy face make.,96.54,Other,Sad,SUBSCRIPTION_HOARDER
37,2024-11-16,Scene almost leave.,1174.07,Leisure,Sad,SUBSCRIPTION_HOARDER
37,2024-11-17,Adult range green.,775.37,Food,Happy,SUBSCRIPTION_HOARDER
37,2024-11-18,Board notice later thus.,1136.9,Food,Happy,SUBSCRIPTION_HOARDER
37,2024-11-18,Five indicate chance heavy senior.,533.05,Education,Excited,SUBSCRIPTION_HOARDER
37,2024-11-19,Former able public trade.,1572.06,Food,Neutral,SUBSCRIPTION_HOARDER
37,2024-11-19,Main opportunity particularly question.,604.99,Other,Neutral,SUBSCRIPTION_HOARDER
37,2024-11-19,Finish increase economy middle public.,2373.84,Travel,Stressed,SUBSCRIPTION_HOARDER
37,2024-11-21,Statement position either.,999.3,Travel,Sad,SUBSCRIPTION_HOARDER
37,2024-11-22,Southern evening ask republican.,1829.91,Other,Stressed,SUBSCRIPTION_HOARDER
37,2024-11-23,Language budget market president.,545.2,Leisure,Stressed,SUBSCRIPTION_HOARDER
37,2024-11-24,People tend weight machine.,548.85,Other,Stressed,SUBSCRIPTION_HOARDER
37,2024-11-24,Might necessary former.,1188.32,Travel,Stressed,SUBSCRIPTION_HOARDER
37,2024-11-24,Above dog brother morning.,2107.95,Food,Happy,SUBSCRIPTION_HOARDER
37,2024-11-24,Sell only manage.,1512.64,Leisure,Happy,SUBSCRIPTION_HOARDER
37,2024-11-25,Method everything.,643.29,Leisure,Stressed,SUBSCRIPTION_HOARDER
37,2024-11-25,Western order accept wide prevent.,1471.75,Travel,Excited,SUBSCRIPTION_HOARDER
37,2024-11-26,Inside machine baby.,252.15,Leisure,Neutral,SUBSCRIPTION_HOARDER
37,2024-11-26,Daughter war.,491.86,Leisure,Happy,SUBSCRIPTION_HOARDER
37,2024-11-26,Maybe painting republican.,2218.6,Food,Happy,SUBSCRIPTION_HOARDER
37,2024-11-27,Employee become happy water bring.,162.83,Food,Stressed,SUBSCRIPTION_HOARDER
37,2024-11-27,Boy different chance enter.,187.67,Education,Neutral,SUBSCRIPTION_HOARDER
37,2024-11-27,City offer financial data.,718.58,Travel,Neutral,SUBSCRIPTION_HOARDER
37,2024-11-28,Never effect fill general relationship.,551.02,Leisure,Neutral,SUBSCRIPTION_HOARDER
37,2024-11-28,Couple general pretty show.,526.29,Food,Sad,SUBSCRIPTION_HOARDER
37,2024-11-29,Spend prove stock school.,970.03,Food,Excited,SUBSCRIPTION_HOARDER
37,2024-11-30,Understand none.,393.1,Leisure,Sad,SUBSCRIPTION_HOARDER
37,2024-11-30,Result sound.,677.68,Leisure,Happy,SUBSCRIPTION_HOARDER
37,2024-11-30,General agency bit.,620.99,Leisure,Excited,SUBSCRIPTION_HOARDER
37,2024-12-01,Doctor population grow bar.,73.42,Food,Neutral,SUBSCRIPTION_HOARDER
37,2024-12-04,Heavy what least mouth national.,183.87,Food,Excited,SUBSCRIPTION_HOARDER
37,2024-12-04,Box service develop game.,2580.75,Other,Stressed,SUBSCRIPTION_HOARDER
37,2024-12-05,None whose.,643.81,Leisure,Neutral,SUBSCRIPTION_HOARDER
37,2024-12-06,Later week democratic few.,157.29,Other,Happy,SUBSCRIPTION_HOARDER
37,2024-12-06,Including let result spend.,2173.93,Travel,Happy,SUBSCRIPTION_HOARDER
37,2024-12-07,Strong mind from.,15.73,Leisure,Neutral,SUBSCRIPTION_HOARDER
37,2024-12-07,Realize property show either.,263.33,Other,Neutral,SUBSCRIPTION_HOARDER
37,2024-12-08,Decide similar office.,1051.77,Leisure,Neutral,SUBSCRIPTION_HOARDER
37,2024-12-08,As high you more wife.,338.69,Education,Happy,SUBSCRIPTION_HOARDER
37,2024-12-10,People tend weight machine.,1474.31,Other,Stressed,SUBSCRIPTION_HOARDER
37,2024-12-10,Might necessary former.,887.55,Travel,Stressed,SUBSCRIPTION_HOARDER
37,2024-12-11,Sell include himself produce.,908.95,Other,Neutral,SUBSCRIPTION_HOARDER
37,2024-12-11,Discuss religious.,1388.87,Leisure,Happy,SUBSCRIPTION_HOARDER
37,2024-12-13,History drop point audience.,935.22,Food,Stressed,SUBSCRIPTION_HOARDER
37,2024-12-13,Wonder long consider care.,192.05,Other,Neutral,SUBSCRIPTION_HOARDER
37,2024-12-15,Society dark product make.,9.8,Leisure,Neutral,SUBSCRIPTION_HOARDER
37,2024-12-16,Bring agent pay detail group.,472.44,Food,Happy,SUBSCRIPTION_HOARDER
37,2024-12-16,Reach under.,1117.11,Other,Neutral,SUBSCRIPTION_HOARDER
37,2024-12-16,Idea seek.,135.09,Other,Stressed,SUBSCRIPTION_HOARDER
37,2024-12-18,Bar professor power.,709.48,Leisure,Sad,SUBSCRIPTION_HOARDER
37,2024-12-18,Institution whatever yet.,401.19,Leisure,Neutral,SUBSCRIPTION_HOARDER
37,2024-12-18,Together whether about.,581.18,Food,Happy,SUBSCRIPTION_HOARDER
37,2024-12-20,Including let result spend.,1753.25,Travel,Neutral,SUBSCRIPTION_HOARDER
37,2024-12-20,Dog late eat.,70.09,Travel,Stressed,SUBSCRIPTION_HOARDER
37,2024-12-20,Hair attorney professional.,1267.55,Travel,Sad,SUBSCRIPTION_HOARDER
37,2024-12-21,Listen whose situation simply officer.,534.02,Education,Stressed,SUBSCRIPTION_HOARDER
37,2024-12-24,Family bill foreign fast knowledge.,2836.26,Leisure,Stressed,SUBSCRIPTION_HOARDER
37,2024-12-24,Third letter sort reveal seven.,1914.28,Leisure,Neutral,SUBSCRIPTION_HOARDER
37,2024-12-24,Church own stage.,717.22,Travel,Sad,SUBSCRIPTION_HOARDER
37,2024-12-24,Plant event score official now.,861.6,Other,Stressed,SUBSCRIPTION_HOARDER
37,2024-12-24,Space beyond.,1222.76,Education,Excited,SUBSCRIPTION_HOARDER
37,2024-12-25,Statement available win politics.,351.2,Leisure,Stressed,SUBSCRIPTION_HOARDER
37,2024-12-26,Western tend candidate day.,520.45,Other,Stressed,SUBSCRIPTION_HOARDER
37,2024-12-26,Cause field education child.,859.7,Other,Happy,SUBSCRIPTION_HOARDER
37,2024-12-26,Win group important civil nature.,990.35,Other,Stressed,SUBSCRIPTION_HOARDER
37,2024-12-27,Source onto provide.,241.43,Other,Neutral,SUBSCRIPTION_HOARDER
37,2024-12-29,Money modern receive partner.,38.5,Other,Happy,SUBSCRIPTION_HOARDER
37,2024-12-29,Cell city not not the.,186.93,Other,Happy,SUBSCRIPTION_HOARDER
37,2024-12-29,Challenge large wish move.,918.95,Education,Neutral,SUBSCRIPTION_HOARDER
37,2025-01-02,Food affect upon these story.,992.32,Leisure,Neutral,SUBSCRIPTION_HOARDER
37,2025-01-02,Close month parent who up.,2097.37,Leisure,Neutral,SUBSCRIPTION_HOARDER
37,2025-01-02,Develop office approach son.,1165.84,Leisure,Happy,SUBSCRIPTION_HOARDER
37,2025-01-02,Agent say forward us.,1037.84,Education,Excited,SUBSCRIPTION_HOARDER
37,2025-01-02,Past feeling nature.,915.1,Food,Neutral,SUBSCRIPTION_HOARDER
37,2025-01-03,Wish current.,938.55,Education,Neutral,SUBSCRIPTION_HOARDER
37,2025-01-04,Water fight security tough gas.,2663.99,Leisure,Neutral,SUBSCRIPTION_HOARDER
37,2025-01-06,Your ever woman way avoid.,59.78,Food,Stressed,SUBSCRIPTION_HOARDER
37,2025-01-08,Sort knowledge analysis together court.,415.26,Leisure,Neutral,SUBSCRIPTION_HOARDER
37,2025-01-09,Never effect fill general relationship.,1339.02,Leisure,Excited,SUBSCRIPTION_HOARDER
37,2025-01-11,Let stay or focus.,789.65,Other,Neutral,SUBSCRIPTION_HOARDER
37,2025-01-12,Leg sport until argue.,1668.4,Food,Stressed,SUBSCRIPTION_HOARDER
37,2025-01-13,Road product wait.,1071.28,Education,Happy,SUBSCRIPTION_HOARDER
37,2025-01-13,Base player data whose.,875.77,Leisure,Neutral,SUBSCRIPTION_HOARDER
37,2025-01-15,Call whole.,739.78,Leisure,Stressed,SUBSCRIPTION_HOARDER
37,2025-01-15,Somebody next ready.,1030.13,Other,Neutral,SUBSCRIPTION_HOARDER
37,2025-01-16,Hear certainly most not.,771.25,Other,Happy,SUBSCRIPTION_HOARDER
37,2025-01-16,Sometimes while sense window.,1189.64,Leisure,Happy,SUBSCRIPTION_HOARDER
37,2025-01-16,Stop later reveal both.,1101.8,Leisure,Happy,SUBSCRIPTION_HOARDER
37,2025-01-18,Evidence enough claim suffer.,123.25,Leisure,Excited,SUBSCRIPTION_HOARDER
37,2025-01-18,Choice father why often.,1425.67,Food,Neutral,SUBSCRIPTION_HOARDER
37,2025-01-20,Magazine degree husband around.,1537.37,Travel,Sad,SUBSCRIPTION_HOARDER
37,2025-01-20,Miss reduce animal clearly cell.,1122.53,Other,Happy,SUBSCRIPTION_HOARDER
37,2025-01-22,Fact huge fight.,1760.93,Leisure,Neutral,SUBSCRIPTION_HOARDER
37,2025-01-23,Remember carry.,128.69,Other,Stressed,SUBSCRIPTION_HOARDER
37,2025-01-23,Whatever late specific.,773.55,Other,Sad,SUBSCRIPTION_HOARDER
37,2025-01-24,Year him thank trade.,953.47,Leisure,Neutral,SUBSCRIPTION_HOARDER
37,2025-01-24,Feel season similar.,2093.67,Food,Neutral,SUBSCRIPTION_HOARDER
37,2025-01-26,Bit appear.,947.96,Education,Neutral,SUBSCRIPTION_HOARDER
37,2025-01-26,Economic box save.,514.9,Other,Stressed,SUBSCRIPTION_HOARDER
37,2025-01-26,Sign wall.,587.11,Leisure,Stressed,SUBSCRIPTION_HOARDER
37,2025-01-26,Box service develop game.,970.32,Other,Excited,SUBSCRIPTION_HOARDER
37,2025-01-27,Republican reduce sort individual trouble.,937.79,Travel,Stressed,SUBSCRIPTION_HOARDER
37,2025-01-28,Price my.,1474.33,Education,Happy,SUBSCRIPTION_HOARDER
37,2025-01-29,Baby lawyer growth matter note.,1617.51,Leisure,Neutral,SUBSCRIPTION_HOARDER
37,2025-01-30,Car fast positive.,470.37,Other,Neutral,SUBSCRIPTION_HOARDER
37,2025-01-31,Oil per line create build.,1553.12,Leisure,Neutral,SUBSCRIPTION_HOARDER
37,2025-01-31,Might necessary former.,734.33,Travel,Sad,SUBSCRIPTION_HOARDER
38,2024-08-02,Receive case past only drug.,41.0,Other,Neutral,SUBSCRIPTION_HOARDER
38,2024-08-03,Able customer figure.,1403.67,Travel,Happy,SUBSCRIPTION_HOARDER
38,2024-08-03,High issue deal democratic.,891.04,Education,Sad,SUBSCRIPTION_HOARDER
38,2024-08-04,Technology tend.,120.71,Leisure,Neutral,SUBSCRIPTION_HOARDER
38,2024-08-05,Range step painting concern.,751.49,Education,Stressed,SUBSCRIPTION_HOARDER
38,2024-08-05,Car much will.,1546.35,Other,Happy,SUBSCRIPTION_HOARDER
38,2024-08-08,Doctor population grow bar.,70.2,Food,Sad,SUBSCRIPTION_HOARDER
38,2024-08-09,Thus several animal phone.,536.99,Leisure,Neutral,SUBSCRIPTION_HOARDER
38,2024-08-10,Course staff personal space.,1485.55,Leisure,Stressed,SUBSCRIPTION_HOARDER
38,2024-08-12,Account assume prove similar ten.,1582.06,Education,Neutral,SUBSCRIPTION_HOARDER
38,2024-08-13,Somebody son suddenly perform.,80.63,Leisure,Stressed,SUBSCRIPTION_HOARDER
38,2024-08-13,Case expert stop.,2002.97,Travel,Neutral,SUBSCRIPTION_HOARDER
38,2024-08-14,Specific onto go.,690.09,Food,Neutral,SUBSCRIPTION_HOARDER
38,2024-08-17,Difference way type positive phone.,756.72,Education,Neutral,SUBSCRIPTION_HOARDER
38,2024-08-18,Anyone spend them system.,272.82,Education,Stressed,SUBSCRIPTION_HOARDER
38,2024-08-19,Open million house enough.,888.7,Leisure,Neutral,SUBSCRIPTION_HOARDER
38,2024-08-20,Help usually thank wonder draw.,97.52,Leisure,Stressed,SUBSCRIPTION_HOARDER
38,2024-08-22,Heavy staff hotel box.,591.55,Leisure,Neutral,SUBSCRIPTION_HOARDER
38,2024-08-24,Security arm.,1620.35,Other,Neutral,SUBSCRIPTION_HOARDER
38,2024-08-25,Western order accept wide prevent.,1435.75,Travel,Stressed,SUBSCRIPTION_HOARDER
38,2024-08-26,Much rich think.,714.7,Other,Neutral,SUBSCRIPTION_HOARDER
38,2024-08-27,Us decade.,767.81,Other,Neutral,SUBSCRIPTION_HOARDER
38,2024-08-28,Able customer figure.,1157.36,Travel,Neutral,SUBSCRIPTION_HOARDER
38,2024-08-30,Third letter sort reveal seven.,1005.1,Leisure,Excited,SUBSCRIPTION_HOARDER
38,2024-09-01,Result many pattern.,669.49,Other,Neutral,SUBSCRIPTION_HOARDER
38,2024-09-04,Sure authority increase picture create.,2052.17,Leisure,Stressed,SUBSCRIPTION_HOARDER
38,2024-09-05,During call north attention.,387.68,Other,Happy,SUBSCRIPTION_HOARDER
38,2024-09-09,Example decision garden.,93.05,Leisure,Neutral,SUBSCRIPTION_HOARDER
38,2024-09-11,Economic box save.,676.3,Other,Stressed,SUBSCRIPTION_HOARDER
38,2024-09-12,Or friend.,930.2,Leisure,Sad,SUBSCRIPTION_HOARDER
38,2024-09-12,Scientist will begin.,1103.79,Other,Neutral,SUBSCRIPTION_HOARDER
38,2024-09-13,Exist theory.,1611.89,Other,Neutral,SUBSCRIPTION_HOARDER
38,2024-09-13,Night various return explain.,538.01,Leisure,Happy,SUBSCRIPTION_HOARDER
38,2024-09-15,Economic represent stock.,1512.4,Education,Sad,SUBSCRIPTION_HOARDER
38,2024-09-15,Draw police.,1292.5,Leisure,Neutral,SUBSCRIPTION_HOARDER
38,2024-09-18,Miss have analysis morning.,1931.3,Leisure,Happy,SUBSCRIPTION_HOARDER
38,2024-09-19,Section child.,877.99,Other,Stressed,SUBSCRIPTION_HOARDER
38,2024-09-19,Kid put memory soldier.,92.0,Other,Neutral,SUBSCRIPTION_HOARDER
38,2024-09-21,With young think there assume.,1091.65,Education,Neutral,SUBSCRIPTION_HOARDER
38,2024-09-21,Executive beyond create dinner conference.,680.97,Other,Sad,SUBSCRIPTION_HOARDER
38,2024-09-25,Life police.,1511.56,Other,Neutral,SUBSCRIPTION_HOARDER
38,2024-09-25,Result many pattern.,559.26,Other,Stressed,SUBSCRIPTION_HOARDER
38,2024-09-26,Difficult quite act receive stage.,644.94,Other,Sad,SUBSCRIPTION_HOARDER
38,2024-10-01,A when dark read.,1941.9,Other,Sad,SUBSCRIPTION_HOARDER
38,2024-10-02,Box organization.,1417.39,Leisure,Happy,SUBSCRIPTION_HOARDER
38,2024-10-03,Whose other.,925.47,Other,Sad,SUBSCRIPTION_HOARDER
38,2024-10-04,Decide cultural start how thank.,721.82,Education,Stressed,SUBSCRIPTION_HOARDER
38,2024-10-09,Case expert stop.,1134.87,Travel,Neutral,SUBSCRIPTION_HOARDER
38,2024-10-11,Size republican political.,1912.88,Travel,Neutral,SUBSCRIPTION_HOARDER
38,2024-10-15,Participant above.,681.59,Travel,Stressed,SUBSCRIPTION_HOARDER
38,2024-10-18,Fact huge fight.,1197.3,Leisure,Sad,SUBSCRIPTION_HOARDER
38,2024-10-22,Miss have analysis morning.,1551.43,Leisure,Neutral,SUBSCRIPTION_HOARDER
38,2024-10-23,Raise several west side admit.,969.4,Other,Stressed,SUBSCRIPTION_HOARDER
38,2024-10-23,Participant above.,972.48,Travel,Neutral,SUBSCRIPTION_HOARDER
38,2024-10-26,Billion land detail exist cover.,1254.3,Other,Happy,SUBSCRIPTION_HOARDER
38,2024-10-27,Positive participant fear blue as.,21.22,Leisure,Neutral,SUBSCRIPTION_HOARDER
38,2024-10-31,Key place tree.,537.86,Other,Neutral,SUBSCRIPTION_HOARDER
38,2024-11-04,Food affect upon these story.,768.49,Leisure,Happy,SUBSCRIPTION_HOARDER
38,2024-11-05,Enter capital population.,566.14,Other,Stressed,SUBSCRIPTION_HOARDER
38,2024-11-06,Adult range green.,1150.84,Food,Neutral,SUBSCRIPTION_HOARDER
38,2024-11-08,Different international sell several.,1070.25,Leisure,Neutral,SUBSCRIPTION_HOARDER
38,2024-11-09,Guess service this different.,1284.15,Leisure,Neutral,SUBSCRIPTION_HOARDER
38,2024-11-10,Single blood continue.,265.81,Leisure,Happy,SUBSCRIPTION_HOARDER
38,2024-11-11,Investment pass drive.,697.31,Food,Happy,SUBSCRIPTION_HOARDER
38,2024-11-15,Despite off consumer second.,805.99,Leisure,Neutral,SUBSCRIPTION_HOARDER
38,2024-11-16,You ready way rule.,1501.63,Food,Stressed,SUBSCRIPTION_HOARDER
38,2024-11-21,Nor character recent.,877.17,Travel,Excited,SUBSCRIPTION_HOARDER
38,2024-11-21,Ahead certainly second everyone.,2015.19,Leisure,Neutral,SUBSCRIPTION_HOARDER
38,2024-11-22,Tree note responsibility.,807.24,Education,Stressed,SUBSCRIPTION_HOARDER
38,2024-11-22,Program sport her.,265.42,Education,Happy,SUBSCRIPTION_HOARDER
38,2024-11-27,Environmental run head garden box.,543.4,Food,Neutral,SUBSCRIPTION_HOARDER
38,2024-11-27,Heavy law church.,1049.76,Other,Neutral,SUBSCRIPTION_HOARDER
38,2024-11-27,Gas teacher national weight all.,718.33,Travel,Sad,SUBSCRIPTION_HOARDER
38,2024-11-29,Space game truth special decision.,1187.95,Travel,Neutral,SUBSCRIPTION_HOARDER
38,2024-12-03,Nothing behavior sort recognize.,2893.53,Education,Happy,SUBSCRIPTION_HOARDER
38,2024-12-10,Leader operation mean white.,740.13,Education,Neutral,SUBSCRIPTION_HOARDER
38,2024-12-12,Toward child future low.,1319.63,Food,Excited,SUBSCRIPTION_HOARDER
38,2024-12-15,Instead ahead despite measure ago.,1043.38,Other,Stressed,SUBSCRIPTION_HOARDER
38,2024-12-15,Fish either boy between collection.,219.29,Food,Neutral,SUBSCRIPTION_HOARDER
38,2024-12-19,Wife talk beat tax majority.,769.01,Food,Neutral,SUBSCRIPTION_HOARDER
38,2024-12-22,East list when.,1031.46,Education,Neutral,SUBSCRIPTION_HOARDER
38,2025-01-01,Week real course school everybody.,1904.26,Education,Happy,SUBSCRIPTION_HOARDER
38,2025-01-03,Consider time economic high.,2131.55,Education,Happy,SUBSCRIPTION_HOARDER
38,2025-01-07,Child ball store process.,1626.91,Other,Stressed,SUBSCRIPTION_HOARDER
38,2025-01-08,Item treat area.,1536.81,Travel,Stressed,SUBSCRIPTION_HOARDER
38,2025-01-10,Bed report item.,1028.05,Leisure,Stressed,SUBSCRIPTION_HOARDER
38,2025-01-11,Do interesting material.,1913.5,Travel,Neutral,SUBSCRIPTION_HOARDER
38,2025-01-12,Turn surface listen.,165.42,Leisure,Neutral,SUBSCRIPTION_HOARDER
38,2025-01-16,Movement door kind.,646.03,Travel,Sad,SUBSCRIPTION_HOARDER
38,2025-01-16,Especially unit office almost.,715.78,Other,Stressed,SUBSCRIPTION_HOARDER
38,2025-01-17,Box organization.,2091.8,Leisure,Excited,SUBSCRIPTION_HOARDER
38,2025-01-18,Buy tax.,1792.13,Food,Stressed,SUBSCRIPTION_HOARDER
38,2025-01-19,Past feeling nature.,915.45,Food,Happy,SUBSCRIPTION_HOARDER
38,2025-01-19,Close month parent who up.,2094.28,Leisure,Neutral,SUBSCRIPTION_HOARDER
38,2025-01-19,National free.,1188.63,Other,Neutral,SUBSCRIPTION_HOARDER
38,2025-01-20,Focus indicate result.,249.14,Other,Neutral,SUBSCRIPTION_HOARDER
38,2025-01-20,Cell city not not the.,216.55,Other,Stressed,SUBSCRIPTION_HOARDER
38,2025-01-21,Car much will.,1585.52,Other,Sad,SUBSCRIPTION_HOARDER
38,2025-01-22,Car much will.,1705.95,Other,Neutral,SUBSCRIPTION_HOARDER
38,2025-01-24,Number budget.,833.97,Other,Excited,SUBSCRIPTION_HOARDER
38,2025-01-25,Even beautiful.,1242.24,Education,Stressed,SUBSCRIPTION_HOARDER
38,2025-01-26,Base investment.,179.84,Food,Neutral,SUBSCRIPTION_HOARDER
38,2025-01-29,National back everybody direction budget.,136.77,Other,Stressed,SUBSCRIPTION_HOARDER
38,2025-01-30,Stuff agreement professional team foot.,948.99,Other,Neutral,SUBSCRIPTION_HOARDER
38,2025-01-30,Point be shoulder price great.,1620.31,Leisure,Neutral,SUBSCRIPTION_HOARDER
38,2025-01-31,Born same usually.,831.51,Leisure,Neutral,SUBSCRIPTION_HOARDER
39,2024-08-02,Call door.,983.89,Leisure,Excited,SUBSCRIPTION_HOARDER
39,2024-08-04,Art green child movie blue.,1671.82,Other,Stressed,SUBSCRIPTION_HOARDER
39,2024-08-04,Long identify road speech.,401.37,Other,Happy,SUBSCRIPTION_HOARDER
39,2024-08-04,Available defense.,1641.59,Leisure,Happy,SUBSCRIPTION_HOARDER
39,2024-08-05,Fish late pattern.,796.03,Other,Sad,SUBSCRIPTION_HOARDER
39,2024-08-06,Company option character land space.,781.88,Leisure,Happy,SUBSCRIPTION_HOARDER
39,2024-08-07,Instead ahead despite measure ago.,1080.07,Other,Stressed,SUBSCRIPTION_HOARDER
39,2024-08-10,Much rich think.,806.24,Other,Happy,SUBSCRIPTION_HOARDER
39,2024-08-11,History drop point audience.,752.41,Food,Neutral,SUBSCRIPTION_HOARDER
39,2024-08-12,Executive beyond create dinner conference.,691.3,Other,Neutral,SUBSCRIPTION_HOARDER
39,2024-08-14,Best physical always small almost.,1222.53,Leisure,Happy,SUBSCRIPTION_HOARDER
39,2024-08-14,Security unit executive.,213.11,Food,Excited,SUBSCRIPTION_HOARDER
39,2024-08-16,Quickly new another general poor.,514.8,Travel,Stressed,SUBSCRIPTION_HOARDER
39,2024-08-17,Carry surface learn.,1294.36,Leisure,Sad,SUBSCRIPTION_HOARDER
39,2024-08-17,Billion morning draw.,230.44,Travel,Excited,SUBSCRIPTION_HOARDER
39,2024-08-18,Yeah far within.,1601.85,Other,Stressed,SUBSCRIPTION_HOARDER
39,2024-08-18,Floor music catch discuss.,892.82,Other,Happy,SUBSCRIPTION_HOARDER
39,2024-08-18,There institution actually.,1148.53,Leisure,Happy,SUBSCRIPTION_HOARDER
39,2024-08-21,Yeah term.,372.16,Education,Excited,SUBSCRIPTION_HOARDER
39,2024-08-21,Particularly score order modern.,1213.53,Education,Stressed,SUBSCRIPTION_HOARDER
39,2024-08-24,Determine feel article we they.,697.77,Leisure,Happy,SUBSCRIPTION_HOARDER
39,2024-08-25,Ability live.,982.76,Travel,Excited,SUBSCRIPTION_HOARDER
39,2024-08-27,Rest or.,2217.47,Travel,Neutral,SUBSCRIPTION_HOARDER
39,2024-08-28,On must certainly.,1879.13,Leisure,Neutral,SUBSCRIPTION_HOARDER
39,2024-08-31,Help usually thank wonder draw.,133.16,Leisure,Happy,SUBSCRIPTION_HOARDER
39,2024-09-01,Which raise american truth.,1679.32,Leisure,Stressed,SUBSCRIPTION_HOARDER
39,2024-09-02,Rest or.,2357.64,Travel,Neutral,SUBSCRIPTION_HOARDER
39,2024-09-04,Policy mrs.,661.46,Other,Neutral,SUBSCRIPTION_HOARDER
39,2024-09-04,Edge surface who.,1937.28,Travel,Neutral,SUBSCRIPTION_HOARDER
39,2024-09-05,Expert movement reach man.,721.52,Other,Happy,SUBSCRIPTION_HOARDER
39,2024-09-06,Fish late pattern.,495.42,Other,Sad,SUBSCRIPTION_HOARDER
39,2024-09-08,White fire cause everybody.,1099.15,Education,Stressed,SUBSCRIPTION_HOARDER
39,2024-09-12,Dark camera realize.,296.65,Travel,Stressed,SUBSCRIPTION_HOARDER
39,2024-09-13,About usually.,1296.74,Education,Sad,SUBSCRIPTION_HOARDER
39,2024-09-14,Before relationship plant.,288.81,Other,Neutral,SUBSCRIPTION_HOARDER
39,2024-09-14,Wish candidate have no.,1212.82,Education,Happy,SUBSCRIPTION_HOARDER
39,2024-09-14,True help.,67.29,Other,Stressed,SUBSCRIPTION_HOARDER
39,2024-09-15,Point be shoulder price great.,1897.05,Leisure,Neutral,SUBSCRIPTION_HOARDER
39,2024-09-16,By two bad fall pick.,1018.1,Food,Stressed,SUBSCRIPTION_HOARDER
39,2024-09-19,Option goal avoid.,1291.84,Leisure,Sad,SUBSCRIPTION_HOARDER
39,2024-09-20,Into notice necessary true message.,434.54,Leisure,Neutral,SUBSCRIPTION_HOARDER
39,2024-09-21,Space moment travel these least.,300.67,Other,Neutral,SUBSCRIPTION_HOARDER
39,2024-09-22,Budget remain reduce.,1282.22,Education,Neutral,SUBSCRIPTION_HOARDER
39,2024-09-22,You ready way rule.,685.7,Food,Stressed,SUBSCRIPTION_HOARDER
39,2024-09-22,Boy generation.,978.04,Food,Neutral,SUBSCRIPTION_HOARDER
39,2024-09-22,Administration mother in admit.,313.77,Other,Happy,SUBSCRIPTION_HOARDER
39,2024-09-24,Administration mother in admit.,324.13,Other,Stressed,SUBSCRIPTION_HOARDER
39,2024-09-24,Reduce hour fish him.,209.86,Leisure,Neutral,SUBSCRIPTION_HOARDER
39,2024-09-25,Section child.,1268.07,Other,Happy,SUBSCRIPTION_HOARDER
39,2024-09-26,Future choice whatever from.,985.86,Food,Stressed,SUBSCRIPTION_HOARDER
39,2024-09-26,Else easy point she.,160.25,Travel,Happy,SUBSCRIPTION_HOARDER
39,2024-09-28,Quite as when.,526.03,Other,Neutral,SUBSCRIPTION_HOARDER
39,2024-09-29,First next popular.,190.57,Travel,Sad,SUBSCRIPTION_HOARDER
39,2024-09-29,Body lead there there early.,1027.0,Other,Neutral,SUBSCRIPTION_HOARDER
39,2024-09-29,Professor beat window.,600.54,Leisure,Sad,SUBSCRIPTION_HOARDER
39,2024-09-30,Face morning.,754.28,Education,Neutral,SUBSCRIPTION_HOARDER
39,2024-09-30,Focus indicate result.,194.92,Other,Happy,SUBSCRIPTION_HOARDER
39,2024-09-30,Apply less.,221.62,Food,Stressed,SUBSCRIPTION_HOARDER
39,2024-10-02,Central contain pattern education boy.,1355.84,Leisure,Happy,SUBSCRIPTION_HOARDER
39,2024-10-02,Fish either boy between collection.,415.38,Food,Excited,SUBSCRIPTION_HOARDER
39,2024-10-02,Those pressure street.,844.0,Other,Stressed,SUBSCRIPTION_HOARDER
39,2024-10-03,Space game truth special decision.,1110.25,Travel,Happy,SUBSCRIPTION_HOARDER
39,2024-10-03,Western order accept wide prevent.,1731.5,Travel,Neutral,SUBSCRIPTION_HOARDER
39,2024-10-04,Identify material.,851.07,Other,Neutral,SUBSCRIPTION_HOARDER
39,2024-10-11,Way main difficult case.,516.23,Leisure,Stressed,SUBSCRIPTION_HOARDER
39,2024-10-11,Turn both in animal.,1163.51,Leisure,Neutral,SUBSCRIPTION_HOARDER
39,2024-10-13,Single blood continue.,357.23,Leisure,Neutral,SUBSCRIPTION_HOARDER
39,2024-10-13,Some quickly truth view response.,1394.21,Leisure,Neutral,SUBSCRIPTION_HOARDER
39,2024-10-15,Pretty section degree still.,324.0,Other,Neutral,SUBSCRIPTION_HOARDER
39,2024-10-17,Already because education break significant.,550.7,Other,Happy,SUBSCRIPTION_HOARDER
39,2024-10-17,Institution whatever yet.,236.95,Leisure,Neutral,SUBSCRIPTION_HOARDER
39,2024-10-19,Question or money.,1039.98,Leisure,Excited,SUBSCRIPTION_HOARDER
39,2024-10-19,War push thousand book half.,1128.53,Other,Sad,SUBSCRIPTION_HOARDER
39,2024-10-20,Bad argue side girl.,1369.7,Food,Stressed,SUBSCRIPTION_HOARDER
39,2024-10-21,Win group important civil nature.,1358.33,Other,Neutral,SUBSCRIPTION_HOARDER
39,2024-10-21,Moment red eight hand.,533.25,Other,Neutral,SUBSCRIPTION_HOARDER
39,2024-10-22,Song difference part wall require.,1022.4,Leisure,Neutral,SUBSCRIPTION_HOARDER
39,2024-10-22,News american foreign.,1093.46,Education,Happy,SUBSCRIPTION_HOARDER
39,2024-10-23,Ahead from quickly identify.,611.58,Education,Happy,SUBSCRIPTION_HOARDER
39,2024-10-24,Future congress.,1182.94,Education,Stressed,SUBSCRIPTION_HOARDER
39,2024-10-24,Clear single expect.,544.74,Education,Happy,SUBSCRIPTION_HOARDER
39,2024-10-25,Democratic thousand.,919.0,Travel,Neutral,SUBSCRIPTION_HOARDER
39,2024-10-25,Talk thing rock ever summer.,1142.61,Other,Happy,SUBSCRIPTION_HOARDER
39,2024-10-27,Finish increase economy middle public.,977.53,Travel,Neutral,SUBSCRIPTION_HOARDER
39,2024-10-31,Program decade home which view.,710.58,Travel,Stressed,SUBSCRIPTION_HOARDER
39,2024-11-03,Opportunity lead see.,1372.63,Education,Neutral,SUBSCRIPTION_HOARDER
39,2024-11-04,Police two.,1557.29,Other,Happy,SUBSCRIPTION_HOARDER
39,2024-11-05,Natural together.,637.41,Other,Stressed,SUBSCRIPTION_HOARDER
39,2024-11-06,Name machine tree maybe.,132.87,Education,Sad,SUBSCRIPTION_HOARDER
39,2024-11-06,Threat church big day couple.,1957.1,Food,Neutral,SUBSCRIPTION_HOARDER
39,2024-11-08,Wish candidate have no.,1043.18,Education,Happy,SUBSCRIPTION_HOARDER
39,2024-11-08,Audience throw four allow international.,845.65,Travel,Happy,SUBSCRIPTION_HOARDER
39,2024-11-10,Charge note space when collection.,2137.85,Leisure,Neutral,SUBSCRIPTION_HOARDER
39,2024-11-11,Laugh red man fly charge.,1331.76,Travel,Neutral,SUBSCRIPTION_HOARDER
39,2024-11-14,Miss reduce animal clearly cell.,1073.05,Other,Sad,SUBSCRIPTION_HOARDER
39,2024-11-15,General agency bit.,1347.94,Leisure,Happy,SUBSCRIPTION_HOARDER
39,2024-11-17,Rest or.,1409.14,Travel,Stressed,SUBSCRIPTION_HOARDER
39,2024-11-18,Never effect fill general relationship.,1064.47,Leisure,Happy,SUBSCRIPTION_HOARDER
39,2024-11-18,Amount bad raise.,756.96,Other,Happy,SUBSCRIPTION_HOARDER
39,2024-11-18,Pull blue strong wonder.,24.59,Food,Stressed,SUBSCRIPTION_HOARDER
39,2024-11-22,Course out second carry.,1436.62,Education,Neutral,SUBSCRIPTION_HOARDER
39,2024-11-22,Focus chance.,166.69,Food,Neutral,SUBSCRIPTION_HOARDER
39,2024-11-23,Much rich think.,1252.95,Other,Neutral,SUBSCRIPTION_HOARDER
39,2024-11-26,Ability live.,1625.47,Travel,Stressed,SUBSCRIPTION_HOARDER
39,2024-11-28,Feel color price next.,1559.36,Travel,Neutral,SUBSCRIPTION_HOARDER
39,2024-12-02,Nothing behavior sort recognize.,1437.52,Education,Happy,SUBSCRIPTION_HOARDER
39,2024-12-04,President chance hotel through.,1511.61,Other,Happy,SUBSCRIPTION_HOARDER
39,2024-12-06,Peace wind guess.,286.54,Other,Neutral,SUBSCRIPTION_HOARDER
39,2024-12-06,Account assume prove similar ten.,2433.0,Education,Neutral,SUBSCRIPTION_HOARDER
39,2024-12-07,City offer financial data.,376.72,Travel,Stressed,SUBSCRIPTION_HOARDER
39,2024-12-08,Technology pay tree.,293.38,Education,Sad,SUBSCRIPTION_HOARDER
39,2024-12-09,Goal talk sit party.,1289.22,Education,Happy,SUBSCRIPTION_HOARDER
39,2024-12-12,Throughout leader bag.,704.53,Other,Sad,SUBSCRIPTION_HOARDER
39,2024-12-12,Stuff agreement professional team foot.,1202.44,Other,Neutral,SUBSCRIPTION_HOARDER
39,2024-12-16,Attack mouth rest contain.,1203.66,Travel,Neutral,SUBSCRIPTION_HOARDER
39,2024-12-17,Example decision garden.,112.89,Leisure,Neutral,SUBSCRIPTION_HOARDER
39,2024-12-17,Local director become.,1126.79,Other,Sad,SUBSCRIPTION_HOARDER
39,2024-12-19,Respond into history.,303.06,Other,Neutral,SUBSCRIPTION_HOARDER
39,2024-12-24,Grow laugh.,421.59,Education,Happy,SUBSCRIPTION_HOARDER
39,2024-12-26,Be move fly open.,133.57,Other,Excited,SUBSCRIPTION_HOARDER
39,2024-12-28,Tv budget system book.,1576.21,Leisure,Happy,SUBSCRIPTION_HOARDER
39,2024-12-29,Church community.,318.54,Travel,Sad,SUBSCRIPTION_HOARDER
39,2024-12-30,Heavy what least mouth national.,120.64,Food,Excited,SUBSCRIPTION_HOARDER
39,2025-01-01,Idea seek.,153.98,Other,Happy,SUBSCRIPTION_HOARDER
39,2025-01-01,President chance hotel through.,1747.47,Other,Stressed,SUBSCRIPTION_HOARDER
39,2025-01-01,Moment red eight hand.,735.41,Other,Neutral,SUBSCRIPTION_HOARDER
39,2025-01-03,Special information.,254.44,Food,Happy,SUBSCRIPTION_HOARDER
39,2025-01-03,Attention standard shake more respond.,618.4,Other,Neutral,SUBSCRIPTION_HOARDER
39,2025-01-03,Tell brother defense list second.,1082.45,Other,Neutral,SUBSCRIPTION_HOARDER
39,2025-01-05,Gas contain interest industry sell.,722.73,Other,Excited,SUBSCRIPTION_HOARDER
39,2025-01-06,Pattern size spend.,2393.25,Leisure,Sad,SUBSCRIPTION_HOARDER
39,2025-01-07,Machine whatever everything fear walk.,1681.47,Other,Neutral,SUBSCRIPTION_HOARDER
39,2025-01-09,Tell brother defense list second.,935.33,Other,Stressed,SUBSCRIPTION_HOARDER
39,2025-01-09,Mention billion bed never others.,419.74,Other,Neutral,SUBSCRIPTION_HOARDER
39,2025-01-10,Give that individual of not.,579.16,Education,Excited,SUBSCRIPTION_HOARDER
39,2025-01-10,Race to television loss.,1183.78,Other,Excited,SUBSCRIPTION_HOARDER
39,2025-01-11,Training account evidence month.,1237.39,Leisure,Stressed,SUBSCRIPTION_HOARDER
39,2025-01-12,Hair attorney professional.,2423.32,Travel,Excited,SUBSCRIPTION_HOARDER
39,2025-01-12,Should page camera.,294.23,Education,Neutral,SUBSCRIPTION_HOARDER
39,2025-01-13,Difference world deep.,1600.46,Food,Stressed,SUBSCRIPTION_HOARDER
39,2025-01-14,Budget remain reduce.,1081.9,Education,Stressed,SUBSCRIPTION_HOARDER
39,2025-01-15,Soon including important.,2033.06,Education,Neutral,SUBSCRIPTION_HOARDER
39,2025-01-16,Task central dinner.,994.83,Other,Neutral,SUBSCRIPTION_HOARDER
39,2025-01-18,Picture evidence.,1032.42,Leisure,Neutral,SUBSCRIPTION_HOARDER
39,2025-01-18,Them key.,1243.97,Travel,Neutral,SUBSCRIPTION_HOARDER
39,2025-01-21,Toward child future low.,1131.89,Food,Stressed,SUBSCRIPTION_HOARDER
39,2025-01-23,Former able public trade.,1877.48,Food,Excited,SUBSCRIPTION_HOARDER
39,2025-01-24,Choice father why often.,1071.65,Food,Sad,SUBSCRIPTION_HOARDER
39,2025-01-25,Forward sense cause write right.,2075.14,Other,Sad,SUBSCRIPTION_HOARDER
39,2025-01-26,Thing industry participant realize.,1249.57,Leisure,Excited,SUBSCRIPTION_HOARDER
39,2025-01-26,Democrat hundred.,255.3,Other,Excited,SUBSCRIPTION_HOARDER
39,2025-01-28,Let member however.,151.66,Other,Neutral,SUBSCRIPTION_HOARDER
39,2025-01-30,Strong student green.,1190.86,Other,Neutral,SUBSCRIPTION_HOARDER
40,2024-08-01,Tv budget system book.,1860.27,Leisure,Stressed,SUBSCRIPTION_HOARDER
40,2024-08-02,Recent feeling.,1895.41,Leisure,Stressed,SUBSCRIPTION_HOARDER
40,2024-08-02,Nearly care base.,1488.83,Travel,Sad,SUBSCRIPTION_HOARDER
40,2024-08-02,Gas human create also.,201.55,Education,Excited,SUBSCRIPTION_HOARDER
40,2024-08-02,Forward sense cause write right.,2118.5,Other,Stressed,SUBSCRIPTION_HOARDER
40,2024-08-03,Bar professor power.,469.09,Leisure,Stressed,SUBSCRIPTION_HOARDER
40,2024-08-04,Give that individual of not.,558.82,Education,Neutral,SUBSCRIPTION_HOARDER
40,2024-08-04,Agent say forward us.,1040.99,Education,Happy,SUBSCRIPTION_HOARDER
40,2024-08-06,Go exactly much food region.,604.22,Food,Stressed,SUBSCRIPTION_HOARDER
40,2024-08-08,Pressure those.,620.61,Leisure,Stressed,SUBSCRIPTION_HOARDER
40,2024-08-08,He participant right.,235.29,Leisure,Stressed,SUBSCRIPTION_HOARDER
40,2024-08-09,Try opportunity public.,351.46,Other,Stressed,SUBSCRIPTION_HOARDER
40,2024-08-10,Box service develop game.,1966.41,Other,Excited,SUBSCRIPTION_HOARDER
40,2024-08-11,Cold reason our.,117.57,Leisure,Neutral,SUBSCRIPTION_HOARDER
40,2024-08-15,Check clearly follow remember generation.,231.42,Education,Happy,SUBSCRIPTION_HOARDER
40,2024-08-16,That reflect send set fly.,98.95,Leisure,Stressed,SUBSCRIPTION_HOARDER
40,2024-08-16,Result size feel no nothing.,375.78,Other,Neutral,SUBSCRIPTION_HOARDER
40,2024-08-17,Decision where foreign trial.,1326.74,Leisure,Happy,SUBSCRIPTION_HOARDER
40,2024-08-18,Tell brother defense list second.,629.43,Other,Neutral,SUBSCRIPTION_HOARDER
40,2024-08-19,Strategy fight institution.,1321.43,Other,Sad,SUBSCRIPTION_HOARDER
40,2024-08-19,Can mouth discover.,363.4,Leisure,Neutral,SUBSCRIPTION_HOARDER
40,2024-08-21,Popular available public economy.,876.37,Other,Happy,SUBSCRIPTION_HOARDER
40,2024-08-21,City usually ever.,1440.87,Leisure,Neutral,SUBSCRIPTION_HOARDER
40,2024-08-21,Important source first him.,177.81,Other,Neutral,SUBSCRIPTION_HOARDER
40,2024-08-22,Authority number.,1292.45,Other,Neutral,SUBSCRIPTION_HOARDER
40,2024-08-22,Society dark product make.,14.87,Leisure,Happy,SUBSCRIPTION_HOARDER
40,2024-08-23,Remember carry.,86.99,Other,Excited,SUBSCRIPTION_HOARDER
40,2024-08-24,Firm financial.,1378.54,Other,Sad,SUBSCRIPTION_HOARDER
40,2024-08-25,Development middle animal.,290.0,Education,Happy,SUBSCRIPTION_HOARDER
40,2024-08-25,Happen a point here control.,143.3,Other,Stressed,SUBSCRIPTION_HOARDER
40,2024-08-26,Arrive budget education at property.,845.4,Leisure,Neutral,SUBSCRIPTION_HOARDER
40,2024-08-28,Four field area young.,1094.58,Education,Excited,SUBSCRIPTION_HOARDER
40,2024-08-28,Career three according worker democrat.,1795.72,Food,Sad,SUBSCRIPTION_HOARDER
40,2024-08-29,Store bit responsibility brother.,1355.98,Other,Neutral,SUBSCRIPTION_HOARDER
40,2024-08-30,Fear song save.,303.54,Other,Stressed,SUBSCRIPTION_HOARDER
40,2024-09-01,Big look tell prepare.,355.06,Leisure,Neutral,SUBSCRIPTION_HOARDER
40,2024-09-01,Security unit executive.,240.71,Food,Happy,SUBSCRIPTION_HOARDER
40,2024-09-04,Good house only military.,191.49,Other,Neutral,SUBSCRIPTION_HOARDER
40,2024-09-04,Store bit responsibility brother.,1037.6,Other,Stressed,SUBSCRIPTION_HOARDER
40,2024-09-06,Value car team nothing.,1000.14,Education,Neutral,SUBSCRIPTION_HOARDER
40,2024-09-07,Second full boy.,1316.3,Travel,Stressed,SUBSCRIPTION_HOARDER
40,2024-09-07,Cold reason our.,181.81,Leisure,Sad,SUBSCRIPTION_HOARDER
40,2024-09-09,Art whether between several personal.,965.12,Travel,Happy,SUBSCRIPTION_HOARDER
40,2024-09-09,Authority interest red must art.,627.37,Other,Happy,SUBSCRIPTION_HOARDER
40,2024-09-09,How trip learn enter.,1264.35,Food,Neutral,SUBSCRIPTION_HOARDER
40,2024-09-11,Clear single expect.,703.03,Education,Neutral,SUBSCRIPTION_HOARDER
40,2024-09-11,Land region back nor article.,1071.47,Other,Sad,SUBSCRIPTION_HOARDER
40,2024-09-12,Never condition.,58.78,Leisure,Stressed,SUBSCRIPTION_HOARDER
40,2024-09-12,Go consider century price.,490.75,Food,Neutral,SUBSCRIPTION_HOARDER
40,2024-09-12,Eight bed fill.,1491.43,Food,Sad,SUBSCRIPTION_HOARDER
40,2024-09-13,Less into per big.,1524.17,Food,Stressed,SUBSCRIPTION_HOARDER
40,2024-09-13,Career three according worker democrat.,1161.29,Food,Excited,SUBSCRIPTION_HOARDER
40,2024-09-14,Positive question especially.,939.52,Food,Happy,SUBSCRIPTION_HOARDER
40,2024-09-15,Team republican very plan cut.,463.19,Education,Stressed,SUBSCRIPTION_HOARDER
40,2024-09-16,Quite budget window hour some.,745.61,Travel,Stressed,SUBSCRIPTION_HOARDER
40,2024-09-16,Strategy face make.,108.75,Other,Happy,SUBSCRIPTION_HOARDER
40,2024-09-17,Officer forward trouble.,1374.53,Education,Stressed,SUBSCRIPTION_HOARDER
40,2024-09-17,Gas human create also.,163.55,Education,Neutral,SUBSCRIPTION_HOARDER
40,2024-09-18,Policy mrs.,380.07,Other,Happy,SUBSCRIPTION_HOARDER
40,2024-09-18,Heart still building.,1958.5,Food,Stressed,SUBSCRIPTION_HOARDER
40,2024-09-19,Democratic thousand.,1768.73,Travel,Neutral,SUBSCRIPTION_HOARDER
40,2024-09-19,National back everybody direction budget.,155.2,Other,Excited,SUBSCRIPTION_HOARDER
40,2024-09-20,Finish increase economy middle public.,1363.94,Travel,Neutral,SUBSCRIPTION_HOARDER
40,2024-09-20,Management game.,962.26,Education,Stressed,SUBSCRIPTION_HOARDER
40,2024-09-21,Describe paper.,638.82,Other,Stressed,SUBSCRIPTION_HOARDER
40,2024-09-21,Try wonder move trade.,1311.19,Travel,Happy,SUBSCRIPTION_HOARDER
40,2024-09-23,Part crime.,912.85,Food,Neutral,SUBSCRIPTION_HOARDER
40,2024-09-24,Effort drive side human.,508.07,Other,Neutral,SUBSCRIPTION_HOARDER
40,2024-09-24,Approach join stuff future.,2033.65,Education,Neutral,SUBSCRIPTION_HOARDER
40,2024-09-30,Water positive child usually.,482.19,Leisure,Neutral,SUBSCRIPTION_HOARDER
40,2024-10-02,Western enough key.,2311.62,Food,Neutral,SUBSCRIPTION_HOARDER
40,2024-10-03,Describe paper.,372.15,Other,Happy,SUBSCRIPTION_HOARDER
40,2024-10-03,Field seat start pm.,805.59,Leisure,Stressed,SUBSCRIPTION_HOARDER
40,2024-10-04,Nearly need behavior.,1139.4,Travel,Excited,SUBSCRIPTION_HOARDER
40,2024-10-05,Walk cup option store.,1535.09,Education,Happy,SUBSCRIPTION_HOARDER
40,2024-10-05,Office of remember individual.,9.29,Other,Neutral,SUBSCRIPTION_HOARDER
40,2024-10-05,Four field area young.,979.78,Education,Neutral,SUBSCRIPTION_HOARDER
40,2024-10-06,Smile high open scientist.,2297.16,Food,Neutral,SUBSCRIPTION_HOARDER
40,2024-10-06,Ready goal amount.,1115.84,Other,Neutral,SUBSCRIPTION_HOARDER
40,2024-10-08,Person one republican.,816.95,Leisure,Neutral,SUBSCRIPTION_HOARDER
40,2024-10-08,Live way two.,191.97,Other,Excited,SUBSCRIPTION_HOARDER
40,2024-10-08,Theory tend.,1336.74,Other,Sad,SUBSCRIPTION_HOARDER
40,2024-10-09,Development middle animal.,318.88,Education,Neutral,SUBSCRIPTION_HOARDER
40,2024-10-10,Reach step son.,811.48,Other,Excited,SUBSCRIPTION_HOARDER
40,2024-10-12,Water positive child usually.,351.56,Leisure,Excited,SUBSCRIPTION_HOARDER
40,2024-10-13,People tend weight machine.,740.08,Other,Happy,SUBSCRIPTION_HOARDER
40,2024-10-15,Expert movement reach man.,730.69,Other,Stressed,SUBSCRIPTION_HOARDER
40,2024-10-16,Can mouth discover.,674.49,Leisure,Happy,SUBSCRIPTION_HOARDER
40,2024-10-17,American audience fight war whether.,707.71,Leisure,Happy,SUBSCRIPTION_HOARDER
40,2024-10-18,Lead few yourself.,1039.08,Travel,Neutral,SUBSCRIPTION_HOARDER
40,2024-10-18,Try wonder move trade.,1066.56,Travel,Neutral,SUBSCRIPTION_HOARDER
40,2024-10-18,Firm financial.,1783.84,Other,Neutral,SUBSCRIPTION_HOARDER
40,2024-10-18,Face build market.,2053.56,Other,Happy,SUBSCRIPTION_HOARDER
40,2024-10-25,Section child.,877.82,Other,Happy,SUBSCRIPTION_HOARDER
40,2024-10-26,Your ever woman way avoid.,52.41,Food,Excited,SUBSCRIPTION_HOARDER
40,2024-10-27,Ask window full.,1469.46,Food,Happy,SUBSCRIPTION_HOARDER
40,2024-10-28,Huge response long.,37.19,Travel,Happy,SUBSCRIPTION_HOARDER
40,2024-10-29,Arrive society.,1194.79,Leisure,Sad,SUBSCRIPTION_HOARDER
40,2024-11-01,Bed recognize store.,525.37,Education,Neutral,SUBSCRIPTION_HOARDER
40,2024-11-01,Tell soon executive.,227.28,Other,Sad,SUBSCRIPTION_HOARDER
40,2024-11-03,Sit enter perhaps however.,551.14,Leisure,Happy,SUBSCRIPTION_HOARDER
40,2024-11-04,President chance hotel through.,1363.1,Other,Happy,SUBSCRIPTION_HOARDER
40,2024-11-04,Behind front attack song little.,1285.98,Education,Stressed,SUBSCRIPTION_HOARDER
40,2024-11-04,Leave run goal cause.,1145.8,Other,Neutral,SUBSCRIPTION_HOARDER
40,2024-11-05,Until truth feeling view.,579.78,Other,Excited,SUBSCRIPTION_HOARDER
40,2024-11-05,Eye something.,2341.34,Food,Happy,SUBSCRIPTION_HOARDER
40,2024-11-05,Eye something.,1511.06,Food,Neutral,SUBSCRIPTION_HOARDER
40,2024-11-05,Evidence enough claim suffer.,258.18,Leisure,Neutral,SUBSCRIPTION_HOARDER
40,2024-11-06,Science drug.,467.55,Travel,Stressed,SUBSCRIPTION_HOARDER
40,2024-11-06,Pretty skin main program.,1628.0,Education,Sad,SUBSCRIPTION_HOARDER
40,2024-11-06,Price my.,2116.13,Education,Excited,SUBSCRIPTION_HOARDER
40,2024-11-07,First blood accept final.,793.29,Leisure,Stressed,SUBSCRIPTION_HOARDER
40,2024-11-07,Walk now often.,1827.32,Other,Neutral,SUBSCRIPTION_HOARDER
40,2024-11-07,Including let result spend.,1022.08,Travel,Stressed,SUBSCRIPTION_HOARDER
40,2024-11-07,Economic box save.,631.21,Other,Sad,SUBSCRIPTION_HOARDER
40,2024-11-10,Strategy fight institution.,2182.62,Other,Neutral,SUBSCRIPTION_HOARDER
40,2024-11-10,Change she tonight.,875.21,Travel,Sad,SUBSCRIPTION_HOARDER
40,2024-11-10,Along hard need involve among.,369.51,Leisure,Stressed,SUBSCRIPTION_HOARDER
40,2024-11-10,Adult above safe.,521.3,Leisure,Sad,SUBSCRIPTION_HOARDER
40,2024-11-12,Drive nation heart nearly season.,284.2,Travel,Neutral,SUBSCRIPTION_HOARDER
40,2024-11-13,Religious across.,697.56,Other,Neutral,SUBSCRIPTION_HOARDER
40,2024-11-13,Current after charge.,975.13,Other,Neutral,SUBSCRIPTION_HOARDER
40,2024-11-14,This manage her.,1192.74,Other,Happy,SUBSCRIPTION_HOARDER
40,2024-11-15,Art whether between several personal.,546.44,Travel,Neutral,SUBSCRIPTION_HOARDER
40,2024-11-15,Note discuss discussion reach grow.,284.03,Food,Neutral,SUBSCRIPTION_HOARDER
40,2024-11-15,Home even.,251.26,Education,Neutral,SUBSCRIPTION_HOARDER
40,2024-11-17,Discussion black follow.,640.13,Leisure,Neutral,SUBSCRIPTION_HOARDER
40,2024-11-17,Account ten sing.,2506.75,Food,Happy,SUBSCRIPTION_HOARDER
40,2024-11-17,Feeling manage as.,2314.53,Other,Happy,SUBSCRIPTION_HOARDER
40,2024-11-18,Indeed believe interview professor.,338.73,Travel,Neutral,SUBSCRIPTION_HOARDER
40,2024-11-18,Team republican very plan cut.,343.78,Education,Happy,SUBSCRIPTION_HOARDER
40,2024-11-19,Sort knowledge analysis together court.,458.95,Leisure,Stressed,SUBSCRIPTION_HOARDER
40,2024-11-19,Money a.,211.36,Other,Stressed,SUBSCRIPTION_HOARDER
40,2024-11-20,Well mission situation result.,1665.96,Travel,Excited,SUBSCRIPTION_HOARDER
40,2024-11-21,How trip learn enter.,1321.83,Food,Stressed,SUBSCRIPTION_HOARDER
40,2024-11-21,By field move.,660.84,Food,Neutral,SUBSCRIPTION_HOARDER
40,2024-11-24,Grow laugh.,319.06,Education,Neutral,SUBSCRIPTION_HOARDER
40,2024-11-25,Test they there.,974.56,Leisure,Neutral,SUBSCRIPTION_HOARDER
40,2024-11-25,Magazine join.,83.69,Other,Neutral,SUBSCRIPTION_HOARDER
40,2024-11-27,Either rich agency might.,1083.82,Other,Neutral,SUBSCRIPTION_HOARDER
40,2024-11-29,Month whom stage soon.,664.48,Travel,Happy,SUBSCRIPTION_HOARDER
40,2024-11-29,Home even.,322.83,Education,Sad,SUBSCRIPTION_HOARDER
40,2024-11-30,Begin treat stage this.,1630.93,Other,Neutral,SUBSCRIPTION_HOARDER
40,2024-12-01,Past feeling nature.,898.6,Food,Happy,SUBSCRIPTION_HOARDER
40,2024-12-01,Well mission situation result.,1612.94,Travel,Happy,SUBSCRIPTION_HOARDER
40,2024-12-02,Able teach certain candidate economy.,98.01,Education,Stressed,SUBSCRIPTION_HOARDER
40,2024-12-02,Space beyond.,1010.76,Education,Neutral,SUBSCRIPTION_HOARDER
40,2024-12-02,Nature country.,285.15,Other,Sad,SUBSCRIPTION_HOARDER
40,2024-12-03,Hard knowledge enjoy let.,2632.08,Leisure,Neutral,SUBSCRIPTION_HOARDER
40,2024-12-03,Particularly score order modern.,967.12,Education,Neutral,SUBSCRIPTION_HOARDER
40,2024-12-03,Human see.,590.29,Other,Neutral,SUBSCRIPTION_HOARDER
40,2024-12-04,Smile peace apply.,931.66,Food,Stressed,SUBSCRIPTION_HOARDER
40,2024-12-04,At decade really issue.,2080.22,Leisure,Stressed,SUBSCRIPTION_HOARDER
40,2024-12-04,Sometimes while sense window.,1238.06,Leisure,Neutral,SUBSCRIPTION_HOARDER
40,2024-12-04,Later week democratic few.,231.6,Other,Neutral,SUBSCRIPTION_HOARDER
40,2024-12-07,Number budget.,739.9,Other,Stressed,SUBSCRIPTION_HOARDER
40,2024-12-07,Change she tonight.,1107.8,Travel,Excited,SUBSCRIPTION_HOARDER
40,2024-12-07,National back everybody direction budget.,211.59,Other,Neutral,SUBSCRIPTION_HOARDER
40,2024-12-08,Rest or.,1412.4,Travel,Neutral,SUBSCRIPTION_HOARDER
40,2024-12-09,Gas contain interest industry sell.,313.21,Other,Stressed,SUBSCRIPTION_HOARDER
40,2024-12-11,North question new.,789.29,Education,Sad,SUBSCRIPTION_HOARDER
40,2024-12-12,Window research his.,362.96,Leisure,Stressed,SUBSCRIPTION_HOARDER
40,2024-12-12,Shake hand hundred now.,1692.22,Education,Neutral,SUBSCRIPTION_HOARDER
40,2024-12-13,Past product make of group.,1485.34,Food,Sad,SUBSCRIPTION_HOARDER
40,2024-12-15,Best generation group goal.,2162.45,Other,Stressed,SUBSCRIPTION_HOARDER
40,2024-12-16,Store bit responsibility brother.,1513.21,Other,Stressed,SUBSCRIPTION_HOARDER
40,2024-12-20,Remain seven marriage.,565.31,Food,Neutral,SUBSCRIPTION_HOARDER
40,2024-12-22,Society common stay ready.,455.68,Leisure,Neutral,SUBSCRIPTION_HOARDER
40,2024-12-23,Course out second carry.,1018.74,Education,Sad,SUBSCRIPTION_HOARDER
40,2024-12-24,Common anyone.,262.95,Leisure,Neutral,SUBSCRIPTION_HOARDER
40,2024-12-25,Conference trade population agreement.,1898.69,Other,Neutral,SUBSCRIPTION_HOARDER
40,2024-12-27,Magazine join.,106.88,Other,Neutral,SUBSCRIPTION_HOARDER
40,2024-12-28,Upon very act perform.,1544.64,Leisure,Excited,SUBSCRIPTION_HOARDER
40,2024-12-28,Different international sell several.,1521.52,Leisure,Sad,SUBSCRIPTION_HOARDER
40,2024-12-29,Mention billion bed never others.,544.32,Other,Excited,SUBSCRIPTION_HOARDER
40,2024-12-29,Moment red eight hand.,495.02,Other,Neutral,SUBSCRIPTION_HOARDER
40,2024-12-29,Meet seem population.,261.92,Education,Neutral,SUBSCRIPTION_HOARDER
40,2024-12-31,President chance hotel through.,1195.42,Other,Stressed,SUBSCRIPTION_HOARDER
40,2025-01-02,Effect cultural.,543.02,Food,Stressed,SUBSCRIPTION_HOARDER
40,2025-01-02,Age cover foreign.,1826.13,Leisure,Stressed,SUBSCRIPTION_HOARDER
40,2025-01-02,Apply less.,474.37,Food,Happy,SUBSCRIPTION_HOARDER
40,2025-01-03,Local director become.,1711.76,Other,Stressed,SUBSCRIPTION_HOARDER
40,2025-01-04,Ago race quite hour.,856.68,Food,Happy,SUBSCRIPTION_HOARDER
40,2025-01-07,Require bank child.,711.85,Other,Stressed,SUBSCRIPTION_HOARDER
40,2025-01-08,Sing message board mean.,164.77,Leisure,Neutral,SUBSCRIPTION_HOARDER
40,2025-01-09,Many themselves minute.,1374.04,Other,Happy,SUBSCRIPTION_HOARDER
40,2025-01-10,Arrive society.,1164.78,Leisure,Excited,SUBSCRIPTION_HOARDER
40,2025-01-10,Dinner no main year size.,963.4,Other,Happy,SUBSCRIPTION_HOARDER
40,2025-01-10,All important shoulder she.,1707.28,Other,Stressed,SUBSCRIPTION_HOARDER
40,2025-01-10,Program decade home which view.,559.86,Travel,Stressed,SUBSCRIPTION_HOARDER
40,2025-01-12,Edge building court.,62.99,Travel,Neutral,SUBSCRIPTION_HOARDER
40,2025-01-12,Huge response long.,55.47,Travel,Stressed,SUBSCRIPTION_HOARDER
40,2025-01-13,Laugh red man fly charge.,955.78,Travel,Happy,SUBSCRIPTION_HOARDER
40,2025-01-14,You without every.,573.06,Leisure,Excited,SUBSCRIPTION_HOARDER
40,2025-01-15,Focus executive letter possible final.,1586.93,Other,Happy,SUBSCRIPTION_HOARDER
40,2025-01-16,Firm financial.,1646.88,Other,Excited,SUBSCRIPTION_HOARDER
40,2025-01-17,Particularly score order modern.,1232.19,Education,Neutral,SUBSCRIPTION_HOARDER
40,2025-01-18,Wide exactly.,632.7,Leisure,Neutral,SUBSCRIPTION_HOARDER
40,2025-01-18,Race return pretty young.,1207.55,Travel,Neutral,SUBSCRIPTION_HOARDER
40,2025-01-20,Ability live.,821.93,Travel,Stressed,SUBSCRIPTION_HOARDER
40,2025-01-21,For age size.,590.27,Education,Stressed,SUBSCRIPTION_HOARDER
40,2025-01-22,Save network item one under.,1625.21,Leisure,Neutral,SUBSCRIPTION_HOARDER
40,2025-01-24,Do interesting material.,2520.76,Travel,Happy,SUBSCRIPTION_HOARDER
40,2025-01-25,Research month instead.,1840.85,Leisure,Stressed,SUBSCRIPTION_HOARDER
40,2025-01-26,Part crime.,998.54,Food,Happy,SUBSCRIPTION_HOARDER
40,2025-01-26,Never effect fill general relationship.,514.7,Leisure,Neutral,SUBSCRIPTION_HOARDER
40,2025-01-26,Book toward.,1027.01,Leisure,Happy,SUBSCRIPTION_HOARDER
40,2025-01-26,Receive to piece.,522.62,Travel,Neutral,SUBSCRIPTION_HOARDER
40,2025-01-28,My some skin ball thing.,560.44,Education,Sad,SUBSCRIPTION_HOARDER
40,2025-01-28,Picture evidence.,1563.72,Leisure,Neutral,SUBSCRIPTION_HOARDER
40,2025-01-28,Age war measure whom.,997.19,Travel,Excited,SUBSCRIPTION_HOARDER
40,2025-01-29,Finish without.,62.04,Other,Happy,SUBSCRIPTION_HOARDER
40,2025-01-30,Probably conference sure administration debate.,816.6,Food,Excited,SUBSCRIPTION_HOARDER
40,2025-01-31,Because career course.,1989.36,Travel,Stressed,SUBSCRIPTION_HOARDER
41,2024-08-01,Nature performance yeah.,521.99,Education,Neutral,BALANCED_BUDGETER
41,2024-08-01,Pretty least if.,1665.61,Leisure,Excited,BALANCED_BUDGETER
41,2024-08-02,Central contain pattern education boy.,948.06,Other,Happy,BALANCED_BUDGETER
41,2024-08-03,Particular condition man.,230.99,Other,Stressed,BALANCED_BUDGETER
41,2024-08-03,Might necessary former.,730.65,Food,Neutral,BALANCED_BUDGETER
41,2024-08-03,Lead paper middle foreign party.,691.69,Education,Happy,BALANCED_BUDGETER
41,2024-08-05,Television argue mouth.,1887.46,Leisure,Excited,BALANCED_BUDGETER
41,2024-08-06,Occur college herself.,630.73,Other,Neutral,BALANCED_BUDGETER
41,2024-08-09,Race to television loss.,1497.86,Travel,Neutral,BALANCED_BUDGETER
41,2024-08-12,Off southern suddenly.,1135.75,Leisure,Neutral,BALANCED_BUDGETER
41,2024-08-12,Offer bed it skill challenge.,415.22,Other,Excited,BALANCED_BUDGETER
41,2024-08-14,Actually purpose public.,268.29,Leisure,Happy,BALANCED_BUDGETER
41,2024-08-15,Evidence enough claim suffer.,123.01,Leisure,Sad,BALANCED_BUDGETER
41,2024-08-15,Cup hundred rather.,380.25,Food,Neutral,BALANCED_BUDGETER
41,2024-08-16,Girl suddenly.,1576.71,Leisure,Excited,BALANCED_BUDGETER
41,2024-08-19,Fight nice less agree able.,1072.88,Leisure,Sad,BALANCED_BUDGETER
41,2024-08-20,Whose other.,904.84,Other,Happy,BALANCED_BUDGETER
41,2024-08-20,Paper beyond indeed.,791.01,Leisure,Stressed,BALANCED_BUDGETER
41,2024-08-20,While bring yourself.,192.11,Travel,Neutral,BALANCED_BUDGETER
41,2024-08-22,Space game truth special decision.,1607.17,Food,Neutral,BALANCED_BUDGETER
41,2024-08-22,Citizen kid generation onto police.,1260.45,Food,Neutral,BALANCED_BUDGETER
41,2024-08-22,Couple general pretty show.,445.97,Leisure,Neutral,BALANCED_BUDGETER
41,2024-08-22,Finally relate model.,646.7,Leisure,Stressed,BALANCED_BUDGETER
41,2024-08-23,A when dark read.,1507.54,Food,Happy,BALANCED_BUDGETER
41,2024-08-23,Half president structure might.,766.62,Leisure,Excited,BALANCED_BUDGETER
41,2024-08-23,Cultural allow.,934.26,Other,Excited,BALANCED_BUDGETER
41,2024-08-24,Doctor news yourself.,88.56,Leisure,Neutral,BALANCED_BUDGETER
41,2024-08-24,Question now key show.,895.46,Travel,Sad,BALANCED_BUDGETER
41,2024-08-25,Serious produce.,1141.24,Other,Stressed,BALANCED_BUDGETER
41,2024-08-26,About usually.,1369.32,Food,Excited,BALANCED_BUDGETER
41,2024-08-27,President chance hotel through.,1311.2,Travel,Neutral,BALANCED_BUDGETER
41,2024-08-28,Its develop until watch.,886.99,Education,Excited,BALANCED_BUDGETER
41,2024-08-28,Really society live camera.,59.95,Education,Happy,BALANCED_BUDGETER
41,2024-08-29,Resource road do.,619.95,Other,Sad,BALANCED_BUDGETER
41,2024-08-30,Pressure those.,410.89,Leisure,Sad,BALANCED_BUDGETER
41,2024-08-30,Energy always.,352.54,Other,Sad,BALANCED_BUDGETER
41,2024-08-31,State none production defense your.,909.48,Other,Excited,BALANCED_BUDGETER
41,2024-08-31,Some quickly truth view response.,808.45,Travel,Neutral,BALANCED_BUDGETER
41,2024-08-31,Audience throw four allow international.,530.97,Food,Stressed,BALANCED_BUDGETER
41,2024-09-01,Yeah term.,307.54,Food,Happy,BALANCED_BUDGETER
41,2024-09-01,Eight bed fill.,1514.04,Other,Happy,BALANCED_BUDGETER
41,2024-09-01,Build smile across among situation.,651.12,Travel,Happy,BALANCED_BUDGETER
41,2024-09-02,Such final however major.,1241.7,Food,Stressed,BALANCED_BUDGETER
41,2024-09-02,Agreement red way nor none.,721.62,Other,Sad,BALANCED_BUDGETER
41,2024-09-03,Let back three.,785.41,Leisure,Sad,BALANCED_BUDGETER
41,2024-09-04,Management sense technology check civil.,562.71,Other,Excited,BALANCED_BUDGETER
41,2024-09-05,Religious across.,388.87,Food,Excited,BALANCED_BUDGETER
41,2024-09-06,Yard foot he share issue.,1727.14,Education,Neutral,BALANCED_BUDGETER
41,2024-09-07,Bring animal also you.,569.51,Leisure,Sad,BALANCED_BUDGETER
41,2024-09-07,Miss have analysis morning.,974.94,Other,Stressed,BALANCED_BUDGETER
41,2024-09-08,Think live bad total research.,1390.96,Education,Happy,BALANCED_BUDGETER
41,2024-09-09,Me brother lot candidate owner.,681.81,Travel,Happy,BALANCED_BUDGETER
41,2024-09-11,Cell city not not the.,228.37,Leisure,Neutral,BALANCED_BUDGETER
41,2024-09-13,Study fear turn any indicate.,658.1,Education,Happy,BALANCED_BUDGETER
41,2024-09-13,Condition again successful.,1282.81,Leisure,Sad,BALANCED_BUDGETER
41,2024-09-14,Identify material.,521.76,Education,Happy,BALANCED_BUDGETER
41,2024-09-15,Analysis color friend the.,1879.92,Education,Stressed,BALANCED_BUDGETER
41,2024-09-15,Throughout leader bag.,449.1,Food,Neutral,BALANCED_BUDGETER
41,2024-09-16,Of interview fine.,1890.54,Other,Excited,BALANCED_BUDGETER
41,2024-09-16,Might necessary former.,547.35,Education,Stressed,BALANCED_BUDGETER
41,2024-09-17,How any federal star.,542.43,Education,Neutral,BALANCED_BUDGETER
41,2024-09-18,None pressure lay future stay.,1231.44,Education,Happy,BALANCED_BUDGETER
41,2024-09-18,Thousand live land hard.,1984.64,Travel,Sad,BALANCED_BUDGETER
41,2024-09-20,Water fight security tough gas.,1807.21,Food,Sad,BALANCED_BUDGETER
41,2024-09-22,Factor past language day theory.,951.47,Travel,Neutral,BALANCED_BUDGETER
41,2024-09-23,Religious across.,348.02,Travel,Stressed,BALANCED_BUDGETER
41,2024-09-23,Picture approach chance none fight.,1059.94,Food,Neutral,BALANCED_BUDGETER
41,2024-09-24,Forward sense cause write right.,1917.98,Travel,Neutral,BALANCED_BUDGETER
41,2024-09-26,Name skill medical after them.,618.24,Leisure,Stressed,BALANCED_BUDGETER
41,2024-09-26,Effect cultural.,398.65,Education,Happy,BALANCED_BUDGETER
41,2024-09-27,Skill successful and.,20.34,Other,Neutral,BALANCED_BUDGETER
41,2024-09-27,Hear certainly most not.,1256.23,Leisure,Neutral,BALANCED_BUDGETER
41,2024-09-27,Point be shoulder price great.,1651.26,Food,Neutral,BALANCED_BUDGETER
41,2024-09-27,Step rate feeling rate.,25.8,Food,Neutral,BALANCED_BUDGETER
41,2024-09-27,Score each.,1131.26,Leisure,Neutral,BALANCED_BUDGETER
41,2024-09-29,Score each.,795.28,Other,Sad,BALANCED_BUDGETER
41,2024-09-30,Huge garden family.,1204.28,Food,Stressed,BALANCED_BUDGETER
41,2024-10-01,Simply century the.,603.73,Travel,Happy,BALANCED_BUDGETER
41,2024-10-02,Whether century quality.,1841.6,Food,Happy,BALANCED_BUDGETER
41,2024-10-03,Risk develop movement size.,765.08,Leisure,Neutral,BALANCED_BUDGETER
41,2024-10-05,Of interview fine.,1995.56,Food,Stressed,BALANCED_BUDGETER
41,2024-10-05,Enter example down anyone occur.,2299.38,Leisure,Sad,BALANCED_BUDGETER
41,2024-10-06,Control piece behavior message wind.,662.48,Food,Happy,BALANCED_BUDGETER
41,2024-10-09,Church community.,642.82,Travel,Neutral,BALANCED_BUDGETER
41,2024-10-09,Life police.,1185.95,Other,Stressed,BALANCED_BUDGETER
41,2024-10-10,Care run there leg.,545.01,Other,Sad,BALANCED_BUDGETER
41,2024-10-10,Box service develop game.,1801.68,Education,Stressed,BALANCED_BUDGETER
41,2024-10-10,Especially unit office almost.,1055.89,Food,Excited,BALANCED_BUDGETER
41,2024-10-10,Care run there leg.,499.89,Education,Stressed,BALANCED_BUDGETER
41,2024-10-11,Scientist able teach.,872.94,Travel,Stressed,BALANCED_BUDGETER
41,2024-10-12,Effort drive side human.,406.85,Travel,Happy,BALANCED_BUDGETER
41,2024-10-12,Realize property show either.,130.9,Travel,Happy,BALANCED_BUDGETER
41,2024-10-12,Cause field education child.,767.11,Other,Happy,BALANCED_BUDGETER
41,2024-10-14,Race mr.,1160.44,Travel,Happy,BALANCED_BUDGETER
41,2024-10-15,Anyone spend them system.,238.88,Other,Excited,BALANCED_BUDGETER
41,2024-10-16,Too song quality per build.,2358.0,Other,Happy,BALANCED_BUDGETER
41,2024-10-16,Contain threat wrong whatever.,466.93,Travel,Happy,BALANCED_BUDGETER
41,2024-10-17,Size sing tree kitchen.,1130.15,Other,Neutral,BALANCED_BUDGETER
41,2024-10-17,Identify say on yes.,1265.65,Other,Neutral,BALANCED_BUDGETER
41,2024-10-18,And national spend.,1472.3,Food,Stressed,BALANCED_BUDGETER
41,2024-10-18,Into notice necessary true message.,629.38,Education,Neutral,BALANCED_BUDGETER
41,2024-10-19,Able customer figure.,955.87,Food,Happy,BALANCED_BUDGETER
41,2024-10-19,Something story attorney summer.,1322.43,Other,Stressed,BALANCED_BUDGETER
41,2024-10-20,My compare also argue.,1191.31,Travel,Sad,BALANCED_BUDGETER
41,2024-10-20,Especially unit office almost.,861.98,Education,Neutral,BALANCED_BUDGETER
41,2024-10-20,Main board population.,306.16,Education,Excited,BALANCED_BUDGETER
41,2024-10-20,Major bar air set.,224.63,Food,Sad,BALANCED_BUDGETER
41,2024-10-23,Finally shoulder land.,314.37,Food,Happy,BALANCED_BUDGETER
41,2024-10-24,Not friend federal forget bit.,950.71,Food,Sad,BALANCED_BUDGETER
41,2024-10-24,Consider time economic high.,1724.21,Food,Neutral,BALANCED_BUDGETER
41,2024-10-28,Yeah far within.,1209.71,Other,Neutral,BALANCED_BUDGETER
41,2024-10-29,Begin deep police wife.,558.94,Education,Neutral,BALANCED_BUDGETER
41,2024-10-29,Than physical live reason.,1030.39,Education,Neutral,BALANCED_BUDGETER
41,2024-10-29,Likely scientist.,867.31,Other,Sad,BALANCED_BUDGETER
41,2024-10-30,Recent feeling.,1623.4,Education,Happy,BALANCED_BUDGETER
41,2024-10-31,Discussion black follow.,571.35,Education,Neutral,BALANCED_BUDGETER
41,2024-11-01,Person one republican.,472.84,Education,Stressed,BALANCED_BUDGETER
41,2024-11-01,Meet seem population.,551.39,Other,Happy,BALANCED_BUDGETER
41,2024-11-01,Ask imagine my.,1210.27,Leisure,Neutral,BALANCED_BUDGETER
41,2024-11-02,Old wall report purpose.,734.75,Travel,Neutral,BALANCED_BUDGETER
41,2024-11-02,Cold reason our.,156.49,Other,Happy,BALANCED_BUDGETER
41,2024-11-03,Task improve fish.,1727.53,Leisure,Neutral,BALANCED_BUDGETER
41,2024-11-03,Positive question especially.,1574.58,Education,Happy,BALANCED_BUDGETER
41,2024-11-03,Career according.,1134.34,Travel,Neutral,BALANCED_BUDGETER
41,2024-11-03,Detail far church some.,1484.39,Food,Neutral,BALANCED_BUDGETER
41,2024-11-05,Road product wait.,1398.43,Other,Happy,BALANCED_BUDGETER
41,2024-11-05,Consumer face.,1121.32,Education,Excited,BALANCED_BUDGETER
41,2024-11-05,People newspaper stay.,73.89,Education,Neutral,BALANCED_BUDGETER
41,2024-11-05,Herself law.,2023.32,Travel,Happy,BALANCED_BUDGETER
41,2024-11-05,Health image.,789.51,Food,Neutral,BALANCED_BUDGETER
41,2024-11-06,My some skin ball thing.,438.28,Travel,Happy,BALANCED_BUDGETER
41,2024-11-06,Participant price.,2221.19,Food,Excited,BALANCED_BUDGETER
41,2024-11-07,Nearly care base.,2093.84,Leisure,Neutral,BALANCED_BUDGETER
41,2024-11-07,Beat light the window.,1013.58,Leisure,Sad,BALANCED_BUDGETER
41,2024-11-07,Yeah term.,207.41,Education,Stressed,BALANCED_BUDGETER
41,2024-11-08,Good house only military.,250.5,Travel,Neutral,BALANCED_BUDGETER
41,2024-11-09,Door management guess.,1089.31,Leisure,Excited,BALANCED_BUDGETER
41,2024-11-09,Enter example down anyone occur.,1696.93,Leisure,Sad,BALANCED_BUDGETER
41,2024-11-09,Turn put professional.,642.69,Food,Neutral,BALANCED_BUDGETER
41,2024-11-09,Take family chance.,999.72,Food,Sad,BALANCED_BUDGETER
41,2024-11-09,Let stay or focus.,801.54,Other,Happy,BALANCED_BUDGETER
41,2024-11-10,End dog.,1394.75,Education,Neutral,BALANCED_BUDGETER
41,2024-11-11,Sell only manage.,965.06,Education,Sad,BALANCED_BUDGETER
41,2024-11-12,Order his oil west school.,1535.41,Education,Happy,BALANCED_BUDGETER
41,2024-11-13,Buy tax.,1584.52,Food,Neutral,BALANCED_BUDGETER
41,2024-11-16,Attack mouth rest contain.,1542.46,Travel,Stressed,BALANCED_BUDGETER
41,2024-11-16,Different international sell several.,1261.99,Education,Sad,BALANCED_BUDGETER
41,2024-11-17,Outside with each animal.,814.87,Leisure,Sad,BALANCED_BUDGETER
41,2024-11-17,Drug happy will young simply.,307.06,Education,Neutral,BALANCED_BUDGETER
41,2024-11-18,For age size.,778.29,Leisure,Happy,BALANCED_BUDGETER
41,2024-11-20,Within woman.,2129.3,Travel,Excited,BALANCED_BUDGETER
41,2024-11-22,Try opportunity public.,224.96,Education,Stressed,BALANCED_BUDGETER
41,2024-11-22,Star executive fear.,1081.68,Travel,Excited,BALANCED_BUDGETER
41,2024-11-23,Something fine apply gas sing.,70.2,Food,Stressed,BALANCED_BUDGETER
41,2024-11-23,Identify material.,539.94,Leisure,Sad,BALANCED_BUDGETER
41,2024-11-26,Along attention piece tv young.,997.89,Leisure,Neutral,BALANCED_BUDGETER
41,2024-11-26,Or phone.,1475.89,Travel,Sad,BALANCED_BUDGETER
41,2024-11-27,Do interesting material.,1785.73,Education,Neutral,BALANCED_BUDGETER
41,2024-11-28,Control piece behavior message wind.,355.18,Travel,Excited,BALANCED_BUDGETER
41,2024-11-30,Decide cultural start how thank.,824.39,Food,Neutral,BALANCED_BUDGETER
41,2024-12-01,Grow laugh.,545.94,Travel,Sad,BALANCED_BUDGETER
41,2024-12-02,Expect writer myself management.,1019.2,Other,Excited,BALANCED_BUDGETER
41,2024-12-03,Discuss wall ahead scene.,1206.37,Education,Happy,BALANCED_BUDGETER
41,2024-12-04,World site mr interest treatment.,682.93,Other,Happy,BALANCED_BUDGETER
41,2024-12-04,Thus several animal phone.,503.05,Food,Happy,BALANCED_BUDGETER
41,2024-12-05,Food affect upon these story.,1261.55,Leisure,Stressed,BALANCED_BUDGETER
41,2024-12-06,Bed food possible represent.,255.07,Food,Stressed,BALANCED_BUDGETER
41,2024-12-07,Adult range green.,1023.37,Leisure,Excited,BALANCED_BUDGETER
41,2024-12-08,Remember ability.,588.8,Leisure,Happy,BALANCED_BUDGETER
41,2024-12-09,So draw food company.,558.63,Travel,Stressed,BALANCED_BUDGETER
41,2024-12-10,Sense including six lot.,1108.79,Education,Happy,BALANCED_BUDGETER
41,2024-12-11,Career three according worker democrat.,1798.16,Other,Stressed,BALANCED_BUDGETER
41,2024-12-12,Feeling manage as.,1515.61,Other,Sad,BALANCED_BUDGETER
41,2024-12-12,Body lead there there early.,870.89,Other,Neutral,BALANCED_BUDGETER
41,2024-12-12,Health image.,721.14,Leisure,Neutral,BALANCED_BUDGETER
41,2024-12-12,Former able public trade.,1646.86,Travel,Sad,BALANCED_BUDGETER
41,2024-12-13,There institution actually.,1434.77,Leisure,Happy,BALANCED_BUDGETER
41,2024-12-14,Lawyer writer health.,1803.53,Leisure,Sad,BALANCED_BUDGETER
41,2024-12-14,Approach side model you billion.,1155.08,Leisure,Happy,BALANCED_BUDGETER
41,2024-12-15,Above company media next me.,813.05,Education,Excited,BALANCED_BUDGETER
41,2024-12-16,Instead ahead despite measure ago.,787.43,Other,Neutral,BALANCED_BUDGETER
41,2024-12-16,National free.,1094.14,Food,Stressed,BALANCED_BUDGETER
41,2024-12-16,Single blood continue.,223.6,Travel,Excited,BALANCED_BUDGETER
41,2024-12-20,Seven here sell story.,1127.35,Travel,Neutral,BALANCED_BUDGETER
41,2024-12-20,Network outside parent.,1716.56,Other,Excited,BALANCED_BUDGETER
41,2024-12-20,Table trade various risk art.,1323.38,Education,Neutral,BALANCED_BUDGETER
41,2024-12-23,Offer work home.,70.65,Other,Happy,BALANCED_BUDGETER
41,2024-12-24,Not teach believe month.,165.9,Leisure,Neutral,BALANCED_BUDGETER
41,2024-12-25,Opportunity lead see.,1397.8,Education,Neutral,BALANCED_BUDGETER
41,2024-12-26,Country little reality level.,391.28,Food,Neutral,BALANCED_BUDGETER
41,2024-12-26,My compare also argue.,1531.39,Travel,Neutral,BALANCED_BUDGETER
41,2024-12-26,Attack mouth rest contain.,922.99,Education,Neutral,BALANCED_BUDGETER
41,2024-12-26,Nation politics few each southern.,829.07,Food,Neutral,BALANCED_BUDGETER
41,2024-12-27,Finish thing.,667.3,Food,Stressed,BALANCED_BUDGETER
41,2024-12-29,Life police.,906.77,Other,Sad,BALANCED_BUDGETER
41,2024-12-29,Order his oil west school.,1357.29,Education,Sad,BALANCED_BUDGETER
41,2024-12-30,Whether century quality.,1487.96,Travel,Happy,BALANCED_BUDGETER
41,2024-12-30,Fish late pattern.,523.29,Other,Neutral,BALANCED_BUDGETER
41,2024-12-30,Choice prepare.,882.68,Travel,Excited,BALANCED_BUDGETER
41,2024-12-30,Something fine apply gas sing.,84.62,Education,Sad,BALANCED_BUDGETER
41,2024-12-30,Base player data whose.,745.07,Travel,Neutral,BALANCED_BUDGETER
41,2024-12-30,How any federal star.,487.67,Leisure,Neutral,BALANCED_BUDGETER
41,2024-12-30,Yard foot he share issue.,1061.67,Travel,Neutral,BALANCED_BUDGETER
41,2025-01-01,Paper memory history office.,2227.37,Food,Stressed,BALANCED_BUDGETER
41,2025-01-01,Give that individual of not.,736.36,Leisure,Excited,BALANCED_BUDGETER
41,2025-01-02,First blood accept final.,965.15,Food,Neutral,BALANCED_BUDGETER
41,2025-01-02,I fund.,727.24,Travel,Excited,BALANCED_BUDGETER
41,2025-01-02,Book toward.,1709.65,Travel,Happy,BALANCED_BUDGETER
41,2025-01-03,Participant above.,752.91,Travel,Happy,BALANCED_BUDGETER
41,2025-01-03,Carry fly water cut fire.,49.94,Other,Excited,BALANCED_BUDGETER
41,2025-01-04,Account ten sing.,1486.44,Food,Stressed,BALANCED_BUDGETER
41,2025-01-06,Consider here grow agreement.,304.54,Education,Neutral,BALANCED_BUDGETER
41,2025-01-07,Ready goal amount.,911.91,Education,Stressed,BALANCED_BUDGETER
41,2025-01-10,Magazine degree husband around.,1053.3,Travel,Happy,BALANCED_BUDGETER
41,2025-01-10,Wonder long consider care.,153.14,Food,Neutral,BALANCED_BUDGETER
41,2025-01-12,Concern ability reduce.,805.41,Leisure,Happy,BALANCED_BUDGETER
41,2025-01-13,Lose modern return simple herself.,1344.05,Education,Happy,BALANCED_BUDGETER
41,2025-01-14,Affect machine.,905.69,Leisure,Neutral,BALANCED_BUDGETER
41,2025-01-15,Understand none.,452.32,Other,Happy,BALANCED_BUDGETER
41,2025-01-16,Push east never size fight.,406.53,Food,Happy,BALANCED_BUDGETER
41,2025-01-16,Doctor mr.,141.73,Travel,Stressed,BALANCED_BUDGETER
41,2025-01-16,Method everything.,548.8,Food,Happy,BALANCED_BUDGETER
41,2025-01-16,Rate society floor long same.,1669.08,Travel,Neutral,BALANCED_BUDGETER
41,2025-01-17,Good anything manager think pressure.,153.51,Travel,Happy,BALANCED_BUDGETER
41,2025-01-17,Scientist able teach.,981.93,Food,Neutral,BALANCED_BUDGETER
41,2025-01-18,What than political up instead.,525.8,Education,Stressed,BALANCED_BUDGETER
41,2025-01-18,Statement available win politics.,577.44,Travel,Excited,BALANCED_BUDGETER
41,2025-01-18,Win central.,787.66,Food,Happy,BALANCED_BUDGETER
41,2025-01-19,Develop staff least figure.,939.36,Food,Neutral,BALANCED_BUDGETER
41,2025-01-21,As second animal summer group.,959.33,Education,Sad,BALANCED_BUDGETER
41,2025-01-21,Ask imagine my.,1192.72,Travel,Neutral,BALANCED_BUDGETER
41,2025-01-21,Knowledge fight car smile commercial.,32.43,Education,Sad,BALANCED_BUDGETER
41,2025-01-21,Year him thank trade.,1231.77,Other,Excited,BALANCED_BUDGETER
41,2025-01-22,Strategy fight institution.,1562.42,Education,Sad,BALANCED_BUDGETER
41,2025-01-23,Thought sit identify culture.,1262.65,Other,Happy,BALANCED_BUDGETER
41,2025-01-24,Real know our any.,1032.65,Food,Neutral,BALANCED_BUDGETER
41,2025-01-24,And student give score agree.,1083.97,Food,Neutral,BALANCED_BUDGETER
41,2025-01-25,Never effect fill general relationship.,836.82,Food,Neutral,BALANCED_BUDGETER
41,2025-01-25,Not teach believe month.,129.99,Travel,Sad,BALANCED_BUDGETER
41,2025-01-25,Book toward.,1312.18,Leisure,Neutral,BALANCED_BUDGETER
41,2025-01-25,To receive education.,286.98,Travel,Neutral,BALANCED_BUDGETER
41,2025-01-26,Maybe painting republican.,1563.3,Education,Neutral,BALANCED_BUDGETER
41,2025-01-27,Likely push.,460.43,Travel,Neutral,BALANCED_BUDGETER
41,2025-01-27,General agency bit.,687.14,Other,Stressed,BALANCED_BUDGETER
41,2025-01-27,Respond into history.,279.11,Food,Neutral,BALANCED_BUDGETER
41,2025-01-28,Language budget market president.,576.56,Education,Neutral,BALANCED_BUDGETER
41,2025-01-29,Program sport her.,236.31,Leisure,Happy,BALANCED_BUDGETER
41,2025-01-29,Decision where foreign trial.,981.42,Travel,Neutral,BALANCED_BUDGETER
41,2025-01-30,Money modern receive partner.,39.77,Travel,Happy,BALANCED_BUDGETER
41,2025-01-30,Have including none.,730.4,Other,Sad,BALANCED_BUDGETER
41,2025-01-30,Sell only manage.,1026.6,Leisure,Stressed,BALANCED_BUDGETER
41,2025-01-30,Smile high open scientist.,1794.2,Travel,Happy,BALANCED_BUDGETER
41,2025-01-31,Thus several animal phone.,384.58,Other,Happy,BALANCED_BUDGETER
41,2025-01-31,Ago race quite hour.,729.2,Food,Neutral,BALANCED_BUDGETER
42,2024-08-01,Mind door authority outside.,985.35,Other,Neutral,BALANCED_BUDGETER
42,2024-08-01,President girl condition.,61.24,Travel,Stressed,BALANCED_BUDGETER
42,2024-08-01,Television argue mouth.,1816.03,Travel,Stressed,BALANCED_BUDGETER
42,2024-08-02,Shake hand hundred now.,1281.95,Education,Neutral,BALANCED_BUDGETER
42,2024-08-02,Despite energy company.,635.81,Other,Happy,BALANCED_BUDGETER
42,2024-08-02,Likely scientist.,587.14,Travel,Neutral,BALANCED_BUDGETER
42,2024-08-02,Wrong difficult range.,1730.12,Leisure,Neutral,BALANCED_BUDGETER
42,2024-08-03,Car fast positive.,584.51,Food,Excited,BALANCED_BUDGETER
42,2024-08-03,Billion morning draw.,285.34,Education,Sad,BALANCED_BUDGETER
42,2024-08-04,Huge response long.,53.8,Travel,Neutral,BALANCED_BUDGETER
42,2024-08-04,Forward would finish around.,1580.56,Food,Neutral,BALANCED_BUDGETER
42,2024-08-04,Agent say forward us.,1677.05,Food,Neutral,BALANCED_BUDGETER
42,2024-08-06,State among rest national wrong.,1225.09,Travel,Neutral,BALANCED_BUDGETER
42,2024-08-06,Third coach congress husband.,496.27,Leisure,Excited,BALANCED_BUDGETER
42,2024-08-06,Leader operation mean white.,710.24,Food,Excited,BALANCED_BUDGETER
42,2024-08-07,Do interesting material.,1754.86,Travel,Stressed,BALANCED_BUDGETER
42,2024-08-09,Floor music catch discuss.,664.14,Travel,Neutral,BALANCED_BUDGETER
42,2024-08-10,Meet seem population.,551.97,Education,Happy,BALANCED_BUDGETER
42,2024-08-10,Couple city you level.,1030.29,Leisure,Happy,BALANCED_BUDGETER
42,2024-08-11,Site girl into have media.,1727.11,Other,Neutral,BALANCED_BUDGETER
42,2024-08-11,Management sense technology check civil.,492.84,Food,Happy,BALANCED_BUDGETER
42,2024-08-11,Site girl into have media.,1211.87,Travel,Neutral,BALANCED_BUDGETER
42,2024-08-12,Oil per line create build.,1198.89,Travel,Stressed,BALANCED_BUDGETER
42,2024-08-12,Approach side model you billion.,1104.22,Other,Happy,BALANCED_BUDGETER
42,2024-08-12,Player really act friend.,1475.35,Food,Happy,BALANCED_BUDGETER
42,2024-08-13,Face build market.,1620.81,Travel,Happy,BALANCED_BUDGETER
42,2024-08-14,Technology tend.,194.28,Leisure,Sad,BALANCED_BUDGETER
42,2024-08-14,Ahead from quickly identify.,389.87,Leisure,Excited,BALANCED_BUDGETER
42,2024-08-15,Current hear claim well two.,1765.91,Leisure,Happy,BALANCED_BUDGETER
42,2024-08-15,Huge garden family.,1341.83,Food,Excited,BALANCED_BUDGETER
42,2024-08-16,Walk cup option store.,1364.86,Other,Stressed,BALANCED_BUDGETER
42,2024-08-20,Each author party full kitchen.,610.67,Leisure,Neutral,BALANCED_BUDGETER
42,2024-08-22,Expect writer myself management.,1166.69,Education,Neutral,BALANCED_BUDGETER
42,2024-08-22,Million night your.,981.21,Other,Happy,BALANCED_BUDGETER
42,2024-08-22,Arrive society.,982.79,Leisure,Happy,BALANCED_BUDGETER
42,2024-08-22,Above others.,1235.87,Food,Happy,BALANCED_BUDGETER
42,2024-08-24,Authority interest red must art.,604.62,Food,Stressed,BALANCED_BUDGETER
42,2024-08-25,Ahead picture son.,1118.63,Food,Neutral,BALANCED_BUDGETER
42,2024-08-26,At decade really issue.,1522.77,Food,Happy,BALANCED_BUDGETER
42,2024-08-26,Which raise american truth.,1731.77,Other,Happy,BALANCED_BUDGETER
42,2024-08-27,Body lead there there early.,819.96,Other,Neutral,BALANCED_BUDGETER
42,2024-08-27,Baby away affect medical all.,1160.78,Leisure,Excited,BALANCED_BUDGETER
42,2024-08-28,Result sound.,786.61,Food,Happy,BALANCED_BUDGETER
42,2024-08-28,Question or money.,1262.02,Education,Happy,BALANCED_BUDGETER
42,2024-08-28,Dark camera realize.,375.92,Food,Sad,BALANCED_BUDGETER
42,2024-08-28,Human public health.,391.62,Travel,Neutral,BALANCED_BUDGETER
42,2024-08-28,International effort.,719.19,Education,Neutral,BALANCED_BUDGETER
42,2024-08-28,Wrong difficult.,1565.61,Other,Neutral,BALANCED_BUDGETER
42,2024-08-29,Affect machine.,968.41,Travel,Excited,BALANCED_BUDGETER
42,2024-08-29,Democratic mention generation.,1305.78,Travel,Neutral,BALANCED_BUDGETER
42,2024-08-30,Ever day.,656.43,Food,Happy,BALANCED_BUDGETER
42,2024-08-31,Quickly new another general poor.,349.18,Education,Happy,BALANCED_BUDGETER
42,2024-08-31,Mention billion bed never others.,599.18,Food,Neutral,BALANCED_BUDGETER
42,2024-08-31,Owner fact wife.,346.77,Leisure,Stressed,BALANCED_BUDGETER
42,2024-09-01,Player really act friend.,1199.45,Education,Happy,BALANCED_BUDGETER
42,2024-09-01,Way main difficult case.,460.67,Food,Neutral,BALANCED_BUDGETER
42,2024-09-02,Their off.,608.67,Travel,Happy,BALANCED_BUDGETER
42,2024-09-03,Receive region however.,1087.15,Food,Happy,BALANCED_BUDGETER
42,2024-09-03,Woman meet report.,1896.4,Education,Excited,BALANCED_BUDGETER
42,2024-09-03,National free.,1414.24,Leisure,Neutral,BALANCED_BUDGETER
42,2024-09-03,Old wall report purpose.,807.82,Travel,Happy,BALANCED_BUDGETER
42,2024-09-04,Turn put professional.,768.31,Other,Happy,BALANCED_BUDGETER
42,2024-09-04,Energy always.,497.28,Education,Happy,BALANCED_BUDGETER
42,2024-09-05,Enter threat economic.,1704.63,Food,Neutral,BALANCED_BUDGETER
42,2024-09-06,Edge surface who.,1530.47,Food,Neutral,BALANCED_BUDGETER
42,2024-09-06,Spend prove stock school.,927.83,Other,Happy,BALANCED_BUDGETER
42,2024-09-07,Cell year.,1328.04,Leisure,Neutral,BALANCED_BUDGETER
42,2024-09-08,Least ready activity decision ok.,1585.36,Leisure,Neutral,BALANCED_BUDGETER
42,2024-09-09,Personal often.,807.89,Education,Happy,BALANCED_BUDGETER
42,2024-09-09,Face rate.,1190.79,Other,Excited,BALANCED_BUDGETER
42,2024-09-09,Citizen ahead method.,1112.83,Education,Neutral,BALANCED_BUDGETER
42,2024-09-10,Reflect star.,852.88,Other,Sad,BALANCED_BUDGETER
42,2024-09-11,End dog.,1357.88,Travel,Sad,BALANCED_BUDGETER
42,2024-09-11,Decide similar office.,919.09,Travel,Neutral,BALANCED_BUDGETER
42,2024-09-12,Unit hold.,258.25,Education,Neutral,BALANCED_BUDGETER
42,2024-09-13,Shake hand hundred now.,1484.66,Travel,Neutral,BALANCED_BUDGETER
42,2024-09-15,Investment pass drive.,568.76,Travel,Happy,BALANCED_BUDGETER
42,2024-09-15,Simply century the.,696.13,Education,Sad,BALANCED_BUDGETER
42,2024-09-16,Best physical always small almost.,895.1,Leisure,Stressed,BALANCED_BUDGETER
42,2024-09-17,Doctor population grow bar.,68.42,Travel,Happy,BALANCED_BUDGETER
42,2024-09-17,Choice prepare.,1508.8,Food,Excited,BALANCED_BUDGETER
42,2024-09-18,Believe product eat generation put.,881.1,Other,Neutral,BALANCED_BUDGETER
42,2024-09-18,Surface expect several evening town.,431.23,Food,Neutral,BALANCED_BUDGETER
42,2024-09-19,Letter environment easy.,225.65,Travel,Happy,BALANCED_BUDGETER
42,2024-09-19,Employee become happy water bring.,252.12,Education,Neutral,BALANCED_BUDGETER
42,2024-09-19,Scientist able teach.,1057.65,Education,Neutral,BALANCED_BUDGETER
42,2024-09-20,Finish increase economy middle public.,1036.45,Food,Neutral,BALANCED_BUDGETER
42,2024-09-20,Development middle animal.,194.05,Education,Stressed,BALANCED_BUDGETER
42,2024-09-21,Affect machine.,1351.9,Travel,Sad,BALANCED_BUDGETER
42,2024-09-22,Change she tonight.,978.74,Other,Neutral,BALANCED_BUDGETER
42,2024-09-23,Career three according worker democrat.,1274.53,Other,Neutral,BALANCED_BUDGETER
42,2024-09-23,Brother southern project learn.,1296.73,Other,Happy,BALANCED_BUDGETER
42,2024-09-24,Cultural right cover large work.,2099.61,Leisure,Neutral,BALANCED_BUDGETER
42,2024-09-25,Think live bad total research.,1917.84,Other,Happy,BALANCED_BUDGETER
42,2024-09-26,Involve thousand including.,682.57,Leisure,Stressed,BALANCED_BUDGETER
42,2024-09-26,Focus indicate result.,230.13,Leisure,Stressed,BALANCED_BUDGETER
42,2024-09-27,Plant event score official now.,1124.02,Travel,Excited,BALANCED_BUDGETER
42,2024-09-27,Bring agent pay detail group.,582.89,Education,Neutral,BALANCED_BUDGETER
42,2024-09-27,Born same usually.,941.52,Education,Neutral,BALANCED_BUDGETER
42,2024-09-28,Wish current.,425.09,Food,Sad,BALANCED_BUDGETER
42,2024-09-29,Quality throughout.,1020.38,Education,Happy,BALANCED_BUDGETER
42,2024-09-30,Worker always hold share.,125.03,Leisure,Excited,BALANCED_BUDGETER
42,2024-09-30,Gas teacher national weight all.,842.05,Leisure,Neutral,BALANCED_BUDGETER
42,2024-10-02,Particularly score order modern.,1237.35,Food,Excited,BALANCED_BUDGETER
42,2024-10-03,Fear yourself last.,397.06,Other,Sad,BALANCED_BUDGETER
42,2024-10-03,Senior service large under.,1172.43,Leisure,Stressed,BALANCED_BUDGETER
42,2024-10-04,Girl suddenly.,1871.8,Education,Stressed,BALANCED_BUDGETER
42,2024-10-05,Despite sound receive let.,475.78,Food,Happy,BALANCED_BUDGETER
42,2024-10-06,Gas human create also.,143.63,Leisure,Happy,BALANCED_BUDGETER
42,2024-10-07,Their off.,659.71,Travel,Neutral,BALANCED_BUDGETER
42,2024-10-07,Result size feel no nothing.,419.76,Travel,Happy,BALANCED_BUDGETER
42,2024-10-07,Nearly want front shake.,704.69,Travel,Sad,BALANCED_BUDGETER
42,2024-10-07,Happen a point here control.,202.14,Food,Excited,BALANCED_BUDGETER
42,2024-10-08,Price institution method inside.,1378.19,Leisure,Happy,BALANCED_BUDGETER
42,2024-10-09,Wonder long consider care.,148.32,Travel,Excited,BALANCED_BUDGETER
42,2024-10-09,Board its.,376.06,Food,Excited,BALANCED_BUDGETER
42,2024-10-09,True help.,138.41,Education,Excited,BALANCED_BUDGETER
42,2024-10-11,Size republican political.,1666.35,Food,Neutral,BALANCED_BUDGETER
42,2024-10-11,Strategy fight institution.,1242.7,Leisure,Neutral,BALANCED_BUDGETER
42,2024-10-11,President likely truth animal.,126.74,Travel,Sad,BALANCED_BUDGETER
42,2024-10-11,Position interest.,85.55,Travel,Neutral,BALANCED_BUDGETER
42,2024-10-12,Network available mean share.,1200.24,Food,Excited,BALANCED_BUDGETER
42,2024-10-12,Newspaper indicate other.,758.64,Education,Excited,BALANCED_BUDGETER
42,2024-10-14,Company option character land space.,905.62,Leisure,Excited,BALANCED_BUDGETER
42,2024-10-14,Require bank child.,671.98,Food,Stressed,BALANCED_BUDGETER
42,2024-10-15,White likely teacher one.,1660.42,Leisure,Happy,BALANCED_BUDGETER
42,2024-10-16,Table trade various risk art.,1656.37,Leisure,Happy,BALANCED_BUDGETER
42,2024-10-16,Discussion detail training fund.,1523.55,Leisure,Happy,BALANCED_BUDGETER
42,2024-10-17,Concern significant.,591.08,Food,Sad,BALANCED_BUDGETER
42,2024-10-17,Why outside.,389.64,Food,Excited,BALANCED_BUDGETER
42,2024-10-18,A when dark read.,1710.26,Other,Neutral,BALANCED_BUDGETER
42,2024-10-18,Laugh red man fly charge.,859.23,Leisure,Excited,BALANCED_BUDGETER
42,2024-10-21,Gun seven music despite show.,676.48,Travel,Happy,BALANCED_BUDGETER
42,2024-10-23,Security arm.,1753.22,Education,Excited,BALANCED_BUDGETER
42,2024-10-23,Serious produce.,1237.62,Leisure,Happy,BALANCED_BUDGETER
42,2024-10-26,Name skill medical after them.,850.57,Travel,Neutral,BALANCED_BUDGETER
42,2024-10-26,Maintain former campaign pretty beyond.,151.32,Food,Happy,BALANCED_BUDGETER
42,2024-10-27,Agreement us stuff.,1299.78,Leisure,Neutral,BALANCED_BUDGETER
42,2024-10-28,Enter capital population.,432.7,Travel,Neutral,BALANCED_BUDGETER
42,2024-10-28,Sort knowledge analysis together court.,333.1,Other,Neutral,BALANCED_BUDGETER
42,2024-10-29,Sign wall.,697.11,Travel,Neutral,BALANCED_BUDGETER
42,2024-10-29,Throughout leader bag.,576.68,Food,Excited,BALANCED_BUDGETER
42,2024-10-30,During call north attention.,422.56,Food,Neutral,BALANCED_BUDGETER
42,2024-10-30,Whether century quality.,1826.75,Education,Happy,BALANCED_BUDGETER
42,2024-10-31,Bill beautiful issue.,1080.32,Travel,Excited,BALANCED_BUDGETER
42,2024-10-31,We especially five network.,1519.35,Food,Neutral,BALANCED_BUDGETER
42,2024-11-01,Three certain.,1728.02,Leisure,Excited,BALANCED_BUDGETER
42,2024-11-02,Affect machine.,939.47,Leisure,Happy,BALANCED_BUDGETER
42,2024-11-02,College manage fund.,398.4,Education,Happy,BALANCED_BUDGETER
42,2024-11-03,Let stay or focus.,697.41,Leisure,Stressed,BALANCED_BUDGETER
42,2024-11-03,Firm financial.,1318.47,Travel,Neutral,BALANCED_BUDGETER
42,2024-11-04,Success teach mrs beat.,1170.55,Food,Stressed,BALANCED_BUDGETER
42,2024-11-05,Result size feel no nothing.,493.67,Education,Excited,BALANCED_BUDGETER
42,2024-11-06,Participant price.,2141.14,Travel,Happy,BALANCED_BUDGETER
42,2024-11-06,Let stay or focus.,853.2,Education,Neutral,BALANCED_BUDGETER
42,2024-11-07,Minute question their rather.,394.45,Food,Happy,BALANCED_BUDGETER
42,2024-11-08,Finally relate model.,607.07,Education,Excited,BALANCED_BUDGETER
42,2024-11-09,Way cold.,456.96,Travel,Happy,BALANCED_BUDGETER
42,2024-11-09,Boy other foot best.,1304.73,Other,Happy,BALANCED_BUDGETER
42,2024-11-10,By two bad fall pick.,1129.55,Leisure,Neutral,BALANCED_BUDGETER
42,2024-11-10,Marriage participant.,1321.61,Education,Excited,BALANCED_BUDGETER
42,2024-11-11,Within set region beyond.,1942.14,Leisure,Neutral,BALANCED_BUDGETER
42,2024-11-11,Positive question especially.,887.84,Other,Stressed,BALANCED_BUDGETER
42,2024-11-12,President chance hotel through.,1383.32,Food,Happy,BALANCED_BUDGETER
42,2024-11-13,Daughter war.,721.12,Other,Sad,BALANCED_BUDGETER
42,2024-11-15,Anyone here deep.,68.53,Travel,Happy,BALANCED_BUDGETER
42,2024-11-16,Keep yes.,80.13,Leisure,Neutral,BALANCED_BUDGETER
42,2024-11-17,Space moment travel these least.,247.56,Education,Happy,BALANCED_BUDGETER
42,2024-11-18,Site girl into have media.,1493.42,Travel,Neutral,BALANCED_BUDGETER
42,2024-11-18,People tend weight machine.,917.93,Other,Neutral,BALANCED_BUDGETER
42,2024-11-18,Range step painting concern.,729.24,Food,Happy,BALANCED_BUDGETER
42,2024-11-18,Understand none.,407.95,Education,Neutral,BALANCED_BUDGETER
42,2024-11-18,Despite energy company.,556.99,Food,Neutral,BALANCED_BUDGETER
42,2024-11-18,Keep light fight.,239.01,Travel,Neutral,BALANCED_BUDGETER
42,2024-11-18,Company option character land space.,891.74,Education,Neutral,BALANCED_BUDGETER
42,2024-11-19,Time surface learn design.,620.03,Education,Happy,BALANCED_BUDGETER
42,2024-11-19,Feeling manage as.,1705.37,Travel,Sad,BALANCED_BUDGETER
42,2024-11-20,Western tend candidate day.,830.26,Food,Neutral,BALANCED_BUDGETER
42,2024-11-22,Value thing these.,755.45,Travel,Sad,BALANCED_BUDGETER
42,2024-11-22,Hand possible relate night.,930.61,Travel,Neutral,BALANCED_BUDGETER
42,2024-11-23,Increase consider.,551.13,Travel,Neutral,BALANCED_BUDGETER
42,2024-11-25,Require bank child.,493.6,Education,Neutral,BALANCED_BUDGETER
42,2024-11-26,Professor important do house must.,1137.46,Leisure,Neutral,BALANCED_BUDGETER
42,2024-11-26,Democrat cost evidence third.,285.54,Travel,Stressed,BALANCED_BUDGETER
42,2024-11-29,Window music evening know.,354.11,Leisure,Neutral,BALANCED_BUDGETER
42,2024-11-30,Fight nice less agree able.,1218.71,Travel,Sad,BALANCED_BUDGETER
42,2024-12-01,Talk interest hand.,953.43,Education,Neutral,BALANCED_BUDGETER
42,2024-12-01,Sure i pay.,900.3,Leisure,Excited,BALANCED_BUDGETER
42,2024-12-01,Heart determine likely.,897.59,Leisure,Excited,BALANCED_BUDGETER
42,2024-12-01,Building range national focus.,578.64,Food,Happy,BALANCED_BUDGETER
42,2024-12-01,Size sing tree kitchen.,1302.0,Other,Happy,BALANCED_BUDGETER
42,2024-12-01,Kind appear environment capital explain.,1178.76,Travel,Stressed,BALANCED_BUDGETER
42,2024-12-01,Stage someone for power.,717.92,Food,Happy,BALANCED_BUDGETER
42,2024-12-02,Together let.,637.16,Leisure,Excited,BALANCED_BUDGETER
42,2024-12-02,Expert involve oil.,114.98,Education,Excited,BALANCED_BUDGETER
42,2024-12-04,Bad argue side girl.,1538.47,Other,Neutral,BALANCED_BUDGETER
42,2024-12-04,Natural together.,852.7,Travel,Happy,BALANCED_BUDGETER
42,2024-12-05,Me system church whether.,433.57,Travel,Sad,BALANCED_BUDGETER
42,2024-12-05,Development provide dark daughter.,1889.47,Travel,Happy,BALANCED_BUDGETER
42,2024-12-07,These road.,733.59,Education,Happy,BALANCED_BUDGETER
42,2024-12-07,Significant up still management.,1777.98,Other,Neutral,BALANCED_BUDGETER
42,2024-12-09,Model police finally girl.,248.07,Travel,Happy,BALANCED_BUDGETER
42,2024-12-09,Mind door authority outside.,1098.56,Education,Neutral,BALANCED_BUDGETER
42,2024-12-10,New type pm.,1785.23,Other,Happy,BALANCED_BUDGETER
42,2024-12-10,Hold carry rest.,1562.42,Food,Happy,BALANCED_BUDGETER
42,2024-12-10,Happen a point here control.,292.43,Education,Happy,BALANCED_BUDGETER
42,2024-12-13,Statement position either.,1366.3,Leisure,Stressed,BALANCED_BUDGETER
42,2024-12-13,Way cold.,582.15,Other,Happy,BALANCED_BUDGETER
42,2024-12-14,Pass range appear home player.,215.04,Other,Happy,BALANCED_BUDGETER
42,2024-12-14,Near risk.,659.72,Leisure,Neutral,BALANCED_BUDGETER
42,2024-12-15,Three certain.,968.93,Travel,Happy,BALANCED_BUDGETER
42,2024-12-16,Program decade home which view.,556.96,Leisure,Stressed,BALANCED_BUDGETER
42,2024-12-16,Serious reveal left social fine.,784.02,Other,Neutral,BALANCED_BUDGETER
42,2024-12-17,Also available concern edge.,205.44,Food,Sad,BALANCED_BUDGETER
42,2024-12-18,Wrong school federal from.,1103.67,Other,Excited,BALANCED_BUDGETER
42,2024-12-18,Important focus benefit probably.,837.38,Leisure,Happy,BALANCED_BUDGETER
42,2024-12-18,Eye something.,1839.14,Leisure,Excited,BALANCED_BUDGETER
42,2024-12-19,Find job where.,379.41,Leisure,Neutral,BALANCED_BUDGETER
42,2024-12-20,High issue deal democratic.,723.71,Food,Happy,BALANCED_BUDGETER
42,2024-12-20,Stage threat our.,181.38,Travel,Happy,BALANCED_BUDGETER
42,2024-12-22,On professional analysis color.,1038.34,Leisure,Neutral,BALANCED_BUDGETER
42,2024-12-22,White fire cause everybody.,769.52,Education,Neutral,BALANCED_BUDGETER
42,2024-12-23,Than physical live reason.,1237.14,Food,Stressed,BALANCED_BUDGETER
42,2024-12-24,Example decision garden.,145.04,Education,Sad,BALANCED_BUDGETER
42,2024-12-29,Teach cause mrs.,182.72,Other,Neutral,BALANCED_BUDGETER
42,2024-12-29,National back everybody direction budget.,205.57,Travel,Neutral,BALANCED_BUDGETER
42,2025-01-01,Check clearly follow remember generation.,409.31,Leisure,Happy,BALANCED_BUDGETER
42,2025-01-01,About usually.,2179.27,Travel,Happy,BALANCED_BUDGETER
42,2025-01-02,Democrat cost evidence third.,449.94,Leisure,Stressed,BALANCED_BUDGETER
42,2025-01-02,Never majority cell.,53.02,Food,Stressed,BALANCED_BUDGETER
42,2025-01-02,Law read citizen.,458.73,Travel,Sad,BALANCED_BUDGETER
42,2025-01-03,Cause field education child.,913.45,Food,Stressed,BALANCED_BUDGETER
42,2025-01-04,Stuff avoid.,1011.05,Travel,Happy,BALANCED_BUDGETER
42,2025-01-05,Him fight american music change.,884.4,Travel,Neutral,BALANCED_BUDGETER
42,2025-01-05,Base investment.,159.62,Travel,Stressed,BALANCED_BUDGETER
42,2025-01-05,Section national owner determine detail.,493.56,Leisure,Neutral,BALANCED_BUDGETER
42,2025-01-06,Nature country.,250.5,Education,Happy,BALANCED_BUDGETER
42,2025-01-07,Impact full our smile.,706.11,Leisure,Happy,BALANCED_BUDGETER
42,2025-01-08,Discussion black follow.,598.46,Other,Excited,BALANCED_BUDGETER
42,2025-01-08,Family bill foreign fast knowledge.,2376.28,Other,Happy,BALANCED_BUDGETER
42,2025-01-09,Item treat area.,1379.22,Travel,Neutral,BALANCED_BUDGETER
42,2025-01-09,Mind easy foreign old.,1500.44,Other,Stressed,BALANCED_BUDGETER
42,2025-01-09,Whether century quality.,1354.24,Food,Neutral,BALANCED_BUDGETER
42,2025-01-09,Money a.,270.19,Other,Excited,BALANCED_BUDGETER
42,2025-01-09,Material produce station visit environmental.,879.62,Education,Happy,BALANCED_BUDGETER
42,2025-01-12,Plant event score official now.,960.46,Travel,Stressed,BALANCED_BUDGETER
42,2025-01-14,Oil per line create build.,1152.94,Leisure,Happy,BALANCED_BUDGETER
42,2025-01-15,Book economic.,128.95,Leisure,Happy,BALANCED_BUDGETER
42,2025-01-15,That reflect send set fly.,146.84,Leisure,Happy,BALANCED_BUDGETER
42,2025-01-15,Western tend candidate day.,938.56,Travel,Stressed,BALANCED_BUDGETER
42,2025-01-16,Act way beat result major.,611.13,Leisure,Happy,BALANCED_BUDGETER
42,2025-01-16,Brother let.,1361.54,Education,Excited,BALANCED_BUDGETER
42,2025-01-17,At decade really issue.,1185.75,Other,Happy,BALANCED_BUDGETER
42,2025-01-17,First next popular.,166.46,Leisure,Sad,BALANCED_BUDGETER
42,2025-01-18,Dinner article hit mission whole.,572.42,Travel,Happy,BALANCED_BUDGETER
42,2025-01-18,What strong line.,11.97,Education,Neutral,BALANCED_BUDGETER
42,2025-01-20,Technology pay tree.,267.39,Other,Happy,BALANCED_BUDGETER
42,2025-01-21,Career three according worker democrat.,1803.17,Education,Happy,BALANCED_BUDGETER
42,2025-01-22,Condition again successful.,1762.81,Other,Neutral,BALANCED_BUDGETER
42,2025-01-23,Build view.,1637.67,Other,Happy,BALANCED_BUDGETER
42,2025-01-23,Eight bed fill.,1843.63,Other,Neutral,BALANCED_BUDGETER
42,2025-01-23,Democrat cost evidence third.,344.76,Food,Happy,BALANCED_BUDGETER
42,2025-01-25,Within prove full.,356.55,Travel,Stressed,BALANCED_BUDGETER
42,2025-01-26,Soldier meeting building.,711.75,Food,Neutral,BALANCED_BUDGETER
42,2025-01-26,Call door.,1096.0,Travel,Excited,BALANCED_BUDGETER
42,2025-01-26,To receive education.,342.79,Food,Sad,BALANCED_BUDGETER
42,2025-01-27,Stuff avoid.,802.33,Other,Neutral,BALANCED_BUDGETER
42,2025-01-27,Language budget market president.,427.84,Other,Excited,BALANCED_BUDGETER
42,2025-01-27,Into notice necessary true message.,466.83,Travel,Sad,BALANCED_BUDGETER
42,2025-01-28,City offer financial data.,487.02,Food,Happy,BALANCED_BUDGETER
42,2025-01-29,Later son almost.,1203.26,Travel,Neutral,BALANCED_BUDGETER
42,2025-01-29,Mr suggest issue.,765.35,Leisure,Neutral,BALANCED_BUDGETER
42,2025-01-30,Marriage participant.,2007.07,Education,Excited,BALANCED_BUDGETER
43,2024-08-01,Them key.,1251.57,Travel,Excited,BALANCED_BUDGETER
43,2024-08-03,Common anyone.,266.73,Education,Stressed,BALANCED_BUDGETER
43,2024-08-05,Field seat start pm.,1572.02,Leisure,Happy,BALANCED_BUDGETER
43,2024-08-07,Door end fire.,1619.08,Other,Happy,BALANCED_BUDGETER
43,2024-08-08,White measure manager range.,220.81,Travel,Neutral,BALANCED_BUDGETER
43,2024-08-08,Team republican very plan cut.,518.45,Travel,Sad,BALANCED_BUDGETER
43,2024-08-11,Not teach believe month.,96.87,Education,Neutral,BALANCED_BUDGETER
43,2024-08-12,Inside big minute.,127.66,Food,Neutral,BALANCED_BUDGETER
43,2024-08-14,Machine whatever everything fear walk.,1675.99,Leisure,Neutral,BALANCED_BUDGETER
43,2024-08-15,View know develop after.,868.0,Travel,Excited,BALANCED_BUDGETER
43,2024-08-15,Book toward.,1991.76,Travel,Neutral,BALANCED_BUDGETER
43,2024-08-16,Bed report item.,948.88,Leisure,Neutral,BALANCED_BUDGETER
43,2024-08-17,Career according.,1402.27,Travel,Happy,BALANCED_BUDGETER
43,2024-08-19,Age cover foreign.,1709.57,Education,Stressed,BALANCED_BUDGETER
43,2024-08-20,Table trade various risk art.,1614.3,Food,Neutral,BALANCED_BUDGETER
43,2024-08-20,Condition again successful.,1444.4,Education,Sad,BALANCED_BUDGETER
43,2024-08-20,Doctor mr.,131.3,Leisure,Neutral,BALANCED_BUDGETER
43,2024-08-20,Democrat cost evidence third.,444.02,Travel,Neutral,BALANCED_BUDGETER
43,2024-08-21,Past feeling nature.,1022.67,Travel,Excited,BALANCED_BUDGETER
43,2024-08-21,Scientist i doctor.,665.41,Food,Happy,BALANCED_BUDGETER
43,2024-08-22,Leave opportunity draw during city.,187.71,Other,Neutral,BALANCED_BUDGETER
43,2024-08-24,Soldier meeting building.,860.9,Leisure,Stressed,BALANCED_BUDGETER
43,2024-08-25,Exist professional.,116.44,Food,Excited,BALANCED_BUDGETER
43,2024-08-28,Church community.,635.53,Food,Neutral,BALANCED_BUDGETER
43,2024-08-31,Try wonder move trade.,858.33,Travel,Neutral,BALANCED_BUDGETER
43,2024-09-02,Bar professor power.,670.09,Travel,Happy,BALANCED_BUDGETER
43,2024-09-02,Dog late eat.,42.43,Travel,Happy,BALANCED_BUDGETER
43,2024-09-03,Within woman.,1474.64,Food,Excited,BALANCED_BUDGETER
43,2024-09-03,Eye something.,1593.59,Leisure,Stressed,BALANCED_BUDGETER
43,2024-09-04,You without every.,446.91,Food,Stressed,BALANCED_BUDGETER
43,2024-09-05,Something population loss physical.,1017.8,Travel,Neutral,BALANCED_BUDGETER
43,2024-09-06,Order his oil west school.,1803.43,Other,Happy,BALANCED_BUDGETER
43,2024-09-06,Remember ability.,653.06,Leisure,Stressed,BALANCED_BUDGETER
43,2024-09-08,Benefit suggest page southern.,480.24,Travel,Neutral,BALANCED_BUDGETER
43,2024-09-08,Why outside.,455.48,Education,Excited,BALANCED_BUDGETER
43,2024-09-09,Near risk.,769.72,Food,Sad,BALANCED_BUDGETER
43,2024-09-13,Key place tree.,767.31,Leisure,Excited,BALANCED_BUDGETER
43,2024-09-19,Quite general there sister.,1656.73,Leisure,Sad,BALANCED_BUDGETER
43,2024-09-19,Bed food possible represent.,279.31,Leisure,Neutral,BALANCED_BUDGETER
43,2024-09-23,Race return pretty young.,950.2,Travel,Sad,BALANCED_BUDGETER
43,2024-09-25,Attack mouth rest contain.,1208.88,Travel,Stressed,BALANCED_BUDGETER
43,2024-09-30,Dark mr clearly take.,1043.2,Leisure,Happy,BALANCED_BUDGETER
43,2024-10-01,Worker range feel.,203.92,Leisure,Happy,BALANCED_BUDGETER
43,2024-10-01,Yet wish certain usually.,750.33,Travel,Stressed,BALANCED_BUDGETER
43,2024-10-09,Idea seek.,175.78,Food,Stressed,BALANCED_BUDGETER
43,2024-10-11,Condition again successful.,2004.01,Travel,Excited,BALANCED_BUDGETER
43,2024-10-12,Range step painting concern.,654.45,Travel,Happy,BALANCED_BUDGETER
43,2024-10-13,Above dog brother morning.,1606.5,Food,Happy,BALANCED_BUDGETER
43,2024-10-14,Contain threat wrong whatever.,351.08,Travel,Happy,BALANCED_BUDGETER
43,2024-10-14,Wish candidate have no.,1149.43,Leisure,Happy,BALANCED_BUDGETER
43,2024-10-15,President likely truth animal.,149.61,Education,Neutral,BALANCED_BUDGETER
43,2024-10-18,Feeling manage as.,1409.36,Travel,Stressed,BALANCED_BUDGETER
43,2024-10-19,Reduce hour fish him.,216.27,Travel,Neutral,BALANCED_BUDGETER
43,2024-10-19,Maintain assume both long.,956.42,Food,Excited,BALANCED_BUDGETER
43,2024-10-20,Determine feel article we they.,1146.02,Food,Neutral,BALANCED_BUDGETER
43,2024-10-21,Especially unit office almost.,1078.21,Education,Stressed,BALANCED_BUDGETER
43,2024-10-24,Pretty least if.,1189.23,Education,Neutral,BALANCED_BUDGETER
43,2024-10-26,Ever day.,616.76,Education,Stressed,BALANCED_BUDGETER
43,2024-10-27,Few spring raise.,364.32,Education,Stressed,BALANCED_BUDGETER
43,2024-10-31,Claim move.,1529.81,Leisure,Stressed,BALANCED_BUDGETER
43,2024-11-01,Focus indicate result.,302.55,Travel,Excited,BALANCED_BUDGETER
43,2024-11-02,Face his.,1907.41,Travel,Sad,BALANCED_BUDGETER
43,2024-11-04,Step rate feeling rate.,30.88,Food,Stressed,BALANCED_BUDGETER
43,2024-11-05,Condition all blood.,1388.15,Food,Neutral,BALANCED_BUDGETER
43,2024-11-06,Provide car throughout american.,1530.78,Travel,Stressed,BALANCED_BUDGETER
43,2024-11-06,Course out second carry.,1964.39,Education,Stressed,BALANCED_BUDGETER
43,2024-11-07,Him note painting quickly.,313.64,Leisure,Happy,BALANCED_BUDGETER
43,2024-11-07,Provide car throughout american.,1436.36,Education,Stressed,BALANCED_BUDGETER
43,2024-11-07,Management game.,925.42,Food,Sad,BALANCED_BUDGETER
43,2024-11-09,Across involve fall.,938.31,Travel,Sad,BALANCED_BUDGETER
43,2024-11-09,Yard foot he share issue.,1250.81,Leisure,Neutral,BALANCED_BUDGETER
43,2024-11-10,Stage threat our.,249.42,Other,Neutral,BALANCED_BUDGETER
43,2024-11-11,Look fight.,1229.36,Other,Excited,BALANCED_BUDGETER
43,2024-11-16,Fear approach take case customer.,803.8,Travel,Excited,BALANCED_BUDGETER
43,2024-11-17,Kid industry.,80.06,Education,Neutral,BALANCED_BUDGETER
43,2024-11-17,At decade really issue.,1343.46,Education,Excited,BALANCED_BUDGETER
43,2024-11-17,Language budget market president.,466.51,Travel,Happy,BALANCED_BUDGETER
43,2024-11-25,Current hear claim well two.,1375.92,Leisure,Excited,BALANCED_BUDGETER
43,2024-11-29,Discussion black follow.,654.78,Travel,Sad,BALANCED_BUDGETER
43,2024-11-29,Picture approach chance none fight.,1066.93,Education,Stressed,BALANCED_BUDGETER
43,2024-12-01,Yeah far within.,1284.9,Leisure,Neutral,BALANCED_BUDGETER
43,2024-12-05,Enter capital population.,386.52,Other,Excited,BALANCED_BUDGETER
43,2024-12-06,Radio product.,1151.69,Food,Neutral,BALANCED_BUDGETER
43,2024-12-07,Yeah term.,311.01,Travel,Happy,BALANCED_BUDGETER
43,2024-12-07,Real small.,1323.68,Food,Neutral,BALANCED_BUDGETER
43,2024-12-07,Finish without.,53.94,Travel,Neutral,BALANCED_BUDGETER
43,2024-12-07,Believe arrive.,602.43,Other,Excited,BALANCED_BUDGETER
43,2024-12-12,Call animal approach factor want.,74.75,Education,Happy,BALANCED_BUDGETER
43,2024-12-13,Occur live take media hot.,1495.95,Other,Stressed,BALANCED_BUDGETER
43,2024-12-14,Bill beautiful issue.,1375.89,Leisure,Neutral,BALANCED_BUDGETER
43,2024-12-16,Dinner article hit mission whole.,525.86,Other,Neutral,BALANCED_BUDGETER
43,2024-12-16,Arrive society.,1153.36,Travel,Happy,BALANCED_BUDGETER
43,2024-12-17,Reach under.,1086.49,Food,Excited,BALANCED_BUDGETER
43,2024-12-19,Brother let.,1146.46,Education,Excited,BALANCED_BUDGETER
43,2024-12-19,Moment red eight hand.,637.92,Food,Excited,BALANCED_BUDGETER
43,2024-12-20,Check clearly follow remember generation.,386.22,Leisure,Neutral,BALANCED_BUDGETER
43,2024-12-20,News need task mind.,1543.26,Travel,Neutral,BALANCED_BUDGETER
43,2024-12-21,Each author party full kitchen.,544.93,Education,Excited,BALANCED_BUDGETER
43,2024-12-22,Difference world deep.,2185.16,Other,Neutral,BALANCED_BUDGETER
43,2024-12-23,Sense including six lot.,919.58,Food,Happy,BALANCED_BUDGETER
43,2024-12-23,Something future they red.,347.63,Education,Happy,BALANCED_BUDGETER
43,2024-12-24,Listen whose situation simply officer.,453.87,Education,Stressed,BALANCED_BUDGETER
43,2024-12-24,Billion morning draw.,302.45,Education,Stressed,BALANCED_BUDGETER
43,2024-12-25,Nice maintain present cultural.,515.75,Other,Happy,BALANCED_BUDGETER
43,2024-12-26,Much rich think.,913.56,Education,Neutral,BALANCED_BUDGETER
43,2024-12-27,Quite general there sister.,1186.38,Education,Stressed,BALANCED_BUDGETER
43,2024-12-29,Well left.,709.35,Food,Sad,BALANCED_BUDGETER
43,2024-12-31,Strategy fight institution.,1219.5,Travel,Sad,BALANCED_BUDGETER
43,2024-12-31,Understand none.,312.44,Food,Happy,BALANCED_BUDGETER
43,2025-01-02,What strong line.,18.93,Leisure,Happy,BALANCED_BUDGETER
43,2025-01-02,While total spend.,160.08,Travel,Neutral,BALANCED_BUDGETER
43,2025-01-02,Nothing behavior sort recognize.,1851.38,Leisure,Sad,BALANCED_BUDGETER
43,2025-01-03,Turn both in animal.,1968.8,Other,Sad,BALANCED_BUDGETER
43,2025-01-04,Likely outside because.,1469.43,Other,Happy,BALANCED_BUDGETER
43,2025-01-07,Nearly want front shake.,766.49,Education,Happy,BALANCED_BUDGETER
43,2025-01-11,Water positive child usually.,379.8,Food,Happy,BALANCED_BUDGETER
43,2025-01-12,Require bank child.,670.07,Food,Stressed,BALANCED_BUDGETER
43,2025-01-13,Woman whose already.,1532.37,Food,Happy,BALANCED_BUDGETER
43,2025-01-13,Race return pretty young.,1287.77,Education,Sad,BALANCED_BUDGETER
43,2025-01-15,Enjoy instead dream.,1797.08,Education,Happy,BALANCED_BUDGETER
43,2025-01-17,Carry surface learn.,1305.95,Other,Happy,BALANCED_BUDGETER
43,2025-01-25,While same budget.,622.28,Education,Neutral,BALANCED_BUDGETER
43,2025-01-25,Material less focus hear.,948.62,Travel,Neutral,BALANCED_BUDGETER
43,2025-01-26,Picture evidence.,996.43,Education,Excited,BALANCED_BUDGETER
43,2025-01-27,Be fire.,42.02,Food,Sad,BALANCED_BUDGETER
43,2025-01-27,College manage fund.,357.55,Food,Neutral,BALANCED_BUDGETER
43,2025-01-31,Finally shoulder land.,288.73,Travel,Stressed,BALANCED_BUDGETER
43,2025-01-31,Drug happy will young simply.,253.99,Travel,Neutral,BALANCED_BUDGETER
44,2024-08-01,Difference way type positive phone.,524.95,Education,Excited,BALANCED_BUDGETER
44,2024-08-02,Child group describe.,1769.48,Leisure,Happy,BALANCED_BUDGETER
44,2024-08-02,Quite general there sister.,1757.12,Education,Excited,BALANCED_BUDGETER
44,2024-08-03,Day fact modern.,282.84,Travel,Happy,BALANCED_BUDGETER
44,2024-08-04,Quite budget window hour some.,1160.84,Travel,Neutral,BALANCED_BUDGETER
44,2024-08-04,Local director become.,1132.94,Leisure,Sad,BALANCED_BUDGETER
44,2024-08-06,Law agree appear political.,1787.94,Education,Excited,BALANCED_BUDGETER
44,2024-08-07,Skin name door production back.,362.35,Travel,Stressed,BALANCED_BUDGETER
44,2024-08-09,Near risk.,560.98,Other,Neutral,BALANCED_BUDGETER
44,2024-08-09,Election hit yourself wrong want.,416.71,Leisure,Neutral,BALANCED_BUDGETER
44,2024-08-09,At decade really issue.,1887.63,Food,Happy,BALANCED_BUDGETER
44,2024-08-14,Instead ahead despite measure ago.,1476.28,Travel,Sad,BALANCED_BUDGETER
44,2024-08-14,Hard knowledge enjoy let.,1837.84,Other,Stressed,BALANCED_BUDGETER
44,2024-08-17,Ask imagine my.,1078.83,Leisure,Neutral,BALANCED_BUDGETER
44,2024-08-18,Success here television key.,976.59,Leisure,Neutral,BALANCED_BUDGETER
44,2024-08-18,On must certainly.,1031.4,Leisure,Excited,BALANCED_BUDGETER
44,2024-08-19,Cell city not not the.,140.87,Travel,Sad,BALANCED_BUDGETER
44,2024-08-19,Child group describe.,1389.33,Travel,Neutral,BALANCED_BUDGETER
44,2024-08-22,Conference trade population agreement.,1614.03,Education,Happy,BALANCED_BUDGETER
44,2024-08-22,Benefit suggest page southern.,467.98,Travel,Sad,BALANCED_BUDGETER
44,2024-08-22,Nor character recent.,1274.72,Travel,Sad,BALANCED_BUDGETER
44,2024-08-24,Company option character land space.,733.88,Education,Neutral,BALANCED_BUDGETER
44,2024-08-25,Voice american seven discussion.,143.62,Food,Neutral,BALANCED_BUDGETER
44,2024-08-26,Mention billion bed never others.,505.47,Food,Happy,BALANCED_BUDGETER
44,2024-08-26,Fish late pattern.,438.89,Education,Excited,BALANCED_BUDGETER
44,2024-08-27,Popular available public economy.,935.52,Leisure,Happy,BALANCED_BUDGETER
44,2024-08-27,Sometimes while sense window.,730.34,Food,Happy,BALANCED_BUDGETER
44,2024-08-27,In seven building hard.,32.17,Education,Happy,BALANCED_BUDGETER
44,2024-08-28,Small control see the.,717.38,Education,Stressed,BALANCED_BUDGETER
44,2024-08-30,Pressure hospital significant.,100.47,Leisure,Happy,BALANCED_BUDGETER
44,2024-08-30,Shake hand hundred now.,1394.75,Education,Stressed,BALANCED_BUDGETER
44,2024-08-30,Gas with policy cut.,1386.22,Travel,Neutral,BALANCED_BUDGETER
44,2024-08-30,Dark mr clearly take.,1309.41,Travel,Neutral,BALANCED_BUDGETER
44,2024-09-01,Check clearly follow remember generation.,489.68,Other,Happy,BALANCED_BUDGETER
44,2024-09-02,Reality fill ok list.,1607.35,Education,Neutral,BALANCED_BUDGETER
44,2024-09-11,Field a spring.,924.62,Other,Neutral,BALANCED_BUDGETER
44,2024-09-12,Discuss wall ahead scene.,1058.03,Travel,Happy,BALANCED_BUDGETER
44,2024-09-12,Ever day.,590.95,Other,Happy,BALANCED_BUDGETER
44,2024-09-17,Boy generation.,873.71,Food,Excited,BALANCED_BUDGETER
44,2024-09-18,Art green child movie blue.,1576.46,Other,Happy,BALANCED_BUDGETER
44,2024-09-20,Able late order.,801.7,Food,Happy,BALANCED_BUDGETER
44,2024-09-24,Safe whole establish.,568.45,Leisure,Neutral,BALANCED_BUDGETER
44,2024-09-25,Prove nor design record.,608.22,Travel,Excited,BALANCED_BUDGETER
44,2024-09-27,Cell city not not the.,118.8,Education,Neutral,BALANCED_BUDGETER
44,2024-09-27,Eye something.,1160.52,Other,Happy,BALANCED_BUDGETER
44,2024-10-01,Gas human create also.,151.64,Other,Happy,BALANCED_BUDGETER
44,2024-10-02,Door end fire.,1403.33,Other,Stressed,BALANCED_BUDGETER
44,2024-10-05,Energy always.,547.34,Education,Excited,BALANCED_BUDGETER
44,2024-10-06,Field a spring.,930.95,Education,Happy,BALANCED_BUDGETER
44,2024-10-07,Maintain assume both long.,1375.36,Food,Happy,BALANCED_BUDGETER
44,2024-10-07,Nice maintain present cultural.,437.73,Other,Sad,BALANCED_BUDGETER
44,2024-10-09,Able customer figure.,1071.64,Leisure,Stressed,BALANCED_BUDGETER
44,2024-10-12,Ball theory prepare much throughout.,1208.63,Education,Sad,BALANCED_BUDGETER
44,2024-10-12,Scientist do author.,1786.01,Leisure,Excited,BALANCED_BUDGETER
44,2024-10-16,Turn put professional.,726.69,Education,Happy,BALANCED_BUDGETER
44,2024-10-17,Explain research.,1758.35,Leisure,Neutral,BALANCED_BUDGETER
44,2024-10-18,Month whom stage soon.,745.41,Education,Happy,BALANCED_BUDGETER
44,2024-10-20,Worker always hold share.,121.77,Leisure,Stressed,BALANCED_BUDGETER
44,2024-10-21,Despite off consumer second.,733.58,Other,Happy,BALANCED_BUDGETER
44,2024-10-22,Amount bad raise.,569.36,Leisure,Stressed,BALANCED_BUDGETER
44,2024-10-25,Identify material.,504.36,Travel,Stressed,BALANCED_BUDGETER
44,2024-10-27,Manager bar send really.,1094.47,Other,Sad,BALANCED_BUDGETER
44,2024-10-27,End bit game thousand.,32.93,Leisure,Neutral,BALANCED_BUDGETER
44,2024-10-29,Explain research.,1867.32,Education,Sad,BALANCED_BUDGETER
44,2024-10-29,Eye south wife interest.,1242.58,Education,Happy,BALANCED_BUDGETER
44,2024-10-29,Since nothing be apply.,227.38,Travel,Stressed,BALANCED_BUDGETER
44,2024-10-29,Door end fire.,1358.84,Education,Happy,BALANCED_BUDGETER
44,2024-10-30,Language budget market president.,648.17,Food,Happy,BALANCED_BUDGETER
44,2024-10-30,Begin treat stage this.,1696.11,Other,Sad,BALANCED_BUDGETER
44,2024-10-30,Republican reduce sort individual trouble.,1549.77,Leisure,Excited,BALANCED_BUDGETER
44,2024-11-01,Wonder long consider care.,161.01,Education,Happy,BALANCED_BUDGETER
44,2024-11-02,Identify say on yes.,1153.57,Leisure,Neutral,BALANCED_BUDGETER
44,2024-11-02,Organization visit finally.,218.76,Food,Stressed,BALANCED_BUDGETER
44,2024-11-04,Oil per line create build.,1782.3,Travel,Happy,BALANCED_BUDGETER
44,2024-11-04,Let stay or focus.,746.96,Other,Neutral,BALANCED_BUDGETER
44,2024-11-05,Way main difficult case.,635.06,Travel,Stressed,BALANCED_BUDGETER
44,2024-11-05,Price institution method inside.,1617.32,Travel,Happy,BALANCED_BUDGETER
44,2024-11-06,Go consider century price.,654.05,Food,Excited,BALANCED_BUDGETER
44,2024-11-08,Property let.,874.67,Education,Excited,BALANCED_BUDGETER
44,2024-11-08,Organization ten seem.,116.47,Food,Neutral,BALANCED_BUDGETER
44,2024-11-09,Company option character land space.,883.95,Travel,Neutral,BALANCED_BUDGETER
44,2024-11-11,Start house ahead raise.,1224.75,Education,Sad,BALANCED_BUDGETER
44,2024-11-11,Technology tend.,176.43,Leisure,Neutral,BALANCED_BUDGETER
44,2024-11-12,Executive beyond create dinner conference.,948.74,Food,Neutral,BALANCED_BUDGETER
44,2024-11-14,Keep cut prevent sound.,854.81,Education,Sad,BALANCED_BUDGETER
44,2024-11-14,Brother southern project learn.,1288.35,Education,Excited,BALANCED_BUDGETER
44,2024-11-16,Opportunity lead see.,1386.62,Other,Sad,BALANCED_BUDGETER
44,2024-11-16,Space game truth special decision.,1897.62,Other,Neutral,BALANCED_BUDGETER
44,2024-11-16,Couple city you level.,877.47,Travel,Happy,BALANCED_BUDGETER
44,2024-11-19,Goal talk sit party.,1023.91,Travel,Neutral,BALANCED_BUDGETER
44,2024-11-20,Program decade home which view.,614.49,Education,Stressed,BALANCED_BUDGETER
44,2024-11-21,Section national owner determine detail.,603.22,Leisure,Happy,BALANCED_BUDGETER
44,2024-11-25,Lose modern return simple herself.,1444.16,Food,Happy,BALANCED_BUDGETER
44,2024-11-26,Material produce station visit environmental.,798.75,Travel,Neutral,BALANCED_BUDGETER
44,2024-11-26,Able customer figure.,775.77,Education,Neutral,BALANCED_BUDGETER
44,2024-11-28,Yeah term.,179.11,Other,Excited,BALANCED_BUDGETER
44,2024-11-28,Owner memory argue project.,946.16,Food,Sad,BALANCED_BUDGETER
44,2024-11-29,Professor beat window.,537.59,Travel,Stressed,BALANCED_BUDGETER
44,2024-11-29,Billion land detail exist cover.,1318.01,Food,Happy,BALANCED_BUDGETER
44,2024-11-30,She join house.,308.3,Travel,Neutral,BALANCED_BUDGETER
44,2024-12-02,Example decision garden.,112.6,Education,Neutral,BALANCED_BUDGETER
44,2024-12-03,Simply century the.,722.71,Food,Happy,BALANCED_BUDGETER
44,2024-12-03,People tend weight machine.,1333.12,Travel,Happy,BALANCED_BUDGETER
44,2024-12-06,Finally relate model.,771.29,Leisure,Stressed,BALANCED_BUDGETER
44,2024-12-07,Sort knowledge analysis together court.,316.65,Food,Neutral,BALANCED_BUDGETER
44,2024-12-07,Child group describe.,1394.65,Other,Stressed,BALANCED_BUDGETER
44,2024-12-08,Begin deep police wife.,649.29,Education,Happy,BALANCED_BUDGETER
44,2024-12-10,Difficult quite act receive stage.,829.02,Other,Happy,BALANCED_BUDGETER
44,2024-12-12,Past product make of group.,932.25,Leisure,Excited,BALANCED_BUDGETER
44,2024-12-16,Red head window be.,1192.69,Travel,Stressed,BALANCED_BUDGETER
44,2024-12-17,Able customer figure.,839.99,Education,Sad,BALANCED_BUDGETER
44,2024-12-18,Money a.,273.42,Travel,Neutral,BALANCED_BUDGETER
44,2024-12-20,Control bill.,1372.69,Other,Stressed,BALANCED_BUDGETER
44,2024-12-20,Tree imagine machine.,1351.3,Education,Happy,BALANCED_BUDGETER
44,2024-12-22,Teach cause mrs.,112.74,Other,Neutral,BALANCED_BUDGETER
44,2024-12-24,Like clear.,805.04,Education,Excited,BALANCED_BUDGETER
44,2024-12-25,Hair attorney professional.,2149.59,Education,Happy,BALANCED_BUDGETER
44,2024-12-26,Brother southern project learn.,1418.78,Leisure,Stressed,BALANCED_BUDGETER
44,2025-01-01,North question new.,1022.51,Leisure,Neutral,BALANCED_BUDGETER
44,2025-01-05,Opportunity lead see.,1901.16,Travel,Happy,BALANCED_BUDGETER
44,2025-01-05,Score moment second.,942.99,Education,Happy,BALANCED_BUDGETER
44,2025-01-05,People newspaper stay.,56.95,Education,Excited,BALANCED_BUDGETER
44,2025-01-06,Nearly care base.,1389.15,Travel,Excited,BALANCED_BUDGETER
44,2025-01-06,Tough animal someone.,977.26,Food,Happy,BALANCED_BUDGETER
44,2025-01-07,Price institution method inside.,1614.22,Other,Neutral,BALANCED_BUDGETER
44,2025-01-10,Paper memory history office.,1764.23,Travel,Neutral,BALANCED_BUDGETER
44,2025-01-10,These road.,766.12,Leisure,Excited,BALANCED_BUDGETER
44,2025-01-11,Provide car throughout american.,1456.63,Travel,Excited,BALANCED_BUDGETER
44,2025-01-11,Never effect fill general relationship.,819.54,Other,Neutral,BALANCED_BUDGETER
44,2025-01-14,Sell only manage.,980.83,Travel,Neutral,BALANCED_BUDGETER
44,2025-01-14,Win group important civil nature.,1339.98,Education,Happy,BALANCED_BUDGETER
44,2025-01-14,Focus indicate result.,209.1,Food,Stressed,BALANCED_BUDGETER
44,2025-01-16,Nation politics few each southern.,897.53,Leisure,Neutral,BALANCED_BUDGETER
44,2025-01-18,General agency bit.,918.81,Other,Happy,BALANCED_BUDGETER
44,2025-01-19,Citizen kid generation onto police.,1142.01,Food,Neutral,BALANCED_BUDGETER
44,2025-01-20,Apply less.,210.84,Travel,Happy,BALANCED_BUDGETER
44,2025-01-26,Since nothing be apply.,203.6,Education,Neutral,BALANCED_BUDGETER
44,2025-01-27,Forward sense cause write right.,1406.11,Education,Happy,BALANCED_BUDGETER
44,2025-01-27,State none production defense your.,881.59,Education,Stressed,BALANCED_BUDGETER
44,2025-01-27,Yeah far within.,1126.23,Other,Happy,BALANCED_BUDGETER
44,2025-01-29,Indeed believe interview professor.,462.17,Education,Happy,BALANCED_BUDGETER
45,2024-08-02,Western tend candidate day.,835.38,Travel,Stressed,BALANCED_BUDGETER
45,2024-08-02,Leg sport until argue.,1707.05,Education,Neutral,BALANCED_BUDGETER
45,2024-08-02,Hope floor include.,441.36,Food,Happy,BALANCED_BUDGETER
45,2024-08-03,Worker range feel.,254.31,Other,Neutral,BALANCED_BUDGETER
45,2024-08-03,Leg themselves away.,1092.68,Leisure,Happy,BALANCED_BUDGETER
45,2024-08-03,Say other never fact.,226.02,Travel,Neutral,BALANCED_BUDGETER
45,2024-08-04,Minute question their rather.,392.86,Travel,Happy,BALANCED_BUDGETER
45,2024-08-05,Statement available win politics.,507.69,Other,Excited,BALANCED_BUDGETER
45,2024-08-06,Plant event score official now.,1589.74,Education,Happy,BALANCED_BUDGETER
45,2024-08-06,Bar professor power.,758.21,Leisure,Sad,BALANCED_BUDGETER
45,2024-08-07,Even beautiful.,1742.02,Education,Neutral,BALANCED_BUDGETER
45,2024-08-08,Bill beautiful issue.,1564.58,Food,Neutral,BALANCED_BUDGETER
45,2024-08-09,Sing message board mean.,155.46,Food,Sad,BALANCED_BUDGETER
45,2024-08-09,Picture early send morning.,1257.34,Other,Sad,BALANCED_BUDGETER
45,2024-08-11,Later week democratic few.,165.33,Leisure,Happy,BALANCED_BUDGETER
45,2024-08-13,After sister should across treatment.,375.31,Education,Happy,BALANCED_BUDGETER
45,2024-08-13,Future treat bill choice.,718.28,Education,Happy,BALANCED_BUDGETER
45,2024-08-16,Organization ten seem.,118.16,Travel,Happy,BALANCED_BUDGETER
45,2024-08-17,Task improve fish.,1725.66,Education,Neutral,BALANCED_BUDGETER
45,2024-08-18,Position interest.,88.02,Education,Sad,BALANCED_BUDGETER
45,2024-08-18,Likely outside because.,1412.76,Leisure,Sad,BALANCED_BUDGETER
45,2024-08-19,Seven here sell story.,1045.57,Education,Happy,BALANCED_BUDGETER
45,2024-08-19,Feel color price next.,1038.9,Travel,Neutral,BALANCED_BUDGETER
45,2024-08-20,Soldier meeting building.,758.0,Education,Sad,BALANCED_BUDGETER
45,2024-08-21,Law agree appear political.,1503.22,Other,Excited,BALANCED_BUDGETER
45,2024-08-23,Turn both in animal.,1812.84,Travel,Happy,BALANCED_BUDGETER
45,2024-08-24,Card star avoid nothing.,103.35,Food,Stressed,BALANCED_BUDGETER
45,2024-08-24,Recent couple cost girl run.,636.62,Food,Happy,BALANCED_BUDGETER
45,2024-08-24,Past product make of group.,1305.08,Leisure,Neutral,BALANCED_BUDGETER
45,2024-08-24,Authority number.,1142.85,Leisure,Stressed,BALANCED_BUDGETER
45,2024-08-25,Report agreement sport.,1266.66,Education,Neutral,BALANCED_BUDGETER
45,2024-08-26,Receive case past only drug.,34.25,Education,Stressed,BALANCED_BUDGETER
45,2024-08-27,Network outside parent.,1830.7,Food,Neutral,BALANCED_BUDGETER
45,2024-08-27,Quite response.,1289.76,Food,Happy,BALANCED_BUDGETER
45,2024-08-27,Expect writer myself management.,1239.55,Leisure,Neutral,BALANCED_BUDGETER
45,2024-08-27,Voice boy wife condition.,1535.34,Leisure,Happy,BALANCED_BUDGETER
45,2024-08-28,Stuff avoid.,993.09,Food,Happy,BALANCED_BUDGETER
45,2024-08-29,Scientist do author.,1087.75,Food,Neutral,BALANCED_BUDGETER
45,2024-08-31,Election hit yourself wrong want.,481.56,Food,Neutral,BALANCED_BUDGETER
45,2024-09-01,Try wonder move trade.,942.41,Food,Neutral,BALANCED_BUDGETER
45,2024-09-01,Different international sell several.,1497.31,Travel,Happy,BALANCED_BUDGETER
45,2024-09-02,With young think there assume.,1097.24,Education,Stressed,BALANCED_BUDGETER
45,2024-09-02,Strong mind from.,15.5,Leisure,Neutral,BALANCED_BUDGETER
45,2024-09-03,Trip determine as statement.,1620.14,Education,Happy,BALANCED_BUDGETER
45,2024-09-03,Check purpose young.,848.21,Travel,Neutral,BALANCED_BUDGETER
45,2024-09-05,Stage threat our.,191.77,Other,Happy,BALANCED_BUDGETER
45,2024-09-06,Relate day.,129.27,Food,Happy,BALANCED_BUDGETER
45,2024-09-06,Court movie cell.,1685.06,Leisure,Happy,BALANCED_BUDGETER
45,2024-09-07,Employee become happy water bring.,222.06,Other,Stressed,BALANCED_BUDGETER
45,2024-09-07,As throughout individual list manager.,1740.59,Education,Excited,BALANCED_BUDGETER
45,2024-09-09,Evidence conference capital office.,328.3,Food,Neutral,BALANCED_BUDGETER
45,2024-09-09,American audience fight war whether.,1171.06,Travel,Sad,BALANCED_BUDGETER
45,2024-09-10,As high you more wife.,378.44,Education,Sad,BALANCED_BUDGETER
45,2024-09-11,Bed recognize store.,584.03,Travel,Excited,BALANCED_BUDGETER
45,2024-09-14,Moment red eight hand.,606.94,Education,Happy,BALANCED_BUDGETER
45,2024-09-15,Care drug data position two.,295.93,Other,Happy,BALANCED_BUDGETER
45,2024-09-16,Section national owner determine detail.,493.42,Leisure,Happy,BALANCED_BUDGETER
45,2024-09-17,Quality throughout.,1319.38,Travel,Excited,BALANCED_BUDGETER
45,2024-09-18,Water positive child usually.,490.38,Education,Neutral,BALANCED_BUDGETER
45,2024-09-20,Truth during always those high.,1078.73,Leisure,Neutral,BALANCED_BUDGETER
45,2024-09-20,Soldier meeting building.,932.82,Travel,Stressed,BALANCED_BUDGETER
45,2024-09-22,City offer financial data.,552.29,Education,Happy,BALANCED_BUDGETER
45,2024-09-23,Wrong difficult.,1268.62,Education,Stressed,BALANCED_BUDGETER
45,2024-09-23,Personal often.,517.74,Education,Neutral,BALANCED_BUDGETER
45,2024-09-23,Teach cause mrs.,171.06,Other,Neutral,BALANCED_BUDGETER
45,2024-09-24,White fire cause everybody.,928.07,Education,Stressed,BALANCED_BUDGETER
45,2024-09-24,Arrive society.,1155.4,Other,Stressed,BALANCED_BUDGETER
45,2024-09-24,Not friend federal forget bit.,748.52,Travel,Happy,BALANCED_BUDGETER
45,2024-09-25,Agreement red way nor none.,666.92,Food,Stressed,BALANCED_BUDGETER
45,2024-09-25,Three certain.,1183.27,Food,Happy,BALANCED_BUDGETER
45,2024-09-26,Participant price.,1196.86,Food,Stressed,BALANCED_BUDGETER
45,2024-09-27,Note discuss discussion reach grow.,289.32,Food,Stressed,BALANCED_BUDGETER
45,2024-09-27,Sit enter perhaps however.,893.14,Travel,Sad,BALANCED_BUDGETER
45,2024-09-29,Huge response long.,43.0,Food,Stressed,BALANCED_BUDGETER
45,2024-09-29,Billion morning draw.,235.92,Other,Happy,BALANCED_BUDGETER
45,2024-09-30,Believe product eat generation put.,751.33,Other,Neutral,BALANCED_BUDGETER
45,2024-10-01,Field seat start pm.,1139.77,Other,Happy,BALANCED_BUDGETER
45,2024-10-01,Item treat area.,1407.68,Food,Neutral,BALANCED_BUDGETER
45,2024-10-02,Born itself law west.,1827.46,Travel,Neutral,BALANCED_BUDGETER
45,2024-10-04,Maintain former campaign pretty beyond.,203.6,Travel,Happy,BALANCED_BUDGETER
45,2024-10-04,Rate society floor long same.,2071.71,Other,Neutral,BALANCED_BUDGETER
45,2024-10-06,Because career course.,1431.71,Food,Stressed,BALANCED_BUDGETER
45,2024-10-07,Yes at seat ok.,1611.9,Travel,Excited,BALANCED_BUDGETER
45,2024-10-07,Activity decide really go.,1169.35,Leisure,Sad,BALANCED_BUDGETER
45,2024-10-07,Amount bad raise.,591.52,Food,Neutral,BALANCED_BUDGETER
45,2024-10-08,Sell only manage.,1421.33,Leisure,Sad,BALANCED_BUDGETER
45,2024-10-08,Almost outside middle.,601.59,Food,Neutral,BALANCED_BUDGETER
45,2024-10-09,Management sense technology check civil.,529.5,Leisure,Neutral,BALANCED_BUDGETER
45,2024-10-10,Hard knowledge enjoy let.,1346.5,Food,Excited,BALANCED_BUDGETER
45,2024-10-10,Turn both in animal.,1552.5,Education,Neutral,BALANCED_BUDGETER
45,2024-10-11,Story case.,1286.13,Leisure,Stressed,BALANCED_BUDGETER
45,2024-10-12,Pressure hospital significant.,193.92,Other,Happy,BALANCED_BUDGETER
45,2024-10-12,Indicate herself.,469.55,Travel,Happy,BALANCED_BUDGETER
45,2024-10-15,This manage her.,1099.55,Food,Stressed,BALANCED_BUDGETER
45,2024-10-16,Police two.,1816.42,Travel,Sad,BALANCED_BUDGETER
45,2024-10-16,Price institution method inside.,1306.32,Food,Happy,BALANCED_BUDGETER
45,2024-10-16,Case expert stop.,2053.51,Education,Excited,BALANCED_BUDGETER
45,2024-10-17,None whose.,788.98,Leisure,Happy,BALANCED_BUDGETER
45,2024-10-17,Food affect upon these story.,1237.79,Food,Stressed,BALANCED_BUDGETER
45,2024-10-19,Amount bad raise.,712.14,Travel,Stressed,BALANCED_BUDGETER
45,2024-10-20,Say other never fact.,201.54,Food,Excited,BALANCED_BUDGETER
45,2024-10-20,As throughout individual list manager.,1342.44,Leisure,Stressed,BALANCED_BUDGETER
45,2024-10-21,Feeling manage as.,1321.13,Other,Neutral,BALANCED_BUDGETER
45,2024-10-21,True culture.,298.18,Leisure,Stressed,BALANCED_BUDGETER
45,2024-10-21,Maintain former campaign pretty beyond.,139.93,Leisure,Neutral,BALANCED_BUDGETER
45,2024-10-22,Democrat hundred.,227.47,Travel,Excited,BALANCED_BUDGETER
45,2024-10-23,Think live bad total research.,1883.58,Travel,Neutral,BALANCED_BUDGETER
45,2024-10-27,Something story attorney summer.,1160.93,Leisure,Sad,BALANCED_BUDGETER
45,2024-10-30,Stage someone for power.,617.88,Education,Neutral,BALANCED_BUDGETER
45,2024-10-30,Remember nearly face feel.,1257.43,Other,Happy,BALANCED_BUDGETER
45,2024-10-30,Sure i pay.,1047.78,Education,Excited,BALANCED_BUDGETER
45,2024-10-31,Democrat hundred.,199.01,Travel,Excited,BALANCED_BUDGETER
45,2024-11-02,Onto site both change note.,262.8,Food,Neutral,BALANCED_BUDGETER
45,2024-11-02,Fact reason make office.,796.03,Education,Neutral,BALANCED_BUDGETER
45,2024-11-03,Voice american seven discussion.,232.56,Other,Excited,BALANCED_BUDGETER
45,2024-11-04,Mean common.,343.8,Food,Stressed,BALANCED_BUDGETER
45,2024-11-04,With young think there assume.,1217.07,Travel,Neutral,BALANCED_BUDGETER
45,2024-11-04,Image movie who debate.,553.89,Other,Happy,BALANCED_BUDGETER
45,2024-11-05,Good anything manager think pressure.,208.59,Leisure,Happy,BALANCED_BUDGETER
45,2024-11-05,Test they there.,1081.54,Leisure,Happy,BALANCED_BUDGETER
45,2024-11-06,Current after charge.,1360.78,Food,Neutral,BALANCED_BUDGETER
45,2024-11-06,Kid put memory soldier.,145.49,Leisure,Happy,BALANCED_BUDGETER
45,2024-11-09,Be plan same cause.,1464.72,Leisure,Happy,BALANCED_BUDGETER
45,2024-11-09,Organization visit finally.,164.08,Food,Neutral,BALANCED_BUDGETER
45,2024-11-10,Indeed believe interview professor.,510.24,Other,Sad,BALANCED_BUDGETER
45,2024-11-11,Miss reduce animal clearly cell.,988.08,Travel,Stressed,BALANCED_BUDGETER
45,2024-11-11,Above company media next me.,856.68,Food,Happy,BALANCED_BUDGETER
45,2024-11-11,My serious whatever miss seek.,1081.16,Travel,Stressed,BALANCED_BUDGETER
45,2024-11-12,Specific whose.,172.37,Food,Sad,BALANCED_BUDGETER
45,2024-11-13,Research visit program suddenly doctor.,1639.58,Leisure,Neutral,BALANCED_BUDGETER
45,2024-11-14,Nor character recent.,1242.9,Education,Excited,BALANCED_BUDGETER
45,2024-11-17,Price my.,1856.78,Other,Stressed,BALANCED_BUDGETER
45,2024-11-17,Nothing behavior sort recognize.,1813.11,Travel,Neutral,BALANCED_BUDGETER
45,2024-11-18,Fall care.,771.22,Travel,Happy,BALANCED_BUDGETER
45,2024-11-18,Citizen kid generation onto police.,1028.53,Travel,Sad,BALANCED_BUDGETER
45,2024-11-19,Improve simple turn.,1677.65,Education,Neutral,BALANCED_BUDGETER
45,2024-11-20,Really society live camera.,66.24,Other,Sad,BALANCED_BUDGETER
45,2024-11-24,Walk cup option store.,1426.18,Travel,Stressed,BALANCED_BUDGETER
45,2024-11-24,Company left nothing trip.,528.42,Travel,Neutral,BALANCED_BUDGETER
45,2024-11-24,Option goal avoid.,1300.29,Other,Happy,BALANCED_BUDGETER
45,2024-11-24,Mr suggest issue.,1031.02,Leisure,Excited,BALANCED_BUDGETER
45,2024-11-26,Investment local above move.,1243.86,Other,Happy,BALANCED_BUDGETER
45,2024-11-26,Else easy point she.,246.53,Food,Neutral,BALANCED_BUDGETER
45,2024-11-26,Sell include himself produce.,778.26,Travel,Neutral,BALANCED_BUDGETER
45,2024-11-28,Magazine degree husband around.,1376.86,Education,Happy,BALANCED_BUDGETER
45,2024-11-28,On someone rise read.,1232.38,Education,Happy,BALANCED_BUDGETER
45,2024-11-30,Forget once hope security.,989.42,Other,Stressed,BALANCED_BUDGETER
45,2024-12-01,Picture approach chance none fight.,1439.62,Education,Sad,BALANCED_BUDGETER
45,2024-12-02,Tell brother defense list second.,681.25,Other,Happy,BALANCED_BUDGETER
45,2024-12-02,Anyone spend them system.,242.72,Travel,Happy,BALANCED_BUDGETER
45,2024-12-02,Capital program story mention majority.,350.46,Travel,Neutral,BALANCED_BUDGETER
45,2024-12-05,Common anyone.,311.24,Leisure,Stressed,BALANCED_BUDGETER
45,2024-12-05,Art green child movie blue.,1361.41,Other,Sad,BALANCED_BUDGETER
45,2024-12-05,Five store ask data.,1327.41,Food,Neutral,BALANCED_BUDGETER
45,2024-12-06,Receive to piece.,591.07,Food,Neutral,BALANCED_BUDGETER
45,2024-12-08,Main board population.,281.06,Food,Neutral,BALANCED_BUDGETER
45,2024-12-08,Policy mrs.,453.55,Food,Excited,BALANCED_BUDGETER
45,2024-12-10,Past feeling nature.,766.85,Travel,Excited,BALANCED_BUDGETER
45,2024-12-11,What than political up instead.,465.19,Other,Sad,BALANCED_BUDGETER
45,2024-12-12,Like clear.,679.87,Leisure,Neutral,BALANCED_BUDGETER
45,2024-12-12,By field move.,551.02,Other,Sad,BALANCED_BUDGETER
45,2024-12-14,Require bank child.,644.03,Other,Neutral,BALANCED_BUDGETER
45,2024-12-15,Hand so add mr lawyer.,1092.2,Other,Stressed,BALANCED_BUDGETER
45,2024-12-16,Else easy point she.,204.16,Travel,Stressed,BALANCED_BUDGETER
45,2024-12-16,Indicate herself.,578.73,Food,Happy,BALANCED_BUDGETER
45,2024-12-19,Down occur.,1591.4,Food,Neutral,BALANCED_BUDGETER
45,2024-12-20,Language however risk work.,1180.55,Travel,Excited,BALANCED_BUDGETER
45,2024-12-21,Democratic station course full.,1478.11,Leisure,Happy,BALANCED_BUDGETER
45,2024-12-22,City offer financial data.,410.83,Leisure,Neutral,BALANCED_BUDGETER
45,2024-12-24,Price institution method inside.,1233.99,Leisure,Neutral,BALANCED_BUDGETER
45,2024-12-24,Quickly new another general poor.,503.9,Leisure,Stressed,BALANCED_BUDGETER
45,2024-12-25,Anyone here deep.,95.11,Education,Excited,BALANCED_BUDGETER
45,2024-12-26,Firm financial.,1646.22,Food,Excited,BALANCED_BUDGETER
45,2024-12-28,Gas contain interest industry sell.,513.75,Other,Excited,BALANCED_BUDGETER
45,2024-12-30,Thousand live land hard.,1313.05,Education,Happy,BALANCED_BUDGETER
45,2025-01-01,Recognize media goal.,84.5,Other,Stressed,BALANCED_BUDGETER
45,2025-01-01,Three certain.,1250.65,Leisure,Neutral,BALANCED_BUDGETER
45,2025-01-02,Beautiful beyond sell.,137.97,Other,Happy,BALANCED_BUDGETER
45,2025-01-03,Stuff avoid.,864.86,Food,Stressed,BALANCED_BUDGETER
45,2025-01-03,Car much will.,1616.7,Education,Sad,BALANCED_BUDGETER
45,2025-01-06,Order his oil west school.,2096.25,Other,Sad,BALANCED_BUDGETER
45,2025-01-07,Provide car throughout american.,1838.95,Food,Neutral,BALANCED_BUDGETER
45,2025-01-08,Instead writer.,321.36,Food,Neutral,BALANCED_BUDGETER
45,2025-01-09,Way cold.,470.55,Other,Neutral,BALANCED_BUDGETER
45,2025-01-09,Reduce hour fish him.,207.44,Other,Neutral,BALANCED_BUDGETER
45,2025-01-10,Management sense technology check civil.,546.68,Leisure,Happy,BALANCED_BUDGETER
45,2025-01-10,Include record security.,612.41,Education,Neutral,BALANCED_BUDGETER
45,2025-01-11,Development provide dark daughter.,1974.95,Other,Neutral,BALANCED_BUDGETER
45,2025-01-13,Hair attorney professional.,1817.05,Food,Happy,BALANCED_BUDGETER
45,2025-01-14,Course out second carry.,1883.92,Leisure,Neutral,BALANCED_BUDGETER
45,2025-01-15,Evidence enough claim suffer.,114.84,Travel,Happy,BALANCED_BUDGETER
45,2025-01-15,Able late order.,940.35,Travel,Excited,BALANCED_BUDGETER
45,2025-01-16,Likely outside because.,2379.1,Food,Happy,BALANCED_BUDGETER
45,2025-01-16,Them key.,1482.22,Leisure,Happy,BALANCED_BUDGETER
45,2025-01-19,Never effect fill general relationship.,923.27,Food,Happy,BALANCED_BUDGETER
45,2025-01-19,Heart determine likely.,789.04,Food,Happy,BALANCED_BUDGETER
45,2025-01-22,Stage someone for power.,992.83,Education,Sad,BALANCED_BUDGETER
45,2025-01-23,Guess service this different.,1023.09,Leisure,Sad,BALANCED_BUDGETER
45,2025-01-24,Draw police.,712.29,Food,Neutral,BALANCED_BUDGETER
45,2025-01-24,We cold deep.,95.43,Education,Happy,BALANCED_BUDGETER
45,2025-01-24,Peace wind guess.,348.1,Other,Neutral,BALANCED_BUDGETER
45,2025-01-25,Against only.,990.91,Travel,Happy,BALANCED_BUDGETER
45,2025-01-25,Exist theory.,1069.66,Food,Happy,BALANCED_BUDGETER
45,2025-01-26,Determine not view cell seat.,561.14,Travel,Happy,BALANCED_BUDGETER
45,2025-01-29,Tree note responsibility.,948.86,Travel,Neutral,BALANCED_BUDGETER
45,2025-01-29,Walk cup option store.,1516.47,Other,Neutral,BALANCED_BUDGETER
45,2025-01-29,Window music evening know.,400.72,Education,Happy,BALANCED_BUDGETER
45,2025-01-31,Leave run goal cause.,616.32,Leisure,Neutral,BALANCED_BUDGETER
45,2025-01-31,Section national owner determine detail.,477.86,Other,Sad,BALANCED_BUDGETER
46,2024-08-01,Real small.,1248.66,Education,Neutral,BALANCED_BUDGETER
46,2024-08-01,Reality fill ok list.,2180.02,Travel,Neutral,BALANCED_BUDGETER
46,2024-08-02,Understand none.,403.13,Education,Neutral,BALANCED_BUDGETER
46,2024-08-03,Car indeed nor next.,1195.36,Education,Neutral,BALANCED_BUDGETER
46,2024-08-03,Gas contain interest industry sell.,639.93,Other,Happy,BALANCED_BUDGETER
46,2024-08-05,Likely push.,548.33,Other,Happy,BALANCED_BUDGETER
46,2024-08-06,Why station manager.,1041.31,Travel,Neutral,BALANCED_BUDGETER
46,2024-08-07,Despite energy company.,624.03,Other,Stressed,BALANCED_BUDGETER
46,2024-08-08,Need finally when.,1598.83,Travel,Excited,BALANCED_BUDGETER
46,2024-08-08,Option goal avoid.,1109.1,Leisure,Stressed,BALANCED_BUDGETER
46,2024-08-10,Especially unit office almost.,870.35,Other,Happy,BALANCED_BUDGETER
46,2024-08-13,Road product wait.,944.96,Leisure,Neutral,BALANCED_BUDGETER
46,2024-08-14,Major bar air set.,280.79,Education,Sad,BALANCED_BUDGETER
46,2024-08-14,Soon including important.,1515.39,Education,Neutral,BALANCED_BUDGETER
46,2024-08-14,Wonder long consider care.,195.72,Education,Stressed,BALANCED_BUDGETER
46,2024-08-15,Beat light the window.,1015.19,Food,Neutral,BALANCED_BUDGETER
46,2024-08-16,Do interesting material.,1479.76,Food,Stressed,BALANCED_BUDGETER
46,2024-08-17,So draw food company.,608.1,Other,Stressed,BALANCED_BUDGETER
46,2024-08-21,Talk interest hand.,1214.12,Leisure,Neutral,BALANCED_BUDGETER
46,2024-08-22,Dinner article hit mission whole.,647.68,Food,Neutral,BALANCED_BUDGETER
46,2024-08-23,Participant price.,2050.97,Travel,Happy,BALANCED_BUDGETER
46,2024-08-25,Throughout leader bag.,445.78,Travel,Sad,BALANCED_BUDGETER
46,2024-08-25,Fear song save.,233.96,Travel,Happy,BALANCED_BUDGETER
46,2024-08-25,Leader operation mean white.,450.32,Leisure,Happy,BALANCED_BUDGETER
46,2024-08-26,Third letter sort reveal seven.,1290.06,Food,Stressed,BALANCED_BUDGETER
46,2024-08-26,Feel color price next.,936.0,Leisure,Happy,BALANCED_BUDGETER
46,2024-08-26,Career surface these ahead.,1311.91,Travel,Neutral,BALANCED_BUDGETER
46,2024-08-26,Finish increase economy middle public.,963.34,Leisure,Neutral,BALANCED_BUDGETER
46,2024-08-26,Economic box save.,355.92,Leisure,Neutral,BALANCED_BUDGETER
46,2024-08-27,Energy always.,434.27,Education,Stressed,BALANCED_BUDGETER
46,2024-08-29,Talk interest hand.,936.04,Travel,Neutral,BALANCED_BUDGETER
46,2024-08-29,Image movie who debate.,471.36,Food,Neutral,BALANCED_BUDGETER
46,2024-08-30,Real know our any.,939.63,Food,Stressed,BALANCED_BUDGETER
46,2024-08-30,Together let.,559.34,Food,Happy,BALANCED_BUDGETER
46,2024-09-01,Instead writer.,296.21,Education,Excited,BALANCED_BUDGETER
46,2024-09-02,Day already hold.,326.86,Education,Happy,BALANCED_BUDGETER
46,2024-09-04,Brother let.,1493.24,Travel,Happy,BALANCED_BUDGETER
46,2024-09-05,Investment pass drive.,724.82,Leisure,Sad,BALANCED_BUDGETER
46,2024-09-05,Message seek civil all.,630.7,Other,Sad,BALANCED_BUDGETER
46,2024-09-06,Party employee nature down.,1245.54,Food,Sad,BALANCED_BUDGETER
46,2024-09-06,Miss have analysis morning.,1018.75,Travel,Stressed,BALANCED_BUDGETER
46,2024-09-07,Something population loss physical.,1254.9,Food,Excited,BALANCED_BUDGETER
46,2024-09-07,Pass range appear home player.,391.4,Education,Neutral,BALANCED_BUDGETER
46,2024-09-07,Challenge large wish move.,1030.61,Food,Stressed,BALANCED_BUDGETER
46,2024-09-09,Above others.,1768.98,Food,Stressed,BALANCED_BUDGETER
46,2024-09-12,Near risk.,661.69,Travel,Sad,BALANCED_BUDGETER
46,2024-09-13,Fear yourself last.,298.8,Travel,Happy,BALANCED_BUDGETER
46,2024-09-13,Positive question especially.,1452.22,Leisure,Neutral,BALANCED_BUDGETER
46,2024-09-13,Picture approach chance none fight.,1161.72,Food,Sad,BALANCED_BUDGETER
46,2024-09-13,Listen against coach.,1399.69,Other,Neutral,BALANCED_BUDGETER
46,2024-09-14,Long identify road speech.,364.4,Leisure,Stressed,BALANCED_BUDGETER
46,2024-09-17,Perhaps order answer blue structure.,1228.24,Travel,Happy,BALANCED_BUDGETER
46,2024-09-18,Describe paper.,561.63,Food,Happy,BALANCED_BUDGETER
46,2024-09-21,Group never.,314.01,Leisure,Excited,BALANCED_BUDGETER
46,2024-09-21,Few spring raise.,441.97,Education,Neutral,BALANCED_BUDGETER
46,2024-09-25,Course out second carry.,1329.06,Leisure,Sad,BALANCED_BUDGETER
46,2024-09-26,Left available.,742.89,Travel,Stressed,BALANCED_BUDGETER
46,2024-09-26,Resource road do.,618.86,Food,Happy,BALANCED_BUDGETER
46,2024-09-27,Three certain.,1138.08,Other,Excited,BALANCED_BUDGETER
46,2024-09-28,Money modern receive partner.,36.36,Other,Neutral,BALANCED_BUDGETER
46,2024-09-30,Something story attorney summer.,1093.81,Other,Happy,BALANCED_BUDGETER
46,2024-10-03,Choice father why often.,1023.89,Education,Excited,BALANCED_BUDGETER
46,2024-10-03,Strong mind from.,19.78,Education,Happy,BALANCED_BUDGETER
46,2024-10-03,Authority number.,1913.89,Travel,Happy,BALANCED_BUDGETER
46,2024-10-04,Moment red eight hand.,753.48,Leisure,Neutral,BALANCED_BUDGETER
46,2024-10-04,While total spend.,153.68,Travel,Stressed,BALANCED_BUDGETER
46,2024-10-06,Country little reality level.,411.48,Other,Neutral,BALANCED_BUDGETER
46,2024-10-07,Boy different chance enter.,178.57,Food,Sad,BALANCED_BUDGETER
46,2024-10-08,Old wall report purpose.,662.41,Travel,Neutral,BALANCED_BUDGETER
46,2024-10-09,Available defense.,1509.74,Leisure,Neutral,BALANCED_BUDGETER
46,2024-10-09,Billion land detail exist cover.,1502.06,Other,Stressed,BALANCED_BUDGETER
46,2024-10-09,List leg address into their.,2317.9,Food,Happy,BALANCED_BUDGETER
46,2024-10-10,Management game.,678.45,Other,Stressed,BALANCED_BUDGETER
46,2024-10-10,Mission put budget house.,173.79,Leisure,Sad,BALANCED_BUDGETER
46,2024-10-12,Wrong difficult.,1579.53,Other,Happy,BALANCED_BUDGETER
46,2024-10-13,In seven building hard.,33.86,Food,Happy,BALANCED_BUDGETER
46,2024-10-13,Big the cost for leader.,579.87,Food,Happy,BALANCED_BUDGETER
46,2024-10-13,Girl suddenly.,1347.95,Food,Neutral,BALANCED_BUDGETER
46,2024-10-14,Scientist i doctor.,521.53,Food,Neutral,BALANCED_BUDGETER
46,2024-10-15,Material produce station visit environmental.,1071.31,Travel,Happy,BALANCED_BUDGETER
46,2024-10-15,Daughter war.,696.71,Food,Stressed,BALANCED_BUDGETER
46,2024-10-16,Finish thing.,788.65,Other,Happy,BALANCED_BUDGETER
46,2024-10-16,Occur live take media hot.,1314.27,Education,Neutral,BALANCED_BUDGETER
46,2024-10-17,Heavy law church.,1051.89,Education,Neutral,BALANCED_BUDGETER
46,2024-10-17,Significant up still management.,1317.86,Other,Excited,BALANCED_BUDGETER
46,2024-10-17,Network never.,334.09,Travel,Happy,BALANCED_BUDGETER
46,2024-10-17,Begin treat stage this.,1521.4,Leisure,Happy,BALANCED_BUDGETER
46,2024-10-17,Military onto blue activity.,703.0,Food,Happy,BALANCED_BUDGETER
46,2024-10-18,Within set region beyond.,1398.56,Food,Happy,BALANCED_BUDGETER
46,2024-10-18,Machine whatever everything fear walk.,1114.74,Food,Sad,BALANCED_BUDGETER
46,2024-10-19,Thousand live land hard.,1409.77,Travel,Stressed,BALANCED_BUDGETER
46,2024-10-24,Window research his.,424.68,Education,Neutral,BALANCED_BUDGETER
46,2024-10-25,Letter environment easy.,255.13,Education,Excited,BALANCED_BUDGETER
46,2024-10-25,Industry impact certainly.,632.38,Education,Excited,BALANCED_BUDGETER
46,2024-10-25,Much section investment on gun.,1621.69,Other,Stressed,BALANCED_BUDGETER
46,2024-10-28,Change she tonight.,946.27,Leisure,Stressed,BALANCED_BUDGETER
46,2024-10-30,First blood accept final.,741.53,Leisure,Sad,BALANCED_BUDGETER
46,2024-10-30,Reflect star.,967.19,Travel,Happy,BALANCED_BUDGETER
46,2024-10-31,Its develop until watch.,869.13,Education,Stressed,BALANCED_BUDGETER
46,2024-11-01,Finish thing.,564.94,Travel,Happy,BALANCED_BUDGETER
46,2024-11-03,Behind front attack song little.,1230.48,Leisure,Happy,BALANCED_BUDGETER
46,2024-11-04,Choice father why often.,1406.1,Travel,Neutral,BALANCED_BUDGETER
46,2024-11-05,Four field area young.,1262.73,Food,Neutral,BALANCED_BUDGETER
46,2024-11-05,Eye south wife interest.,1506.01,Education,Happy,BALANCED_BUDGETER
46,2024-11-09,People education great.,1619.8,Education,Stressed,BALANCED_BUDGETER
46,2024-11-09,Within woman.,1693.16,Education,Happy,BALANCED_BUDGETER
46,2024-11-12,Along hard need involve among.,371.63,Travel,Happy,BALANCED_BUDGETER
46,2024-11-15,Place offer.,323.54,Other,Stressed,BALANCED_BUDGETER
46,2024-11-16,Size sing tree kitchen.,1023.93,Education,Happy,BALANCED_BUDGETER
46,2024-11-16,Buy tax.,1444.18,Food,Happy,BALANCED_BUDGETER
46,2024-11-17,Either rich agency might.,1272.51,Travel,Stressed,BALANCED_BUDGETER
46,2024-11-17,Quite budget window hour some.,1115.58,Education,Neutral,BALANCED_BUDGETER
46,2024-11-17,Beat light the window.,589.07,Travel,Neutral,BALANCED_BUDGETER
46,2024-11-18,Forward sense cause write right.,1431.0,Leisure,Neutral,BALANCED_BUDGETER
46,2024-11-18,Pattern ahead compare form full.,829.23,Education,Neutral,BALANCED_BUDGETER
46,2024-11-19,Draw police.,981.13,Food,Happy,BALANCED_BUDGETER
46,2024-11-19,Window research his.,503.4,Education,Sad,BALANCED_BUDGETER
46,2024-11-19,Training occur could painting.,814.64,Leisure,Happy,BALANCED_BUDGETER
46,2024-11-19,Soldier meeting building.,799.3,Other,Neutral,BALANCED_BUDGETER
46,2024-11-22,Road product wait.,1016.16,Education,Excited,BALANCED_BUDGETER
46,2024-11-22,Door management guess.,1484.77,Food,Neutral,BALANCED_BUDGETER
46,2024-11-24,Daughter war.,465.62,Other,Stressed,BALANCED_BUDGETER
46,2024-11-25,Ahead certainly second everyone.,1452.4,Food,Happy,BALANCED_BUDGETER
46,2024-11-26,Down occur.,1685.28,Food,Happy,BALANCED_BUDGETER
46,2024-11-26,How any federal star.,537.62,Food,Excited,BALANCED_BUDGETER
46,2024-11-26,Real know our any.,885.18,Food,Neutral,BALANCED_BUDGETER
46,2024-11-27,Condition again successful.,1371.61,Food,Stressed,BALANCED_BUDGETER
46,2024-11-27,Agreement someone.,962.31,Other,Stressed,BALANCED_BUDGETER
46,2024-11-27,Heavy what least mouth national.,115.54,Education,Neutral,BALANCED_BUDGETER
46,2024-11-28,Well mission situation result.,1577.71,Travel,Neutral,BALANCED_BUDGETER
46,2024-11-28,Plant event score official now.,1332.56,Leisure,Happy,BALANCED_BUDGETER
46,2024-11-28,Somebody son suddenly perform.,142.41,Education,Happy,BALANCED_BUDGETER
46,2024-11-30,Along hard need involve among.,246.59,Other,Stressed,BALANCED_BUDGETER
46,2024-11-30,Act way beat result major.,393.7,Leisure,Excited,BALANCED_BUDGETER
46,2024-12-01,Support possible.,496.24,Leisure,Sad,BALANCED_BUDGETER
46,2024-12-01,Leave opportunity draw during city.,285.19,Leisure,Happy,BALANCED_BUDGETER
46,2024-12-02,Call whole.,1125.05,Food,Happy,BALANCED_BUDGETER
46,2024-12-02,Science drug.,257.9,Travel,Sad,BALANCED_BUDGETER
46,2024-12-04,That reflect send set fly.,106.73,Leisure,Excited,BALANCED_BUDGETER
46,2024-12-05,Mind door authority outside.,1109.54,Other,Sad,BALANCED_BUDGETER
46,2024-12-05,None pressure lay future stay.,938.15,Travel,Happy,BALANCED_BUDGETER
46,2024-12-07,Wide cut player wind.,1025.77,Other,Excited,BALANCED_BUDGETER
46,2024-12-07,You ready way rule.,1254.95,Travel,Happy,BALANCED_BUDGETER
46,2024-12-07,Strategy face make.,96.59,Leisure,Sad,BALANCED_BUDGETER
46,2024-12-09,Sometimes while sense window.,859.97,Leisure,Stressed,BALANCED_BUDGETER
46,2024-12-11,Fact huge fight.,1165.17,Other,Stressed,BALANCED_BUDGETER
46,2024-12-11,Wear use edge this draw.,1152.43,Travel,Stressed,BALANCED_BUDGETER
46,2024-12-12,Pretty section degree still.,203.65,Leisure,Happy,BALANCED_BUDGETER
46,2024-12-12,Save network item one under.,1817.21,Food,Neutral,BALANCED_BUDGETER
46,2024-12-13,Scene almost leave.,924.62,Education,Stressed,BALANCED_BUDGETER
46,2024-12-14,Network available mean share.,872.68,Other,Happy,BALANCED_BUDGETER
46,2024-12-18,Approach side model you billion.,1296.29,Leisure,Stressed,BALANCED_BUDGETER
46,2024-12-18,As music film move.,654.92,Travel,Happy,BALANCED_BUDGETER
46,2024-12-22,Exist theory.,1740.7,Food,Neutral,BALANCED_BUDGETER
46,2024-12-22,Effect cultural.,377.06,Education,Stressed,BALANCED_BUDGETER
46,2024-12-23,Attack mouth rest contain.,1136.5,Education,Stressed,BALANCED_BUDGETER
46,2024-12-23,Billion land detail exist cover.,1194.65,Leisure,Happy,BALANCED_BUDGETER
46,2024-12-23,Hear officer.,971.1,Education,Happy,BALANCED_BUDGETER
46,2024-12-23,Doctor mr.,113.63,Education,Happy,BALANCED_BUDGETER
46,2024-12-24,Guess service this different.,753.36,Leisure,Happy,BALANCED_BUDGETER
46,2024-12-26,Office of remember individual.,11.24,Education,Happy,BALANCED_BUDGETER
46,2024-12-27,Moment eat personal.,1900.08,Other,Happy,BALANCED_BUDGETER
46,2024-12-27,Million kind everything young.,1318.8,Travel,Neutral,BALANCED_BUDGETER
46,2024-12-27,Support possible.,464.26,Other,Neutral,BALANCED_BUDGETER
46,2024-12-28,Anyone here deep.,78.08,Other,Happy,BALANCED_BUDGETER
46,2024-12-29,Unit again easy morning four.,212.76,Education,Neutral,BALANCED_BUDGETER
46,2024-12-29,Never effect fill general relationship.,625.68,Education,Neutral,BALANCED_BUDGETER
46,2024-12-30,Face build market.,1407.28,Food,Stressed,BALANCED_BUDGETER
46,2024-12-31,Organization visit finally.,223.11,Leisure,Neutral,BALANCED_BUDGETER
46,2024-12-31,Their off.,790.86,Leisure,Neutral,BALANCED_BUDGETER
46,2025-01-02,Fear fact.,563.6,Food,Happy,BALANCED_BUDGETER
46,2025-01-04,Herself police he push likely.,178.56,Food,Excited,BALANCED_BUDGETER
46,2025-01-06,Human public health.,389.21,Other,Excited,BALANCED_BUDGETER
46,2025-01-07,By two bad fall pick.,1452.55,Other,Stressed,BALANCED_BUDGETER
46,2025-01-07,Boy generation.,1230.34,Travel,Stressed,BALANCED_BUDGETER
46,2025-01-08,Their off.,1006.46,Education,Excited,BALANCED_BUDGETER
46,2025-01-11,White fire cause everybody.,779.01,Food,Neutral,BALANCED_BUDGETER
46,2025-01-13,Law read citizen.,423.41,Travel,Stressed,BALANCED_BUDGETER
46,2025-01-13,Too song quality per build.,1551.24,Other,Stressed,BALANCED_BUDGETER
46,2025-01-14,Compare system white magazine after.,1180.68,Education,Excited,BALANCED_BUDGETER
46,2025-01-16,Likely scientist.,792.83,Other,Happy,BALANCED_BUDGETER
46,2025-01-16,Forget once hope security.,1276.83,Travel,Neutral,BALANCED_BUDGETER
46,2025-01-17,Research visit program suddenly doctor.,1428.23,Education,Happy,BALANCED_BUDGETER
46,2025-01-17,Until truth feeling view.,356.67,Food,Neutral,BALANCED_BUDGETER
46,2025-01-18,Give white everybody paper create.,745.09,Education,Neutral,BALANCED_BUDGETER
46,2025-01-18,Bed report item.,1201.88,Travel,Excited,BALANCED_BUDGETER
46,2025-01-18,Which raise american truth.,2127.55,Other,Happy,BALANCED_BUDGETER
46,2025-01-19,Car much will.,1218.0,Food,Stressed,BALANCED_BUDGETER
46,2025-01-20,Particularly score order modern.,1039.28,Travel,Sad,BALANCED_BUDGETER
46,2025-01-21,Instead writer.,325.39,Leisure,Neutral,BALANCED_BUDGETER
46,2025-01-21,Heavy law church.,1160.1,Leisure,Neutral,BALANCED_BUDGETER
46,2025-01-22,Kind appear environment capital explain.,1161.9,Food,Happy,BALANCED_BUDGETER
46,2025-01-22,Week yourself public especially american.,609.23,Food,Neutral,BALANCED_BUDGETER
46,2025-01-22,Enter threat economic.,2034.18,Leisure,Stressed,BALANCED_BUDGETER
46,2025-01-22,Five indicate chance heavy senior.,753.07,Travel,Excited,BALANCED_BUDGETER
46,2025-01-22,Development the inside thought.,955.95,Education,Excited,BALANCED_BUDGETER
46,2025-01-23,Floor there career.,509.4,Travel,Happy,BALANCED_BUDGETER
46,2025-01-24,Begin hundred truth.,789.14,Travel,Happy,BALANCED_BUDGETER
46,2025-01-24,Central contain pattern education boy.,802.1,Leisure,Neutral,BALANCED_BUDGETER
46,2025-01-25,Near risk.,610.83,Leisure,Stressed,BALANCED_BUDGETER
46,2025-01-25,Heavy what least mouth national.,79.37,Leisure,Happy,BALANCED_BUDGETER
46,2025-01-26,Allow girl team simply lead.,526.73,Food,Sad,BALANCED_BUDGETER
46,2025-01-27,Couple general pretty show.,539.79,Education,Stressed,BALANCED_BUDGETER
46,2025-01-27,Fall analysis.,423.3,Leisure,Stressed,BALANCED_BUDGETER
46,2025-01-27,Future treat bill choice.,628.22,Travel,Stressed,BALANCED_BUDGETER
46,2025-01-27,Economic represent stock.,1316.54,Other,Happy,BALANCED_BUDGETER
46,2025-01-28,Within set region beyond.,2023.54,Other,Neutral,BALANCED_BUDGETER
46,2025-01-29,Analysis hair rest wide.,1015.79,Leisure,Sad,BALANCED_BUDGETER
46,2025-01-30,Southern front.,1633.1,Leisure,Stressed,BALANCED_BUDGETER
46,2025-01-31,Go exactly much food region.,644.64,Food,Happy,BALANCED_BUDGETER
47,2024-08-03,Military onto blue activity.,684.56,Travel,Excited,BALANCED_BUDGETER
47,2024-08-03,Account ten sing.,2508.43,Travel,Excited,BALANCED_BUDGETER
47,2024-08-04,Beautiful beyond sell.,195.15,Travel,Happy,BALANCED_BUDGETER
47,2024-08-06,Report agreement sport.,1620.84,Travel,Stressed,BALANCED_BUDGETER
47,2024-08-06,Leader operation mean white.,553.81,Food,Excited,BALANCED_BUDGETER
47,2024-08-07,There decision measure.,1815.29,Food,Neutral,BALANCED_BUDGETER
47,2024-08-07,Activity decide really go.,1239.41,Travel,Happy,BALANCED_BUDGETER
47,2024-08-08,Republican reduce sort individual trouble.,1343.93,Travel,Excited,BALANCED_BUDGETER
47,2024-08-09,Cut yard knowledge.,776.84,Leisure,Neutral,BALANCED_BUDGETER
47,2024-08-09,Board its.,331.12,Other,Neutral,BALANCED_BUDGETER
47,2024-08-10,Major bar air set.,216.88,Food,Excited,BALANCED_BUDGETER
47,2024-08-10,Let stay or focus.,762.14,Education,Excited,BALANCED_BUDGETER
47,2024-08-11,Bed far section.,323.03,Food,Neutral,BALANCED_BUDGETER
47,2024-08-14,Skill successful and.,23.65,Other,Stressed,BALANCED_BUDGETER
47,2024-08-14,In seven building hard.,33.79,Education,Neutral,BALANCED_BUDGETER
47,2024-08-14,Forward would finish around.,1661.29,Leisure,Neutral,BALANCED_BUDGETER
47,2024-08-15,Nation politics few each southern.,906.32,Food,Stressed,BALANCED_BUDGETER
47,2024-08-15,Analysis color friend the.,2110.18,Travel,Stressed,BALANCED_BUDGETER
47,2024-08-16,Project spring of.,950.62,Other,Happy,BALANCED_BUDGETER
47,2024-08-16,Good anything manager think pressure.,256.26,Travel,Happy,BALANCED_BUDGETER
47,2024-08-16,Hear officer.,919.99,Leisure,Neutral,BALANCED_BUDGETER
47,2024-08-17,College manage fund.,385.06,Travel,Happy,BALANCED_BUDGETER
47,2024-08-18,Evidence enough claim suffer.,117.74,Food,Excited,BALANCED_BUDGETER
47,2024-08-18,Woman daughter hospital move.,602.85,Travel,Neutral,BALANCED_BUDGETER
47,2024-08-19,Research month instead.,1747.78,Leisure,Neutral,BALANCED_BUDGETER
47,2024-08-19,Third letter sort reveal seven.,1280.38,Other,Excited,BALANCED_BUDGETER
47,2024-08-19,Until choose wife national.,1355.25,Other,Happy,BALANCED_BUDGETER
47,2024-08-20,Listen whose situation simply officer.,455.21,Leisure,Stressed,BALANCED_BUDGETER
47,2024-08-21,Despite sound receive let.,550.08,Travel,Happy,BALANCED_BUDGETER
47,2024-08-21,Current hear claim well two.,1812.63,Travel,Happy,BALANCED_BUDGETER
47,2024-08-23,Way main difficult case.,500.04,Other,Stressed,BALANCED_BUDGETER
47,2024-08-24,She they.,746.22,Other,Sad,BALANCED_BUDGETER
47,2024-08-26,Member box.,707.85,Food,Happy,BALANCED_BUDGETER
47,2024-08-28,Instead writer.,218.26,Education,Happy,BALANCED_BUDGETER
47,2024-08-30,Heart still building.,1177.52,Education,Excited,BALANCED_BUDGETER
47,2024-08-30,Or phone.,1284.63,Food,Neutral,BALANCED_BUDGETER
47,2024-08-31,Big look tell prepare.,208.58,Other,Excited,BALANCED_BUDGETER
47,2024-09-01,Important source first him.,131.46,Leisure,Stressed,BALANCED_BUDGETER
47,2024-09-03,Help usually thank wonder draw.,176.88,Leisure,Sad,BALANCED_BUDGETER
47,2024-09-05,Real art.,1600.93,Food,Happy,BALANCED_BUDGETER
47,2024-09-05,A value lot.,660.06,Food,Neutral,BALANCED_BUDGETER
47,2024-09-05,Police two.,1467.57,Other,Excited,BALANCED_BUDGETER
47,2024-09-06,Enter example down anyone occur.,2313.91,Food,Excited,BALANCED_BUDGETER
47,2024-09-11,Western tend candidate day.,735.73,Education,Neutral,BALANCED_BUDGETER
47,2024-09-14,Raise several west side admit.,595.15,Education,Neutral,BALANCED_BUDGETER
47,2024-09-14,Base player data whose.,1238.64,Leisure,Neutral,BALANCED_BUDGETER
47,2024-09-17,Tell soon executive.,255.83,Other,Happy,BALANCED_BUDGETER
47,2024-09-19,Miss have analysis morning.,806.93,Leisure,Sad,BALANCED_BUDGETER
47,2024-09-20,As music film move.,571.19,Leisure,Happy,BALANCED_BUDGETER
47,2024-09-21,Check purpose young.,726.18,Leisure,Neutral,BALANCED_BUDGETER
47,2024-09-22,Heavy what least mouth national.,94.42,Food,Excited,BALANCED_BUDGETER
47,2024-09-22,Lead paper middle foreign party.,682.05,Other,Stressed,BALANCED_BUDGETER
47,2024-09-23,Million kind everything young.,1738.77,Other,Neutral,BALANCED_BUDGETER
47,2024-09-26,Hard knowledge enjoy let.,1388.99,Education,Excited,BALANCED_BUDGETER
47,2024-09-27,Agreement red way nor none.,583.56,Travel,Neutral,BALANCED_BUDGETER
47,2024-09-27,Bit appear.,788.57,Travel,Happy,BALANCED_BUDGETER
47,2024-09-29,Scientist necessary into.,933.79,Food,Happy,BALANCED_BUDGETER
47,2024-09-29,Before relationship plant.,252.11,Leisure,Neutral,BALANCED_BUDGETER
47,2024-09-30,Charge note space when collection.,1489.31,Food,Happy,BALANCED_BUDGETER
47,2024-09-30,Believe arrive.,404.79,Education,Happy,BALANCED_BUDGETER
47,2024-09-30,Skin name door production back.,247.65,Travel,Excited,BALANCED_BUDGETER
47,2024-09-30,Nearly care base.,1688.21,Education,Excited,BALANCED_BUDGETER
47,2024-10-01,Live way two.,151.52,Other,Happy,BALANCED_BUDGETER
47,2024-10-04,Let back three.,822.78,Food,Neutral,BALANCED_BUDGETER
47,2024-10-06,Forward would finish around.,1479.69,Travel,Stressed,BALANCED_BUDGETER
47,2024-10-07,Challenge large wish move.,694.81,Food,Neutral,BALANCED_BUDGETER
47,2024-10-09,Gas with policy cut.,1392.25,Leisure,Sad,BALANCED_BUDGETER
47,2024-10-11,Board notice later thus.,1414.85,Leisure,Happy,BALANCED_BUDGETER
47,2024-10-12,Walk cup option store.,1233.87,Food,Stressed,BALANCED_BUDGETER
47,2024-10-13,Line score whether.,1061.42,Food,Neutral,BALANCED_BUDGETER
47,2024-10-14,City offer financial data.,453.92,Leisure,Neutral,BALANCED_BUDGETER
47,2024-10-14,Win central.,683.14,Travel,Neutral,BALANCED_BUDGETER
47,2024-10-14,Enter threat economic.,2035.67,Travel,Stressed,BALANCED_BUDGETER
47,2024-10-16,Your ever woman way avoid.,104.83,Food,Happy,BALANCED_BUDGETER
47,2024-10-17,Agent say forward us.,1180.7,Travel,Happy,BALANCED_BUDGETER
47,2024-10-19,After sister should across treatment.,415.38,Education,Stressed,BALANCED_BUDGETER
47,2024-10-20,Result size feel no nothing.,298.96,Leisure,Stressed,BALANCED_BUDGETER
47,2024-10-21,Bit appear.,1085.95,Other,Happy,BALANCED_BUDGETER
47,2024-10-22,Begin treat stage this.,1742.26,Travel,Excited,BALANCED_BUDGETER
47,2024-10-24,Choice prepare.,1093.34,Food,Neutral,BALANCED_BUDGETER
47,2024-10-26,Challenge large wish move.,756.92,Education,Neutral,BALANCED_BUDGETER
47,2024-10-28,Fear fact.,398.83,Food,Excited,BALANCED_BUDGETER
47,2024-10-29,While bring yourself.,154.52,Other,Sad,BALANCED_BUDGETER
47,2024-10-29,Western enough key.,1716.62,Other,Stressed,BALANCED_BUDGETER
47,2024-10-30,Tell brother defense list second.,833.73,Other,Neutral,BALANCED_BUDGETER
47,2024-10-30,Enter capital population.,464.13,Leisure,Neutral,BALANCED_BUDGETER
47,2024-10-31,Within set region beyond.,1629.91,Other,Stressed,BALANCED_BUDGETER
47,2024-11-01,Central contain pattern education boy.,1133.11,Education,Excited,BALANCED_BUDGETER
47,2024-11-02,Difference way type positive phone.,554.36,Other,Happy,BALANCED_BUDGETER
47,2024-11-03,Analysis hair rest wide.,1250.2,Leisure,Happy,BALANCED_BUDGETER
47,2024-11-05,Democrat hundred.,270.6,Education,Excited,BALANCED_BUDGETER
47,2024-11-05,Go exactly much food region.,659.74,Travel,Neutral,BALANCED_BUDGETER
47,2024-11-05,Down occur.,2217.16,Travel,Neutral,BALANCED_BUDGETER
47,2024-11-06,Old particularly.,1616.36,Food,Happy,BALANCED_BUDGETER
47,2024-11-06,Respond into history.,559.75,Education,Stressed,BALANCED_BUDGETER
47,2024-11-06,Source husband.,244.34,Travel,Neutral,BALANCED_BUDGETER
47,2024-11-08,Skin name door production back.,344.1,Other,Neutral,BALANCED_BUDGETER
47,2024-11-08,Which raise american truth.,1448.15,Leisure,Neutral,BALANCED_BUDGETER
47,2024-11-09,That reflect send set fly.,118.75,Food,Neutral,BALANCED_BUDGETER
47,2024-11-14,New type pm.,1494.5,Other,Happy,BALANCED_BUDGETER
47,2024-11-14,Authority interest red must art.,660.47,Other,Happy,BALANCED_BUDGETER
47,2024-11-15,Task improve fish.,1615.58,Other,Neutral,BALANCED_BUDGETER
47,2024-11-16,Couple raise she child.,1839.45,Food,Excited,BALANCED_BUDGETER
47,2024-11-16,Beautiful beyond sell.,164.96,Leisure,Neutral,BALANCED_BUDGETER
47,2024-11-19,Bit appear.,887.86,Education,Happy,BALANCED_BUDGETER
47,2024-11-19,Enjoy instead dream.,1276.41,Education,Happy,BALANCED_BUDGETER
47,2024-11-20,Million night your.,1419.48,Food,Happy,BALANCED_BUDGETER
47,2024-11-21,Likely outside because.,1794.21,Education,Neutral,BALANCED_BUDGETER
47,2024-11-21,Race return pretty young.,1143.35,Travel,Happy,BALANCED_BUDGETER
47,2024-11-22,Future congress.,1507.77,Leisure,Stressed,BALANCED_BUDGETER
47,2024-11-22,Institution whatever yet.,268.9,Food,Stressed,BALANCED_BUDGETER
47,2024-11-30,Position make society behavior.,522.02,Other,Happy,BALANCED_BUDGETER
47,2024-12-01,Whatever late specific.,764.75,Food,Neutral,BALANCED_BUDGETER
47,2024-12-03,For age size.,853.37,Leisure,Sad,BALANCED_BUDGETER
47,2024-12-04,Condition all blood.,1612.96,Education,Sad,BALANCED_BUDGETER
47,2024-12-05,Car risk.,613.25,Leisure,Excited,BALANCED_BUDGETER
47,2024-12-05,Especially unit office almost.,926.42,Food,Stressed,BALANCED_BUDGETER
47,2024-12-06,Police two.,1642.06,Education,Happy,BALANCED_BUDGETER
47,2024-12-06,Development provide dark daughter.,1507.17,Travel,Sad,BALANCED_BUDGETER
47,2024-12-06,Size republican political.,1171.04,Travel,Excited,BALANCED_BUDGETER
47,2024-12-06,Likely push.,708.68,Food,Happy,BALANCED_BUDGETER
47,2024-12-07,Truth during always those high.,1845.92,Travel,Sad,BALANCED_BUDGETER
47,2024-12-07,Able late order.,904.4,Food,Neutral,BALANCED_BUDGETER
47,2024-12-08,Tough animal someone.,1315.0,Travel,Neutral,BALANCED_BUDGETER
47,2024-12-11,Receive region however.,879.29,Leisure,Stressed,BALANCED_BUDGETER
47,2024-12-13,Bed far section.,366.39,Leisure,Happy,BALANCED_BUDGETER
47,2024-12-14,Leave run goal cause.,610.33,Travel,Happy,BALANCED_BUDGETER
47,2024-12-15,List leg address into their.,1608.25,Other,Neutral,BALANCED_BUDGETER
47,2024-12-15,Agreement someone.,1010.24,Other,Neutral,BALANCED_BUDGETER
47,2024-12-15,Money modern receive partner.,33.77,Food,Sad,BALANCED_BUDGETER
47,2024-12-17,Skill successful and.,14.53,Leisure,Sad,BALANCED_BUDGETER
47,2024-12-18,Since him four.,1160.9,Food,Stressed,BALANCED_BUDGETER
47,2024-12-18,Activity decide really go.,1039.37,Travel,Excited,BALANCED_BUDGETER
47,2024-12-19,Happy action.,579.09,Travel,Stressed,BALANCED_BUDGETER
47,2024-12-20,Raise hope enjoy most.,2283.24,Education,Neutral,BALANCED_BUDGETER
47,2024-12-20,Why like impact fly.,1325.74,Education,Sad,BALANCED_BUDGETER
47,2024-12-20,Stuff agreement professional team foot.,660.72,Travel,Happy,BALANCED_BUDGETER
47,2024-12-21,Difference attention whatever american.,182.6,Travel,Neutral,BALANCED_BUDGETER
47,2024-12-24,Much rich think.,1092.41,Other,Neutral,BALANCED_BUDGETER
47,2024-12-24,Peace wind guess.,342.35,Food,Neutral,BALANCED_BUDGETER
47,2024-12-26,Relate day.,87.78,Other,Neutral,BALANCED_BUDGETER
47,2024-12-28,Do interesting material.,1533.2,Education,Neutral,BALANCED_BUDGETER
47,2024-12-29,Policy mrs.,503.04,Other,Excited,BALANCED_BUDGETER
47,2024-12-29,Low happy oil which bag.,137.61,Education,Happy,BALANCED_BUDGETER
47,2025-01-02,Couple general pretty show.,599.32,Travel,Neutral,BALANCED_BUDGETER
47,2025-01-03,Better republican stock bank.,160.31,Travel,Neutral,BALANCED_BUDGETER
47,2025-01-03,Agreement us stuff.,1386.28,Food,Happy,BALANCED_BUDGETER
47,2025-01-03,Son rock two.,526.97,Education,Happy,BALANCED_BUDGETER
47,2025-01-04,Magazine join.,101.68,Other,Neutral,BALANCED_BUDGETER
47,2025-01-04,Each author party full kitchen.,690.48,Food,Neutral,BALANCED_BUDGETER
47,2025-01-04,Really society live camera.,67.93,Food,Stressed,BALANCED_BUDGETER
47,2025-01-04,On someone rise read.,1321.0,Education,Happy,BALANCED_BUDGETER
47,2025-01-06,Amount bad raise.,651.21,Education,Happy,BALANCED_BUDGETER
47,2025-01-06,Son rock two.,357.77,Other,Neutral,BALANCED_BUDGETER
47,2025-01-06,Strategy face make.,63.06,Food,Stressed,BALANCED_BUDGETER
47,2025-01-08,Despite off consumer second.,917.17,Education,Neutral,BALANCED_BUDGETER
47,2025-01-11,Majority none little admit former.,966.6,Other,Neutral,BALANCED_BUDGETER
47,2025-01-13,Picture evidence.,986.95,Education,Neutral,BALANCED_BUDGETER
47,2025-01-14,Wrong school federal from.,875.04,Leisure,Sad,BALANCED_BUDGETER
47,2025-01-14,Bar professor power.,737.5,Education,Stressed,BALANCED_BUDGETER
47,2025-01-15,Pretty skin main program.,2333.47,Travel,Excited,BALANCED_BUDGETER
47,2025-01-16,Enjoy instead dream.,1085.79,Other,Happy,BALANCED_BUDGETER
47,2025-01-16,Medical nearly.,666.87,Food,Happy,BALANCED_BUDGETER
47,2025-01-16,End bit game thousand.,42.42,Education,Stressed,BALANCED_BUDGETER
47,2025-01-17,Call whole.,787.05,Leisure,Happy,BALANCED_BUDGETER
47,2025-01-18,Leave opportunity draw during city.,204.57,Food,Neutral,BALANCED_BUDGETER
47,2025-01-21,Heart still building.,1227.95,Leisure,Stressed,BALANCED_BUDGETER
47,2025-01-26,Effort drive side human.,567.49,Leisure,Happy,BALANCED_BUDGETER
47,2025-01-30,Town glass road.,1668.39,Leisure,Neutral,BALANCED_BUDGETER
47,2025-01-31,Keep yes.,143.76,Travel,Sad,BALANCED_BUDGETER
48,2024-08-01,Past product make of group.,1205.36,Education,Sad,BALANCED_BUDGETER
48,2024-08-02,Newspaper indicate other.,1152.36,Education,Happy,BALANCED_BUDGETER
48,2024-08-03,True building card.,818.35,Education,Sad,BALANCED_BUDGETER
48,2024-08-04,Technology tend.,222.18,Leisure,Happy,BALANCED_BUDGETER
48,2024-08-04,Difference attention whatever american.,195.36,Food,Happy,BALANCED_BUDGETER
48,2024-08-04,Three certain.,791.82,Travel,Sad,BALANCED_BUDGETER
48,2024-08-04,Nation politics few each southern.,785.67,Food,Stressed,BALANCED_BUDGETER
48,2024-08-05,Dinner article hit mission whole.,520.93,Education,Stressed,BALANCED_BUDGETER
48,2024-08-06,Discussion detail training fund.,1726.5,Food,Excited,BALANCED_BUDGETER
48,2024-08-06,Difference attention whatever american.,267.12,Other,Excited,BALANCED_BUDGETER
48,2024-08-06,Focus executive letter possible final.,2192.61,Food,Happy,BALANCED_BUDGETER
48,2024-08-07,Remember nearly face feel.,1074.55,Leisure,Neutral,BALANCED_BUDGETER
48,2024-08-07,Either rich agency might.,2032.11,Food,Neutral,BALANCED_BUDGETER
48,2024-08-07,Approach join stuff future.,2157.77,Travel,Happy,BALANCED_BUDGETER
48,2024-08-07,Cut yard knowledge.,895.56,Leisure,Excited,BALANCED_BUDGETER
48,2024-08-07,Few spring raise.,508.97,Travel,Neutral,BALANCED_BUDGETER
48,2024-08-08,Expert movement reach man.,599.07,Other,Stressed,BALANCED_BUDGETER
48,2024-08-08,Sell include himself produce.,573.68,Leisure,Sad,BALANCED_BUDGETER
48,2024-08-09,Truth thing always possible.,594.44,Education,Stressed,BALANCED_BUDGETER
48,2024-08-09,Might necessary former.,1030.41,Leisure,Happy,BALANCED_BUDGETER
48,2024-08-10,Sing message board mean.,152.59,Leisure,Happy,BALANCED_BUDGETER
48,2024-08-10,Miss have analysis morning.,1134.7,Education,Stressed,BALANCED_BUDGETER
48,2024-08-10,Ground city still.,982.7,Education,Excited,BALANCED_BUDGETER
48,2024-08-11,Child group describe.,1302.49,Other,Excited,BALANCED_BUDGETER
48,2024-08-11,As throughout individual list manager.,1380.58,Travel,Excited,BALANCED_BUDGETER
48,2024-08-12,Name machine tree maybe.,69.09,Leisure,Stressed,BALANCED_BUDGETER
48,2024-08-13,Movie stop.,1209.02,Other,Happy,BALANCED_BUDGETER
48,2024-08-14,Town glass road.,2278.05,Other,Neutral,BALANCED_BUDGETER
48,2024-08-14,Above others.,1698.0,Leisure,Neutral,BALANCED_BUDGETER
48,2024-08-15,Well mission situation result.,1862.18,Food,Excited,BALANCED_BUDGETER
48,2024-08-15,Building range national focus.,442.58,Other,Happy,BALANCED_BUDGETER
48,2024-08-16,Current after charge.,860.09,Leisure,Stressed,BALANCED_BUDGETER
48,2024-08-16,Effect cultural.,345.89,Other,Excited,BALANCED_BUDGETER
48,2024-08-17,Born same usually.,1601.82,Food,Happy,BALANCED_BUDGETER
48,2024-08-18,Network outside parent.,1166.03,Education,Happy,BALANCED_BUDGETER
48,2024-08-19,Scientist necessary into.,1112.57,Education,Sad,BALANCED_BUDGETER
48,2024-08-19,Western tend candidate day.,728.66,Travel,Neutral,BALANCED_BUDGETER
48,2024-08-19,Give white everybody paper create.,882.69,Leisure,Sad,BALANCED_BUDGETER
48,2024-08-19,Forget once hope security.,1367.04,Other,Excited,BALANCED_BUDGETER
48,2024-08-20,Opportunity lead see.,1316.21,Other,Neutral,BALANCED_BUDGETER
48,2024-08-20,Skin name door production back.,297.26,Travel,Happy,BALANCED_BUDGETER
48,2024-08-21,On someone rise read.,2225.8,Leisure,Happy,BALANCED_BUDGETER
48,2024-08-21,Security arm.,1546.1,Education,Neutral,BALANCED_BUDGETER
48,2024-08-22,Money a.,251.91,Travel,Happy,BALANCED_BUDGETER
48,2024-08-22,Deal beyond almost.,972.11,Food,Neutral,BALANCED_BUDGETER
48,2024-08-23,Same page ago director.,1562.13,Travel,Happy,BALANCED_BUDGETER
48,2024-08-26,Focus chance.,114.7,Travel,Neutral,BALANCED_BUDGETER
48,2024-08-26,Pattern size spend.,1426.51,Other,Happy,BALANCED_BUDGETER
48,2024-08-27,Reduce hour fish him.,319.21,Other,Happy,BALANCED_BUDGETER
48,2024-08-28,Draw police.,782.09,Food,Neutral,BALANCED_BUDGETER
48,2024-08-30,By field move.,362.53,Travel,Neutral,BALANCED_BUDGETER
48,2024-08-30,Letter environment easy.,218.0,Travel,Happy,BALANCED_BUDGETER
48,2024-08-31,While total spend.,168.17,Education,Stressed,BALANCED_BUDGETER
48,2024-08-31,Economic represent stock.,1577.56,Leisure,Stressed,BALANCED_BUDGETER
48,2024-09-01,Somebody son suddenly perform.,144.99,Other,Excited,BALANCED_BUDGETER
48,2024-09-01,Bed report item.,896.32,Education,Excited,BALANCED_BUDGETER
48,2024-09-02,Until choose wife national.,1541.58,Travel,Happy,BALANCED_BUDGETER
48,2024-09-02,Consumer face.,965.86,Other,Excited,BALANCED_BUDGETER
48,2024-09-02,Goal once let perform international.,420.05,Education,Neutral,BALANCED_BUDGETER
48,2024-09-03,Inside big minute.,175.82,Leisure,Neutral,BALANCED_BUDGETER
48,2024-09-06,Eight bed fill.,1514.16,Food,Happy,BALANCED_BUDGETER
48,2024-09-06,Talk interest hand.,1005.89,Food,Happy,BALANCED_BUDGETER
48,2024-09-07,Future choice whatever from.,1432.62,Other,Happy,BALANCED_BUDGETER
48,2024-09-07,Management produce bed stage.,477.75,Other,Neutral,BALANCED_BUDGETER
48,2024-09-08,Resource road do.,659.04,Other,Excited,BALANCED_BUDGETER
48,2024-09-08,Important focus benefit probably.,752.81,Food,Sad,BALANCED_BUDGETER
48,2024-09-08,Involve thousand including.,782.36,Education,Neutral,BALANCED_BUDGETER
48,2024-09-08,Feel season similar.,1951.85,Food,Stressed,BALANCED_BUDGETER
48,2024-09-11,Itself free source.,642.61,Leisure,Happy,BALANCED_BUDGETER
48,2024-09-12,You ready way rule.,1136.0,Food,Excited,BALANCED_BUDGETER
48,2024-09-16,Identify material.,584.79,Education,Happy,BALANCED_BUDGETER
48,2024-09-16,Heavy what least mouth national.,113.04,Other,Excited,BALANCED_BUDGETER
48,2024-09-17,Choice father why often.,1099.53,Other,Happy,BALANCED_BUDGETER
48,2024-09-17,Age decade mrs data.,592.31,Education,Excited,BALANCED_BUDGETER
48,2024-09-19,Result sound.,822.83,Other,Happy,BALANCED_BUDGETER
48,2024-09-19,Left available.,856.97,Other,Sad,BALANCED_BUDGETER
48,2024-09-20,Current after charge.,909.53,Food,Neutral,BALANCED_BUDGETER
48,2024-09-20,Agent say forward us.,1555.73,Travel,Happy,BALANCED_BUDGETER
48,2024-09-22,Together let.,463.82,Other,Neutral,BALANCED_BUDGETER
48,2024-09-22,Wrong difficult.,1333.19,Leisure,Excited,BALANCED_BUDGETER
48,2024-09-23,Yard foot he share issue.,1103.4,Education,Stressed,BALANCED_BUDGETER
48,2024-09-23,Discussion if continue policy.,190.58,Travel,Happy,BALANCED_BUDGETER
48,2024-09-25,Keep cut prevent sound.,788.36,Food,Happy,BALANCED_BUDGETER
48,2024-09-25,Research month instead.,1528.05,Education,Neutral,BALANCED_BUDGETER
48,2024-09-25,Say dog drug enter.,1041.56,Education,Happy,BALANCED_BUDGETER
48,2024-09-25,Tell brother defense list second.,823.98,Education,Excited,BALANCED_BUDGETER
48,2024-09-26,Actually purpose public.,144.86,Food,Neutral,BALANCED_BUDGETER
48,2024-09-26,Mention billion bed never others.,544.29,Travel,Neutral,BALANCED_BUDGETER
48,2024-09-26,Key place tree.,837.81,Food,Happy,BALANCED_BUDGETER
48,2024-09-27,Floor there career.,416.08,Travel,Neutral,BALANCED_BUDGETER
48,2024-09-28,Position interest.,87.4,Other,Neutral,BALANCED_BUDGETER
48,2024-09-29,Face morning.,1280.58,Food,Stressed,BALANCED_BUDGETER
48,2024-09-29,Picture approach chance none fight.,1084.37,Leisure,Sad,BALANCED_BUDGETER
48,2024-09-29,Anyone bank kitchen interest parent.,145.66,Leisure,Happy,BALANCED_BUDGETER
48,2024-09-30,Either rich agency might.,1783.08,Travel,Stressed,BALANCED_BUDGETER
48,2024-09-30,By two bad fall pick.,1012.67,Travel,Neutral,BALANCED_BUDGETER
48,2024-09-30,Himself fire heavy.,78.42,Leisure,Sad,BALANCED_BUDGETER
48,2024-10-01,Grow laugh.,421.4,Leisure,Excited,BALANCED_BUDGETER
48,2024-10-02,Control bill.,1421.79,Education,Neutral,BALANCED_BUDGETER
48,2024-10-02,Past product make of group.,1452.51,Travel,Neutral,BALANCED_BUDGETER
48,2024-10-03,We cold deep.,95.9,Education,Excited,BALANCED_BUDGETER
48,2024-10-05,While total spend.,209.96,Food,Neutral,BALANCED_BUDGETER
48,2024-10-06,List leg address into their.,1389.61,Travel,Stressed,BALANCED_BUDGETER
48,2024-10-06,Statement position either.,1275.94,Leisure,Neutral,BALANCED_BUDGETER
48,2024-10-06,By two bad fall pick.,1300.53,Education,Happy,BALANCED_BUDGETER
48,2024-10-07,Doctor mr.,106.0,Other,Happy,BALANCED_BUDGETER
48,2024-10-07,Picture evidence.,1397.81,Travel,Happy,BALANCED_BUDGETER
48,2024-10-07,Deal information.,1321.72,Other,Neutral,BALANCED_BUDGETER
48,2024-10-07,Difficult quite act receive stage.,754.57,Education,Excited,BALANCED_BUDGETER
48,2024-10-08,After sister should across treatment.,407.0,Other,Happy,BALANCED_BUDGETER
48,2024-10-10,Benefit suggest page southern.,319.56,Education,Stressed,BALANCED_BUDGETER
48,2024-10-11,Affect machine.,1033.89,Food,Neutral,BALANCED_BUDGETER
48,2024-10-11,Your ever woman way avoid.,93.24,Food,Excited,BALANCED_BUDGETER
48,2024-10-12,Change she tonight.,941.18,Travel,Stressed,BALANCED_BUDGETER
48,2024-10-12,Big the cost for leader.,623.44,Travel,Happy,BALANCED_BUDGETER
48,2024-10-12,Offer bed it skill challenge.,354.9,Leisure,Neutral,BALANCED_BUDGETER
48,2024-10-13,Join black.,1165.52,Leisure,Excited,BALANCED_BUDGETER
48,2024-10-13,Well left.,970.76,Leisure,Sad,BALANCED_BUDGETER
48,2024-10-13,Explain research.,1630.98,Leisure,Stressed,BALANCED_BUDGETER
48,2024-10-13,Ability live.,1063.89,Education,Excited,BALANCED_BUDGETER
48,2024-10-14,World site mr interest treatment.,421.18,Education,Neutral,BALANCED_BUDGETER
48,2024-10-14,Realize property show either.,128.17,Travel,Sad,BALANCED_BUDGETER
48,2024-10-15,Expert involve oil.,99.41,Travel,Happy,BALANCED_BUDGETER
48,2024-10-15,Billion morning draw.,253.31,Food,Neutral,BALANCED_BUDGETER
48,2024-10-15,Investment pass drive.,717.37,Food,Sad,BALANCED_BUDGETER
48,2024-10-16,Picture approach chance none fight.,1242.55,Travel,Happy,BALANCED_BUDGETER
48,2024-10-18,Company option character land space.,1014.66,Other,Happy,BALANCED_BUDGETER
48,2024-10-18,Understand none.,482.99,Education,Happy,BALANCED_BUDGETER
48,2024-10-19,Dark camera realize.,366.44,Leisure,Happy,BALANCED_BUDGETER
48,2024-10-20,Wide cut player wind.,697.8,Food,Stressed,BALANCED_BUDGETER
48,2024-10-20,Point be shoulder price great.,1517.95,Other,Stressed,BALANCED_BUDGETER
48,2024-10-20,Magazine join.,83.1,Food,Excited,BALANCED_BUDGETER
48,2024-10-20,Truth during always those high.,1665.62,Food,Neutral,BALANCED_BUDGETER
48,2024-10-21,Born same usually.,1249.95,Food,Excited,BALANCED_BUDGETER
48,2024-10-21,Focus indicate result.,257.64,Leisure,Neutral,BALANCED_BUDGETER
48,2024-10-21,Site girl into have media.,1260.77,Travel,Excited,BALANCED_BUDGETER
48,2024-10-21,Agreement red way nor none.,695.83,Travel,Happy,BALANCED_BUDGETER
48,2024-10-22,Tell soon executive.,288.3,Education,Neutral,BALANCED_BUDGETER
48,2024-10-22,Second full boy.,1332.28,Leisure,Sad,BALANCED_BUDGETER
48,2024-10-23,Agreement us stuff.,2012.61,Other,Happy,BALANCED_BUDGETER
48,2024-10-23,Style real far.,1146.32,Travel,Stressed,BALANCED_BUDGETER
48,2024-10-24,Approach join stuff future.,1798.84,Travel,Neutral,BALANCED_BUDGETER
48,2024-10-24,However style.,800.43,Travel,Excited,BALANCED_BUDGETER
48,2024-10-25,Adult above safe.,787.24,Education,Neutral,BALANCED_BUDGETER
48,2024-10-26,Day already hold.,273.57,Other,Excited,BALANCED_BUDGETER
48,2024-10-26,College manage fund.,311.29,Other,Excited,BALANCED_BUDGETER
48,2024-10-26,State among rest national wrong.,1067.99,Food,Stressed,BALANCED_BUDGETER
48,2024-10-27,Institution whatever yet.,253.68,Other,Neutral,BALANCED_BUDGETER
48,2024-10-28,Option goal avoid.,1167.58,Leisure,Sad,BALANCED_BUDGETER
48,2024-10-28,Condition all blood.,1226.24,Education,Neutral,BALANCED_BUDGETER
48,2024-10-29,Popular available public economy.,1029.83,Food,Happy,BALANCED_BUDGETER
48,2024-10-29,Feeling manage as.,1891.25,Food,Stressed,BALANCED_BUDGETER
48,2024-10-30,Wrong difficult.,1777.67,Other,Neutral,BALANCED_BUDGETER
48,2024-10-30,Pass range appear home player.,368.28,Travel,Neutral,BALANCED_BUDGETER
48,2024-10-30,Trip determine as statement.,1585.85,Food,Excited,BALANCED_BUDGETER
48,2024-10-30,Big the cost for leader.,571.9,Other,Excited,BALANCED_BUDGETER
48,2024-11-01,Finish right serious.,1689.18,Leisure,Happy,BALANCED_BUDGETER
48,2024-11-01,Deep test thought.,970.9,Travel,Happy,BALANCED_BUDGETER
48,2024-11-01,Receive case past only drug.,33.59,Food,Excited,BALANCED_BUDGETER
48,2024-11-01,Bill beautiful issue.,1101.93,Education,Neutral,BALANCED_BUDGETER
48,2024-11-01,Security unit executive.,153.4,Other,Stressed,BALANCED_BUDGETER
48,2024-11-03,She they.,1112.33,Education,Happy,BALANCED_BUDGETER
48,2024-11-04,Above others.,1429.72,Education,Neutral,BALANCED_BUDGETER
48,2024-11-04,Administration mother in admit.,333.01,Leisure,Neutral,BALANCED_BUDGETER
48,2024-11-06,Course out second carry.,2182.44,Education,Excited,BALANCED_BUDGETER
48,2024-11-06,Cultural allow.,877.26,Food,Happy,BALANCED_BUDGETER
48,2024-11-06,Support possible.,770.3,Leisure,Neutral,BALANCED_BUDGETER
48,2024-11-06,Night various return explain.,708.44,Food,Neutral,BALANCED_BUDGETER
48,2024-11-08,Offer work home.,98.78,Education,Happy,BALANCED_BUDGETER
48,2024-11-10,Check clearly follow remember generation.,334.3,Food,Excited,BALANCED_BUDGETER
48,2024-11-10,Me brother lot candidate owner.,697.68,Education,Neutral,BALANCED_BUDGETER
48,2024-11-11,Born same usually.,1059.0,Other,Happy,BALANCED_BUDGETER
48,2024-11-11,Single blood continue.,289.51,Leisure,Neutral,BALANCED_BUDGETER
48,2024-11-13,Describe paper.,695.17,Travel,Neutral,BALANCED_BUDGETER
48,2024-11-14,Can mouth discover.,569.3,Education,Stressed,BALANCED_BUDGETER
48,2024-11-14,Affect marriage present a.,1757.02,Travel,Happy,BALANCED_BUDGETER
48,2024-11-16,Gas with policy cut.,1334.71,Other,Excited,BALANCED_BUDGETER
48,2024-11-16,Third rich hospital.,87.82,Other,Neutral,BALANCED_BUDGETER
48,2024-11-17,Despite off consumer second.,555.39,Other,Stressed,BALANCED_BUDGETER
48,2024-11-18,Military onto blue activity.,443.91,Leisure,Stressed,BALANCED_BUDGETER
48,2024-11-20,Keep light fight.,274.98,Education,Stressed,BALANCED_BUDGETER
48,2024-11-20,Adult range green.,1115.97,Leisure,Stressed,BALANCED_BUDGETER
48,2024-11-21,Analysis hair rest wide.,1209.68,Travel,Neutral,BALANCED_BUDGETER
48,2024-11-21,Size sing tree kitchen.,1111.73,Other,Sad,BALANCED_BUDGETER
48,2024-11-21,Fall analysis.,468.87,Travel,Happy,BALANCED_BUDGETER
48,2024-11-22,Institution whatever yet.,328.92,Education,Happy,BALANCED_BUDGETER
48,2024-11-22,Go consider century price.,560.07,Food,Happy,BALANCED_BUDGETER
48,2024-11-22,Window research his.,388.86,Education,Happy,BALANCED_BUDGETER
48,2024-11-22,Kid put memory soldier.,88.05,Other,Sad,BALANCED_BUDGETER
48,2024-11-22,Bed far section.,323.68,Education,Neutral,BALANCED_BUDGETER
48,2024-11-22,Against only.,1791.05,Education,Happy,BALANCED_BUDGETER
48,2024-11-23,Much rich think.,1024.33,Education,Stressed,BALANCED_BUDGETER
48,2024-11-23,Minute question their rather.,389.63,Education,Excited,BALANCED_BUDGETER
48,2024-11-23,Drive nation heart nearly season.,319.47,Leisure,Excited,BALANCED_BUDGETER
48,2024-11-25,Senior service large under.,872.14,Leisure,Neutral,BALANCED_BUDGETER
48,2024-11-27,Leader operation mean white.,594.78,Leisure,Happy,BALANCED_BUDGETER
48,2024-11-29,Resource road do.,718.82,Leisure,Happy,BALANCED_BUDGETER
48,2024-11-29,Bad argue side girl.,724.7,Other,Stressed,BALANCED_BUDGETER
48,2024-12-01,Security land record.,1376.3,Other,Neutral,BALANCED_BUDGETER
48,2024-12-01,Nearly care base.,1882.95,Travel,Neutral,BALANCED_BUDGETER
48,2024-12-02,Camera sit environmental though.,1168.01,Other,Neutral,BALANCED_BUDGETER
48,2024-12-02,Can mouth discover.,524.23,Education,Stressed,BALANCED_BUDGETER
48,2024-12-03,Remember nearly face feel.,1165.68,Education,Excited,BALANCED_BUDGETER
48,2024-12-03,Leader both rest challenge.,1556.4,Travel,Neutral,BALANCED_BUDGETER
48,2024-12-04,Religious order.,1485.05,Education,Stressed,BALANCED_BUDGETER
48,2024-12-05,Environment character real middle prove.,894.76,Travel,Neutral,BALANCED_BUDGETER
48,2024-12-05,Nature performance yeah.,535.24,Leisure,Neutral,BALANCED_BUDGETER
48,2024-12-05,Hand so add mr lawyer.,1105.62,Leisure,Neutral,BALANCED_BUDGETER
48,2024-12-08,Somebody next ready.,876.24,Food,Neutral,BALANCED_BUDGETER
48,2024-12-08,Bar professor power.,536.27,Leisure,Happy,BALANCED_BUDGETER
48,2024-12-09,Indeed believe interview professor.,445.7,Food,Excited,BALANCED_BUDGETER
48,2024-12-09,Contain threat wrong whatever.,487.42,Food,Happy,BALANCED_BUDGETER
48,2024-12-09,First blood accept final.,773.0,Other,Happy,BALANCED_BUDGETER
48,2024-12-09,General final knowledge.,567.47,Travel,Happy,BALANCED_BUDGETER
48,2024-12-10,Risk develop movement size.,776.82,Other,Stressed,BALANCED_BUDGETER
48,2024-12-11,Institution whatever yet.,396.28,Other,Sad,BALANCED_BUDGETER
48,2024-12-11,Support state.,1960.13,Leisure,Happy,BALANCED_BUDGETER
48,2024-12-11,During call north attention.,678.7,Travel,Neutral,BALANCED_BUDGETER
48,2024-12-11,Say other never fact.,283.79,Travel,Happy,BALANCED_BUDGETER
48,2024-12-12,Dinner article hit mission whole.,556.57,Education,Stressed,BALANCED_BUDGETER
48,2024-12-15,With young think there assume.,887.62,Education,Happy,BALANCED_BUDGETER
48,2024-12-16,Support possible.,498.19,Travel,Happy,BALANCED_BUDGETER
48,2024-12-16,Smile high open scientist.,1385.53,Travel,Neutral,BALANCED_BUDGETER
48,2024-12-16,Story activity.,217.05,Education,Stressed,BALANCED_BUDGETER
48,2024-12-17,Despite off consumer second.,736.49,Leisure,Sad,BALANCED_BUDGETER
48,2024-12-17,Agreement us stuff.,1784.3,Food,Neutral,BALANCED_BUDGETER
48,2024-12-17,Marriage participant.,1491.9,Other,Neutral,BALANCED_BUDGETER
48,2024-12-18,Together let.,587.66,Education,Excited,BALANCED_BUDGETER
48,2024-12-20,Table trade various risk art.,1028.83,Education,Happy,BALANCED_BUDGETER
48,2024-12-20,Raise hope enjoy most.,1426.04,Travel,Excited,BALANCED_BUDGETER
48,2024-12-20,Despite sound receive let.,472.6,Travel,Happy,BALANCED_BUDGETER
48,2024-12-21,Close month parent who up.,1447.51,Food,Stressed,BALANCED_BUDGETER
48,2024-12-21,Part management.,658.11,Other,Neutral,BALANCED_BUDGETER
48,2024-12-23,Science drug.,342.0,Other,Excited,BALANCED_BUDGETER
48,2024-12-24,Break wait.,1697.66,Other,Happy,BALANCED_BUDGETER
48,2024-12-25,Base investment.,167.53,Education,Happy,BALANCED_BUDGETER
48,2024-12-25,Later week democratic few.,237.58,Travel,Happy,BALANCED_BUDGETER
48,2024-12-26,Consumer face.,1028.99,Other,Neutral,BALANCED_BUDGETER
48,2024-12-26,Woman meet report.,1719.08,Other,Neutral,BALANCED_BUDGETER
48,2024-12-27,Lay color.,327.57,Leisure,Neutral,BALANCED_BUDGETER
48,2024-12-27,Question or money.,1297.04,Other,Happy,BALANCED_BUDGETER
48,2024-12-28,Five store ask data.,1226.82,Food,Happy,BALANCED_BUDGETER
48,2024-12-29,Smile peace apply.,867.1,Education,Stressed,BALANCED_BUDGETER
48,2024-12-29,Huge response long.,36.66,Education,Stressed,BALANCED_BUDGETER
48,2024-12-30,Maintain former campaign pretty beyond.,126.49,Other,Happy,BALANCED_BUDGETER
48,2025-01-01,Leave opportunity draw during city.,300.7,Travel,Excited,BALANCED_BUDGETER
48,2025-01-01,Heavy staff hotel box.,436.52,Leisure,Stressed,BALANCED_BUDGETER
48,2025-01-01,Heavy class story side speak.,2070.3,Education,Neutral,BALANCED_BUDGETER
48,2025-01-02,Fact huge fight.,1680.47,Travel,Neutral,BALANCED_BUDGETER
48,2025-01-02,Research visit program suddenly doctor.,1357.66,Other,Sad,BALANCED_BUDGETER
48,2025-01-03,Success teach mrs beat.,1581.47,Leisure,Neutral,BALANCED_BUDGETER
48,2025-01-03,Paper memory history office.,1856.76,Leisure,Happy,BALANCED_BUDGETER
48,2025-01-03,She they.,1066.0,Travel,Stressed,BALANCED_BUDGETER
48,2025-01-03,Begin treat stage this.,1532.73,Leisure,Neutral,BALANCED_BUDGETER
48,2025-01-03,Evening ahead smile.,570.18,Other,Happy,BALANCED_BUDGETER
48,2025-01-03,Tree imagine machine.,1885.07,Food,Happy,BALANCED_BUDGETER
48,2025-01-04,Item yet ever quite.,298.04,Other,Neutral,BALANCED_BUDGETER
48,2025-01-05,Machine whatever everything fear walk.,1178.11,Leisure,Excited,BALANCED_BUDGETER
48,2025-01-05,Us decade.,935.58,Education,Neutral,BALANCED_BUDGETER
48,2025-01-05,Exist professional.,131.27,Other,Stressed,BALANCED_BUDGETER
48,2025-01-07,Unit hold.,313.05,Food,Stressed,BALANCED_BUDGETER
48,2025-01-08,There decision measure.,1272.8,Food,Stressed,BALANCED_BUDGETER
48,2025-01-09,Shake hand hundred now.,1318.74,Travel,Sad,BALANCED_BUDGETER
48,2025-01-09,Arrive society.,1514.48,Education,Happy,BALANCED_BUDGETER
48,2025-01-09,Policy mrs.,500.42,Other,Excited,BALANCED_BUDGETER
48,2025-01-09,Since nothing be apply.,212.24,Other,Happy,BALANCED_BUDGETER
48,2025-01-09,For age size.,915.41,Travel,Sad,BALANCED_BUDGETER
48,2025-01-10,Resource road do.,835.92,Food,Neutral,BALANCED_BUDGETER
48,2025-01-14,Book economic.,131.99,Leisure,Excited,BALANCED_BUDGETER
48,2025-01-15,National back everybody direction budget.,276.6,Other,Stressed,BALANCED_BUDGETER
48,2025-01-15,Treatment relate positive.,994.5,Food,Stressed,BALANCED_BUDGETER
48,2025-01-15,Include record security.,1022.15,Food,Happy,BALANCED_BUDGETER
48,2025-01-15,Support possible.,506.11,Education,Sad,BALANCED_BUDGETER
48,2025-01-16,Science drug.,284.04,Leisure,Happy,BALANCED_BUDGETER
48,2025-01-16,Rate society floor long same.,2233.03,Travel,Stressed,BALANCED_BUDGETER
48,2025-01-16,Identify material.,680.47,Travel,Happy,BALANCED_BUDGETER
48,2025-01-17,Yet wish certain usually.,668.33,Leisure,Sad,BALANCED_BUDGETER
48,2025-01-17,Method everything.,668.57,Food,Stressed,BALANCED_BUDGETER
48,2025-01-18,Not teach believe month.,167.35,Travel,Sad,BALANCED_BUDGETER
48,2025-01-20,Condition all blood.,1578.68,Other,Sad,BALANCED_BUDGETER
48,2025-01-20,Never effect fill general relationship.,856.01,Food,Neutral,BALANCED_BUDGETER
48,2025-01-20,President likely truth animal.,147.06,Leisure,Happy,BALANCED_BUDGETER
48,2025-01-21,Door end fire.,1264.99,Leisure,Happy,BALANCED_BUDGETER
48,2025-01-21,Leader operation mean white.,815.14,Leisure,Stressed,BALANCED_BUDGETER
48,2025-01-22,Prove nor design record.,1056.41,Leisure,Neutral,BALANCED_BUDGETER
48,2025-01-23,Newspaper indicate other.,1131.72,Travel,Excited,BALANCED_BUDGETER
48,2025-01-24,Citizen kid generation onto police.,1248.84,Leisure,Sad,BALANCED_BUDGETER
48,2025-01-28,Fish either boy between collection.,305.12,Leisure,Neutral,BALANCED_BUDGETER
48,2025-01-28,Less into per big.,1363.4,Travel,Neutral,BALANCED_BUDGETER
48,2025-01-28,Position interest.,82.92,Leisure,Stressed,BALANCED_BUDGETER
48,2025-01-28,Forward would finish around.,1440.91,Education,Sad,BALANCED_BUDGETER
48,2025-01-30,True help.,100.78,Education,Sad,BALANCED_BUDGETER
48,2025-01-31,Wall act special.,1475.11,Other,Stressed,BALANCED_BUDGETER
48,2025-01-31,Whatever late specific.,864.04,Food,Excited,BALANCED_BUDGETER
48,2025-01-31,Huge response long.,49.15,Travel,Happy,BALANCED_BUDGETER
49,2024-08-01,Maybe painting republican.,1992.05,Travel,Neutral,BALANCED_BUDGETER
49,2024-08-02,You without every.,566.9,Leisure,Neutral,BALANCED_BUDGETER
49,2024-08-02,Off southern suddenly.,1665.92,Other,Neutral,BALANCED_BUDGETER
49,2024-08-03,Build smile across among situation.,719.23,Leisure,Neutral,BALANCED_BUDGETER
49,2024-08-03,Oil per line create build.,1159.7,Travel,Happy,BALANCED_BUDGETER
49,2024-08-04,Floor music catch discuss.,943.87,Travel,Happy,BALANCED_BUDGETER
49,2024-08-04,Common anyone.,243.45,Other,Neutral,BALANCED_BUDGETER
49,2024-08-05,Picture approach chance none fight.,1468.18,Leisure,Happy,BALANCED_BUDGETER
49,2024-08-10,Face his.,1653.2,Leisure,Excited,BALANCED_BUDGETER
49,2024-08-10,Since nothing be apply.,280.65,Education,Excited,BALANCED_BUDGETER
49,2024-08-12,Method exactly.,242.23,Leisure,Happy,BALANCED_BUDGETER
49,2024-08-14,Model police finally girl.,353.76,Travel,Happy,BALANCED_BUDGETER
49,2024-08-14,Current after charge.,1317.07,Education,Stressed,BALANCED_BUDGETER
49,2024-08-15,Help usually thank wonder draw.,125.88,Education,Happy,BALANCED_BUDGETER
49,2024-08-16,Huge garden family.,1805.1,Other,Happy,BALANCED_BUDGETER
49,2024-08-17,During call north attention.,439.02,Travel,Stressed,BALANCED_BUDGETER
49,2024-08-18,Tell soon executive.,247.52,Food,Happy,BALANCED_BUDGETER
49,2024-08-20,Tree note responsibility.,1192.25,Other,Happy,BALANCED_BUDGETER
49,2024-08-21,Together knowledge.,1666.02,Food,Neutral,BALANCED_BUDGETER
49,2024-08-23,Cell year.,1824.62,Food,Stressed,BALANCED_BUDGETER
49,2024-08-23,Southern front.,1355.93,Travel,Neutral,BALANCED_BUDGETER
49,2024-08-24,Stuff avoid.,1127.15,Travel,Sad,BALANCED_BUDGETER
49,2024-08-24,Citizen ahead method.,887.65,Travel,Excited,BALANCED_BUDGETER
49,2024-08-25,Heavy what least mouth national.,94.54,Other,Excited,BALANCED_BUDGETER
49,2024-08-25,People tend weight machine.,898.26,Leisure,Sad,BALANCED_BUDGETER
49,2024-08-26,Say other never fact.,186.42,Leisure,Neutral,BALANCED_BUDGETER
49,2024-08-27,Single blood continue.,175.83,Food,Neutral,BALANCED_BUDGETER
49,2024-08-28,Race mr.,1456.0,Leisure,Happy,BALANCED_BUDGETER
49,2024-08-31,Result sound.,628.17,Leisure,Neutral,BALANCED_BUDGETER
49,2024-09-02,Easy get every.,126.03,Other,Stressed,BALANCED_BUDGETER
49,2024-09-03,Gun seven music despite show.,776.17,Food,Happy,BALANCED_BUDGETER
49,2024-09-03,Report agreement sport.,1909.75,Leisure,Happy,BALANCED_BUDGETER
49,2024-09-05,Expert involve oil.,99.23,Other,Excited,BALANCED_BUDGETER
49,2024-09-06,Art whether between several personal.,829.86,Education,Happy,BALANCED_BUDGETER
49,2024-09-06,Serious reveal left social fine.,923.17,Leisure,Excited,BALANCED_BUDGETER
49,2024-09-06,Why like impact fly.,1313.88,Travel,Sad,BALANCED_BUDGETER
49,2024-09-08,Voice american seven discussion.,170.2,Education,Stressed,BALANCED_BUDGETER
49,2024-09-09,News american foreign.,1337.98,Food,Happy,BALANCED_BUDGETER
49,2024-09-10,Development middle animal.,235.73,Food,Neutral,BALANCED_BUDGETER
49,2024-09-12,On must certainly.,1298.48,Travel,Stressed,BALANCED_BUDGETER
49,2024-09-12,Yet wish certain usually.,636.03,Other,Happy,BALANCED_BUDGETER
49,2024-09-12,Start house ahead raise.,1557.99,Leisure,Stressed,BALANCED_BUDGETER
49,2024-09-13,State among rest national wrong.,1291.2,Travel,Happy,BALANCED_BUDGETER
49,2024-09-13,Keep light fight.,204.76,Food,Neutral,BALANCED_BUDGETER
49,2024-09-14,Remain seven marriage.,712.37,Education,Excited,BALANCED_BUDGETER
49,2024-09-15,Within set region beyond.,1522.06,Leisure,Neutral,BALANCED_BUDGETER
49,2024-09-15,Mention billion bed never others.,735.84,Food,Happy,BALANCED_BUDGETER
49,2024-09-15,Fact reason make office.,534.04,Leisure,Neutral,BALANCED_BUDGETER
49,2024-09-18,Cultural right cover large work.,2230.59,Education,Excited,BALANCED_BUDGETER
49,2024-09-19,Program sport her.,229.51,Leisure,Neutral,BALANCED_BUDGETER
49,2024-09-19,Pretty skin main program.,1764.64,Other,Neutral,BALANCED_BUDGETER
49,2024-09-21,Win group important civil nature.,1204.98,Food,Happy,BALANCED_BUDGETER
49,2024-09-23,Later week democratic few.,161.74,Travel,Excited,BALANCED_BUDGETER
49,2024-09-25,On someone rise read.,1625.56,Leisure,Stressed,BALANCED_BUDGETER
49,2024-09-25,Look fight.,1510.37,Food,Happy,BALANCED_BUDGETER
49,2024-09-25,Mind door authority outside.,805.55,Leisure,Sad,BALANCED_BUDGETER
49,2024-09-27,Claim move.,1778.76,Leisure,Neutral,BALANCED_BUDGETER
49,2024-09-29,Worker range feel.,180.49,Food,Neutral,BALANCED_BUDGETER
49,2024-10-01,Those pressure street.,719.55,Other,Neutral,BALANCED_BUDGETER
49,2024-10-03,Including let result spend.,1260.75,Food,Sad,BALANCED_BUDGETER
49,2024-10-03,Create physical share out cold.,174.06,Leisure,Stressed,BALANCED_BUDGETER
49,2024-10-04,Project spring of.,837.91,Education,Stressed,BALANCED_BUDGETER
49,2024-10-04,Blue agent find.,1296.67,Other,Neutral,BALANCED_BUDGETER
49,2024-10-08,Source husband.,134.42,Food,Happy,BALANCED_BUDGETER
49,2024-10-09,Child ball store process.,1795.45,Food,Stressed,BALANCED_BUDGETER
49,2024-10-10,Senior service large under.,1033.06,Other,Neutral,BALANCED_BUDGETER
49,2024-10-10,Military onto blue activity.,474.21,Food,Stressed,BALANCED_BUDGETER
49,2024-10-11,Think live bad total research.,1624.57,Education,Stressed,BALANCED_BUDGETER
49,2024-10-12,Knowledge fight car smile commercial.,36.45,Other,Stressed,BALANCED_BUDGETER
49,2024-10-12,Western order accept wide prevent.,1935.12,Education,Neutral,BALANCED_BUDGETER
49,2024-10-14,Forward sense cause write right.,2200.81,Education,Neutral,BALANCED_BUDGETER
49,2024-10-15,Assume campaign assume.,1451.22,Food,Neutral,BALANCED_BUDGETER
49,2024-10-17,Long identify road speech.,467.51,Leisure,Happy,BALANCED_BUDGETER
49,2024-10-19,Election conference when.,705.76,Travel,Neutral,BALANCED_BUDGETER
49,2024-10-19,Really society live camera.,60.1,Leisure,Sad,BALANCED_BUDGETER
49,2024-10-19,You without every.,451.72,Leisure,Neutral,BALANCED_BUDGETER
49,2024-10-20,Help usually thank wonder draw.,74.25,Travel,Sad,BALANCED_BUDGETER
49,2024-10-20,She they.,1058.25,Food,Neutral,BALANCED_BUDGETER
49,2024-10-20,Ago race quite hour.,760.54,Education,Happy,BALANCED_BUDGETER
49,2024-10-21,Best generation group goal.,1619.59,Other,Happy,BALANCED_BUDGETER
49,2024-10-22,Child group describe.,1531.79,Education,Stressed,BALANCED_BUDGETER
49,2024-10-22,Why station manager.,1056.55,Food,Sad,BALANCED_BUDGETER
49,2024-10-23,Democratic recent student specific political.,384.27,Leisure,Happy,BALANCED_BUDGETER
49,2024-10-24,Significant up still management.,1277.31,Travel,Neutral,BALANCED_BUDGETER
49,2024-10-24,Deal information.,1105.53,Food,Neutral,BALANCED_BUDGETER
49,2024-10-24,Unit again easy morning four.,311.52,Other,Happy,BALANCED_BUDGETER
49,2024-10-25,Turn put professional.,610.16,Travel,Sad,BALANCED_BUDGETER
49,2024-10-26,Gas human create also.,115.86,Travel,Happy,BALANCED_BUDGETER
49,2024-10-29,Might necessary former.,588.02,Other,Neutral,BALANCED_BUDGETER
49,2024-10-30,Gas teacher national weight all.,1028.64,Leisure,Sad,BALANCED_BUDGETER
49,2024-11-02,Picture early send morning.,1375.94,Education,Neutral,BALANCED_BUDGETER
49,2024-11-03,Place offer.,481.01,Other,Happy,BALANCED_BUDGETER
49,2024-11-03,Source husband.,143.46,Food,Happy,BALANCED_BUDGETER
49,2024-11-04,Less into per big.,1584.2,Other,Happy,BALANCED_BUDGETER
49,2024-11-04,Inside machine baby.,250.73,Travel,Happy,BALANCED_BUDGETER
49,2024-11-05,Officer fine.,1982.12,Travel,Neutral,BALANCED_BUDGETER
49,2024-11-06,Upon very act perform.,2497.21,Food,Neutral,BALANCED_BUDGETER
49,2024-11-07,Probably conference sure administration debate.,705.74,Education,Excited,BALANCED_BUDGETER
49,2024-11-09,Support possible.,563.73,Education,Stressed,BALANCED_BUDGETER
49,2024-11-10,Material less focus hear.,1053.91,Travel,Excited,BALANCED_BUDGETER
49,2024-11-10,Democratic recent student specific political.,414.62,Food,Happy,BALANCED_BUDGETER
49,2024-11-11,Soon including important.,1428.33,Food,Happy,BALANCED_BUDGETER
49,2024-11-12,Including let result spend.,1542.86,Leisure,Neutral,BALANCED_BUDGETER
49,2024-11-13,Discuss religious.,1122.27,Other,Stressed,BALANCED_BUDGETER
49,2024-11-13,Present discussion.,925.06,Travel,Sad,BALANCED_BUDGETER
49,2024-11-14,Four field area young.,1292.64,Leisure,Happy,BALANCED_BUDGETER
49,2024-11-15,Me brother lot candidate owner.,707.18,Travel,Happy,BALANCED_BUDGETER
49,2024-11-15,Your less social form.,1807.24,Food,Happy,BALANCED_BUDGETER
49,2024-11-16,Behavior here.,871.51,Food,Happy,BALANCED_BUDGETER
49,2024-11-17,National back everybody direction budget.,237.24,Food,Happy,BALANCED_BUDGETER
49,2024-11-17,Do interesting material.,1722.48,Education,Neutral,BALANCED_BUDGETER
49,2024-11-17,Indicate herself.,730.49,Travel,Stressed,BALANCED_BUDGETER
49,2024-11-20,Store bit responsibility brother.,1501.09,Leisure,Sad,BALANCED_BUDGETER
49,2024-11-20,Training occur could painting.,1019.01,Other,Stressed,BALANCED_BUDGETER
49,2024-11-21,Special information.,171.89,Food,Excited,BALANCED_BUDGETER
49,2024-11-22,Against only.,1250.89,Education,Stressed,BALANCED_BUDGETER
49,2024-11-22,At decade really issue.,1267.05,Leisure,Sad,BALANCED_BUDGETER
49,2024-11-23,Wish candidate have no.,1268.21,Leisure,Happy,BALANCED_BUDGETER
49,2024-11-24,Cost attorney.,929.19,Travel,Stressed,BALANCED_BUDGETER
49,2024-11-26,Stage bad know of.,1476.51,Travel,Happy,BALANCED_BUDGETER
49,2024-11-26,Five indicate chance heavy senior.,695.2,Food,Excited,BALANCED_BUDGETER
49,2024-11-27,Letter mind many.,1187.44,Travel,Happy,BALANCED_BUDGETER
49,2024-11-28,Million kind everything young.,1585.36,Other,Happy,BALANCED_BUDGETER
49,2024-11-28,Theory tend.,1459.66,Other,Neutral,BALANCED_BUDGETER
49,2024-11-29,Cold reason our.,156.17,Education,Happy,BALANCED_BUDGETER
49,2024-11-30,Machine whatever everything fear walk.,1128.78,Food,Happy,BALANCED_BUDGETER
49,2024-11-30,Box organization.,1723.79,Other,Stressed,BALANCED_BUDGETER
49,2024-12-01,General agency bit.,1288.48,Other,Sad,BALANCED_BUDGETER
49,2024-12-03,Authority interest red must art.,586.47,Travel,Happy,BALANCED_BUDGETER
49,2024-12-04,Risk develop movement size.,1212.15,Other,Sad,BALANCED_BUDGETER
49,2024-12-04,Third rich hospital.,92.99,Travel,Neutral,BALANCED_BUDGETER
49,2024-12-05,First blood accept final.,869.48,Leisure,Excited,BALANCED_BUDGETER
49,2024-12-05,Describe paper.,537.31,Travel,Neutral,BALANCED_BUDGETER
49,2024-12-06,Many themselves minute.,1013.25,Education,Excited,BALANCED_BUDGETER
49,2024-12-07,Current health serious.,281.75,Food,Happy,BALANCED_BUDGETER
49,2024-12-07,Weight take.,2115.73,Travel,Happy,BALANCED_BUDGETER
49,2024-12-08,Live way two.,133.05,Travel,Neutral,BALANCED_BUDGETER
49,2024-12-09,Feel season similar.,1817.39,Education,Happy,BALANCED_BUDGETER
49,2024-12-10,Child ball store process.,1372.89,Food,Happy,BALANCED_BUDGETER
49,2024-12-10,Environmental run head garden box.,594.98,Other,Excited,BALANCED_BUDGETER
49,2024-12-11,Peace wind guess.,313.32,Other,Stressed,BALANCED_BUDGETER
49,2024-12-11,Color store over some.,1002.28,Food,Sad,BALANCED_BUDGETER
49,2024-12-12,Determine feel article we they.,624.05,Other,Stressed,BALANCED_BUDGETER
49,2024-12-12,Machine son television.,202.33,Food,Sad,BALANCED_BUDGETER
49,2024-12-12,Choice father why often.,1025.21,Leisure,Happy,BALANCED_BUDGETER
49,2024-12-12,Development middle animal.,303.93,Travel,Sad,BALANCED_BUDGETER
49,2024-12-12,Assume campaign assume.,917.71,Leisure,Happy,BALANCED_BUDGETER
49,2024-12-13,Have decide environment.,671.02,Travel,Happy,BALANCED_BUDGETER
49,2024-12-14,Theory tend.,1486.65,Food,Neutral,BALANCED_BUDGETER
49,2024-12-16,Stage threat our.,162.56,Education,Stressed,BALANCED_BUDGETER
49,2024-12-18,Explain research.,1791.83,Education,Neutral,BALANCED_BUDGETER
49,2024-12-18,Analysis four capital.,1741.36,Leisure,Neutral,BALANCED_BUDGETER
49,2024-12-19,Positive participant fear blue as.,23.28,Education,Stressed,BALANCED_BUDGETER
49,2024-12-21,Adult above safe.,1002.29,Education,Excited,BALANCED_BUDGETER
49,2024-12-22,Mission put budget house.,145.02,Education,Excited,BALANCED_BUDGETER
49,2024-12-22,Activity decide really go.,940.24,Other,Excited,BALANCED_BUDGETER
49,2024-12-22,Career surface these ahead.,1545.88,Leisure,Stressed,BALANCED_BUDGETER
49,2024-12-23,Wonder long consider care.,114.74,Travel,Neutral,BALANCED_BUDGETER
49,2024-12-23,Art whether between several personal.,539.84,Food,Happy,BALANCED_BUDGETER
49,2024-12-23,Discussion black follow.,446.72,Education,Happy,BALANCED_BUDGETER
49,2024-12-25,Particularly score order modern.,638.28,Food,Excited,BALANCED_BUDGETER
49,2024-12-26,Within prove full.,310.03,Food,Happy,BALANCED_BUDGETER
49,2024-12-28,Why like impact fly.,1280.72,Leisure,Neutral,BALANCED_BUDGETER
49,2024-12-29,Society common stay ready.,582.01,Education,Happy,BALANCED_BUDGETER
49,2024-12-29,Day stock.,1697.61,Leisure,Sad,BALANCED_BUDGETER
49,2024-12-30,Money modern receive partner.,34.31,Other,Excited,BALANCED_BUDGETER
49,2025-01-01,Identify say on yes.,1425.7,Education,Happy,BALANCED_BUDGETER
49,2025-01-02,Society common stay ready.,779.25,Travel,Neutral,BALANCED_BUDGETER
49,2025-01-03,Dinner article hit mission whole.,371.29,Education,Neutral,BALANCED_BUDGETER
49,2025-01-03,Describe paper.,581.65,Travel,Neutral,BALANCED_BUDGETER
49,2025-01-04,Focus chance.,198.52,Travel,Excited,BALANCED_BUDGETER
49,2025-01-05,To receive education.,413.13,Education,Stressed,BALANCED_BUDGETER
49,2025-01-05,Peace race i.,1568.94,Leisure,Excited,BALANCED_BUDGETER
49,2025-01-05,Success here television key.,940.41,Leisure,Neutral,BALANCED_BUDGETER
49,2025-01-05,Heavy staff hotel box.,562.15,Travel,Sad,BALANCED_BUDGETER
49,2025-01-05,Respond into history.,331.13,Other,Stressed,BALANCED_BUDGETER
49,2025-01-08,Relate day.,104.24,Other,Neutral,BALANCED_BUDGETER
49,2025-01-08,Return or for.,1045.43,Food,Sad,BALANCED_BUDGETER
49,2025-01-08,Million kind everything young.,1799.12,Food,Excited,BALANCED_BUDGETER
49,2025-01-09,Doctor news yourself.,105.19,Food,Stressed,BALANCED_BUDGETER
49,2025-01-10,Personal often.,898.73,Food,Excited,BALANCED_BUDGETER
49,2025-01-11,Bed far section.,243.06,Food,Happy,BALANCED_BUDGETER
49,2025-01-12,First blood accept final.,804.62,Travel,Neutral,BALANCED_BUDGETER
49,2025-01-12,Western order accept wide prevent.,1851.52,Education,Neutral,BALANCED_BUDGETER
49,2025-01-13,Reach step son.,608.66,Leisure,Excited,BALANCED_BUDGETER
49,2025-01-14,Quite everyone as generation.,2292.64,Leisure,Sad,BALANCED_BUDGETER
49,2025-01-15,Cut yard knowledge.,1014.68,Other,Excited,BALANCED_BUDGETER
49,2025-01-18,Play move each left establish.,1358.2,Education,Excited,BALANCED_BUDGETER
49,2025-01-19,Might necessary former.,662.8,Education,Sad,BALANCED_BUDGETER
49,2025-01-19,Behavior here.,947.13,Leisure,Happy,BALANCED_BUDGETER
49,2025-01-20,Law read citizen.,400.61,Leisure,Neutral,BALANCED_BUDGETER
49,2025-01-21,Year him thank trade.,1707.28,Leisure,Stressed,BALANCED_BUDGETER
49,2025-01-22,Eight bed fill.,2120.69,Travel,Happy,BALANCED_BUDGETER
49,2025-01-23,Training occur could painting.,1546.2,Food,Sad,BALANCED_BUDGETER
49,2025-01-24,Different international sell several.,1315.71,Other,Stressed,BALANCED_BUDGETER
49,2025-01-24,Ready goal amount.,646.04,Travel,Neutral,BALANCED_BUDGETER
49,2025-01-24,Five store ask data.,1485.07,Other,Neutral,BALANCED_BUDGETER
49,2025-01-25,Skin name door production back.,262.06,Leisure,Neutral,BALANCED_BUDGETER
49,2025-01-26,Owner memory argue project.,776.95,Leisure,Happy,BALANCED_BUDGETER
49,2025-01-26,Child ball store process.,1294.55,Food,Stressed,BALANCED_BUDGETER
49,2025-01-28,And student give score agree.,1207.2,Travel,Excited,BALANCED_BUDGETER
49,2025-01-28,Some quickly truth view response.,1202.7,Leisure,Stressed,BALANCED_BUDGETER
49,2025-01-29,Such final however major.,1397.72,Education,Neutral,BALANCED_BUDGETER
49,2025-01-29,Indicate herself.,599.35,Travel,Excited,BALANCED_BUDGETER
49,2025-01-30,So draw food company.,605.78,Food,Happy,BALANCED_BUDGETER
49,2025-01-30,Enter capital population.,457.97,Travel,Happy,BALANCED_BUDGETER
49,2025-01-31,As music film move.,475.89,Education,Excited,BALANCED_BUDGETER
49,2025-01-31,National free.,1052.57,Education,Sad,BALANCED_BUDGETER
50,2024-08-03,Sure authority increase picture create.,967.4,Travel,Happy,BALANCED_BUDGETER
50,2024-08-03,Democratic thousand.,1485.46,Education,Neutral,BALANCED_BUDGETER
50,2024-08-04,Behavior here.,806.24,Travel,Sad,BALANCED_BUDGETER
50,2024-08-07,Movie stop.,1372.72,Travel,Sad,BALANCED_BUDGETER
50,2024-08-07,Before relationship plant.,317.24,Other,Happy,BALANCED_BUDGETER
50,2024-08-09,Unit hold.,320.64,Leisure,Stressed,BALANCED_BUDGETER
50,2024-08-09,Program sport her.,332.59,Leisure,Happy,BALANCED_BUDGETER
50,2024-08-10,Ask window full.,1668.49,Other,Excited,BALANCED_BUDGETER
50,2024-08-13,Available defense.,1176.04,Education,Happy,BALANCED_BUDGETER
50,2024-08-13,Rather type thousand show.,801.57,Other,Happy,BALANCED_BUDGETER
50,2024-08-14,Care run there leg.,654.28,Food,Happy,BALANCED_BUDGETER
50,2024-08-21,Song risk bad.,1455.42,Travel,Excited,BALANCED_BUDGETER
50,2024-08-22,Able customer figure.,945.18,Leisure,Neutral,BALANCED_BUDGETER
50,2024-08-22,Guess service this different.,824.02,Other,Stressed,BALANCED_BUDGETER
50,2024-08-24,Strategy face make.,94.37,Other,Neutral,BALANCED_BUDGETER
50,2024-08-25,War push thousand book half.,828.26,Education,Neutral,BALANCED_BUDGETER
50,2024-08-25,Deal beyond almost.,777.15,Travel,Happy,BALANCED_BUDGETER
50,2024-08-28,Able customer figure.,878.09,Education,Happy,BALANCED_BUDGETER
50,2024-08-28,Stuff next write.,1067.36,Education,Stressed,BALANCED_BUDGETER
50,2024-08-29,Exist professional.,120.99,Travel,Sad,BALANCED_BUDGETER
50,2024-08-30,As music film move.,331.38,Other,Excited,BALANCED_BUDGETER
50,2024-09-01,Around there water.,360.32,Education,Excited,BALANCED_BUDGETER
50,2024-09-02,Long identify road speech.,647.06,Leisure,Sad,BALANCED_BUDGETER
50,2024-09-04,Very figure drive special.,1730.0,Education,Stressed,BALANCED_BUDGETER
50,2024-09-05,Source onto provide.,267.35,Travel,Happy,BALANCED_BUDGETER
50,2024-09-05,Above others.,1360.11,Education,Sad,BALANCED_BUDGETER
50,2024-09-07,Score moment second.,1107.04,Education,Happy,BALANCED_BUDGETER
50,2024-09-08,Couple city you level.,905.7,Food,Excited,BALANCED_BUDGETER
50,2024-09-11,Site girl into have media.,1712.83,Other,Sad,BALANCED_BUDGETER
50,2024-09-11,Safe whole establish.,435.05,Education,Neutral,BALANCED_BUDGETER
50,2024-09-12,Technology pay tree.,334.0,Leisure,Neutral,BALANCED_BUDGETER
50,2024-09-17,Baby lawyer growth matter note.,1503.28,Leisure,Neutral,BALANCED_BUDGETER
50,2024-09-17,President likely truth animal.,117.24,Food,Happy,BALANCED_BUDGETER
50,2024-09-18,Part crime.,869.79,Leisure,Excited,BALANCED_BUDGETER
50,2024-09-18,Price institution method inside.,1125.01,Food,Neutral,BALANCED_BUDGETER
50,2024-09-20,Paper beyond indeed.,741.92,Other,Happy,BALANCED_BUDGETER
50,2024-09-21,Enjoy instead dream.,1096.35,Travel,Happy,BALANCED_BUDGETER
50,2024-09-21,Blue agent find.,1125.58,Travel,Neutral,BALANCED_BUDGETER
50,2024-09-23,Magazine join.,93.5,Education,Stressed,BALANCED_BUDGETER
50,2024-09-23,Identify say on yes.,1325.68,Leisure,Neutral,BALANCED_BUDGETER
50,2024-09-23,Language however risk work.,1342.3,Leisure,Excited,BALANCED_BUDGETER
50,2024-09-24,Company option character land space.,854.17,Leisure,Neutral,BALANCED_BUDGETER
50,2024-09-25,None pressure lay future stay.,966.81,Education,Neutral,BALANCED_BUDGETER
50,2024-09-29,Sometimes while sense window.,578.25,Other,Neutral,BALANCED_BUDGETER
50,2024-09-30,Compare system white magazine after.,1243.09,Travel,Happy,BALANCED_BUDGETER
50,2024-09-30,Party employee nature down.,1351.43,Leisure,Stressed,BALANCED_BUDGETER
50,2024-10-02,Management game.,1044.21,Leisure,Neutral,BALANCED_BUDGETER
50,2024-10-02,Them key.,1578.31,Travel,Neutral,BALANCED_BUDGETER
50,2024-10-03,Word collection those become.,1436.02,Travel,Happy,BALANCED_BUDGETER
50,2024-10-04,Lead paper middle foreign party.,556.27,Education,Neutral,BALANCED_BUDGETER
50,2024-10-06,Space moment travel these least.,215.93,Food,Happy,BALANCED_BUDGETER
50,2024-10-06,Moment eat personal.,1706.77,Food,Excited,BALANCED_BUDGETER
50,2024-10-06,News american foreign.,1647.11,Travel,Stressed,BALANCED_BUDGETER
50,2024-10-07,Brother let.,1303.35,Food,Neutral,BALANCED_BUDGETER
50,2024-10-08,Money a.,203.01,Travel,Happy,BALANCED_BUDGETER
50,2024-10-12,Single blood continue.,318.23,Leisure,Excited,BALANCED_BUDGETER
50,2024-10-12,Marriage participant.,1703.5,Food,Sad,BALANCED_BUDGETER
50,2024-10-15,Maintain assume both long.,1023.44,Leisure,Happy,BALANCED_BUDGETER
50,2024-10-15,Team republican very plan cut.,597.99,Leisure,Happy,BALANCED_BUDGETER
50,2024-10-16,Security land record.,1656.32,Food,Excited,BALANCED_BUDGETER
50,2024-10-16,Thank avoid man drive.,1639.6,Food,Happy,BALANCED_BUDGETER
50,2024-10-17,Result size feel no nothing.,292.84,Leisure,Sad,BALANCED_BUDGETER
50,2024-10-17,Include record security.,614.62,Education,Excited,BALANCED_BUDGETER
50,2024-10-18,Expert movement reach man.,493.44,Travel,Neutral,BALANCED_BUDGETER
50,2024-10-19,Edge building court.,80.59,Travel,Happy,BALANCED_BUDGETER
50,2024-10-21,Finally shoulder land.,257.99,Travel,Happy,BALANCED_BUDGETER
50,2024-10-22,World site mr interest treatment.,353.17,Leisure,Excited,BALANCED_BUDGETER
50,2024-10-23,Brother let.,1258.83,Leisure,Stressed,BALANCED_BUDGETER
50,2024-10-25,Why station manager.,808.81,Leisure,Neutral,BALANCED_BUDGETER
50,2024-10-26,What than political up instead.,304.22,Education,Happy,BALANCED_BUDGETER
50,2024-10-26,Democratic mention generation.,1214.79,Education,Neutral,BALANCED_BUDGETER
50,2024-10-26,Book toward.,1729.38,Other,Stressed,BALANCED_BUDGETER
50,2024-10-26,Name skill medical after them.,638.46,Leisure,Excited,BALANCED_BUDGETER
50,2024-10-28,Deal information.,904.55,Leisure,Neutral,BALANCED_BUDGETER
50,2024-10-28,Couple general pretty show.,562.13,Education,Sad,BALANCED_BUDGETER
50,2024-10-28,Important source first him.,103.25,Food,Excited,BALANCED_BUDGETER
50,2024-10-28,Hope floor include.,512.62,Education,Neutral,BALANCED_BUDGETER
50,2024-10-29,Family bill foreign fast knowledge.,1278.64,Other,Stressed,BALANCED_BUDGETER
50,2024-10-31,Change she tonight.,852.95,Food,Happy,BALANCED_BUDGETER
50,2024-11-01,Well left.,1111.19,Leisure,Stressed,BALANCED_BUDGETER
50,2024-11-04,Turn put professional.,734.55,Other,Neutral,BALANCED_BUDGETER
50,2024-11-04,Not friend federal forget bit.,1013.06,Food,Neutral,BALANCED_BUDGETER
50,2024-11-07,While same budget.,819.44,Travel,Neutral,BALANCED_BUDGETER
50,2024-11-07,Science drug.,291.7,Education,Happy,BALANCED_BUDGETER
50,2024-11-07,Respond into history.,292.96,Food,Happy,BALANCED_BUDGETER
50,2024-11-08,Well mission situation result.,1882.78,Education,Excited,BALANCED_BUDGETER
50,2024-11-10,Resource road do.,820.37,Travel,Neutral,BALANCED_BUDGETER
50,2024-11-10,We especially five network.,1554.4,Food,Neutral,BALANCED_BUDGETER
50,2024-11-11,Fish late pattern.,459.28,Education,Happy,BALANCED_BUDGETER
50,2024-11-15,Society common stay ready.,807.18,Food,Sad,BALANCED_BUDGETER
50,2024-11-16,Us perhaps lawyer interest star.,770.21,Education,Sad,BALANCED_BUDGETER
50,2024-11-16,Despite sound receive let.,476.24,Travel,Happy,BALANCED_BUDGETER
50,2024-11-17,Look fight.,1363.51,Travel,Neutral,BALANCED_BUDGETER
50,2024-11-17,Should page camera.,313.53,Food,Neutral,BALANCED_BUDGETER
50,2024-11-17,Long identify road speech.,356.22,Other,Excited,BALANCED_BUDGETER
50,2024-11-18,Affect marriage present a.,1249.4,Leisure,Happy,BALANCED_BUDGETER
50,2024-11-19,Support possible.,541.3,Leisure,Neutral,BALANCED_BUDGETER
50,2024-11-20,Eye something.,1567.21,Food,Stressed,BALANCED_BUDGETER
50,2024-11-20,Professor beat window.,561.35,Food,Happy,BALANCED_BUDGETER
50,2024-11-21,On someone rise read.,1883.78,Other,Stressed,BALANCED_BUDGETER
50,2024-11-23,Best generation group goal.,1663.87,Leisure,Happy,BALANCED_BUDGETER
50,2024-11-24,Water tonight pressure.,831.39,Travel,Happy,BALANCED_BUDGETER
50,2024-11-25,Like clear.,697.61,Other,Happy,BALANCED_BUDGETER
50,2024-11-25,Begin hundred truth.,415.16,Education,Stressed,BALANCED_BUDGETER
50,2024-11-26,Task she.,1576.82,Food,Stressed,BALANCED_BUDGETER
50,2024-11-26,Your ever woman way avoid.,81.67,Leisure,Happy,BALANCED_BUDGETER
50,2024-11-27,End dog.,1444.41,Travel,Happy,BALANCED_BUDGETER
50,2024-11-28,Describe paper.,389.77,Other,Neutral,BALANCED_BUDGETER
50,2024-11-28,Million kind everything young.,1368.77,Other,Happy,BALANCED_BUDGETER
50,2024-11-29,Future congress.,1622.04,Other,Happy,BALANCED_BUDGETER
50,2024-11-29,Town glass road.,1320.63,Education,Neutral,BALANCED_BUDGETER
50,2024-11-30,Actually than modern season.,987.48,Travel,Happy,BALANCED_BUDGETER
50,2024-11-30,Box service develop game.,1239.92,Leisure,Stressed,BALANCED_BUDGETER
50,2024-12-01,Keep cut prevent sound.,939.3,Travel,Neutral,BALANCED_BUDGETER
50,2024-12-04,Floor there career.,583.35,Leisure,Neutral,BALANCED_BUDGETER
50,2024-12-07,Win central.,924.65,Food,Neutral,BALANCED_BUDGETER
50,2024-12-07,Nearly care base.,1946.16,Leisure,Happy,BALANCED_BUDGETER
50,2024-12-10,Pressure those.,466.49,Other,Neutral,BALANCED_BUDGETER
50,2024-12-15,Size republican political.,1725.3,Food,Stressed,BALANCED_BUDGETER
50,2024-12-15,Current after charge.,665.77,Leisure,Neutral,BALANCED_BUDGETER
50,2024-12-15,Something fine apply gas sing.,72.47,Education,Sad,BALANCED_BUDGETER
50,2024-12-16,Moment eat personal.,1286.08,Other,Stressed,BALANCED_BUDGETER
50,2024-12-20,Him note painting quickly.,285.02,Leisure,Happy,BALANCED_BUDGETER
50,2024-12-23,Within prove full.,414.8,Education,Happy,BALANCED_BUDGETER
50,2024-12-26,Receive to piece.,560.86,Education,Stressed,BALANCED_BUDGETER
50,2024-12-26,Success teach mrs beat.,968.24,Education,Sad,BALANCED_BUDGETER
50,2024-12-26,Paper memory history office.,1509.46,Other,Sad,BALANCED_BUDGETER
50,2024-12-27,Million kind everything young.,1580.59,Leisure,Sad,BALANCED_BUDGETER
50,2024-12-30,Drug entire involve.,110.18,Food,Sad,BALANCED_BUDGETER
50,2024-12-31,And student give score agree.,1619.67,Other,Neutral,BALANCED_BUDGETER
50,2024-12-31,Growth appear project.,82.71,Education,Happy,BALANCED_BUDGETER
50,2024-12-31,Determine feel article we they.,690.57,Food,Excited,BALANCED_BUDGETER
50,2025-01-02,Able teach certain candidate economy.,46.75,Education,Excited,BALANCED_BUDGETER
50,2025-01-03,Box service develop game.,1662.31,Travel,Neutral,BALANCED_BUDGETER
50,2025-01-04,More road development about.,1690.97,Other,Happy,BALANCED_BUDGETER
50,2025-01-09,Color store over some.,1081.34,Leisure,Excited,BALANCED_BUDGETER
50,2025-01-13,Court movie cell.,1398.48,Food,Happy,BALANCED_BUDGETER
50,2025-01-13,Wonder long consider care.,150.22,Travel,Happy,BALANCED_BUDGETER
50,2025-01-15,Fish late pattern.,908.98,Travel,Stressed,BALANCED_BUDGETER
50,2025-01-15,Store bit responsibility brother.,1854.99,Education,Sad,BALANCED_BUDGETER
50,2025-01-15,Course out second carry.,1477.65,Education,Sad,BALANCED_BUDGETER
50,2025-01-16,Particular condition man.,187.37,Travel,Happy,BALANCED_BUDGETER
50,2025-01-16,Expert involve oil.,107.14,Other,Neutral,BALANCED_BUDGETER
50,2025-01-16,Minute question their rather.,296.68,Travel,Stressed,BALANCED_BUDGETER
50,2025-01-17,Never effect fill general relationship.,716.75,Leisure,Happy,BALANCED_BUDGETER
50,2025-01-19,Risk develop movement size.,730.53,Other,Happy,BALANCED_BUDGETER
50,2025-01-20,Child ball store process.,1461.27,Education,Excited,BALANCED_BUDGETER
50,2025-01-21,Price my.,1559.39,Education,Happy,BALANCED_BUDGETER
50,2025-01-22,Mind door authority outside.,1117.74,Other,Neutral,BALANCED_BUDGETER
50,2025-01-23,Month whom stage soon.,774.48,Other,Neutral,BALANCED_BUDGETER
50,2025-01-23,Stage someone for power.,823.1,Education,Neutral,BALANCED_BUDGETER
50,2025-01-23,Sure authority increase picture create.,1211.88,Food,Neutral,BALANCED_BUDGETER
50,2025-01-23,Water tonight pressure.,1069.03,Leisure,Happy,BALANCED_BUDGETER
50,2025-01-26,Together whether about.,315.12,Education,Neutral,BALANCED_BUDGETER
50,2025-01-26,Southern front.,937.39,Travel,Neutral,BALANCED_BUDGETER
50,2025-01-27,State husband.,867.7,Other,Happy,BALANCED_BUDGETER
50,2025-01-27,Reach under.,1141.72,Food,Neutral,BALANCED_BUDGETER
